date,index_close,index_sma_50,index_sma_200,index_return_20d,advances,declines,unchanged,pct_positive,ad_ratio,pct_above_50dma,pct_above_200dma,new_highs_20d,new_lows_20d,top_quintile_return_20d,bottom_quintile_return_20d,quintile_spread_20d,pct_return_above_5pct_20d,up_volume_share
2018-01-01,640.5710144927536,,,,0,0,0,,,0.0,0.0,0,0,,,,,
2018-01-02,636.4736714975845,,,,58,148,1,0.28019323671497587,0.3918918918918919,0.0,0.0,0,0,,,,,0.5802121339825914
2018-01-03,640.1936231884059,,,,138,67,2,0.6666666666666666,2.0597014925373136,0.0,0.0,0,0,,,,,0.8108816157613842
2018-01-04,642.8655555555555,,,,144,61,2,0.6956521739130435,2.360655737704918,0.0,0.0,0,0,,,,,0.8189727498960703
2018-01-05,647.6264251207729,,,,149,58,0,0.7198067632850241,2.5689655172413794,0.0,0.0,0,0,,,,,0.8047818625697085
2018-01-08,649.7529468599034,,,,133,73,1,0.642512077294686,1.821917808219178,0.0,0.0,0,0,,,,,0.7896061521801188
2018-01-09,647.3475362318841,,,,70,137,0,0.33816425120772947,0.5109489051094891,0.0,0.0,0,0,,,,,0.4968446462735291
2018-01-10,648.2887439613528,,,,75,129,3,0.36231884057971014,0.5813953488372093,0.0,0.0,0,0,,,,,0.5902464762692091
2018-01-11,649.9774396135266,,,,116,89,2,0.5603864734299517,1.303370786516854,0.0,0.0,0,0,,,,,0.5165708198841495
2018-01-12,652.3055072463768,,,,90,117,0,0.43478260869565216,0.7692307692307693,0.0,0.0,0,0,,,,,0.4008571618375367
2018-01-15,651.1299033816426,,,,91,116,0,0.4396135265700483,0.7844827586206896,0.0,0.0,0,0,,,,,0.5163907854044745
2018-01-16,645.4412560386473,,,,42,163,2,0.2028985507246377,0.25766871165644173,0.0,0.0,0,0,,,,,0.3353505989912481
2018-01-17,646.8419806763284,,,,122,84,1,0.5893719806763285,1.4523809523809523,0.0,0.0,0,0,,,,,0.7582877264396295
2018-01-18,644.0600966183575,,,,42,165,0,0.2028985507246377,0.2545454545454545,0.0,0.0,0,0,,,,,0.10455289438420583
2018-01-19,647.1761352657004,,,,129,78,0,0.6231884057971014,1.6538461538461537,0.0,0.0,0,0,,,,,0.7450928172934328
2018-01-22,649.8355555555556,,,,124,80,3,0.5990338164251208,1.55,0.0,0.0,0,0,,,,,0.5355976119386792
2018-01-23,652.4292753623188,,,,116,88,3,0.5603864734299517,1.3181818181818181,0.0,0.0,0,0,,,,,0.8957658536290674
2018-01-24,650.514541062802,,,,79,125,3,0.38164251207729466,0.632,0.0,0.0,0,0,,,,,0.422358713185761
2018-01-25,645.6857487922706,,,,68,138,1,0.3285024154589372,0.4927536231884058,0.0,0.0,0,0,,,,,0.45440998319900155
2018-01-29,645.5152657004832,,,,74,131,2,0.357487922705314,0.5648854961832062,0.0,0.0,14,54,,,,,0.5121215453287942
2018-01-30,642.9353365384615,,,0.0036909600843866297,56,151,0,0.27053140096618356,0.3708609271523179,0.0,0.0,7,62,0.06379037302768463,-0.07356124731047976,0.1373516203381644,0.21256038647342995,0.3960166253838759
2018-01-31,639.0529326923078,,,0.004052424020390966,76,132,0,0.36538461538461536,0.5757575757575758,0.0,0.0,6,60,0.0464135825028079,-0.07533357867993058,0.12174716118273848,0.1932367149758454,0.2721131401320353
2018-02-01,639.8422596153846,,,-0.0005488395389997569,95,111,2,0.4567307692307692,0.8558558558558559,0.0,0.0,9,55,0.04336344525739324,-0.0805622851676889,0.12392573042508215,0.18840579710144928,0.47165240385167245
2018-02-02,622.2796153846155,,,-0.03202215454388435,15,193,0,0.07211538461538461,0.07772020725388601,0.0,0.0,1,135,0.009430411538945334,-0.1316770504270505,0.14110746196599583,0.10144927536231885,0.06262047222508903
2018-02-05,619.7097596153847,,,-0.043106124800547096,89,118,1,0.42788461538461536,0.7542372881355932,0.0,0.0,3,92,-0.004895371908073817,-0.14476698147653827,0.13987160956846445,0.0966183574879227,0.564919523381668
2018-02-06,608.9400480769231,,,-0.06281294910660906,28,179,1,0.1346153846153846,0.1564245810055866,0.0,0.0,0,126,-0.031462482010111904,-0.16840323527851594,0.13694075326840405,0.06763285024154589,0.1894715383773297
2018-02-07,613.6339423076923,,,-0.05207958945890745,144,63,1,0.6923076923076923,2.2857142857142856,0.0,0.0,3,36,-0.020202218835344805,-0.15264430311104807,0.13244208427570325,0.06280193236714976,0.597980628274697
2018-02-08,622.1396634615385,,,-0.04033554607169487,177,31,0,0.8509615384615384,5.709677419354839,0.0,0.0,8,4,0.00210383737674557,-0.1323102455708009,0.13441408294754648,0.0821256038647343,0.8803937439651315
2018-02-09,619.7717788461539,,,-0.04647186029307859,85,120,3,0.40865384615384615,0.7083333333333334,0.0,0.0,9,20,-0.0063169347028790915,-0.138733804716557,0.1324168700136779,0.07729468599033816,0.5621573957712785
2018-02-12,628.6906730769231,,,-0.03620210761233744,168,38,2,0.8076923076923077,4.421052631578948,0.0,0.0,14,8,0.002715790002554609,-0.12338261636423976,0.12609840636679437,0.0821256038647343,0.8215654210247801
2018-02-14,628.8115384615385,,,-0.03427636298716086,103,103,2,0.4951923076923077,1.0,0.0,0.0,14,18,0.0012607334117768374,-0.12819517291768176,0.1294559063294586,0.08695652173913043,0.35739857586647306
2018-02-15,626.5138461538462,,,-0.029324759933951006,64,142,2,0.3076923076923077,0.4507042253521127,0.0,0.0,5,19,0.0008534948785553639,-0.11137597536443297,0.11222947024298834,0.08695652173913043,0.30621740557945276
2018-02-16,620.9070673076923,,,-0.040094666307092464,37,171,0,0.1778846153846154,0.21637426900584794,0.0,0.0,5,33,-0.005202691007762247,-0.12728547455742953,0.12208278354966728,0.06763285024154589,0.10565118029959156
2018-02-19,617.1374519230769,,,-0.04180144808945341,44,163,1,0.21153846153846154,0.26993865030674846,0.0,0.0,3,48,-0.0049501540651063665,-0.1282665683388163,0.12331641427370994,0.06280193236714976,0.07785274614418028
2018-02-20,616.2888461538462,,,-0.04772624858791086,104,103,1,0.5,1.0097087378640777,0.0,0.0,3,35,-0.011487730209856179,-0.14030120814503969,0.1288134779351835,0.06763285024154589,0.6897212692320667
2018-02-21,616.1725480769231,,,-0.05180234782606408,87,120,1,0.4182692307692308,0.725,0.0,0.0,5,38,-0.02067535857658747,-0.14517937784562102,0.12450401926903354,0.07729468599033816,0.39018745330414384
2018-02-22,614.4139903846153,,,-0.05826728875186071,64,141,3,0.3076923076923077,0.45390070921985815,0.0,0.0,6,48,-0.021897333116391273,-0.15067509545264327,0.128777762336252,0.07729468599033816,0.17958704533466127
2018-02-23,618.4665384615384,,,-0.04926562064070683,166,41,1,0.7980769230769231,4.048780487804878,0.0,0.0,10,8,-0.01119305344188688,-0.1260170215790437,0.11482396813715683,0.07246376811594203,0.8979714623033548
2018-02-26,624.6955288461538,,,-0.03250841448084951,136,71,1,0.6538461538461539,1.9154929577464788,0.0,0.0,15,4,0.0026662147547537366,-0.1116160800594775,0.11428229481423123,0.09178743961352658,0.7139180878272643
2018-02-27,625.8933173076923,,,-0.030397342147281403,83,125,0,0.39903846153846156,0.664,0.0,0.0,15,15,-0.004926842938794569,-0.10923942737228688,0.10431258443349231,0.09178743961352658,0.2315169046346349
2018-02-28,626.6182692307692,,,-0.025379017733793696,99,108,1,0.47596153846153844,0.9166666666666666,0.0,0.0,17,15,0.007143006758792691,-0.09501843312547854,0.10216143988427123,0.10096153846153846,0.6195813458097341
2018-03-01,625.2759134615385,,,-0.021558494650399607,79,128,1,0.3798076923076923,0.6171875,0.0,0.0,12,16,0.016387847070960367,-0.09051641817417133,0.10690426524513169,0.10576923076923077,0.2641682014526655
2018-03-05,620.1552884615385,,,-0.0307684759141732,44,164,0,0.21153846153846154,0.2682926829268293,0.0,0.0,6,35,0.0015286883104369527,-0.10338321561708035,0.1049119039275173,0.08653846153846154,0.14884271210733396
2018-03-06,615.5842307692308,,,-0.010759447119678578,44,164,0,0.21153846153846154,0.2682926829268293,0.0,0.0,3,63,0.02675850069406444,-0.07428720972173272,0.10104571041579716,0.13942307692307693,0.25552019236463674
2018-03-07,609.2510096153845,,,-0.016876852167845846,36,172,0,0.17307692307692307,0.20930232558139536,0.0,0.0,2,80,0.01977518487788589,-0.09118138607616487,0.11095657095405076,0.1201923076923077,0.13029687764522235
2018-03-08,610.6866826923077,,,0.002868319501896144,121,84,3,0.5817307692307693,1.4404761904761905,0.0,0.0,6,51,0.04555150746641804,-0.07137313695583615,0.1169246444222542,0.1875,0.5839590593717336
2018-03-09,608.1283253588517,,,-0.008972151912157389,83,125,0,0.39903846153846156,0.664,0.0,0.0,2,57,0.028808555750986703,-0.0898415324479254,0.11865008819891211,0.11538461538461539,0.2771999185318446
2018-03-12,612.0462200956937,,,-0.016223758038003244,145,63,1,0.69377990430622,2.3015873015873014,0.0,0.0,10,27,0.016771006027287393,-0.1001481509200607,0.11691915694734809,0.08653846153846154,0.8203394256293092
2018-03-13,614.6483253588517,,,-0.008266677609685025,147,62,0,0.7033492822966507,2.370967741935484,0.0,0.0,17,13,0.02922991570836637,-0.08723288546512856,0.11646280117349493,0.1346153846153846,0.7663483740485477
2018-03-14,613.8392822966507,631.131249045107,,-0.023622731203545633,98,111,0,0.4688995215311005,0.8828828828828829,0.19138755980861244,0.0,13,17,0.011306312103238016,-0.10405701016191742,0.11536332226515543,0.07211538461538461,0.6220702227727788
2018-03-15,615.4864593301436,630.6295579418547,,-0.021190894753611356,121,86,2,0.5789473684210527,1.4069767441860466,0.22966507177033493,0.0,21,18,0.016192305949857003,-0.09568132798838125,0.11187363393823825,0.07692307692307693,0.5371166804552293
2018-03-16,606.6904784688995,630.033894081281,,-0.031640749532738766,47,161,1,0.22488038277511962,0.2919254658385093,0.15311004784688995,0.0,5,33,0.0040307133285082935,-0.09588885650442043,0.09991956983292873,0.07211538461538461,0.28865248354101886
2018-03-19,601.5076076555024,629.2601737706229,,-0.031243741090446364,36,173,0,0.1722488038277512,0.20809248554913296,0.11004784688995216,0.0,2,67,-0.007069590223844032,-0.10043579964319639,0.09336620941935236,0.0625,0.07035725191388179
2018-03-20,601.3074162679426,628.4290109848707,,-0.025650745398461905,96,113,0,0.45933014354066987,0.8495575221238938,0.1291866028708134,0.0,3,47,0.007736921788794474,-0.08490131003527783,0.0926382318240723,0.07211538461538461,0.6402767645321833
2018-03-21,602.0573684210526,627.5176298508763,,-0.02309222018475554,107,97,5,0.5119617224880383,1.1030927835051547,0.1674641148325359,0.0,5,34,0.014704813361628329,-0.09486507999949058,0.10956989336111891,0.09134615384615384,0.5229207273960373
2018-03-22,598.254066985646,626.4876522533912,,-0.029080297632864016,51,158,0,0.24401913875598086,0.3227848101265823,0.16267942583732056,0.0,3,61,0.005528572961660629,-0.09502668904926778,0.10055526201092842,0.07211538461538461,0.20632878373785835
2018-03-23,593.9029186602871,625.4187599019592,,-0.033383145640105805,46,160,3,0.22009569377990432,0.2875,0.12440191387559808,0.0,1,89,0.000599877614710573,-0.10518782118088503,0.1057876987955956,0.057692307692307696,0.11693237581985001
2018-03-26,598.4105263157895,624.421195549048,,-0.03242861318841772,146,63,0,0.6985645933014354,2.3174603174603177,0.15311004784688995,0.0,8,42,0.0015846295489865023,-0.10923960696488692,0.11082423651387342,0.04326923076923077,0.827641581435058
2018-03-27,605.2303827751196,623.5262544122799,,-0.031159413141610637,150,58,1,0.7177033492822966,2.586206896551724,0.215311004784689,0.0,15,17,0.0001655418797053502,-0.10660885483884605,0.1067743967185514,0.07211538461538461,0.7328026350537764
2018-03-28,606.3831100478468,622.6078064683093,,-0.031171777554311553,72,137,0,0.3444976076555024,0.5255474452554745,0.22966507177033493,0.0,18,50,0.0011002267007756796,-0.11937725266006093,0.12047747936083661,0.0673076923076923,0.16477468586819477
2018-04-02,611.8483333333334,621.8221750673431,,-0.023570867021747266,168,39,2,0.8038277511961722,4.3076923076923075,0.30952380952380953,0.0,31,13,0.02110919967188181,-0.09502816600982227,0.11613736568170407,0.07692307692307693,0.7593820491133717
2018-04-03,616.4178095238095,621.2417061370463,,-0.014166712241785118,151,56,3,0.719047619047619,2.6964285714285716,0.38571428571428573,0.0,47,5,0.028424394088876218,-0.075014564974911,0.10343895906378722,0.1201923076923077,0.8581716110799418
2018-04-04,613.6778095238095,620.5784227139959,,-0.01044493058149687,47,163,0,0.22380952380952382,0.2883435582822086,0.3238095238095238,0.0,18,14,0.03112225819813892,-0.07535282770178572,0.10647508589992465,0.1346153846153846,0.1185386208171434
2018-04-05,622.5867142857143,620.1489550673431,,0.011375345836480033,190,19,1,0.9047619047619048,10.0,0.44761904761904764,0.0,58,3,0.05764883667109827,-0.045687955466645926,0.10333679213774419,0.2548076923076923,0.976591710873777
2018-04-06,623.2674761904763,619.6707818858386,,0.023006062121981863,121,89,0,0.5761904761904761,1.3595505617977528,0.4666666666666667,0.0,53,3,0.08385269950218223,-0.022322206159482303,0.10617490566166453,0.3798076923076923,0.8589603963714755
2018-04-09,625.0606666666666,619.1752841080609,,0.02353741187050118,124,85,1,0.5904761904761905,1.4588235294117646,0.5,0.0,65,4,0.08958457329324912,-0.017676693568109476,0.10726126686135859,0.3798076923076923,0.6622936182748258
2018-04-10,624.4805714285714,618.6163100293859,,0.026889466232427717,103,107,0,0.49047619047619045,0.9626168224299065,0.5142857142857142,0.0,47,4,0.10102583761745892,-0.013996015302206309,0.11502185291966524,0.41626794258373206,0.7685662026789034
2018-04-11,625.6474285714287,618.1189677795584,,0.02222251854379298,88,121,1,0.41904761904761906,0.7272727272727273,0.5190476190476191,0.0,38,5,0.0869515654076905,-0.022781372665277178,0.10973293807296768,0.3588516746411483,0.6014995921067259
2018-04-12,626.5350476190475,617.7359537560939,,0.01933906230567861,91,118,1,0.43333333333333335,0.7711864406779662,0.5333333333333333,0.0,31,7,0.07898632038945781,-0.03174336886038438,0.1107296892498422,0.31100478468899523,0.30727435452620744
2018-04-13,628.9290952380952,617.4042303468461,,0.024582677219657123,107,101,2,0.5095238095238095,1.0594059405940595,0.5523809523809524,0.0,32,6,0.08360539421693876,-0.03132325575599319,0.11492864997293195,0.3253588516746411,0.5510100749772356
2018-04-16,631.3510476190477,617.1725445684579,,0.025775690185239952,114,94,2,0.5428571428571428,1.2127659574468086,0.5857142857142857,0.0,42,6,0.08003278594313734,-0.0401923821834548,0.12022516812659215,0.3349282296650718,0.5045820048446398
2018-04-17,631.319142857143,617.0178687717545,,0.040595106174071915,106,103,1,0.5047619047619047,1.029126213592233,0.5761904761904761,0.0,41,4,0.09616532084386335,-0.02455181726171325,0.1207171381055766,0.41626794258373206,0.33333779881383807
2018-04-18,628.3519523809524,616.788062627066,,0.0446284375854884,71,137,2,0.3380952380952381,0.5182481751824818,0.5619047619047619,0.0,27,9,0.11321218266384339,-0.009022245617111357,0.12223442828095475,0.4784688995215311,0.5018127099217776
2018-04-19,631.0576190476189,616.963622700326,,0.049475862054592756,139,70,1,0.6619047619047619,1.9857142857142858,0.6047619047619047,0.0,50,10,0.12277908823938125,-0.0015397682785011253,0.12431885651788237,0.5406698564593302,0.7759731589547744
2018-04-20,631.9283333333334,617.2079941746849,,0.04961481493137443,91,118,1,0.43333333333333335,0.7711864406779662,0.6142857142857143,0.0,45,6,0.12223720683081118,-0.011638604099680932,0.1338758109304921,0.5263157894736842,0.35654911116247706
2018-04-23,634.1175238095237,617.711543689337,,0.059946866729345905,122,86,2,0.580952380952381,1.4186046511627908,0.6333333333333333,0.0,40,3,0.13494996392204692,0.007119956641203153,0.12783000728084376,0.583732057416268,0.8008222622832425
2018-04-24,634.5558095238097,618.1299810336593,,0.06845039750810855,96,114,0,0.45714285714285713,0.8421052631578947,0.6476190476190476,0.0,39,9,0.15619522095665955,0.023359824945742912,0.13283539601091665,0.6698564593301436,0.3523230710019782
2018-04-25,633.1647619047619,618.3504830025238,,0.05807758062503088,66,143,1,0.3142857142857143,0.46153846153846156,0.6285714285714286,0.0,27,18,0.13721819448443853,0.0001094378686450812,0.13710875661579344,0.5406698564593302,0.33637233665588445
2018-04-26,633.6455238095238,618.6279579017912,,0.04694929706620865,101,107,2,0.48095238095238096,0.9439252336448598,0.6333333333333333,0.0,30,20,0.12022497581107439,-0.01155716581000037,0.13178214162107477,0.5215311004784688,0.4475585960280189
2018-04-27,635.3083809523808,618.7603120593003,,0.047701313617148244,133,75,2,0.6333333333333333,1.7733333333333334,0.6523809523809524,0.0,31,11,0.1201086530135929,0.004778763382802877,0.11532988963079002,0.5502392344497608,0.8488157476361079
2018-04-30,638.838523809524,618.96085176626,,0.04411255045698792,137,73,0,0.6523809523809524,1.8767123287671232,0.6666666666666666,0.0,49,8,0.10665401291299231,-0.0036622612169219244,0.11031627412991424,0.47619047619047616,0.8044751744390342
2018-05-02,634.2200952380953,619.1149767479451,,0.028880226105144846,54,156,0,0.2571428571428571,0.34615384615384615,0.6285714285714286,0.0,19,21,0.07881471318135634,-0.025847139196970657,0.104661852378327,0.34285714285714286,0.1867454097981219
2018-05-03,628.9748571428571,619.2763325446483,,0.024926838451136968,59,149,2,0.28095238095238095,0.3959731543624161,0.5714285714285714,0.0,8,47,0.08214166143422576,-0.02494963616269703,0.10709129759692279,0.35714285714285715,0.32516193368019725
2018-05-04,625.5497142857143,619.4445777919011,,0.00475917640388368,76,130,4,0.3619047619047619,0.5846153846153846,0.5428571428571428,0.0,9,40,0.06143983292202584,-0.054993585393438675,0.11643341831546451,0.2619047619047619,0.48778182338122555
2018-05-07,628.0946666666667,619.6806942021575,,0.007744974125226456,117,90,3,0.5571428571428572,1.3,0.580952380952381,0.0,13,25,0.06726431481841914,-0.05355585717749738,0.12082017199591652,0.2523809523809524,0.6837389931030302
2018-05-08,630.4285714285714,619.9658146691904,,0.00858781402856601,110,99,1,0.5238095238095238,1.1111111111111112,0.6,0.0,17,26,0.05597100091266293,-0.06268335083679925,0.11865435174946218,0.23333333333333334,0.4995719774631629
2018-05-09,628.6004285714287,620.2495434329268,,0.0065972543123842264,88,120,2,0.41904761904761906,0.7333333333333333,0.580952380952381,0.0,14,26,0.05157982060604592,-0.06259189863538184,0.11417171924142776,0.20952380952380953,0.33521997391759345
2018-05-10,624.3733333333333,620.3676793303626,,-0.0020364428588870442,48,161,1,0.22857142857142856,0.2981366459627329,0.5333333333333333,0.0,5,52,0.04200107702596135,-0.06533253285772184,0.10733360988368318,0.1761904761904762,0.14132617242375645
2018-05-11,625.233238095238,620.3784335153443,,-0.0020777920225798496,120,88,2,0.5714285714285714,1.3636363636363635,0.5285714285714286,0.0,16,40,0.048431448248052796,-0.06359429411910149,0.11202574236715429,0.18571428571428572,0.5791077229648373
2018-05-14,620.8894761904761,620.278356693,,-0.012783029292953163,68,140,2,0.3238095238095238,0.4857142857142857,0.5,0.0,17,60,0.04468604415757691,-0.0782623132363749,0.12294835739395182,0.16666666666666666,0.38145195345004623
2018-05-15,621.0392857142857,620.1667770226703,,-0.016332849915510095,66,142,2,0.3142857142857143,0.4647887323943662,0.43333333333333335,0.0,13,68,0.03539511808953287,-0.08942505849254523,0.1248201765820781,0.12857142857142856,0.42093725865451465
2018-05-16,622.6429523809524,620.1141178010586,,-0.013742954849943367,94,114,2,0.44761904761904764,0.8245614035087719,0.4238095238095238,0.0,16,64,0.03473829639643227,-0.08802990355166795,0.12276819994810023,0.1523809523809524,0.37567582437929564
2018-05-17,621.4921904761904,620.1408558413517,,-0.010917069452508144,109,101,0,0.5190476190476191,1.0792079207920793,0.46190476190476193,0.0,10,32,0.03706727353525597,-0.08087104876731352,0.11793832230256948,0.1523809523809524,0.43547974551024726
2018-05-18,615.9867619047619,620.1489064640623,,-0.023881903471194343,37,172,1,0.1761904761904762,0.21511627906976744,0.34285714285714286,0.0,6,85,0.02608480285830353,-0.11635593936906483,0.14244074222736836,0.09523809523809523,0.17527477815733755
2018-05-21,607.5092857142857,620.1140719860402,,-0.03864211545989815,39,169,2,0.18571428571428572,0.23076923076923078,0.26666666666666666,0.0,5,113,0.01506832853899676,-0.1281171469770395,0.14318547551603625,0.09047619047619047,0.2873989057232682
2018-05-22,607.447238095238,620.0492830940989,,-0.042058900302993196,121,87,2,0.5761904761904761,1.3908045977011494,0.3047619047619048,0.0,14,58,0.008926957372465932,-0.12259880816065344,0.13152576553311937,0.09523809523809523,0.7039975582981589
2018-05-23,606.3881904761905,620.0144803964457,,-0.0443895062102686,81,129,0,0.38571428571428573,0.627906976744186,0.2761904761904762,0.0,9,64,0.00398896763338945,-0.1282474357910741,0.13223640342446355,0.11428571428571428,0.3182146887877613
2018-05-24,607.2845714285714,619.9192474231032,,-0.04087433798168838,115,93,2,0.5476190476190477,1.2365591397849462,0.2714285714285714,0.0,9,54,0.006828747624127194,-0.12452001133590278,0.13134875896002998,0.12857142857142856,0.5779952246857601
2018-05-25,612.3440476190476,619.8731618683072,,-0.03361733870131378,151,56,3,0.719047619047619,2.6964285714285716,0.3380952380952381,0.0,14,17,0.01741528625741878,-0.11543407031079575,0.13284935656821453,0.14285714285714285,0.9209122159432163
2018-05-28,619.5623333333333,619.9876228890408,,-0.024784888868367938,161,48,1,0.7666666666666667,3.3541666666666665,0.41904761904761906,0.0,20,7,0.026884850407247828,-0.10346461754148319,0.130349467948731,0.13333333333333333,0.8825959251282048
2018-05-29,616.6799523809524,620.011492750057,,-0.03468571572114265,81,129,0,0.38571428571428573,0.627906976744186,0.38095238095238093,0.0,12,13,0.015743591509723,-0.1118439334035158,0.1275875249132388,0.10476190476190476,0.42355560771692113
2018-05-30,616.2481904761904,620.2026469902028,,-0.02833701564621338,85,124,1,0.40476190476190477,0.6854838709677419,0.36666666666666664,0.0,14,18,0.030993274767969002,-0.0993947329780443,0.1303880077460133,0.16666666666666666,0.37107309408502603
2018-05-31,615.4936666666666,620.4823681704261,,-0.021433592015791092,83,127,0,0.3952380952380952,0.6535433070866141,0.3761904761904762,0.0,21,34,0.0304097663303928,-0.10482922261091093,0.13523898894130373,0.16666666666666666,0.46443235208108424
2018-06-01,611.9541428571429,620.6953027022101,,-0.021733798478503985,51,158,1,0.24285714285714285,0.3227848101265823,0.32857142857142857,0.0,11,44,0.031001002113906894,-0.11299195954391185,0.14399296165781875,0.1619047619047619,0.18871733693428455
2018-06-04,605.152380952381,620.7572029528366,,-0.036526795930367784,36,173,1,0.17142857142857143,0.20809248554913296,0.2904761904761905,0.0,4,70,0.024516348176398813,-0.14164434888961214,0.16616069706601094,0.11904761904761904,0.3045490468635255
2018-06-05,599.0357142857143,620.772835898838,,-0.049796057104010805,46,163,1,0.21904761904761905,0.2822085889570552,0.23333333333333334,0.0,2,92,0.00850820798329984,-0.14359852750518112,0.15210673548848097,0.08095238095238096,0.4157077069127913
2018-06-06,605.0220952380952,620.9952194303942,,-0.03750925430788865,167,42,1,0.7952380952380952,3.9761904761904763,0.2571428571428571,0.0,10,20,0.007544781242925918,-0.1307294207782774,0.13827420202120333,0.10476190476190476,0.8918692929392655
2018-06-07,610.544619047619,621.2379012850307,,-0.022148150068945438,171,35,4,0.8142857142857143,4.885714285714286,0.32857142857142857,0.0,16,4,0.03557324914003225,-0.10507662227116929,0.14064987141120155,0.1619047619047619,0.9164396911763887
2018-06-08,612.4242857142857,621.3817793438142,,-0.020486678571303263,109,99,2,0.5190476190476191,1.101010101010101,0.3380952380952381,0.0,25,5,0.030417233092067248,-0.0997217997948774,0.13013903288694464,0.14285714285714285,0.6201555816571068
2018-06-11,614.2513809523809,621.5391447619047,,-0.010691267113792646,122,84,4,0.580952380952381,1.4523809523809523,0.3476190476190476,0.0,28,8,0.04263632243832609,-0.08408056205431466,0.12671688449264074,0.18571428571428572,0.5892481627954843
2018-06-12,618.2418571428572,621.6670152380952,,-0.004504430936621229,131,79,0,0.6238095238095238,1.6582278481012658,0.4095238095238095,0.0,32,6,0.0486059347467627,-0.07064432931860355,0.11925026406536625,0.19523809523809524,0.6357453423824201
2018-06-13,618.8770476190476,621.7162000000001,,-0.006048257267674995,82,126,2,0.3904761904761905,0.6507936507936508,0.38571428571428573,0.0,24,7,0.04924428640578774,-0.06852893546262892,0.11777322186841666,0.19523809523809524,0.42328939337433635
2018-06-14,618.8965714285714,621.8205752380952,,-0.004176430673457521,93,114,3,0.44285714285714284,0.8157894736842105,0.3904761904761905,0.0,19,9,0.04504857553999747,-0.07282205766290432,0.1178706332029018,0.19047619047619047,0.5225005191197355
2018-06-15,618.4692857142857,621.7382266666667,,0.0040301577291161905,66,144,0,0.3142857142857143,0.4583333333333333,0.3761904761904762,0.0,22,26,0.061693245584037694,-0.06290929254304953,0.12460253812708721,0.22857142857142856,0.2658616524291078
2018-06-18,615.4945023696682,621.5827671902505,,0.013144188645600297,64,144,2,0.3047619047619048,0.4444444444444444,0.3412322274881517,0.0,11,26,0.07173448733618794,-0.06026517517805707,0.131999662514245,0.2523809523809524,0.25366939036586356
2018-06-19,611.6802843601895,621.315159544121,,0.006968582618343877,38,171,2,0.18009478672985782,0.2222222222222222,0.2985781990521327,0.0,8,39,0.0559462122408041,-0.06882828294410741,0.12477449518491152,0.21904761904761905,0.21477214667460073
2018-06-20,613.1925118483412,621.0893983525164,,0.011221065118051321,110,96,5,0.5213270142180095,1.1458333333333333,0.3222748815165877,0.0,12,30,0.05350110444355417,-0.06629972703271125,0.11980083147626543,0.22857142857142856,0.6592154187100352
2018-06-21,611.4306635071091,620.8050630512299,,0.006827263977387865,63,148,0,0.2985781990521327,0.42567567567567566,0.2985781990521327,0.0,9,42,0.04268431623698508,-0.060618339657083624,0.1033026558940687,0.17142857142857143,0.2391100453512934
2018-06-22,612.4287203791469,620.522936506432,,0.0001382764483928156,109,102,0,0.5165876777251185,1.0686274509803921,0.27488151658767773,0.0,6,27,0.028318286096769816,-0.08306973729211241,0.11138802338888222,0.13333333333333333,0.5933138362378582
2018-06-25,611.0015165876778,620.1643849334237,,-0.013817522927188186,61,149,1,0.2890995260663507,0.40939597315436244,0.24170616113744076,0.0,6,52,0.018154837687092595,-0.10079296726430369,0.11894780495139629,0.11428571428571428,0.21105322447405456
2018-06-26,609.0304265402843,619.7179725118483,,-0.012404369253668501,77,133,1,0.36492890995260663,0.5789473684210527,0.24644549763033174,0.0,5,49,0.011683034514758184,-0.10821989209969779,0.11990292661445598,0.11904761904761904,0.42807795336949733
2018-06-27,603.0345497630332,619.1522806499662,,-0.021442076289013956,36,175,0,0.17061611374407584,0.2057142857142857,0.1943127962085308,0.0,3,94,0.0008311488505585737,-0.12675346737698157,0.12758461622754014,0.10952380952380952,0.09008761614295187
2018-06-28,597.1904739336493,618.52905108102,,-0.02973741847278799,42,168,1,0.1990521327014218,0.25,0.15165876777251186,0.0,3,110,-0.006619964997118519,-0.13187287998707797,0.12525291498995944,0.06190476190476191,0.23602007865416907
2018-06-29,602.3657345971563,617.9552133920108,,-0.01566850779899842,170,40,1,0.8056872037914692,4.25,0.23222748815165878,0.0,10,21,0.010302663422963721,-0.09298205772754213,0.10328472115050585,0.10476190476190476,0.9018549669712913
2018-07-02,599.642654028436,617.3094998059129,,-0.009104693457991253,63,148,0,0.2985781990521327,0.42567567567567566,0.20853080568720378,0.0,5,34,0.013703001556247915,-0.09128148079763662,0.10498448235388454,0.11428571428571428,0.2902049923633991
2018-07-03,599.5580188679245,616.6183097070809,,0.0008719089192084084,130,79,2,0.6161137440758294,1.6455696202531647,0.24056603773584906,0.0,9,23,0.04574260845983617,-0.06997644895574437,0.11571905741558054,0.18571428571428572,0.7701249591409114
2018-07-04,603.573820754717,615.9986699316992,,-0.002393754698839956,114,93,5,0.5377358490566038,1.2258064516129032,0.25471698113207547,0.0,12,25,0.030273185024762752,-0.0840910074074092,0.11436419243217195,0.1380952380952381,0.5200925519160775
2018-07-05,602.9314150943396,615.3940029954906,,-0.012469529196989959,75,135,2,0.35377358490566035,0.5555555555555556,0.2783018867924528,0.0,10,39,0.019508875153069108,-0.10620464077461368,0.1257135159276828,0.1,0.2107018756612301
2018-07-06,604.0709433962264,614.8025113872246,,-0.013639795992604342,134,76,2,0.6320754716981132,1.763157894736842,0.2688679245283019,0.0,15,20,0.015137014797546448,-0.10019202842526685,0.1153290432228133,0.08095238095238096,0.8209169317045618
2018-07-09,608.9312264150944,614.274968296479,,-0.008661200775874067,154,53,5,0.7264150943396226,2.9056603773584904,0.29245283018867924,0.0,20,6,0.019441660215437275,-0.09290569940802726,0.11234735962346454,0.12380952380952381,0.819530326254452
2018-07-10,613.6029716981132,613.7702572542507,,-0.007503350656621888,156,54,2,0.7358490566037735,2.888888888888889,0.330188679245283,0.0,30,1,0.023532238519870335,-0.09230247541539505,0.11583471393526538,0.10952380952380952,0.9220854189426397
2018-07-11,612.8306603773585,613.342468557036,,-0.009769932921168789,68,143,1,0.32075471698113206,0.4755244755244755,0.330188679245283,0.0,27,12,0.02504840473584505,-0.09227567869404323,0.11732408342988827,0.11904761904761904,0.6449862779940995
2018-07-12,612.367641509434,613.0103242443676,,-0.010549306977201356,95,114,3,0.4481132075471698,0.8333333333333334,0.33490566037735847,0.0,19,14,0.020486671082658635,-0.08681709518883592,0.10730376627149454,0.10476190476190476,0.38762592241922916
2018-07-13,610.6886320754717,612.7131026001626,,-0.012580501277161926,66,146,0,0.3113207547169811,0.4520547945205479,0.30660377358490565,0.0,13,27,0.015393207296483715,-0.098375723568852,0.11376893086533572,0.09523809523809523,0.5558392224375646
2018-07-16,602.8892924528302,612.208995115886,,-0.020479809110085734,22,189,1,0.10377358490566038,0.1164021164021164,0.22641509433962265,0.0,7,77,0.007550799884036508,-0.11187607573149738,0.11942687561553389,0.08530805687203792,0.1356256541569472
2018-07-17,606.6058490566038,611.7325406684466,,-0.008295894821742533,143,68,1,0.6745283018867925,2.1029411764705883,0.27358490566037735,0.0,15,19,0.02447776414538172,-0.08471834093249009,0.10919610507787181,0.14691943127962084,0.9279388371940863
2018-07-18,604.344858490566,611.2474292668293,,-0.014428834642983057,51,160,1,0.24056603773584906,0.31875,0.24528301886792453,0.0,8,44,0.011169225577863928,-0.1090342679127726,0.12020349349063653,0.10900473933649289,0.12011433776969223
2018-07-19,601.3762264150944,610.7874871284646,,-0.016444116548462562,68,141,3,0.32075471698113206,0.48226950354609927,0.25,0.0,9,60,0.020789104746645304,-0.10442534224769184,0.12521444699433715,0.10426540284360189,0.4046159132732313
2018-07-20,602.7005188679244,610.3368327439182,,-0.015884626549192205,127,85,0,0.5990566037735849,1.4941176470588236,0.25,0.0,16,32,0.023225204365070473,-0.0986899563318776,0.12191516069694808,0.13270142180094788,0.834361973251758
2018-07-23,607.7050943396226,610.0731451069012,,-0.005395113037468424,158,51,3,0.7452830188679245,3.0980392156862746,0.28773584905660377,0.0,32,13,0.03586000617715435,-0.08456403515554523,0.12042404133269957,0.16113744075829384,0.8889008611438692
2018-07-24,614.0324056603773,609.9330075058231,,0.008213020076037303,165,46,1,0.7783018867924528,3.5869565217391304,0.37264150943396224,0.0,40,5,0.05807426597582044,-0.05385996409335736,0.1119342300691778,0.21800947867298578,0.9038464025848194
2018-07-25,614.5026415094339,609.7702012883926,,0.01901730464847695,113,97,2,0.5330188679245284,1.1649484536082475,0.42452830188679247,0.0,39,8,0.0735074434657188,-0.039714551659944086,0.11322199512566289,0.3222748815165877,0.6308104639680249
2018-07-26,615.9285849056603,609.658929176982,,0.03137710963234963,115,97,0,0.5424528301886793,1.1855670103092784,0.4481132075471698,0.0,47,8,0.10252688172043012,-0.013956734124214831,0.11648361584464495,0.45023696682464454,0.48480436766091217
2018-07-27,619.0390094339624,609.719974127566,,0.027679653537989957,143,65,4,0.6745283018867925,2.2,0.5235849056603774,0.0,54,2,0.09340272893515267,-0.021668714397408695,0.11507144333256136,0.3981042654028436,0.627687184682009
2018-07-30,620.3944339622641,609.9776770925256,,0.03460691095674462,126,84,2,0.5943396226415094,1.5,0.6226415094339622,0.0,66,6,0.1079752298742731,-0.0016046397010784919,0.1095798695753516,0.5165876777251185,0.8625849386137642
2018-07-31,622.7189150943396,610.2831106325077,,0.03862994989233437,130,80,2,0.6132075471698113,1.625,0.6650943396226415,0.0,62,6,0.10869018816535596,-0.006832043333347679,0.11552223149870364,0.5471698113207547,0.7020438192484084
2018-08-01,622.3031132075472,610.6014090871347,,0.031030657408916307,102,108,2,0.4811320754716981,0.9444444444444444,0.6462264150943396,0.0,45,5,0.12262510233267494,-0.008187249634691108,0.13081235196736604,0.5,0.4422103656263797
2018-08-02,622.6624528301887,610.9089667151671,,0.03272517775966577,98,113,1,0.46226415094339623,0.8672566371681416,0.6839622641509434,0.0,40,7,0.12604494947558625,-0.0029205130733744814,0.12896546254896074,0.5235849056603774,0.3000117716938914
2018-08-03,629.1502358490565,611.2450904797673,,0.04151713093801268,147,63,2,0.6933962264150944,2.3333333333333335,0.7169811320754716,0.0,57,3,0.12809381831979683,-0.0011619051424772706,0.1292557234622741,0.5141509433962265,0.8037526136710864
2018-08-06,633.6022065727699,611.525887944556,,0.04051521598410823,119,91,2,0.5613207547169812,1.3076923076923077,0.7276995305164319,0.0,54,3,0.12013452938866637,-0.0052515305814645466,0.12538605997013091,0.5047169811320755,0.7841981206863813
2018-08-07,632.6947887323943,611.8461846715849,,0.031114283852709423,79,133,1,0.37089201877934275,0.5939849624060151,0.6854460093896714,0.0,36,5,0.10741264653569703,-0.013552594584335416,0.12096524112003244,0.4056603773584906,0.19781135420244478
2018-08-08,631.94558685446,612.1601325991503,,0.03119120454144908,113,97,3,0.5305164319248826,1.1649484536082475,0.6666666666666666,0.0,41,5,0.10960577827196417,-0.01678493368111582,0.12639071195308,0.4056603773584906,0.7976699814215215
2018-08-09,629.9399061032865,612.4490573878826,,0.02869561257439801,112,99,2,0.5258215962441315,1.1313131313131313,0.6713615023474179,0.0,37,5,0.12464952833626018,-0.017780943046374075,0.14243047138263426,0.4386792452830189,0.8928878224712197
2018-08-10,629.6550704225353,612.8030759391905,,0.031057460956174676,73,135,5,0.3427230046948357,0.5407407407407407,0.6572769953051644,0.0,25,11,0.1270529258404125,-0.018022709987036343,0.14507563582744884,0.4481132075471698,0.13293829134117982
2018-08-13,626.2843661971831,613.2257156440866,,0.038804924945956554,61,151,1,0.2863849765258216,0.40397350993377484,0.5868544600938967,0.0,20,18,0.1520801367185405,-0.005885626885501954,0.15796576360404246,0.5094339622641509,0.12706596882360152
2018-08-14,629.5678403755869,613.836358165884,,0.037853230981359065,130,80,3,0.6103286384976526,1.625,0.6103286384976526,0.0,25,14,0.13075180818431528,-0.017432661508369942,0.14818446969268523,0.47641509433962265,0.8699045994758572
2018-08-16,627.705868544601,614.2900336320141,,0.038655098534936316,84,127,2,0.39436619718309857,0.6614173228346457,0.5774647887323944,0.0,24,19,0.14124325640401356,-0.006550182386141533,0.14779343879015508,0.5,0.346526969944465
2018-08-17,631.6423474178404,614.7119881994186,,0.0503280969105937,150,60,3,0.704225352112676,2.5,0.6150234741784038,0.0,42,9,0.16104556029584152,0.006782999404741521,0.1542625608911,0.589622641509434,0.7704774130473478
2018-08-20,634.2717840375587,615.148938165884,,0.052383006453911474,128,84,1,0.6009389671361502,1.5238095238095237,0.6197183098591549,0.0,36,10,0.16622104085618994,0.008316518844735122,0.15790452201145483,0.6084905660377359,0.7617351019366109
2018-08-21,636.7707042253521,615.5993246313434,,0.04782847824784864,121,88,4,0.568075117370892,1.375,0.647887323943662,0.0,46,8,0.1555109791663878,0.00026652099945754777,0.15524445816693028,0.5566037735849056,0.6152333389981041
2018-08-23,635.539248826291,615.9452724650121,,0.03502558328787808,90,122,1,0.4225352112676056,0.7377049180327869,0.6291079812206573,0.0,45,18,0.13145003917805476,-0.02284094598951598,0.15429098516757073,0.5047169811320755,0.377294205604328
2018-08-24,634.2388732394367,616.2525089774199,,0.03211740747203895,75,133,5,0.352112676056338,0.5639097744360902,0.6244131455399061,0.0,28,22,0.11925918017346473,-0.03175092641702761,0.15101010659049235,0.4716981132075472,0.505805012908359
2018-08-27,642.0143192488263,616.7148639338251,,0.04235188134215506,151,61,1,0.7089201877934272,2.4754098360655736,0.6901408450704225,0.0,51,12,0.12354756786254449,-0.021959547257256618,0.1455071151198011,0.5047169811320755,0.861467250825438
2018-08-28,644.707323943662,617.2396246984125,,0.04146477704720142,84,127,2,0.39436619718309857,0.6614173228346457,0.6901408450704225,0.0,39,17,0.11778190036122117,-0.026594297091269807,0.14437619745249097,0.419811320754717,0.6460049856279279
2018-08-29,641.8478873239435,617.766692397498,,0.034580344676310215,93,118,2,0.43661971830985913,0.788135593220339,0.6713615023474179,0.0,33,24,0.11309452321556585,-0.0378685097487094,0.15096303296427524,0.3867924528301887,0.7058566405229569
2018-08-30,642.5030985915494,618.3831486821252,,0.03177064806873986,113,97,3,0.5305164319248826,1.1649484536082475,0.6901408450704225,0.0,32,18,0.09878310981372773,-0.04422738134816913,0.14301049116189685,0.36792452830188677,0.5340001183907707
2018-08-31,647.2741314553991,619.0647810742663,,0.04012677699641154,118,92,3,0.5539906103286385,1.2826086956521738,0.6901408450704225,0.0,43,18,0.11338515256367326,-0.045137420255183414,0.15852257281885668,0.39622641509433965,0.5923694116928584
2018-09-03,644.2387323943661,619.7209424520115,,0.03465164707797408,97,113,3,0.45539906103286387,0.8584070796460177,0.7089201877934272,0.0,33,15,0.10314838236578316,-0.03998383765821671,0.1431322200239999,0.4339622641509434,0.3789965279225353
2018-09-04,636.6443661971831,620.2052553683723,,0.011911511624903337,28,182,3,0.13145539906103287,0.15384615384615385,0.6197183098591549,0.0,11,49,0.0685586527960516,-0.07422241692291587,0.14278106971896748,0.28773584905660377,0.08849994849577779
2018-09-05,634.2267136150234,620.6697593089192,,0.0009856453083261218,76,134,3,0.3568075117370892,0.5671641791044776,0.568075117370892,0.0,17,59,0.06364704048012108,-0.08150299526226987,0.14515003574239094,0.26291079812206575,0.35706876671632237
2018-09-06,637.3549765258215,621.2362503086299,,0.007365617476894126,138,72,3,0.647887323943662,1.9166666666666667,0.5821596244131455,0.0,27,28,0.0762635837082299,-0.06970697190072195,0.14597055560895184,0.3051643192488263,0.6703315393410083
2018-09-07,642.3708920187794,622.0229771537448,,0.016497156371028554,145,65,3,0.6807511737089202,2.230769230769231,0.6150234741784038,0.0,38,14,0.08650204102396815,-0.06296816245269848,0.14947020347666662,0.352112676056338,0.843760668763463
2018-09-10,637.2461971830986,622.8240916187337,,0.011598393765855697,50,162,1,0.2347417840375587,0.30864197530864196,0.5492957746478874,0.0,17,50,0.07791278233861038,-0.07966633806435414,0.1575791204029645,0.29577464788732394,0.21652445702532017
2018-09-11,630.3064319248825,623.3829055652883,,0.0010344735283558393,39,173,1,0.18309859154929578,0.2254335260115607,0.5117370892018779,0.0,9,59,0.07072876988243934,-0.07937685296781433,0.15010562285025367,0.2676056338028169,0.06933521766848104
2018-09-12,633.2437558685446,624.0549276020905,,0.011112188084175134,106,105,2,0.49765258215962443,1.0095238095238095,0.5070422535211268,0.0,11,41,0.08121774058993601,-0.06743628681875413,0.14865402740869016,0.28169014084507044,0.47360235403422934
2018-09-14,638.5180751173709,624.8341287270795,,0.01421647385362701,172,38,3,0.8075117370892019,4.526315789473684,0.5586854460093896,0.0,17,8,0.0925897858841669,-0.05450673915224439,0.1470965250364113,0.2863849765258216,0.9500597481100872
2018-09-17,635.7722535211267,625.4780973824077,,0.012850580790694899,85,125,3,0.39906103286384975,0.68,0.568075117370892,0.0,22,24,0.08877416292713321,-0.05238553555905601,0.1411596984861892,0.29107981220657275,0.5430624494806743
2018-09-18,627.9462441314554,625.97839396315,,-0.005851576135600611,40,171,2,0.18779342723004694,0.23391812865497075,0.48826291079812206,0.0,7,57,0.061413139762316785,-0.0748158516016852,0.136228991364002,0.2300469483568075,0.04519151431132734
2018-09-19,624.2798591549296,626.382572278324,,-0.015753380702234532,79,133,1,0.37089201877934275,0.5939849624060151,0.4694835680751174,0.0,9,54,0.0457288545827727,-0.08963477994318148,0.13536363452595418,0.19248826291079812,0.476328421453296
2018-09-21,616.3216431924883,626.5303806138719,,-0.03211369633868544,39,173,1,0.18309859154929578,0.2254335260115607,0.3615023474178404,0.0,8,103,0.025888111629520028,-0.11463358798346006,0.14052169961298008,0.13145539906103287,0.25377393344158516
2018-09-24,604.2757276995305,626.3438357339002,,-0.049192117063576624,36,176,1,0.16901408450704225,0.20454545454545456,0.25821596244131456,0.0,4,129,0.0023753556847706317,-0.13170143609727045,0.13407679178204107,0.0892018779342723,0.12585262906498637
2018-09-25,604.8629107981221,626.1844807423156,,-0.04631687473092583,107,104,2,0.5023474178403756,1.0288461538461537,0.26291079812206575,0.0,5,75,0.004432946160788605,-0.1340107438630807,0.1384436900238693,0.11267605633802817,0.6095108171569202
2018-09-26,603.4044131455398,626.0052161750376,,-0.060138699318203814,119,92,2,0.5586854460093896,1.2934782608695652,0.2676056338028169,0.0,6,49,0.0044079951894778185,-0.13341011176297718,0.137818106952455,0.07042253521126761,0.7248033439151358
2018-09-27,596.3235211267606,625.7179139560634,,-0.07504770152282214,52,159,2,0.24413145539906103,0.3270440251572327,0.22535211267605634,0.0,2,92,-0.007285536068917348,-0.15636034075557614,0.1490748046866588,0.056338028169014086,0.28841382727620646
2018-09-28,587.8211682242991,625.4165514714928,,-0.08417371181963074,45,166,2,0.2112676056338028,0.2710843373493976,0.16822429906542055,0.0,1,117,-0.021271095244459495,-0.1775415845268349,0.1562704892823754,0.03286384976525822,0.22510531423493757
2018-10-01,586.3747196261683,625.0119288828841,,-0.08735892338639584,109,102,3,0.5093457943925234,1.0686274509803921,0.1542056074766355,0.0,3,73,-0.03278025636045742,-0.18622374537291275,0.15344348901245533,0.03286384976525822,0.8205616578896572
2018-10-03,581.2046728971962,624.5491251710167,,-0.10207338026879798,92,121,1,0.42990654205607476,0.7603305785123967,0.1822429906542056,0.0,4,69,-0.03332477331193411,-0.18930948547594703,0.1559847121640129,0.023474178403755867,0.36129014639416523
2018-10-04,568.9021495327103,623.899643633369,,-0.11693892197642519,32,179,3,0.14953271028037382,0.1787709497206704,0.09813084112149532,0.0,1,93,-0.051035076104269494,-0.20601206174532063,0.15497698564105114,0.014084507042253521,0.26943248486730076
2018-10-05,559.5370093457943,623.0363734429263,,-0.12111527399821032,30,182,2,0.14018691588785046,0.16483516483516483,0.06542056074766354,0.0,2,141,-0.062200034824524755,-0.21291465500412285,0.15071462017959808,0.014084507042253521,0.05977738748563389
2018-10-08,554.9647441860465,621.9815664398549,,-0.12497418939860216,72,140,2,0.3364485981308411,0.5142857142857142,0.05116279069767442,0.0,2,111,-0.06885459932397045,-0.2111583975277177,0.14230379820374725,0.014084507042253521,0.40175213777457724
2018-10-09,549.5675348837209,620.6922690243217,,-0.13773712432689234,86,125,4,0.4,0.688,0.04186046511627907,0.0,1,97,-0.0785833346428529,-0.22630470546844628,0.1477213708255934,0.014084507042253521,0.5039398742684548
2018-10-10,562.5271627906977,619.6527594499471,,-0.12429537237771893,195,19,1,0.9069767441860465,10.263157894736842,0.08837209302325581,0.0,1,12,-0.06509726559691045,-0.19879329346872637,0.13369602787181592,0.018779342723004695,0.9242039947728142
2018-10-11,556.7983720930232,618.4701551936943,,-0.12624292690280348,44,166,5,0.20465116279069767,0.26506024096385544,0.046511627906976744,0.0,1,39,-0.06369924194335616,-0.20926692599532298,0.14556768405196682,0.018779342723004695,0.20492355113445576
2018-10-12,568.5199534883722,617.4597740747826,,-0.09802609541492646,192,21,2,0.8930232558139535,9.142857142857142,0.08837209302325581,0.0,3,8,-0.03610348858018608,-0.1657072824614591,0.12960379388127302,0.03755868544600939,0.9647592978859102
2018-10-15,571.0577209302326,616.4730398141419,,-0.0982023657746437,138,74,3,0.641860465116279,1.864864864864865,0.12093023255813953,0.0,9,6,-0.029583042528638658,-0.15261978551623803,0.12303674298759937,0.03755868544600939,0.742860206526488
2018-10-16,576.6708837209303,615.5520791866736,,-0.09686051782492144,166,48,1,0.772093023255814,3.4583333333333335,0.15813953488372093,0.0,14,3,-0.03219163651627044,-0.14704888792851808,0.11485725141224765,0.028169014084507043,0.86294487516017
2018-10-17,566.8203720930233,614.4424243643832,,-0.1084537443183845,33,181,1,0.15348837209302327,0.18232044198895028,0.10697674418604651,0.0,4,14,-0.04335364096119197,-0.17481667202606724,0.13146303106487528,0.014084507042253521,0.10994271347284462
2018-10-19,560.5486511627906,613.2001483310353,,-0.10733019521740406,64,149,2,0.29767441860465116,0.42953020134228187,0.08837209302325581,0.0,5,32,-0.03692310787653709,-0.1709368607912625,0.1340137529147254,0.028169014084507043,0.37805213478056954
2018-10-22,555.737488372093,611.731893381496,,-0.10979430102970233,67,145,3,0.3116279069767442,0.46206896551724136,0.07906976744186046,0.0,4,38,-0.047600186105806463,-0.1722234829605103,0.12462329685470383,0.028169014084507043,0.3559650464234723
2018-10-23,551.0931627906976,610.0817125058545,618.1816180961396,-0.10583512865768141,59,152,4,0.2744186046511628,0.3881578947368421,0.06511627906976744,0.19069767441860466,3,59,-0.04194176983129924,-0.1643612872418402,0.12241951741054097,0.03755868544600939,0.43792313397233446
2018-10-24,552.8351627906977,608.4845199870206,617.7429388376293,-0.08512763718752425,135,76,4,0.627906976744186,1.7763157894736843,0.06976744186046512,0.20930232558139536,6,32,-0.014773873587683308,-0.1323764212202465,0.1176025476325632,0.06572769953051644,0.7486547820742379
2018-10-25,549.2576279069767,606.8307608080709,617.3068586196763,-0.09193038934685838,66,147,2,0.30697674418604654,0.4489795918367347,0.06976744186046512,0.20465116279069767,6,43,-0.02084486911533322,-0.13640048625429943,0.11555561713896621,0.056338028169014086,0.18003476955328554
2018-10-26,549.5053023255814,605.2220687325167,616.8534170153621,-0.08932501925032832,98,111,6,0.4558139534883721,0.8828828828828829,0.07906976744186046,0.19534883720930232,6,46,-0.023970566968545562,-0.1432945886273324,0.11932402165878685,0.04225352112676056,0.5775705077366605
2018-10-29,558.4746976744185,603.7984612775545,616.4314627259564,-0.06347028435307445,179,35,1,0.8325581395348837,5.114285714285714,0.12558139534883722,0.2186046511627907,26,9,0.018051421830015384,-0.10906617500068638,0.12711759683070176,0.14084507042253522,0.9354311207593005
2018-10-30,560.6677674418605,602.486129302448,615.9966694375619,-0.04619330206236705,124,89,2,0.5767441860465117,1.3932584269662922,0.14418604651162792,0.24186046511627907,31,11,0.06625161983299255,-0.09034148101592192,0.15659310084891448,0.22897196261682243,0.7368406553992117
2018-10-31,569.8003255813953,601.2907790065642,615.5969063311693,-0.028265874175714134,157,56,2,0.7302325581395349,2.8035714285714284,0.2372093023255814,0.2558139534883721,57,5,0.07720468107308714,-0.06602051666878575,0.1432251977418729,0.2570093457943925,0.740655706151053
2018-11-01,573.8705116279069,600.2140718682303,615.2295212081494,-0.01261889590930143,138,75,2,0.641860465116279,1.84,0.2837209302325581,0.24651162790697675,68,8,0.09809319200574555,-0.0698228483809252,0.16791604038667074,0.3130841121495327,0.7369825532899115
2018-11-02,582.1482790697675,599.2241905012688,614.8988188836915,0.02328366934091819,141,71,3,0.6558139534883721,1.9859154929577465,0.3395348837209302,0.28837209302325584,68,5,0.11961535419700718,-0.03879264232301731,0.1584079965200245,0.42990654205607476,0.521892147680183
2018-11-05,579.0663425925927,598.1200816723695,614.5442633985868,0.03490266581227908,101,112,2,0.4697674418604651,0.9017857142857143,0.3333333333333333,0.2824074074074074,47,6,0.144768164394545,-0.012218390090401753,0.15698655448494678,0.5327102803738317,0.6649859204442904
2018-11-06,577.3512037037036,596.9316916619366,614.1694918808736,0.04033852555893591,92,123,1,0.42592592592592593,0.7479674796747967,0.32407407407407407,0.27314814814814814,31,7,0.15692009656335257,-0.005996198184150624,0.1629162947475032,0.5627906976744186,0.32744653823153114
2018-11-07,582.8460185185185,595.8778270557812,613.8280724565578,0.060553947463142466,188,18,10,0.8703703703703703,10.444444444444445,0.39814814814814814,0.2962962962962963,41,1,0.16682521635474537,0.01012774560461845,0.1566974707501269,0.6465116279069767,0.955662796195345
2018-11-09,585.90625,594.9111745909923,613.5303974263646,0.04156081475838169,122,91,3,0.5648148148148148,1.3406593406593406,0.4351851851851852,0.3194444444444444,57,4,0.13305537341581278,-0.016033055930233887,0.14908842934604666,0.5209302325581395,0.5763019105465704
2018-11-12,581.2539351851852,593.6959669097196,613.202457198909,0.04392175752998839,65,148,3,0.30092592592592593,0.4391891891891892,0.37962962962962965,0.3148148148148148,24,6,0.135921319866574,-0.006195703793787572,0.14211702366036155,0.5534883720930233,0.35991896638672904
2018-11-13,583.8698148148148,592.4792167271427,612.9015057898912,0.026999687930489902,125,84,7,0.5787037037037037,1.4880952380952381,0.4027777777777778,0.3101851851851852,30,5,0.1200172947208918,-0.020270071608715762,0.14028736632960756,0.4325581395348837,0.7544753507332742
2018-11-14,584.4305555555555,591.3308700917748,612.5877778913405,0.023417658382306916,100,115,1,0.46296296296296297,0.8695652173913043,0.38425925925925924,0.3148148148148148,32,9,0.09267836412308829,-0.03604033378015008,0.12871869790323837,0.37209302325581395,0.4328631189616622
2018-11-15,587.3623611111111,590.228055342166,612.2754119191183,0.018539998623122278,115,99,2,0.5324074074074074,1.1616161616161615,0.42592592592592593,0.3194444444444444,36,10,0.08816300661112557,-0.05291692651425976,0.14107993312538533,0.3395348837209302,0.5446444488688662
2018-11-16,587.7102314814815,589.0367773426877,611.9518166997141,0.03685446116081015,92,122,2,0.42592592592592593,0.7540983606557377,0.44907407407407407,0.3194444444444444,37,12,0.11453491732433668,-0.04006097532910924,0.15459589265344592,0.4372093023255814,0.4647139069046684
2018-11-19,589.903287037037,587.9500684355412,611.6487604295852,0.05236768621841059,123,90,3,0.5694444444444444,1.3666666666666667,0.5046296296296297,0.33796296296296297,34,9,0.12843128361901934,-0.026239403907143338,0.15467068752616267,0.48372093023255813,0.6319395061789979
2018-11-20,585.2532870370371,586.9222468523382,611.3465981208091,0.05311104484134033,43,171,2,0.19907407407407407,0.25146198830409355,0.4305555555555556,0.3287037037037037,14,20,0.12845998154167065,-0.023037354008637996,0.15149733555030864,0.4883720930232558,0.09661512954883919
2018-11-21,583.8448611111112,585.91460980226,611.0382460978623,0.059430420356807234,115,98,3,0.5324074074074074,1.1734693877551021,0.4537037037037037,0.3425925925925926,21,16,0.16165375263735055,-0.00946512565833419,0.17111887829568473,0.5441860465116279,0.5713656331999268
2018-11-22,580.6012962962963,584.7795361976695,610.7265758966513,0.050224977306862595,66,143,7,0.3055555555555556,0.46153846153846156,0.4351851851851852,0.3194444444444444,14,19,0.12595415840120297,-0.014244364282387154,0.14019852268359012,0.4790697674418605,0.26605310465059745
2018-11-26,582.6111574074074,583.584341505442,610.4443670202269,0.06072474519385196,112,101,3,0.5185185185185185,1.108910891089109,0.4444444444444444,0.3101851851851852,25,21,0.13887506695267304,-0.0068022534585524055,0.14567732041122544,0.5069767441860465,0.6272646160163238
2018-11-27,583.5708796296296,582.5108351543727,610.1630101202982,0.061993173059255335,118,93,5,0.5462962962962963,1.2688172043010753,0.4675925925925926,0.3148148148148148,31,26,0.14080452676919775,-0.005090105800295893,0.14589463256949364,0.5116279069767442,0.6408642672554139
2018-11-28,583.2662962962962,581.5700324418009,609.9679435248565,0.04439162369416927,69,142,5,0.3194444444444444,0.4859154929577465,0.4444444444444444,0.3148148148148148,18,45,0.10109877223051439,-0.02573119728076435,0.12682996951127873,0.4,0.47316436059673195
2018-11-29,586.5597222222221,580.6363517688745,609.8021933378907,0.04618056589644515,126,86,4,0.5833333333333334,1.4651162790697674,0.47685185185185186,0.3148148148148148,28,29,0.10887820769066324,-0.03526650890241149,0.14414471659307473,0.39069767441860465,0.6285809164862287
2018-11-30,591.0109722222222,579.6862097109715,609.7125479586172,0.03722470080933116,119,94,3,0.5509259259259259,1.2659574468085106,0.5462962962962963,0.3287037037037037,34,23,0.08238951842395952,-0.044110404301251724,0.12649992272521124,0.3581395348837209,0.40910552117777577
2018-12-03,592.6686111111111,578.8241368627713,609.6077213026343,0.03275669180122076,118,97,1,0.5462962962962963,1.2164948453608246,0.5879629629629629,0.33796296296296297,25,17,0.08092931500105177,-0.04463016717818275,0.12555948217923452,0.31627906976744186,0.6903711238807249
2018-12-04,594.9896296296296,578.1650045727347,609.4719711334748,0.022058556250276418,99,113,4,0.4583333333333333,0.8761061946902655,0.625,0.3425925925925926,24,20,0.06793687953303058,-0.05412355203069703,0.12206043156372762,0.28837209302325584,0.4751988642131984
2018-12-05,589.6597685185186,577.4726027600065,609.3214110818366,0.018293976262714562,51,164,1,0.2361111111111111,0.31097560975609756,0.5555555555555556,0.3194444444444444,13,36,0.05948354096196673,-0.07185574483508506,0.13133928579705179,0.23148148148148148,0.09618794142900783
2018-12-06,581.6481018518518,576.7791319331938,609.0861982257112,0.007442433861025499,35,181,0,0.16203703703703703,0.19337016574585636,0.4444444444444444,0.3194444444444444,5,66,0.04462620175060983,-0.08049149089953345,0.12511769265014328,0.18055555555555555,0.11756130278571789
2018-12-07,582.9714814814815,576.3530470088327,608.8569979408109,0.00021525919192511012,104,109,3,0.48148148148148145,0.9541284403669725,0.46296296296296297,0.3055555555555556,6,53,0.042378841155786606,-0.08607914774473313,0.12845798890051974,0.18055555555555555,0.44598244606639226
2018-12-10,573.7647685185185,575.7310841632407,608.5932525526343,-0.020722566931964836,23,193,0,0.10648148148148148,0.11917098445595854,0.39351851851851855,0.2824074074074074,0,92,0.009728785291664988,-0.11267802289863171,0.1224068081902967,0.10185185185185185,0.13756811103659977
2018-12-11,580.5795833333333,575.2745875669966,608.3916151327626,-0.0011601673744146002,172,43,1,0.7962962962962963,4.0,0.4583333333333333,0.2962962962962963,5,16,0.036926766736963934,-0.09551225273103026,0.1324390194679942,0.1574074074074074,0.720113943474039
2018-12-12,593.5672685185185,575.2194625148318,608.2737642157397,0.016608931404990424,190,23,3,0.8796296296296297,8.26086956521739,0.6064814814814815,0.3472222222222222,30,1,0.050308177526746434,-0.06722599830076459,0.11753417582751102,0.2037037037037037,0.9533381552099099
2018-12-13,597.1177314814814,575.4053937799754,608.1779086423779,0.021708611579806192,130,84,2,0.6018518518518519,1.5476190476190477,0.6203703703703703,0.36574074074074076,41,2,0.057680340816619546,-0.05872386859637024,0.11640420941298979,0.23148148148148148,0.49099514442143805
2018-12-14,597.2824074074074,575.6235475356002,608.0834579390304,0.016889141955794607,110,105,1,0.5092592592592593,1.0476190476190477,0.6388888888888888,0.35648148148148145,28,5,0.05613944558692974,-0.057550727240079036,0.11369017282700877,0.22685185185185186,0.7636746386174766
2018-12-17,600.464212962963,576.0087383369155,608.0137090519221,0.021701139095930966,124,89,3,0.5740740740740741,1.3932584269662922,0.6527777777777778,0.36574074074074076,37,5,0.061709501732907235,-0.04756365516350014,0.10927315689640738,0.26851851851851855,0.8174070393325151
2018-12-18,601.0410648148148,576.6515166425576,607.9265816836884,0.018880684380859547,121,90,5,0.5601851851851852,1.3444444444444446,0.6805555555555556,0.37962962962962965,46,9,0.06240416027735174,-0.046362175809043005,0.10876633608639474,0.27314814814814814,0.7650354170519621
2018-12-19,606.9937962962963,577.6006523815677,607.8380730209391,0.03714718010269524,150,63,3,0.6944444444444444,2.380952380952381,0.7361111111111112,0.39814814814814814,74,5,0.09101199909440805,-0.021832603616515844,0.11284460271092389,0.37037037037037035,0.820889993150081
2018-12-20,605.4771759259258,578.6109010163652,607.7359923140303,0.03705147763679273,83,132,1,0.38425925925925924,0.6287878787878788,0.7129629629629629,0.4212962962962963,42,8,0.07839141948800998,-0.025497729654208934,0.10388914914221892,0.35185185185185186,0.460917940733338
2018-12-21,597.5527777777778,579.5706058742463,607.5906648567653,0.029196423758638623,45,169,2,0.20833333333333334,0.26627218934911245,0.6342592592592593,0.3888888888888889,12,12,0.06846779204639608,-0.03169987282746933,0.10016766487386541,0.3055555555555556,0.19762409265462177
2018-12-24,592.8900462962963,580.1778635443583,607.4287355209392,0.017642794440514198,70,142,4,0.32407407407407407,0.49295774647887325,0.6064814814814815,0.35648148148148145,13,23,0.055485825578879044,-0.034129539161169786,0.08961536474004883,0.22685185185185186,0.349627257157889
2018-12-26,593.0638425925927,580.9031729543497,607.2932782915944,0.01626702649897105,100,113,3,0.46296296296296297,0.8849557522123894,0.6018518518518519,0.37037037037037035,17,17,0.05191235003594907,-0.03492580528411138,0.08683815532006045,0.2222222222222222,0.6636871148968335
2018-12-27,595.3685648148147,581.4401451808785,607.1921999618223,0.02074913053500116,129,82,5,0.5972222222222222,1.5731707317073171,0.6342592592592593,0.39814814814814814,22,7,0.056403585438728365,-0.02875112309074579,0.08515470852947415,0.25925925925925924,0.5101427200759883
2018-12-28,599.1114351851852,582.0012194659776,607.1415020896713,0.02139886611274644,154,59,3,0.7129629629629629,2.610169491525424,0.6481481481481481,0.41203703703703703,38,6,0.06649472742777496,-0.028968713789107814,0.09546344121688277,0.2916666666666667,0.7815592411552752
2018-12-31,601.3250925925926,582.4943036434108,607.0946941391728,0.017451656323044018,131,81,4,0.6064814814814815,1.617283950617284,0.7037037037037037,0.4166666666666667,34,3,0.0717592592592593,-0.025549477545939947,0.09730873680519925,0.30092592592592593,0.6330294724351139
2019-01-01,601.2178703703704,583.1822536089578,607.0601418642304,0.014425024539820752,113,96,7,0.5231481481481481,1.1770833333333333,0.6898148148148148,0.42592592592592593,25,4,0.06391752577319587,-0.030646572678658224,0.0945640984518541,0.25925925925925924,0.5773923655223572
2019-01-02,596.324537037037,583.8977713264427,606.9815334489371,0.00224358096499655,56,158,2,0.25925925925925924,0.35443037974683544,0.6203703703703703,0.39814814814814814,10,13,0.05404501894361502,-0.03983138502371142,0.09387640396732644,0.21296296296296297,0.16875424671715608
2019-01-03,592.7226388888889,584.6374743367786,606.8719050165872,0.0051943010764758935,57,157,2,0.2638888888888889,0.3630573248407643,0.5740740740740741,0.38425925925925924,10,16,0.0626865671641792,-0.03768819815444402,0.10037476531862322,0.24537037037037038,0.12392104562951475
2019-01-04,592.6489351851852,585.4685897846683,606.76595328103,0.018913211095005655,116,96,4,0.5370370370370371,1.2083333333333333,0.5555555555555556,0.3888888888888889,16,17,0.07342995169082123,-0.025558755970394142,0.09898870766121537,0.3101851851851852,0.7347992012979083
2019-01-07,592.7763888888888,586.2674143066322,606.6524029288237,0.01681884572207637,102,111,3,0.4722222222222222,0.918918918918919,0.5277777777777778,0.38425925925925924,14,14,0.07976366322008865,-0.024782350613375526,0.10454601383346418,0.3055555555555556,0.3896177299798625
2019-01-08,594.2650462962963,587.1675626744186,606.5902757679606,0.03572941195171375,106,108,2,0.49074074074074076,0.9814814814814815,0.5277777777777778,0.4027777777777778,28,21,0.10526947545312693,-0.0037735849056602655,0.10904306035878719,0.47685185185185186,0.6717444696695622
2019-01-09,595.7906481481482,588.0932695908699,606.5616909704239,0.02619979284748908,91,118,7,0.4212962962962963,0.7711864406779662,0.5416666666666666,0.39351851851851855,24,33,0.0855458363839543,-0.019543973941368087,0.10508981032532239,0.37037037037037035,0.45573042692863885
2019-01-10,597.9705092592592,588.8831858225667,606.5450064353805,0.007418267438719539,108,102,6,0.5,1.0588235294117647,0.5185185185185185,0.4027777777777778,22,25,0.06152557316457119,-0.03723963206610148,0.09876520523067267,0.24537037037037038,0.6177723049971826
2019-01-11,596.01625,589.5901554737295,606.5148008432751,-0.0018446638299428608,84,129,3,0.3888888888888889,0.6511627906976745,0.5092592592592593,0.39814814814814814,16,34,0.05260432846639751,-0.0438758203672297,0.09648014883362721,0.2175925925925926,0.33021949895392805
2019-01-14,594.6855092592593,590.0878591472868,606.4969580546433,-0.004347856417570184,78,134,4,0.3611111111111111,0.582089552238806,0.4722222222222222,0.37962962962962965,16,40,0.0463126616972771,-0.052581261950286895,0.098893923647564,0.18981481481481483,0.3063137448676264
2019-01-15,597.7165277777777,590.5647794702843,606.5160261002308,-0.0045759349614307165,149,63,4,0.6898148148148148,2.365079365079365,0.5370370370370371,0.4074074074074074,28,17,0.05248550124275053,-0.04994581350421712,0.10243131474696765,0.2222222222222222,0.8110817685138563
2019-01-16,596.7868518518519,590.8575509259259,606.5079077279111,-0.007078073715767963,95,112,9,0.4398148148148148,0.8482142857142857,0.5416666666666666,0.4166666666666667,17,11,0.046962698057914753,-0.05427235369137029,0.10123505174928504,0.19907407407407407,0.5007963320070743
2019-01-17,597.7975462962962,591.232175,606.4707435455169,-0.015150484331327596,94,116,6,0.4351851851851852,0.8103448275862069,0.5092592592592593,0.4212962962962963,19,21,0.03206222546179949,-0.061817843318258237,0.09388006878005772,0.1388888888888889,0.3874343374970673
2019-01-18,594.6313888888889,591.5777787037038,606.4119849397222,-0.017912792534997002,59,155,2,0.27314814814814814,0.38064516129032255,0.4675925925925926,0.38425925925925924,10,44,0.02299284194234863,-0.07481296758104727,0.0978058095233959,0.11574074074074074,0.23940756271375482
2019-01-21,593.1817129629629,591.7844925925925,606.3186518378702,-0.007314943511885774,69,145,2,0.3194444444444444,0.47586206896551725,0.39351851851851855,0.375,15,53,0.02693854207396429,-0.06388206388206386,0.09082060595602814,0.1527777777777778,0.43316811165721664
2019-01-22,592.5618981481482,591.9176055555555,606.199372280992,-0.0005534721829081324,84,129,3,0.3888888888888889,0.6511627906976745,0.4212962962962963,0.37962962962962965,9,56,0.03521024297977604,-0.058409685863874405,0.09361992884365045,0.14814814814814814,0.4028017502836453
2019-01-23,591.2216203703704,592.1169592592593,606.0870913352247,-0.0031062797795410324,73,139,4,0.33796296296296297,0.5251798561151079,0.37037037037037035,0.35648148148148145,12,61,0.03476356016953175,-0.06540868798271626,0.10017224815224801,0.1527777777777778,0.4472954131949268
2019-01-24,591.9536111111112,592.2786351851852,605.9339258193518,-0.005735864984349193,99,116,1,0.4583333333333333,0.853448275862069,0.35648148148148145,0.35648148148148145,17,63,0.028825762534363086,-0.06780063667030933,0.09662639920467242,0.12962962962962962,0.4589291118508175
2019-01-25,583.779675925926,592.2656175925927,605.736486818029,-0.0255908306182141,46,169,1,0.21296296296296297,0.27218934911242604,0.3055555555555556,0.3287037037037037,3,96,0.013290923548790134,-0.08570270091354426,0.0989936244623344,0.08333333333333333,0.1979478256802427
2019-01-28,576.8927777777777,592.056225925926,605.4956473735845,-0.04063079208864506,44,171,1,0.2037037037037037,0.2573099415204678,0.26851851851851855,0.30092592592592593,6,121,-0.004058942910085572,-0.12154475601237391,0.11748581310228834,0.046296296296296294,0.12362797978355308
2019-01-29,578.0128703703704,591.8622787037037,605.2633088682935,-0.03859665712482063,110,102,4,0.5092592592592593,1.0784313725490196,0.25462962962962965,0.3148148148148148,7,73,-0.0011260487736766134,-0.1260175427525715,0.12489149397889487,0.06481481481481481,0.6501048604856206
2019-01-30,579.0999537037037,591.646212037037,605.0305714939549,-0.028884579224120466,122,90,4,0.5648148148148148,1.3555555555555556,0.2962962962962963,0.3055555555555556,7,49,0.005129736392800011,-0.1038727108976284,0.1090024472904284,0.0787037037037037,0.6307605225265762
2019-01-31,581.944212962963,591.5800305555556,604.8076173206745,-0.01818460308202674,126,89,1,0.5833333333333334,1.4157303370786516,0.3055555555555556,0.3148148148148148,16,37,0.011291400004309615,-0.09632571996027817,0.10761711996458778,0.1111111111111111,0.6020244183883827
2019-02-01,586.3346296296296,591.629825925926,604.5946449926322,-0.010654377626752365,124,89,3,0.5740740740740741,1.3932584269662922,0.3333333333333333,0.3287037037037037,28,34,0.020952380952381056,-0.09939936983064201,0.12035175078302307,0.125,0.5662240322383628
2019-02-04,584.4356018518519,591.706512037037,604.3600677637962,-0.014070714005109286,62,153,1,0.28703703703703703,0.40522875816993464,0.3055555555555556,0.3148148148148148,21,55,0.01843151427538836,-0.11398507393501134,0.1324165882103997,0.125,0.30489958042502907
2019-02-05,586.0686111111112,591.7756611111112,604.133815105066,-0.013792558112358577,91,123,2,0.4212962962962963,0.7398373983739838,0.2916666666666667,0.3148148148148148,19,53,0.014190317195325486,-0.12105907560453022,0.1352493927998557,0.11574074074074074,0.22549269060410937
2019-02-06,589.8096759259258,591.900437037037,603.9411037227909,-0.010038714506198754,139,75,2,0.6435185185185185,1.8533333333333333,0.3055555555555556,0.3333333333333333,32,31,0.027165124274667996,-0.11727139410568144,0.14443651838034943,0.13425925925925927,0.9044259916542418
2019-02-07,593.5018518518518,592.1051481481481,603.753324886812,-0.007473039787435298,135,78,3,0.625,1.7307692307692308,0.33796296296296297,0.3333333333333333,26,14,0.029654036243822013,-0.10126582278481011,0.13091985902863212,0.1527777777777778,0.6218915012689493
2019-02-08,587.8250462962963,592.1304546296296,603.5328084516269,-0.013743255664092624,50,164,2,0.23148148148148148,0.3048780487804878,0.3287037037037037,0.32407407407407407,12,43,0.027070497273953498,-0.11129883843717003,0.13836933571112353,0.1388888888888889,0.1522629628136825
2019-02-11,582.0800462962962,591.9518361111111,603.2726210640608,-0.02119685576106345,41,175,0,0.18981481481481483,0.2342857142857143,0.27314814814814814,0.2962962962962963,8,81,0.019331783346249853,-0.12356381148950801,0.14289559483575787,0.1111111111111111,0.3415240268726673
2019-02-12,580.0095833333334,591.6986555555555,602.9998899331083,-0.029624317919191956,82,132,2,0.37962962962962965,0.6212121212121212,0.25925925925925924,0.28703703703703703,6,68,0.0036729287090557783,-0.13538461538461533,0.1390575440936711,0.09259259259259259,0.4655323289955442
2019-02-14,575.3205092592593,591.3052731481481,602.7106686698809,-0.035969865163720915,83,133,0,0.38425925925925924,0.6240601503759399,0.2222222222222222,0.26851851851851855,9,68,-0.0011263375258119268,-0.14137675795706883,0.1402504204312569,0.10185185185185185,0.46432032098880954
2019-02-15,570.2937037037037,590.9179518518519,602.3939095693518,-0.04600862409522222,77,139,0,0.35648148148148145,0.5539568345323741,0.2037037037037037,0.23148148148148148,4,70,-0.002762677123250956,-0.15350406379389647,0.15074138667064552,0.0787037037037037,0.44017579563771886
2019-02-18,563.8390277777778,590.5617703703705,602.0365628034788,-0.05178394831905664,52,161,3,0.24074074074074073,0.32298136645962733,0.17592592592592593,0.24074074074074073,4,85,-0.005383824330046694,-0.1566929133858267,0.15130908905578,0.0787037037037037,0.187096307804244
2019-02-19,564.3463425925926,590.1892675925926,601.6641018973942,-0.048611360971221984,121,91,4,0.5601851851851852,1.3296703296703296,0.19907407407407407,0.24537037037037038,6,47,-0.001908396946564861,-0.14855221627555926,0.1466438193289944,0.09259259259259259,0.7777464925961429
2019-02-20,568.2713425925926,590.0793990740741,601.3343581341666,-0.040992435780072056,153,59,4,0.7083333333333334,2.593220338983051,0.22685185185185186,0.24537037037037038,11,19,0.006708729334717667,-0.13265855401911386,0.13936728335383153,0.10185185185185185,0.9344258267093787
2019-02-21,570.5236574074074,589.8782805555555,601.0421021354894,-0.03500880591950739,144,70,2,0.6666666666666666,2.057142857142857,0.26851851851851855,0.25462962962962965,17,10,0.014610666212302004,-0.11451758340847606,0.12912824962077807,0.12037037037037036,0.8653452414085187
2019-02-22,573.8558796296296,589.4840527777777,600.7836329622089,-0.030572888046939473,150,65,1,0.6944444444444444,2.3076923076923075,0.30092592592592593,0.2916666666666667,35,9,0.028149423764737058,-0.0998316655756103,0.12798108934034735,0.1388888888888889,0.8959412442652724
2019-02-25,577.0944907407408,589.083587962963,600.5286320825793,-0.011451555202880104,132,82,2,0.6111111111111112,1.6097560975609757,0.3287037037037037,0.2962962962962963,29,6,0.04788598949903289,-0.07799671592775037,0.12588270542678326,0.19444444444444445,0.6484254343608858
2019-02-26,579.0964351851852,588.7198685185185,600.2719714013623,0.0038198734536010193,82,130,4,0.37962962962962965,0.6307692307692307,0.3287037037037037,0.3055555555555556,22,12,0.06373341960530587,-0.0655147129148469,0.12924813252015277,0.24074074074074073,0.42414725425891325
2019-02-27,580.9565277777778,588.3297148148148,600.0337518973942,0.005092719484812047,106,105,5,0.49074074074074076,1.0095238095238095,0.3425925925925926,0.2962962962962963,19,9,0.06142171952179831,-0.06457317073170732,0.12599489025350563,0.24074074074074073,0.7342562010183826
2019-02-28,585.6542129629629,588.0219777777778,599.8401562955422,0.011318010331965445,140,72,4,0.6481481481481481,1.9444444444444444,0.37962962962962965,0.3333333333333333,39,8,0.0663885992353146,-0.0644164606854164,0.130805059920731,0.24537037037037038,0.7985065269025979
2019-03-01,589.9543518518518,587.6811888888889,599.6637618643252,0.013764444615928628,176,40,0,0.8148148148148148,4.4,0.4537037037037037,0.3425925925925926,68,1,0.0715707650014219,-0.04463907331544015,0.11620983831686205,0.26851851851851855,0.8521626310408307
2019-03-05,598.6246296296296,587.544137962963,599.552437631521,0.020960726825504317,187,29,0,0.8657407407407407,6.448275862068965,0.6666666666666666,0.4027777777777778,119,1,0.11086011232443727,-0.022183744939007655,0.13304385726344492,0.4074074074074074,0.975829265513314
2019-03-06,598.3875462962963,587.5608333333333,599.4391789344311,0.023872509477923742,115,98,3,0.5324074074074074,1.1734693877551021,0.6620370370370371,0.4074074074074074,80,5,0.13067625702774688,-0.01631763229173544,0.14699388931948232,0.5092592592592593,0.6374610050205147
2019-03-07,596.3872222222222,587.6307768518519,599.3079002836374,0.017606489949271165,95,120,1,0.4398148148148148,0.7916666666666666,0.6759259259259259,0.42592592592592593,51,5,0.13172541743970312,-0.016488778228544665,0.14821419566824778,0.5648148148148148,0.43025816864287914
2019-03-08,595.2011111111111,587.6735222222222,599.1764448868121,0.00914097446217954,72,142,2,0.3333333333333333,0.5070422535211268,0.6620370370370371,0.4166666666666667,30,6,0.11873966741223385,-0.027632027257240233,0.14637169466947408,0.47685185185185186,0.3888942535366841
2019-03-11,601.97875,587.8057259259259,599.1064048272883,0.014282850376453604,175,41,0,0.8101851851851852,4.2682926829268295,0.7685185185185185,0.4861111111111111,89,3,0.13397692488815638,-0.017347908745247054,0.15132483363340343,0.5185185185185185,0.9419537913949566
2019-03-12,606.6239351851852,587.9559759259259,599.1019780746427,0.031980414933550305,136,78,2,0.6296296296296297,1.7435897435897436,0.8148148148148148,0.5416666666666666,90,2,0.15450121654501214,0.0006822103615715669,0.15381900618344058,0.6203703703703703,0.4970410961177054
2019-03-13,605.4791203703704,588.0390564814816,599.0921374860184,0.04019906578650079,81,134,1,0.375,0.6044776119402985,0.8101851851851852,0.5231481481481481,52,4,0.17616820460961513,0.012415232133542009,0.16375297247607312,0.6759259259259259,0.47486100581944257
2019-03-14,603.6473148148148,588.0876453703704,599.0784331077116,0.04075403607236039,86,127,3,0.39814814814814814,0.6771653543307087,0.7962962962962963,0.5324074074074074,32,5,0.18368580060422945,0.020045006058507786,0.16364079454572167,0.6898148148148148,0.5586426153091283
2019-03-15,603.0818518518519,588.2227916666667,599.0574195098279,0.048253698844033854,98,117,1,0.4537037037037037,0.8376068376068376,0.7777777777777778,0.5185185185185185,55,4,0.18873113137049757,0.034728406055209105,0.15400272531528847,0.7361111111111112,0.6215648403591593
2019-03-18,602.3097685185186,588.4145342592593,599.0072481143253,0.05613960772649307,100,116,0,0.46296296296296297,0.8620689655172413,0.75,0.5185185185185185,46,7,0.20479551588125378,0.041591475466185246,0.16320404041506853,0.7546296296296297,0.6462258146198204
2019-03-19,601.8351851851852,588.5982592592593,598.9186123735847,0.06738830683140051,122,90,4,0.5648148148148148,1.3555555555555556,0.7824074074074074,0.5416666666666666,53,1,0.22897001085957736,0.047345562603577473,0.18162444825599988,0.7870370370370371,0.7293722820991962
2019-03-20,599.5830555555556,588.7343925925926,598.8331278894575,0.06243809927266719,77,139,0,0.35648148148148145,0.5539568345323741,0.7731481481481481,0.5138888888888888,30,3,0.20708087469628578,0.03915490659923315,0.16792596809705262,0.7546296296296297,0.2784283268683469
2019-03-22,599.58,588.8406916666667,598.7497869370766,0.055094556175522946,78,138,0,0.3611111111111111,0.5652173913043478,0.7314814814814815,0.49074074074074076,17,9,0.17764288168594655,0.032538248772671086,0.14510463291327547,0.7083333333333334,0.2591964283269052
2019-03-25,595.2405555555555,588.8296898148149,598.648521381521,0.04332317832439658,48,165,3,0.2222222222222222,0.2909090909090909,0.6712962962962963,0.46296296296296297,8,17,0.14762895630270512,0.011202880740761811,0.1364260755619433,0.6203703703703703,0.3545229386201538
2019-03-26,598.88375,588.8479546296296,598.5831694172354,0.043613512135701304,156,59,1,0.7222222222222222,2.6440677966101696,0.6944444444444444,0.48148148148148145,25,10,0.14357964869775897,0.010326542003907369,0.1332531066938516,0.6157407407407407,0.7968289425945191
2019-03-27,601.1900925925926,588.9514314814814,598.5633579754365,0.041753304248189016,108,106,2,0.5,1.0188679245283019,0.6990740740740741,0.49537037037037035,26,17,0.14502529510961204,0.0005938352478336295,0.1444314598617784,0.5740740740740741,0.5561464374400116
2019-03-28,605.8154166666666,589.1740296296296,598.5972564873412,0.046139088169204756,153,61,2,0.7083333333333334,2.5081967213114753,0.7453703703703703,0.5138888888888888,51,7,0.14727374929735793,0.013200231004042662,0.13407351829331526,0.6388888888888888,0.7200590932403735
2019-04-01,612.7061574074074,589.4738222222222,598.6356767981877,0.05465061172662167,149,65,2,0.6898148148148148,2.292307692307692,0.8101851851851852,0.5416666666666666,62,4,0.1747520288548241,0.02282254308337217,0.15192948577145193,0.6851851851851852,0.7637983261449893
2019-04-02,611.7678240740739,589.7734416666666,598.64179282332,0.04458878726236093,86,129,1,0.39814814814814814,0.6666666666666666,0.8148148148148148,0.5416666666666666,33,5,0.15907261310578003,0.02132993905731717,0.13774267404846285,0.6759259259259259,0.6616711617870276
2019-04-03,609.581712962963,590.009125,598.6275799595634,0.033269287783879165,57,156,3,0.2638888888888889,0.36538461538461536,0.8009259259259259,0.5462962962962963,13,6,0.11606058669393482,0.0033323919796666157,0.1127281947142682,0.5370370370370371,0.2283085896795406
2019-04-04,608.5254166666666,590.2870055555555,598.5989501381348,0.016539224326875157,84,129,3,0.3888888888888889,0.6511627906976745,0.8055555555555556,0.5324074074074074,16,14,0.08391777997857597,-0.02604127008299706,0.10995905006157303,0.33796296296296297,0.40749807269215715
2019-04-05,610.1062037037037,590.6254953703703,598.558271870939,0.01958372543001574,136,78,2,0.6296296296296297,1.7435897435897436,0.8287037037037037,0.5462962962962963,25,11,0.08154081540815405,-0.025326170376055446,0.1068669857842095,0.35185185185185186,0.6576114420588361
2019-04-08,610.0924074074074,590.9761055555556,598.5143486698809,0.02298034678562999,74,141,1,0.3425925925925926,0.524822695035461,0.7824074074074074,0.5416666666666666,15,17,0.07681955211024993,-0.02677522899866913,0.10359478110891907,0.35648148148148145,0.21087134870358892
2019-04-09,612.2540277777778,591.3967537037038,598.4811359516269,0.0286506801622608,110,101,5,0.5092592592592593,1.0891089108910892,0.8194444444444444,0.5277777777777778,15,14,0.08212913846716652,-0.026519006285543267,0.10864814475270979,0.38425925925925924,0.74331876937516
2019-04-10,611.5893518518518,591.7894685185184,598.4467362823146,0.01596501845264764,90,124,2,0.4166666666666667,0.7258064516129032,0.8148148148148148,0.5231481481481481,11,15,0.0582710241115687,-0.033169533169533305,0.09144055728110201,0.24537037037037038,0.14986869478473286
2019-04-11,608.5524423963134,592.2849238479263,598.412025982448,0.003179081963753161,106,109,1,0.49074074074074076,0.9724770642201835,0.8248847926267281,0.5253456221198156,18,10,0.048594938674119126,-0.047803692343306836,0.09639863101742596,0.19907407407407407,0.5296664095823205
2019-04-12,612.712396313364,593.001316218638,598.4171865422138,0.01194636726460363,130,83,4,0.5990783410138248,1.5662650602409638,0.8294930875576036,0.5622119815668203,31,10,0.059294871794871806,-0.04040404040404033,0.09969891219891214,0.2638888888888889,0.7866526790078442
2019-04-15,617.0692660550458,593.7824441323314,598.4365703132473,0.022234756803893863,135,80,2,0.6221198156682027,1.6875,0.8577981651376146,0.5963302752293578,34,8,0.06850933144342064,-0.02782082151286147,0.09633015295628211,0.28703703703703703,0.8022528845885771
2019-04-16,620.6848858447488,594.6141427751525,598.4828414249355,0.02918846577598755,127,86,5,0.5825688073394495,1.4767441860465116,0.867579908675799,0.5799086757990868,39,6,0.07131845543972992,-0.025304151127957475,0.0966226065676874,0.3055555555555556,0.7425204816928908
2019-04-18,616.5753424657535,595.3067653652082,598.5035745353686,0.023684779316004434,58,161,0,0.2648401826484018,0.36024844720496896,0.8082191780821918,0.5525114155251142,22,16,0.06063397037378149,-0.03227116716423972,0.09290513753802121,0.25,0.22827501795384278
2019-04-22,609.9301369863015,595.7786755123417,598.4982176373617,0.013450446235750535,39,178,2,0.1780821917808219,0.21910112359550563,0.7123287671232876,0.502283105022831,7,42,0.04292929292929282,-0.047889443798317055,0.09081873672760987,0.17592592592592593,0.07559322121281911
2019-04-23,609.0221461187214,596.270406397679,598.4981762352538,0.015742757363981674,85,131,3,0.3881278538812785,0.648854961832061,0.6712328767123288,0.502283105022831,14,46,0.051627593186034826,-0.04825462012320336,0.09988221330923819,0.2175925925925926,0.4079755968865289
2019-04-24,611.0825114155251,596.7706844037673,598.5384160435163,0.019184281356157795,140,75,4,0.639269406392694,1.8666666666666667,0.6894977168949772,0.5205479452054794,19,21,0.0598473709172167,-0.03498016588532271,0.09482753680253941,0.2175925925925926,0.818784244150732
2019-04-25,608.6154794520548,597.1468004742899,598.5955410711084,0.02246977927103133,63,149,7,0.2876712328767123,0.4228187919463087,0.6484018264840182,0.5159817351598174,19,46,0.059456369211579485,-0.029080227648246804,0.08853659685982629,0.2175925925925926,0.18943085506385204
2019-04-26,606.0814155251143,597.3983917477551,598.6141194757481,0.012018468567755125,100,114,5,0.45662100456621,0.8771929824561403,0.6210045662100456,0.4931506849315068,16,42,0.054406784831751986,-0.03721707428224208,0.09162385911399407,0.20833333333333334,0.7343950083472701
2019-04-30,602.5975342465753,597.6938415067607,598.6288938768389,0.0023410925617772804,70,147,2,0.319634703196347,0.47619047619047616,0.547945205479452,0.4748858447488584,21,70,0.04859562242467774,-0.0507834623371719,0.09937908476184965,0.19907407407407407,0.38174894769459633
2019-05-02,601.0187671232876,598.0726159233005,598.6361976181157,-0.007917674940943642,91,127,1,0.4155251141552511,0.7165354330708661,0.5296803652968036,0.4703196347031963,22,69,0.03691882115118639,-0.06874557051736363,0.10566439166855002,0.1712962962962963,0.47848311732408344
2019-05-03,600.9285844748857,598.4909959461315,598.6229714367165,-0.019222220619353858,99,117,3,0.4520547945205479,0.8461538461538461,0.5296803652968036,0.4657534246575342,14,56,0.022739593703488215,-0.09071948772293748,0.11345908142642569,0.12037037037037036,0.5557105093776826
2019-05-06,597.2020091324201,598.9286259435949,598.5943244069069,-0.023809383835607156,47,170,2,0.2146118721461187,0.27647058823529413,0.4383561643835616,0.4383561643835616,7,69,0.019056772289530954,-0.10147898287493506,0.12053575516446602,0.10185185185185185,0.1949293244125997
2019-05-07,594.3931050228312,599.4106139699774,598.5459352150399,-0.024916442893776036,56,161,2,0.2557077625570776,0.34782608695652173,0.3744292237442922,0.4383561643835616,4,85,0.015164736680738589,-0.09934079411313823,0.11450553079387682,0.10185185185185185,0.10923158180712363
2019-05-08,589.77100456621,599.9292535057459,598.4501341057955,-0.030819439232609436,48,168,3,0.2191780821917808,0.2857142857142857,0.2922374429223744,0.3972602739726027,5,112,0.010109890109890163,-0.10501115342150924,0.1151210435313994,0.10185185185185185,0.13509058751185682
2019-05-09,587.6544292237443,600.395415238369,598.3203913934237,-0.036799780667142845,100,116,3,0.45662100456621,0.8620689655172413,0.2831050228310502,0.3881278538812785,4,73,0.00018253171488558095,-0.1167065254526819,0.11688905716756748,0.08333333333333333,0.3264510785932791
2019-05-10,587.4713242009133,600.7794148705354,598.1935947125414,-0.037078126086870444,101,116,2,0.4611872146118721,0.8706896551724138,0.2785388127853881,0.4018264840182648,5,62,0.0006430868167202064,-0.11280760172175752,0.11345068853847773,0.0787037037037037,0.4467178583466371
2019-05-13,583.3852511415525,601.0366467452183,598.048682760702,-0.047151632045617786,43,175,1,0.1963470319634703,0.24571428571428572,0.2009132420091324,0.3424657534246575,3,121,-0.008049924301170575,-0.1287780305492362,0.12072810624806563,0.023148148148148147,0.04900667990228677
2019-05-14,583.9750228310502,601.2390296092468,597.91511471448,-0.04515174918789422,128,88,3,0.5844748858447488,1.4545454545454546,0.2100456621004566,0.3607305936073059,5,60,-0.003982552626588087,-0.11943652234033353,0.11545396971374544,0.037037037037037035,0.7129610201171781
2019-05-15,584.1995890410958,601.3811315752539,597.8216661974213,-0.040017674170072626,84,134,1,0.3835616438356164,0.6268656716417911,0.1963470319634703,0.3424657534246575,7,66,-0.008982154806259385,-0.1255312946184189,0.1165491398121595,0.05069124423963134,0.17112663141129544
2019-05-16,584.4194063926941,601.487590999404,597.7107339841017,-0.04617662396077882,116,101,2,0.5296803652968036,1.1485148514851484,0.2100456621004566,0.3515981735159817,10,63,-0.00726412809404566,-0.13128644172426557,0.12402231363021991,0.059907834101382486,0.8248253380930687
2019-05-17,589.4370319634703,601.6572010831179,597.6361948514663,-0.04477979314742042,137,80,2,0.6255707762557078,1.7125,0.2602739726027397,0.3789954337899543,11,34,-0.001950758181734816,-0.12693599377095985,0.12498523558922503,0.06422018348623854,0.7821915494845452
2019-05-20,604.348401826484,602.0310848603883,597.6510557285233,-0.02632009315972139,192,26,1,0.8767123287671232,7.384615384615385,0.4200913242009132,0.4703196347031963,46,7,0.020093597745441994,-0.10124456671447468,0.12133816445991667,0.1232876712328767,0.973644237412178
2019-05-21,601.7313242009131,602.2666243073695,597.6462097551881,-0.02407494630822804,60,159,0,0.273972602739726,0.37735849056603776,0.3744292237442922,0.4429223744292237,20,16,0.013281207513945379,-0.09953899344280333,0.1128202009567487,0.1050228310502283,0.24548450709570516
2019-05-22,604.0549771689498,602.375231258156,597.6279591693348,-0.009632512743805721,122,94,3,0.5570776255707762,1.297872340425532,0.3881278538812785,0.4383561643835616,27,16,0.03753703843607621,-0.08296393498589084,0.12050097342196706,0.1689497716894977,0.7631638346822451
2019-05-23,601.5545662100456,602.4385716564309,597.5655699720832,-0.012261590085461571,95,124,0,0.4337899543378995,0.7661290322580645,0.3744292237442922,0.4657534246575342,20,20,0.04013681465642876,-0.08733618286896061,0.12747299752538938,0.1780821917808219,0.5159443939456418
2019-05-24,611.6172146118721,602.7431715042238,597.5511428375953,0.0008750098167731313,185,33,1,0.8447488584474886,5.606060606060606,0.502283105022831,0.4931506849315068,66,7,0.06877225659709284,-0.07244585581342958,0.1412181124105224,0.2374429223744292,0.9537484445562924
2019-05-27,618.5601369863012,603.2103520217278,597.5643005979986,0.01633980381701705,169,49,1,0.771689497716895,3.4489795918367347,0.6027397260273972,0.5525114155251142,88,5,0.08936917901076655,-0.04517926197810829,0.13454844098887483,0.3515981735159817,0.8015160528231928
2019-05-28,619.7185388127854,603.5651477979834,597.5676982448927,0.022500480856777028,108,109,2,0.4931506849315068,0.9908256880733946,0.639269406392694,0.5205479452054794,56,5,0.08798933159239493,-0.045549814504952435,0.13353914609734735,0.3607305936073059,0.41123271852353366
2019-05-29,617.3605022831051,603.7798791399418,597.5525285864968,0.024498885570429563,66,151,2,0.3013698630136986,0.4370860927152318,0.6118721461187214,0.5251141552511416,22,7,0.0929366656854981,-0.04017904746076206,0.13311571314626017,0.365296803652968,0.22408008718498917
2019-05-30,618.0658447488585,604.0316136275115,597.5292632347695,0.02836363614261983,110,106,3,0.502283105022831,1.0377358490566038,0.5844748858447488,0.5342465753424658,31,3,0.09078952304454005,-0.039623552056404686,0.13041307510094474,0.3744292237442922,0.652155648210288
2019-05-31,620.4422374429224,604.3675120800738,597.5199588559462,0.03247249918239192,87,132,0,0.3972602739726027,0.6590909090909091,0.5799086757990868,0.5205479452054794,33,5,0.09472146152255327,-0.04048390771650536,0.13520536923905863,0.4018264840182648,0.31547955100098973
2019-06-03,623.982191780822,604.7855188786532,597.5265575506994,0.04484275377322744,125,89,5,0.5707762557077626,1.404494382022472,0.6073059360730594,0.5159817351598174,46,6,0.11908869584780475,-0.02847331611114603,0.14756201195895077,0.4474885844748858,0.6719180654866616
2019-06-04,621.543607305936,605.1701956544015,597.4885244079838,0.0456776871293989,95,121,3,0.4337899543378995,0.7851239669421488,0.6255707762557078,0.5342465753424658,29,6,0.13467741382022122,-0.025232081903451827,0.15990949572367305,0.4885844748858447,0.5192163731883436
2019-06-06,615.9434246575344,605.4523604438485,597.4002304984076,0.04437725810304083,49,170,0,0.2237442922374429,0.28823529411764703,0.5616438356164384,0.5159817351598174,15,17,0.12104571889557861,-0.031069013507535388,0.152114732403114,0.4748858447488584,0.11548348504660354
2019-06-07,616.1236529680365,605.7831723920981,597.3173748195858,0.048445518877307414,95,122,2,0.4337899543378995,0.7786885245901639,0.5296803652968036,0.5068493150684932,16,21,0.11014973186827715,-0.0285568534240944,0.13870658529237154,0.4885844748858447,0.3945003285559215
2019-06-10,619.9599999999999,606.1907723920981,597.2574468853136,0.0553025730120158,102,113,4,0.4657534246575342,0.9026548672566371,0.5388127853881278,0.5114155251141552,23,18,0.11359519782569327,-0.027312960601725365,0.14090815842741863,0.5205479452054794,0.4193974326284818
2019-06-11,622.2402283105022,606.7307658471971,597.2189484963496,0.06660260452748723,125,93,1,0.5707762557077626,1.3440860215053763,0.5525114155251142,0.5159817351598174,24,17,0.13972736573852185,-0.009731582158995677,0.1494589478975175,0.593607305936073,0.8454272743285933
2019-06-12,619.9911415525114,607.1529136782473,597.1706288519996,0.06167407391305679,64,153,2,0.2922374429223744,0.41830065359477125,0.5251141552511416,0.5068493150684932,11,17,0.12357710126830108,-0.00618239839306482,0.1297594996613659,0.5616438356164384,0.5057807876615522
2019-06-13,618.3625570776255,607.4963629679479,597.1310198064017,0.05847824729319773,79,135,5,0.3607305936073059,0.5851851851851851,0.4977168949771689,0.4977168949771689,13,31,0.12248380512046589,-0.007391487280242502,0.1298752924007084,0.5525114155251142,0.3262551619166881
2019-06-14,614.5849771689498,607.6717541779936,597.0561054903686,0.05161630576652376,54,161,4,0.2465753424657534,0.33540372670807456,0.4611872146118721,0.502283105022831,6,38,0.1059406101576322,-0.017129420789621853,0.12307003094725405,0.4977168949771689,0.40795649497711856
2019-06-17,608.1138812785388,607.5799086554163,596.9581455540383,0.03168591096635742,43,175,1,0.1963470319634703,0.24571428571428572,0.3972602739726027,0.4474885844748858,1,69,0.08322810412553809,-0.04222895695420494,0.12545706107974303,0.3744292237442922,0.06830990203870806
2019-06-18,606.0019178082191,607.4645905300991,596.8299434059901,0.0027360310323281123,98,119,2,0.4474885844748858,0.8235294117647058,0.3926940639269406,0.4520547945205479,6,50,0.04485220787150911,-0.06737922104597906,0.11223142891748816,0.1872146118721461,0.4576103200090232
2019-06-19,603.6144748858447,607.3452457685567,596.6766568602316,0.0031295540205296124,62,157,0,0.2831050228310502,0.39490445859872614,0.3607305936073059,0.4337899543378995,3,81,0.04679148630420289,-0.07592775595181323,0.12271924225601612,0.1917808219178082,0.2313643775716922
2019-06-20,609.1900456621005,607.3585383484655,596.5387535674154,0.008500995252480825,172,45,2,0.7853881278538812,3.8222222222222224,0.4337899543378995,0.4611872146118721,10,21,0.050194782267642714,-0.0606552790852106,0.11085006135285332,0.2009132420091324,0.9668200923434205
2019-06-21,607.9350228310503,607.3151147310124,596.4007324374392,0.010606613230788708,100,115,4,0.45662100456621,0.8695652173913043,0.4383561643835616,0.4703196347031963,6,31,0.05375048769542357,-0.06128866095892729,0.11503914865435086,0.2146118721461187,0.5215035373239243
2019-06-24,606.33698630137,607.2400063088916,596.2612230027488,-0.008633223827509418,87,128,4,0.3972602739726027,0.6796875,0.3972602739726027,0.4703196347031963,6,40,0.030789469749341793,-0.087930625832719,0.1187200955820608,0.136986301369863,0.6174625145199442
2019-06-25,609.3692237442923,607.1823102282219,596.0979975252261,-0.014858560538330456,145,74,0,0.6621004566210046,1.9594594594594594,0.4429223744292237,0.4840182648401826,14,24,0.016226234953994115,-0.09986071014742731,0.11608694510142142,0.1050228310502283,0.6422708150763093
2019-06-26,611.624109589041,607.1830053829657,595.932581453453,-0.013061460512785561,135,76,8,0.6164383561643836,1.7763157894736843,0.4657534246575342,0.4931506849315068,23,16,0.015041364180126008,-0.08948676499271387,0.10452812917283988,0.1004566210045662,0.8672582591710751
2019-06-27,614.2385388127854,607.2967273112951,595.7945347108972,-0.005056953690387056,135,81,3,0.6164383561643836,1.6666666666666667,0.5205479452054794,0.4885844748858447,28,15,0.029386638472298148,-0.080161832197612,0.10954847066991015,0.1324200913242009,0.543554907549707
2019-06-28,614.7384018264842,607.3372474215575,595.6557112270718,-0.00538363824929744,106,110,3,0.4840182648401826,0.9636363636363636,0.5205479452054794,0.5114155251141552,25,16,0.023994682062715416,-0.08015808125657935,0.10415276331929477,0.1095890410958904,0.41451001377065244
2019-07-01,615.583196347032,607.3075260273972,595.49725655153,-0.007831576902172843,111,106,2,0.5068493150684932,1.0471698113207548,0.5251141552511416,0.5068493150684932,29,20,0.031248266127123704,-0.08039210505421972,0.11164037118134343,0.1278538812785388,0.7894342409878653
2019-07-02,617.9430593607304,607.2526894977168,595.3657781863618,-0.009678373036345889,116,102,1,0.5296803652968036,1.1372549019607843,0.5251141552511416,0.5114155251141552,28,13,0.024329788154484885,-0.07959309870787531,0.1039228868623602,0.1141552511415525,0.8366503789064729
2019-07-03,618.0625114155251,607.2824328767124,595.2728689124535,-0.005600726722135518,130,86,3,0.593607305936073,1.5116279069767442,0.5753424657534246,0.5159817351598174,38,10,0.0291062650622429,-0.0761775334279438,0.1052837984901867,0.1324200913242009,0.888029538658315
2019-07-04,619.6734545454547,607.4772992278954,595.2001026171058,0.006055799507875603,119,95,5,0.54337899543379,1.2526315789473683,0.5863636363636363,0.5227272727272727,28,10,0.041838602443261944,-0.06013107434939382,0.10196967679265576,0.1872146118721461,0.4847517213067566
2019-07-05,611.7746363636363,607.5323490327936,595.0722009162948,-0.0070586749647570945,38,181,1,0.17272727272727273,0.20994475138121546,0.4727272727272727,0.4954545454545455,8,36,0.024383434175198997,-0.06800052043363576,0.09238395460883475,0.1187214611872146,0.24283519845560994
2019-07-08,599.9542272727273,607.3097833499377,594.8601175925645,-0.03226945726703767,24,196,0,0.10909090909090909,0.12244897959183673,0.33636363636363636,0.42727272727272725,2,89,0.007047559897448697,-0.09400329954782731,0.101050859445276,0.0365296803652968,0.023267183537445515
2019-07-09,600.1200454545453,607.1398746699875,594.6744868339217,-0.035549265138348995,118,94,8,0.5363636363636364,1.2553191489361701,0.33636363636363636,0.43636363636363634,4,52,0.0007836500363529078,-0.08897960710648371,0.08976325714283662,0.0547945205479452,0.7873438943785932
2019-07-10,595.5947727272727,606.9301418140308,594.5009285379338,-0.039349544195338204,63,152,5,0.2863636363636364,0.4144736842105263,0.2863636363636364,0.41818181818181815,2,62,0.0018635221194919455,-0.08787302194242264,0.08973654406191459,0.0547945205479452,0.21766662350066315
2019-07-11,598.0038636363637,606.8382684018266,594.3247290767728,-0.03292355464968122,129,90,1,0.5863636363636363,1.4333333333333333,0.32272727272727275,0.4318181818181818,5,44,0.009552233960743728,-0.08149659049322111,0.09104882445396484,0.0639269406392694,0.7010394625988233
2019-07-12,598.8418181818182,606.7947294229971,594.1263477920951,-0.02561591898918769,112,106,2,0.509090909090909,1.0566037735849056,0.34545454545454546,0.4318181818181818,6,38,0.017843078852142556,-0.07887373998902189,0.09671681884116445,0.0958904109589041,0.5962648997292077
2019-07-15,597.6170454545454,606.7284986425902,593.9355717517622,-0.017261299482136727,80,138,2,0.36363636363636365,0.5797101449275363,0.31363636363636366,0.4318181818181818,7,42,0.02588219295366071,-0.06285393564650173,0.08873612860016244,0.1095890410958904,0.2929237784127226
2019-07-16,600.871090909091,606.8018802781237,593.8001959856504,-0.008466684260150958,132,88,0,0.6,1.5,0.36818181818181817,0.4409090909090909,15,33,0.03630296739497494,-0.06298101094153048,0.09928397833650543,0.1278538812785388,0.8315217158189596
2019-07-17,598.5935000000001,606.8858881776671,593.6717641898757,-0.008318181711587047,97,117,6,0.4409090909090909,0.8290598290598291,0.36363636363636365,0.4409090909090909,12,32,0.04729713081578364,-0.052695297846707186,0.09999242866249083,0.1872146118721461,0.43905932462307656
2019-07-18,593.6128636363637,606.9627253590702,593.558220292095,-0.02557031608881044,42,176,2,0.19090909090909092,0.23863636363636365,0.2681818181818182,0.4409090909090909,6,67,0.026225990408663344,-0.07878547509694389,0.10501146550560723,0.1187214611872146,0.091424529600569
2019-07-19,585.67,606.9230367745953,593.4651916535975,-0.03662401736186527,39,181,0,0.17727272727272728,0.2154696132596685,0.2,0.41818181818181815,4,99,0.010123348640323692,-0.09510640984546048,0.10522975848578417,0.0867579908675799,0.2673236308981266
2019-07-22,583.511590909091,606.8438421087588,593.3584350541523,-0.037644735366570536,89,127,4,0.40454545454545454,0.7007874015748031,0.19090909090909092,0.39545454545454545,4,92,0.006969141908848331,-0.0988941611082151,0.10586330301706343,0.0776255707762557,0.6713385678250967
2019-07-23,584.4539545454545,606.8652161768368,593.2636827611518,-0.040886983175397296,106,112,2,0.4818181818181818,0.9464285714285714,0.20454545454545456,0.38636363636363635,6,62,0.002769289153485623,-0.09995340653580077,0.1027226956892864,0.0639269406392694,0.34465209214450254
2019-07-24,579.2685,606.7710857202159,593.1784076555181,-0.05290113499741078,48,170,2,0.21818181818181817,0.2823529411764706,0.14545454545454545,0.36363636363636365,4,100,-0.01545825471774486,-0.13054683980821802,0.11508858509047316,0.0547945205479452,0.16024492343344854
2019-07-25,582.0967727272728,606.7290293939394,593.1497856780329,-0.052327823890107816,107,112,1,0.4863636363636364,0.9553571428571429,0.15454545454545454,0.36818181818181817,9,69,-0.014766739206691719,-0.13879057831276573,0.12402383910607401,0.0730593607305936,0.33476053928104393
2019-07-26,585.1815454545455,606.7442721751763,593.1438198071749,-0.048080380669436984,139,79,2,0.6318181818181818,1.759493670886076,0.17272727272727273,0.36818181818181817,13,30,-0.01678162763196915,-0.13088512543014627,0.11410349779817712,0.0821917808219178,0.7860344967061726
2019-07-29,580.0733181818182,606.5569978995434,593.1381630335978,-0.057684937431585204,63,153,4,0.2863636363636364,0.4117647058823529,0.18181818181818182,0.35909090909090907,6,77,-0.014347820376827001,-0.14626094030888745,0.13191311993206045,0.0821917808219178,0.2212935220214866
2019-07-30,575.1505000000001,605.9730398630137,593.1694047859343,-0.06925000404567982,43,176,1,0.19545454545454546,0.24431818181818182,0.1318181818181818,0.33636363636363636,1,113,-0.029753880175562436,-0.1769442808970723,0.14719040072150985,0.045662100456621,0.20940724598275173
2019-07-31,576.8106363636364,605.4746261062681,593.2557729210235,-0.06674385566180219,142,74,4,0.6454545454545455,1.9189189189189189,0.15,0.35454545454545455,4,52,-0.017263696175971645,-0.17247387054698213,0.15521017437101048,0.0502283105022831,0.7936993386597803
2019-08-01,573.4645,604.8628165628892,593.3482717000933,-0.07456984675799938,61,157,2,0.2772727272727273,0.3885350318471338,0.12727272727272726,0.31363636363636366,2,71,-0.03067148496254572,-0.1769767619714816,0.1463052770089359,0.02727272727272727,0.13589713552923532
2019-08-02,574.1315454545455,604.3143561477792,593.4710917529475,-0.06153097672181995,94,125,1,0.42727272727272725,0.752,0.1409090909090909,0.3090909090909091,7,69,-0.01520517584722438,-0.17358567015764093,0.15838049431041654,0.05,0.29836115302947186
2019-08-05,568.8842727272727,603.4596973100872,593.5028773026304,-0.0517872083120281,56,164,0,0.2545454545454545,0.34146341463414637,0.1409090909090909,0.2681818181818182,7,98,-0.0026776691970085646,-0.15748254661989586,0.1548048774228873,0.05909090909090909,0.11148878698314961
2019-08-06,575.7376363636364,602.6032472976339,593.5975736239833,-0.0406292195629645,184,34,2,0.8363636363636363,5.411764705882353,0.19545454545454546,0.30454545454545456,21,19,0.013681075836625613,-0.14242640316800792,0.15610747900463354,0.08636363636363636,0.8427411584784981
2019-08-07,575.8916818181818,601.7267101577419,593.6344322656324,-0.033081369769027646,90,127,3,0.4090909090909091,0.7086614173228346,0.18181818181818182,0.29545454545454547,13,39,0.020423459398412384,-0.14837571910915448,0.16879917850756687,0.10454545454545454,0.0954350650380418
2019-08-08,581.7189545454545,601.0138792029887,593.6877384337085,-0.02723211350489163,167,49,4,0.759090909090909,3.4081632653061225,0.21363636363636362,0.32272727272727275,26,14,0.01994013936241932,-0.14358456640942807,0.16352470577184738,0.12272727272727273,0.7503473450650942
2019-08-09,585.8435000000001,600.3694323080117,593.7336015151038,-0.021705762335174184,140,77,3,0.6363636363636364,1.8181818181818181,0.25,0.32727272727272727,23,9,0.01861601949437614,-0.12579027438538637,0.1444062938797625,0.11363636363636363,0.6324426071026408
2019-08-13,578.9788181818182,599.5401639227896,593.7943937455478,-0.031187576416183194,49,171,0,0.22272727272727272,0.28654970760233917,0.25,0.31363636363636366,15,46,0.014327202958024502,-0.14914667515112948,0.16347387810915398,0.1,0.14778362873560957
2019-08-14,582.5371363636364,598.7112628144458,593.904336171552,-0.030512292607913882,139,80,1,0.6318181818181818,1.7375,0.2863636363636364,0.31363636363636366,21,26,0.012425206059864892,-0.1429711717255838,0.15539637778544868,0.10909090909090909,0.8192203169387318
2019-08-16,584.2447727272727,597.9652861228726,594.046872593328,-0.023970736856860908,121,95,4,0.55,1.2736842105263158,0.2727272727272727,0.33181818181818185,29,21,0.020555392798342308,-0.14352457802564797,0.16407997082399028,0.11818181818181818,0.6102208462864187
2019-08-19,588.345701357466,597.4133316568712,594.2331352861619,-0.00887305953350137,126,93,1,0.5727272727272728,1.3548387096774193,0.3076923076923077,0.3438914027149321,22,14,0.03184535992709089,-0.1287921094555405,0.1606374693826314,0.14545454545454545,0.48544652910653807
2019-08-20,585.5169230769231,596.801197059049,594.396544087593,-0.0002613706064452659,72,146,3,0.3257918552036199,0.4931506849315068,0.2986425339366516,0.3031674208144796,19,27,0.0354507785353115,-0.11903757120014422,0.15448834973545572,0.17272727272727273,0.19021992117016118
2019-08-21,581.5067420814479,596.0321319006779,594.5577896584654,-0.0034358337672771855,41,179,1,0.18552036199095023,0.22905027932960895,0.26244343891402716,0.3031674208144796,10,57,0.030686932015605954,-0.1231873418096238,0.15387427382522975,0.15,0.07352944257976227
2019-08-22,577.2907239819004,595.1331418141058,594.6967167667469,-0.012256278715959912,46,172,3,0.2081447963800905,0.26744186046511625,0.22171945701357465,0.28054298642533937,5,73,0.01911310124008877,-0.14230405661843323,0.161417157858522,0.1318181818181818,0.08804270141077429
2019-08-23,579.8545248868778,594.3304094807932,594.8036159028093,0.001011663653172512,152,66,3,0.6877828054298643,2.303030303030303,0.25339366515837103,0.29411764705882354,11,26,0.04194163514295513,-0.1269021415778957,0.16884377672085082,0.18636363636363637,0.8681068504309869
2019-08-26,585.7463348416289,593.6780850360733,594.9290087398081,0.006269682783597963,170,46,5,0.7692307692307693,3.6956521739130435,0.3257918552036199,0.3212669683257919,24,13,0.051168664755747405,-0.10177641678475077,0.15294508154049818,0.21363636363636362,0.7434863773135562
2019-08-27,590.6809049773756,593.2000035922417,595.0334116367881,0.009397698142648014,153,65,3,0.6923076923076923,2.353846153846154,0.34841628959276016,0.3257918552036199,41,7,0.05295928866399008,-0.09385245901639343,0.14681174768038352,0.21818181818181817,0.8927936386374625
2019-08-28,589.3129864253393,592.8239856951778,595.110624010775,0.015928448963110187,83,138,0,0.3755656108597285,0.6014492753623188,0.3212669683257919,0.3393665158371041,21,6,0.06008305374072414,-0.08443060898786622,0.14451366272859037,0.24545454545454545,0.2690901202030412
2019-08-29,588.1102714932126,592.4661527688777,595.1404339728923,0.02253283530695449,74,144,3,0.334841628959276,0.5138888888888888,0.3167420814479638,0.3438914027149321,21,19,0.07860078197366513,-0.06628347777827905,0.1448842597519442,0.3,0.3768974641151516
2019-08-30,593.3742986425339,592.2613492440114,595.211973753142,0.028715944600673726,154,64,3,0.6968325791855203,2.40625,0.3574660633484163,0.36199095022624433,42,11,0.07725995193529941,-0.06296055185665161,0.14022050379195103,0.3,0.6637750568197843
2019-09-03,589.124298642534,591.8600343036201,595.2708392278362,0.027307354932230243,49,171,1,0.22171945701357465,0.28654970760233917,0.3076923076923077,0.3438914027149321,18,26,0.06807458756119018,-0.0673809350186094,0.1354555225797996,0.2772727272727273,0.15958231677483903
2019-09-04,587.3002714932127,591.4473392768633,595.2931104927097,0.02293677493063262,123,98,0,0.5565610859728507,1.2551020408163265,0.3167420814479638,0.3438914027149321,20,17,0.07623888010294874,-0.06412639987523384,0.1403652799781826,0.2863636363636364,0.5562458875739699
2019-09-05,589.3035746606334,591.1066710440485,595.3100971160128,0.035893595432809455,150,70,1,0.6787330316742082,2.142857142857143,0.3393665158371041,0.34841628959276016,25,9,0.09639331206648794,-0.04014338958357963,0.13653670165006757,0.39090909090909093,0.7827461063478596
2019-09-06,595.0628054298643,590.82054267776,595.3791414672363,0.033565929766700364,156,62,3,0.7058823529411765,2.5161290322580645,0.4072398190045249,0.36199095022624433,40,6,0.08555316760325332,-0.04718184625768127,0.1327350138609346,0.35909090909090907,0.8367006596458761
2019-09-09,600.5336199095022,590.5987328841693,595.4624604927096,0.04278918912932017,158,62,1,0.7149321266968326,2.5483870967741935,0.46153846153846156,0.38461538461538464,50,4,0.10846750647912794,-0.03189694984578737,0.14036445632491532,0.41818181818181815,0.5954627745256446
2019-09-11,605.3141176470588,590.4202444608547,595.5668783031672,0.040561104150441674,153,67,1,0.6923076923076923,2.283582089552239,0.5429864253393665,0.42081447963800905,71,7,0.10425621537160272,-0.03341182227364001,0.1376680376452427,0.4090909090909091,0.8044835158643868
2019-09-12,602.57221719457,590.1769207682164,595.6429275835844,0.02855492498349821,97,123,1,0.43891402714932126,0.7886178861788617,0.5520361990950227,0.4072398190045249,44,8,0.0983543084464536,-0.03327100390662057,0.13162531235307418,0.35454545454545455,0.3864167448141899
2019-09-13,606.7335746606335,589.9999283344885,595.7380442994803,0.047937429845835045,148,71,2,0.669683257918552,2.084507042253521,0.579185520361991,0.4434389140271493,64,1,0.12064274880249173,-0.013469596612185575,0.13411234541467731,0.4636363636363636,0.7857328093919889
2019-09-16,607.9567873303168,589.8002028938802,595.8283118009467,0.043636103829117534,99,121,1,0.4479638009049774,0.8181818181818182,0.6063348416289592,0.4343891402714932,55,5,0.11010264155001566,-0.012439850289379172,0.12254249183939483,0.43636363636363634,0.3631395952364772
2019-09-17,598.4709954751131,589.408372575072,595.894400343137,0.024349764708089694,25,196,0,0.11312217194570136,0.12755102040816327,0.5203619909502263,0.3891402714932127,9,14,0.08512230556200563,-0.040339225803593275,0.1254615313655989,0.33181818181818185,0.018932579163129307
2019-09-18,601.4296832579187,589.0434971493213,595.982324453871,0.022238595217513257,142,78,1,0.6425339366515838,1.8205128205128205,0.5339366515837104,0.39819004524886875,19,9,0.09074431049860454,-0.03693926387358981,0.12768357437219435,0.34841628959276016,0.6875359073321555
2019-09-19,594.4907207207208,588.697818836463,596.0517715759931,0.015326282281714176,48,172,1,0.2171945701357466,0.27906976744186046,0.4864864864864865,0.3738738738738739,13,25,0.09497816593886466,-0.04159999999999997,0.13657816593886463,0.3076923076923077,0.1520419927622731
2019-09-20,623.3021171171172,589.1647766333508,596.2552263745417,0.0718742742105909,191,31,0,0.8603603603603603,6.161290322580645,0.7117117117117117,0.4864864864864865,85,5,0.14315966581573436,0.012596787241419216,0.13056287857431514,0.5882352941176471,0.9486684095045413
2019-09-23,643.5942342342341,590.0342604089445,596.5553431475648,0.11485289386775688,178,43,1,0.8018018018018018,4.1395348837209305,0.8063063063063063,0.5540540540540541,117,8,0.2169927505288265,0.04271307099070598,0.1742796795381205,0.7782805429864253,0.9046324954292142
2019-09-24,643.6053603603602,590.9944721616063,596.8570384678851,0.10994280933811695,93,128,1,0.4189189189189189,0.7265625,0.7972972972972973,0.536036036036036,61,6,0.20148623177416214,0.03601941747572801,0.16546681429843413,0.7285067873303167,0.47170414908940794
2019-09-25,635.6547747747748,591.7474903843745,597.1025137306478,0.08520486935123506,54,167,1,0.24324324324324326,0.32335329341317365,0.7522522522522522,0.5045045045045045,23,13,0.15722738799661862,0.006648264064383236,0.15057912393223538,0.6380090497737556,0.27950881198119015
2019-09-26,640.8058558558558,592.5867711378553,597.351488148816,0.08485960940349035,141,79,2,0.6351351351351351,1.7848101265822784,0.7747747747747747,0.5225225225225225,43,9,0.1496419148134187,-0.005727581886522337,0.15536949669994105,0.6199095022624435,0.781334270907286
2019-09-27,640.9728378378378,593.4538869855211,597.5930092824497,0.08766114543963699,79,142,1,0.35585585585585583,0.5563380281690141,0.7792792792792793,0.509009009009009,29,10,0.15581698386771148,0.005363847666726151,0.15045313620098533,0.5882352941176471,0.2819322220448604
2019-09-30,638.066036036036,594.19778588806,597.8083913144816,0.08494285334616869,74,147,1,0.3333333333333333,0.5034013605442177,0.7567567567567568,0.509009009009009,21,21,0.14835836689103798,-0.0016209822276093133,0.1499793491186473,0.6018099547511312,0.39392119003860715
2019-10-01,633.0555405405406,594.8870266988708,598.0253701745918,0.06687388043059128,39,181,2,0.17567567567567569,0.2154696132596685,0.6666666666666666,0.46846846846846846,4,29,0.10783988194060123,-0.02819548872180455,0.13603537066240579,0.502262443438914,0.14620309261521566
2019-10-03,630.1008108108108,595.6167856423598,598.2676337193866,0.06955495175244897,84,136,2,0.3783783783783784,0.6176470588235294,0.6351351351351351,0.44144144144144143,10,25,0.12393030654270132,-0.020605550883095125,0.14453585742579644,0.5203619909502263,0.44305797760273563
2019-10-04,624.182972972973,596.3870451018191,598.4736911768441,0.06280041619253107,53,167,2,0.23873873873873874,0.31736526946107785,0.6171171171171171,0.4144144144144144,8,39,0.10946220629780212,-0.025413849743090355,0.13487605604089248,0.4479638009049774,0.2464336464170888
2019-10-07,621.5526126126126,597.1478655358897,598.7126303973145,0.05472398155831759,74,142,6,0.3333333333333333,0.5211267605633803,0.5540540540540541,0.4099099099099099,4,47,0.09996624213595195,-0.04531437382216885,0.1452806159581208,0.3891402714932127,0.1937807584726447
2019-10-09,626.859144144144,597.9959693278635,598.9440282013685,0.053433584529469114,145,75,2,0.6531531531531531,1.9333333333333333,0.5990990990990991,0.42342342342342343,8,26,0.09864936215148257,-0.044857922944686046,0.1435072850961686,0.38009049773755654,0.8331823844633128
2019-10-10,624.1017567567567,598.8926344629986,599.0967006425598,0.03924532460115393,74,145,3,0.3333333333333333,0.5103448275862069,0.5585585585585585,0.42342342342342343,10,39,0.08273475823405763,-0.061457418788410934,0.14419217702246856,0.3393665158371041,0.29752491766687844
2019-10-11,627.5033783783783,599.8007665760207,599.2486288770442,0.03665743138054056,122,95,5,0.5495495495495496,1.2842105263157895,0.5855855855855856,0.43243243243243246,14,27,0.0746296643540223,-0.07622586044992441,0.1508555248039467,0.2669683257918552,0.5900933062723747
2019-10-14,630.0669058295963,600.6984737835218,599.4125513691552,0.045628868790258625,128,93,1,0.5765765765765766,1.3763440860215055,0.600896860986547,0.4349775784753363,17,26,0.08977535589222208,-0.07763283487114225,0.16740819076336433,0.3212669683257919,0.6566973345117988
2019-10-15,630.7085650224216,601.7111787203337,599.5637731294524,0.03951485687140033,126,95,2,0.5650224215246636,1.3263157894736841,0.6233183856502242,0.43946188340807174,24,22,0.08301153890094826,-0.08508629034162007,0.16809782924256833,0.3257918552036199,0.7199619728442127
2019-10-16,631.8105803571428,602.8443803274766,599.7176207071641,0.039236000853899,122,97,4,0.547085201793722,1.2577319587628866,0.6116071428571429,0.44642857142857145,24,12,0.08767727774923118,-0.09013580062677218,0.17781307837600335,0.3076923076923077,0.4557183610873568
2019-10-17,640.7116964285714,604.1224015287753,599.8862102078255,0.07058103278660033,167,56,1,0.7455357142857143,2.982142857142857,0.6696428571428571,0.45535714285714285,32,7,0.12200702328888147,-0.05850403476101795,0.18051105804989942,0.42081447963800905,0.8919622741015888
2019-10-18,646.2317857142856,605.577747243061,600.0899832567673,0.07449266922389963,175,48,1,0.78125,3.6458333333333335,0.7455357142857143,0.49107142857142855,60,5,0.13735540338006236,-0.04297209381955136,0.18032749719961372,0.4751131221719457,0.8799242003058083
2019-10-22,647.225,607.0396163339701,600.3383443678783,0.08870496618575929,117,103,4,0.5223214285714286,1.1359223300970873,0.7232142857142857,0.47767857142857145,36,9,0.15379082420482307,-0.02060553641958831,0.17439636062441138,0.509009009009009,0.45225897662914066
2019-10-23,649.5145535714286,608.6522219508532,600.621466904254,0.04205414314257183,112,110,2,0.5,1.018181818181818,0.7366071428571429,0.49107142857142855,35,12,0.08977404997788622,-0.07013958952329155,0.15991363950117776,0.3918918918918919,0.7346480147345048
2019-10-24,651.0220982142857,610.1579111878663,600.9112581823625,0.01154122206966246,94,129,1,0.41964285714285715,0.7286821705426356,0.7053571428571429,0.47767857142857145,35,16,0.05790901642383215,-0.09758491933632835,0.1554939357601605,0.23423423423423423,0.5765960845675139
2019-10-25,651.5288839285714,611.6706552300741,601.1920597779313,0.012311152231197608,95,124,5,0.42410714285714285,0.7661290322580645,0.7098214285714286,0.4732142857142857,33,19,0.060663932106787354,-0.08924165226011584,0.14990558436690318,0.25225225225225223,0.6465881640971437
2019-10-27,664.8658035714286,613.3335922105936,601.5208316198625,0.045954234839192365,180,44,0,0.8035714285714286,4.090909090909091,0.7544642857142857,0.47767857142857145,43,4,0.08168442406150711,-0.06276956090161827,0.1444539849631254,0.35135135135135137,0.8627828095193473
2019-10-29,664.7994196428572,614.9127106034506,601.8382032551139,0.03744279732736788,151,71,2,0.6741071428571429,2.1267605633802815,0.7723214285714286,0.5223214285714286,62,6,0.08216085131269811,-0.055231741748217565,0.13739259306091567,0.34234234234234234,0.8415984184780384
2019-10-30,667.8094642857143,616.6893235255285,602.1711612246905,0.04186858609859834,139,82,3,0.6205357142857143,1.6951219512195121,0.7991071428571429,0.5491071428571429,64,2,0.09527605182565546,-0.039373000986815156,0.1346490528124706,0.3783783783783784,0.602659891029607
2019-10-31,670.6726339285714,618.4520334768273,602.5429017091483,0.05110223088366017,140,82,2,0.625,1.7073170731707317,0.8392857142857143,0.5669642857142857,64,3,0.11242495870414687,-0.018554259340382837,0.13097921804452972,0.481981981981982,0.5793919164777963
2019-11-01,667.6735267857142,620.1206085579961,602.9176561486324,0.054683963772933275,122,100,2,0.5446428571428571,1.22,0.8348214285714286,0.5669642857142857,72,4,0.13002063442826386,-0.00585985280107266,0.13588048722933652,0.5765765765765766,0.7492469197333139
2019-11-04,666.7329910714286,621.6883543522754,603.2880764280636,0.05813701495397172,103,118,3,0.45982142857142855,0.8728813559322034,0.8214285714285714,0.5758928571428571,55,5,0.1403677058353318,-0.0028709297569502004,0.143238635592282,0.5855855855855856,0.7757336378086132
2019-11-05,662.2146875,623.2223096407369,603.6352679211192,0.060930394089224515,60,162,2,0.26785714285714285,0.37037037037037035,0.7857142857142857,0.5491071428571429,22,11,0.13587481066877172,0.006494348082360272,0.12938046258641145,0.5855855855855856,0.2558644461829901
2019-11-06,656.8964285714285,624.7301033705364,603.9484248324948,0.05686375576518432,104,117,3,0.4642857142857143,0.8888888888888888,0.7767857142857143,0.5625,24,11,0.14881032467856528,0.00393681035134881,0.14487351432721646,0.5990990990990991,0.6662886039418857
2019-11-07,658.1061160714287,626.3464112123271,604.2600021721112,0.049846879030450264,113,110,1,0.5044642857142857,1.0272727272727273,0.7678571428571429,0.5625,35,11,0.1381117090875991,0.0015890424629897673,0.13652266662460932,0.5720720720720721,0.36612305910888976
2019-11-08,651.6722321428572,627.7827653574467,604.5285107865292,0.044176250247034865,50,173,1,0.22321428571428573,0.28901734104046245,0.6919642857142857,0.5401785714285714,13,20,0.1302165925886545,-0.004104483149965452,0.13432107573861995,0.5495495495495496,0.21018246893141845
2019-11-11,651.7746428571429,629.1033315177569,604.8073027508149,0.038679097699023446,123,97,4,0.5491071428571429,1.268041237113402,0.7053571428571429,0.5491071428571429,20,20,0.13296948826402383,-0.0074513234032545835,0.1404208116672784,0.5405405405405406,0.8085648171403214
2019-11-13,650.3074107142858,630.2958616324951,605.0854122580901,0.03212437393143075,78,144,2,0.3482142857142857,0.5416666666666666,0.6383928571428571,0.5089285714285714,16,30,0.12833360523645138,-0.014375915531911594,0.14270952076836296,0.4663677130044843,0.2681574324595615
2019-11-14,651.6501785714287,631.542605475417,605.3550805120583,0.033203312449487044,99,124,1,0.4419642857142857,0.7983870967741935,0.6294642857142857,0.5178571428571429,25,26,0.12547905857137132,-0.019433257655961746,0.14491231622733305,0.47533632286995514,0.43726391237947165
2019-11-15,652.9970089285715,632.8403402241241,605.6361312974419,0.033532880312723945,101,121,2,0.45089285714285715,0.8347107438016529,0.625,0.5178571428571429,19,36,0.12710984091578426,-0.02120775705485225,0.1483175979706365,0.4642857142857143,0.7120601830336318
2019-11-18,653.7927232142857,634.0487087155592,605.9161071820319,0.020416400790917555,91,130,3,0.40625,0.7,0.6517857142857143,0.5178571428571429,22,42,0.12370544550988534,-0.03860102581915661,0.16230647132904194,0.41517857142857145,0.6868213303981892
2019-11-19,655.1966071428571,635.3701548855656,606.2189332733017,0.013872455095446323,114,108,2,0.5089285714285714,1.0555555555555556,0.6428571428571429,0.5357142857142857,23,33,0.10262693221378637,-0.04739288949547591,0.15001982170926229,0.375,0.5643707164714232
2019-11-20,654.9190625,636.7225307057014,606.5276200209869,0.011887770867936132,114,106,4,0.5089285714285714,1.0754716981132075,0.6741071428571429,0.5267857142857143,19,28,0.09590445806249873,-0.04649469766875822,0.14239915573125694,0.38392857142857145,0.5558081467711934
2019-11-21,651.8272767857143,637.973004748203,606.8239469141747,0.0035606949860769177,83,137,4,0.3705357142857143,0.6058394160583942,0.6294642857142857,0.5223214285714286,16,40,0.09596844328826415,-0.05306144229695009,0.14902988558521424,0.34375,0.4376801283142557
2019-11-22,648.8846874999999,639.0494423896057,607.1122622498228,-0.0032831615395984004,72,150,2,0.32142857142857145,0.48,0.5758928571428571,0.5133928571428571,15,40,0.09950909131713577,-0.05498053212199867,0.15448962343913444,0.3482142857142857,0.5127503273901711
2019-11-25,655.2335267857143,640.1434405271299,607.4286618281959,0.005686076164121312,168,56,0,0.75,3.0,0.6339285714285714,0.5446428571428571,29,9,0.10309472222227382,-0.04086690959370247,0.1439616318159763,0.36607142857142855,0.9042603022890765
2019-11-26,654.5170535714286,641.1274992456174,607.7823487164234,-0.015565171113343657,84,139,1,0.375,0.60431654676259,0.6071428571428571,0.5357142857142857,15,30,0.0812527203040681,-0.04995726810271213,0.13120998840678022,0.3080357142857143,0.4684841617308022
2019-11-27,657.1654464285714,642.2193638302974,608.1837120596773,-0.011483122561067982,127,94,3,0.5669642857142857,1.351063829787234,0.6116071428571429,0.5267857142857143,19,21,0.07991789538777949,-0.05765481646734647,0.13757271185512596,0.29017857142857145,0.5352397810272506
2019-11-28,659.9835267857143,643.284362872799,608.5935653417541,-0.011718817894218692,127,97,0,0.5669642857142857,1.309278350515464,0.6116071428571429,0.5446428571428571,29,14,0.08608004563063329,-0.06696470588235295,0.15304475151298624,0.29017857142857145,0.7877811499707544
2019-11-29,657.7530357142857,644.2802878404783,608.9868307518069,-0.019263643036405154,91,130,3,0.40625,0.7,0.625,0.5491071428571429,14,16,0.06851086381927365,-0.06838804418970276,0.13689890800897642,0.25,0.3791604376708737
2019-12-02,655.5962053571429,645.4227920381189,609.3550907137778,-0.018088663012765238,70,147,7,0.3125,0.47619047619047616,0.5625,0.5223214285714286,16,33,0.05305728687758382,-0.07785339504906046,0.1309106819266443,0.21428571428571427,0.30483548426729024
2019-12-03,655.7492857142857,646.5091840872462,609.7021639942012,-0.016473919101396506,61,162,1,0.27232142857142855,0.3765432098765432,0.5178571428571429,0.5089285714285714,10,44,0.045046913157928886,-0.08729589537677793,0.1323428085347068,0.1875,0.1608861279096007
2019-12-04,658.3492410714285,647.7863544942604,610.071732190299,-0.005837149947797604,138,82,4,0.6160714285714286,1.6829268292682926,0.53125,0.5223214285714286,20,24,0.05296758417554666,-0.06646585008653967,0.11943343426208633,0.21428571428571427,0.8089271002096301
2019-12-05,656.2928571428572,648.4461692947752,610.4228534204577,-0.000918822819426679,84,136,4,0.375,0.6176470588235294,0.5401785714285714,0.5178571428571429,17,29,0.05653273742596743,-0.06614419143337251,0.12267692885933994,0.20982142857142858,0.21464002555111014
2019-12-06,652.6276339285714,648.626837288662,610.736943210471,-0.008324618187050326,50,173,1,0.22321428571428573,0.28901734104046245,0.4642857142857143,0.5089285714285714,8,54,0.034610027751895346,-0.08267544317433058,0.11728547092622593,0.17857142857142858,0.41652054303615615
2019-12-09,651.9645982142857,648.7940220457405,611.0292569422832,0.0004486397563192579,98,125,1,0.4375,0.784,0.4642857142857143,0.5044642857142857,2,58,0.05199766480830142,-0.07644965498701585,0.12844731979531726,0.20535714285714285,0.6574073245200085
2019-12-10,645.8600446428571,648.9981274431021,611.3194319340159,-0.009074606198790303,55,168,1,0.24553571428571427,0.3273809523809524,0.41517857142857145,0.46875,6,77,0.029881254557841703,-0.09329029061718286,0.12317154517502456,0.16517857142857142,0.11301394093602725
2019-12-11,647.3464285714286,649.1289388974135,611.6457638453917,-0.004553203752675761,123,100,1,0.5491071428571429,1.23,0.40625,0.4732142857142857,8,44,0.0377450153570409,-0.08037599228617932,0.11812100764322023,0.14732142857142858,0.6430631101155031
2019-12-12,652.3599107142857,649.3566803549426,612.0075154822964,0.0010891305890730063,160,61,3,0.7142857142857143,2.622950819672131,0.45535714285714285,0.49107142857142855,19,21,0.041604293876689805,-0.07178038672262721,0.11338468059931701,0.16517857142857142,0.8805023003607753
2019-12-13,657.7112500000001,649.7495846342218,612.4194691860001,0.0072193915239575635,171,52,1,0.7633928571428571,3.2884615384615383,0.5133928571428571,0.5089285714285714,26,11,0.04925846806975645,-0.058613238885625175,0.10787170695538162,0.19196428571428573,0.9667789639694364
2019-12-16,656.7861607142858,650.2241970376967,612.851931471053,0.004578572678636039,87,135,2,0.38839285714285715,0.6444444444444445,0.5,0.5223214285714286,22,16,0.04360384673978196,-0.05933409147479187,0.10293793821457384,0.18303571428571427,0.33080030068403005
2019-12-17,659.5317857142857,650.8128165357663,613.3303952607355,0.006616607174345868,138,82,4,0.6160714285714286,1.6829268292682926,0.5535714285714286,0.5357142857142857,27,10,0.04540986466437668,-0.05680645830721906,0.10221632297159575,0.1875,0.8348053006794047
2019-12-18,659.256919642857,651.5142954691639,613.8049481459869,0.006623501118288244,99,122,3,0.4419642857142857,0.8114754098360656,0.5446428571428571,0.5178571428571429,30,11,0.04062058461953463,-0.05805834468889719,0.09867892930843182,0.17410714285714285,0.6529536441957386
2019-12-19,660.8036160714286,652.2993155383402,614.267609513381,0.013771039668634799,116,105,3,0.5178571428571429,1.1047619047619048,0.5401785714285714,0.53125,25,17,0.04747633212257841,-0.04809610789279741,0.09557244001537582,0.19642857142857142,0.7360675175562251
2019-12-20,659.8352678571428,652.9588380126002,614.7141675656297,0.016876003653796934,113,107,4,0.5044642857142857,1.0560747663551402,0.5491071428571429,0.53125,34,18,0.061593775345840256,-0.0491001795347058,0.11069395488054606,0.25,0.7506510176631866
2019-12-23,663.4841517857142,653.7464859131793,615.1623089264101,0.012591884668163855,100,121,3,0.44642857142857145,0.8264462809917356,0.5669642857142857,0.5401785714285714,30,18,0.040893053738466946,-0.05394088319579815,0.09483393693426509,0.16964285714285715,0.46839700232244647
2019-12-24,660.7805803571428,654.4120299527546,615.5807393744922,0.009569692266284902,84,136,4,0.375,0.6176470588235294,0.5491071428571429,0.5357142857142857,14,22,0.05249706439736195,-0.04690206084761894,0.0993991252449809,0.20982142857142858,0.5136704987778578
2019-12-26,661.6048660714285,655.0427891575913,615.9932815289234,0.006755406369862493,108,114,2,0.48214285714285715,0.9473684210526315,0.5580357142857143,0.5267857142857143,26,15,0.04999662739996614,-0.05143907513367083,0.10143570253363697,0.20089285714285715,0.442116063519218
2019-12-27,664.4197767857142,655.7170133928571,616.410597773963,0.00672175868025926,159,65,0,0.7098214285714286,2.4461538461538463,0.6071428571428571,0.5625,34,8,0.047033448575066215,-0.04398896489968993,0.09102241347475615,0.19196428571428573,0.9094454056075916
2019-12-30,667.7755357142858,656.4363125000001,616.8212043877196,0.015237481935930663,141,82,1,0.6294642857142857,1.7195121951219512,0.6339285714285714,0.5625,46,5,0.04710140581628692,-0.038619893643176376,0.0857212994594633,0.19642857142857142,0.6615635902028336
2019-12-31,666.2678125,656.9474348214286,617.2027716909604,0.016277713409039052,98,123,3,0.4375,0.7967479674796748,0.6339285714285714,0.5758928571428571,31,9,0.05710493743921551,-0.034640555450321006,0.09174549288953651,0.23660714285714285,0.37705071225601
2020-01-01,668.0505357142857,657.3838098214286,617.5499012213837,0.018759074951336885,133,89,2,0.59375,1.4943820224719102,0.6651785714285714,0.5714285714285714,46,6,0.06837430406002198,-0.023289570628348532,0.09166387468837052,0.30357142857142855,0.5408276676382483
2020-01-02,670.2058035714286,657.8434258928572,617.9089925077594,0.018009533178323656,166,56,2,0.7410714285714286,2.9642857142857144,0.7366071428571429,0.6160714285714286,82,3,0.09264161976973831,-0.015438893981241186,0.10808051375097949,0.3705357142857143,0.9391966105532646
2020-01-03,670.4399999999999,658.2619348214286,618.2792563966483,0.02155614327227595,98,124,2,0.4375,0.7903225806451613,0.7276785714285714,0.6205357142857143,52,3,0.09776338155979154,-0.013899571224799234,0.11166295278459078,0.3794642857142857,0.43684089267116544
2020-01-06,659.1741071428571,658.424975,618.5991213768069,0.010030947011664848,18,206,0,0.08035714285714286,0.08737864077669903,0.5535714285714286,0.5714285714285714,12,32,0.07893342079370289,-0.023910064796911466,0.10284348559061435,0.32589285714285715,0.17702517425699235
2020-01-07,661.6780803571429,658.6279589285715,618.8976180285927,0.014898787709427985,158,62,4,0.7053571428571429,2.5483870967741935,0.6026785714285714,0.5848214285714286,24,14,0.09849759705968451,-0.014635998300627404,0.11313359536031192,0.3794642857142857,0.7766324028102776
2020-01-08,660.02125,658.5310678571427,619.1646046026667,0.02192612079753853,92,129,3,0.4107142857142857,0.7131782945736435,0.5892857142857143,0.5892857142857143,26,22,0.10879618669393061,-0.005448650174208657,0.11424483686813927,0.40625,0.29667019748365775
2020-01-09,667.7340178571428,658.5897598214286,619.4758790901006,0.031494094021196295,191,32,1,0.8526785714285714,5.96875,0.6919642857142857,0.6205357142857143,46,6,0.13293309369131112,0.005887262459683606,0.12704583123162752,0.5178571428571429,0.9063290154798469
2020-01-10,670.4013392857142,658.6415973214285,619.8096492124552,0.02765563652075831,139,81,4,0.6205357142857143,1.7160493827160495,0.71875,0.6428571428571429,57,5,0.1394927833074374,-0.0028050210466713504,0.14229780435410874,0.5089285714285714,0.6697715829442147
2020-01-13,673.9976339285713,658.7080973214287,620.1642281228387,0.024762209751727937,153,71,0,0.6830357142857143,2.1549295774647885,0.7410714285714286,0.65625,72,4,0.14013725821613726,-0.0033777637490471682,0.14351502196518443,0.5,0.8022285471891235
2020-01-14,677.5079910714285,658.9047866071429,620.5402192356032,0.03155034560199432,147,76,1,0.65625,1.9342105263157894,0.7723214285714286,0.6607142857142857,78,0,0.1534295175085623,0.0073988530545259674,0.1460306644540363,0.5267857142857143,0.6925973665726852
2020-01-15,681.4278125000001,659.1986830357143,620.9381823721774,0.03319935029666632,142,81,1,0.6339285714285714,1.7530864197530864,0.8125,0.6875,86,6,0.1579752516535156,0.007792128480309527,0.1501831231732061,0.5625,0.7273740125664688
2020-01-16,683.8180357142857,659.6307499999999,621.359357272971,0.03725575771693723,136,84,4,0.6071428571428571,1.619047619047619,0.8035714285714286,0.7098214285714286,88,1,0.16239735135038022,0.008912346544595455,0.15348500480578475,0.6116071428571429,0.5897476596701967
2020-01-17,685.7267410714286,660.20735625,621.7900909783282,0.03771638712901049,119,104,1,0.53125,1.1442307692307692,0.8392857142857143,0.71875,73,4,0.1731701697754812,0.0038784151078857577,0.16929175466759544,0.6160714285714286,0.5860734609674272
2020-01-20,683.9658482142859,660.7245508928571,622.2337174416218,0.03657061320094135,67,157,0,0.29910714285714285,0.4267515923566879,0.7946428571428571,0.6919642857142857,38,13,0.15967305817373453,-0.0036444675891562413,0.16331752576289077,0.5758928571428571,0.47193262153601034
2020-01-21,682.1122321428572,661.3333508928571,622.6498598523361,0.028076149681958595,90,134,0,0.4017857142857143,0.6716417910447762,0.7678571428571429,0.6875,33,14,0.16592061043454379,-0.011142176338568777,0.17706278677311257,0.5625,0.5239184213798466
2020-01-22,681.2141071428571,661.9221401785715,623.0499799250874,0.030923316140238688,93,130,1,0.41517857142857145,0.7153846153846154,0.7455357142857143,0.6875,27,14,0.1584666787154589,-0.009202202096922527,0.1676688808123814,0.5714285714285714,0.26290835588581
2020-01-23,685.3945982142858,662.6238839285714,623.4478758328255,0.03595761361931826,158,63,3,0.7053571428571429,2.507936507936508,0.7946428571428571,0.7008928571428571,46,4,0.16877780869197131,-0.0030214745795124056,0.17179928327148372,0.5892857142857143,0.9043849484030789
2020-01-24,690.4401339285714,663.3996830357142,623.8365457154313,0.039162526541182574,139,83,2,0.6205357142857143,1.6746987951807228,0.8035714285714286,0.7276785714285714,53,4,0.16599871709920527,-0.007458075045784973,0.17345679214499024,0.5982142857142857,0.7968205862301879
2020-01-27,690.9212946428571,664.1581687500001,624.2323130682752,0.03466098664997297,84,140,0,0.375,0.6,0.7901785714285714,0.7142857142857143,40,12,0.15579252816742925,-0.017337292000042567,0.1731298201674718,0.5714285714285714,0.2281778298578979
2020-01-28,689.2030357142856,664.866375,624.6304196820319,0.03442342971398715,78,145,1,0.3482142857142857,0.5379310344827586,0.7633928571428571,0.6919642857142857,27,20,0.14847766928165124,-0.015939743001329092,0.16441741228298032,0.53125,0.21082384783428654
2020-01-29,691.2886607142857,665.5882160714286,625.04423590227,0.034784980712804225,136,86,2,0.6071428571428571,1.5813953488372092,0.7589285714285714,0.7098214285714286,43,10,0.13832764990713292,-0.015956362418110753,0.15428401232524366,0.53125,0.8233766832668727
2020-01-30,685.6062053571428,666.2019589285715,625.4217359105371,0.02297861597683526,49,175,0,0.21875,0.28,0.7053571428571429,0.6651785714285714,20,34,0.10872998351760743,-0.040889126698201994,0.14961911021580943,0.4017857142857143,0.14053942223847568
2020-01-31,683.6433928571429,666.83828125,625.7894908377858,0.019693623377398328,74,149,1,0.33035714285714285,0.4966442953020134,0.6651785714285714,0.6651785714285714,12,36,0.09710346690488893,-0.0496292318317799,0.14673269873666883,0.34375,0.21852332595683663
2020-02-03,682.6392857142857,667.5133732142857,626.1414171274683,0.03559784633097429,51,172,1,0.22767857142857142,0.29651162790697677,0.49107142857142855,0.5625,16,83,0.12166317887680346,-0.055572541763019755,0.1772357206398232,0.34375,0.09140055865056698
2020-02-04,690.3049107142857,668.2148008928572,626.5349949217805,0.04326398471850745,188,36,0,0.8392857142857143,5.222222222222222,0.5803571428571429,0.6160714285714286,21,11,0.12033687832458796,-0.05085149717915307,0.17118837550374102,0.38839285714285715,0.8718833002263922
2020-02-05,693.0134821428572,668.9847294642856,626.9573001205132,0.04998662110175589,154,69,1,0.6875,2.2318840579710146,0.6473214285714286,0.6517857142857143,31,11,0.12022654254551873,-0.03990023830745604,0.16012678085297477,0.4330357142857143,0.8593016825308949
2020-02-06,694.835,669.7381205357144,627.3679131389464,0.040586493151612,131,91,2,0.5848214285714286,1.4395604395604396,0.6964285714285714,0.6919642857142857,31,7,0.11080554104895977,-0.04198508808196861,0.1527906291309284,0.4017857142857143,0.7362723174789789
2020-02-07,700.4437500000001,670.547325,627.7847855586712,0.04481257562267826,110,111,3,0.49107142857142855,0.990990990990991,0.6964285714285714,0.6919642857142857,36,10,0.11535983401947081,-0.04430799281798887,0.15966782683745967,0.3705357142857143,0.5809967280505844
2020-02-10,701.9769642857143,671.4318035714286,628.191245950876,0.04151250530963768,64,160,0,0.2857142857142857,0.4,0.6160714285714286,0.6651785714285714,30,24,0.10397507338015291,-0.0640413578945398,0.1680164312746927,0.34375,0.12968180376405106
2020-02-11,700.5383928571429,672.3306473214285,628.611061202833,0.03399281202468707,99,125,0,0.4419642857142857,0.792,0.6160714285714286,0.6517857142857143,30,23,0.09941196553622703,-0.07741027767451171,0.17682224321073875,0.3125,0.6346838482106356
2020-02-12,703.1750446428571,673.2791625000001,629.0772857411158,0.03191421269271566,97,124,3,0.4330357142857143,0.782258064516129,0.5491071428571429,0.6294642857142857,31,33,0.09716349164398862,-0.0921796868472499,0.18934317849123852,0.2857142857142857,0.44994837451008823
2020-02-13,705.2671875,674.2175214285713,629.5585109480221,0.031366753530139846,87,136,1,0.38839285714285715,0.6397058823529411,0.5446428571428571,0.6294642857142857,32,40,0.08727552557876508,-0.10756375169045285,0.19483927726921793,0.29464285714285715,0.4754275434597302
2020-02-14,700.1092410714285,675.0938491071429,630.0036445963017,0.020974098191836044,72,149,3,0.32142857142857145,0.48322147651006714,0.5089285714285714,0.625,19,56,0.07772245797759614,-0.11418086423993534,0.19190332221753148,0.25,0.2304681718154171
2020-02-17,695.1740625000001,675.9447776785714,630.4364375115414,0.01638709639520286,52,170,2,0.23214285714285715,0.3058823529411765,0.48660714285714285,0.6026785714285714,10,69,0.07283281044220032,-0.11969120177776305,0.19252401221996335,0.25,0.24036372168816095
2020-02-18,695.5806249999999,676.8170982142857,630.8839335589158,0.019745127300871967,90,132,2,0.4017857142857143,0.6818181818181818,0.4732142857142857,0.5892857142857143,11,61,0.07191768515405267,-0.1273811829793299,0.19929886813338257,0.24107142857142858,0.38871107889426965
2020-02-19,702.9217410714285,677.9583321428571,631.38555459304,0.03186609569730936,173,50,1,0.7723214285714286,3.46,0.5,0.6071428571428571,32,19,0.08088300887599888,-0.1136940486553351,0.19457705753133397,0.2767857142857143,0.865686474297707
2020-02-20,703.6427232142858,679.0842580357144,631.898674373495,0.02662426148023811,117,103,4,0.5223214285714286,1.1359223300970873,0.5357142857142857,0.6116071428571429,25,19,0.07083322459188034,-0.11380259921050699,0.18463582380238733,0.24553571428571427,0.7427367491002902
2020-02-24,694.7758482142856,679.9325767857142,632.3679106921921,0.0062796382664549455,40,183,1,0.17857142857142858,0.2185792349726776,0.4375,0.5758928571428571,14,69,0.06633799334965076,-0.14246314990732012,0.20880114325697088,0.21875,0.24723155826991486
2020-02-25,692.8700446428572,680.6357526785714,632.8462508697443,0.0028205093910260715,85,137,2,0.3794642857142857,0.6204379562043796,0.4107142857142857,0.5714285714285714,11,61,0.05112029632048894,-0.140834695655116,0.19195499197560495,0.20089285714285715,0.6244772145363263
2020-02-26,688.4940625,681.2699107142856,633.3167556571301,-0.0010286855651336912,59,163,2,0.26339285714285715,0.3619631901840491,0.39285714285714285,0.5267857142857143,9,79,0.045240495981687445,-0.14237896194979588,0.18761945793148332,0.18303571428571427,0.15022598483175698
2020-02-27,685.8710267857142,681.7966955357142,633.7972557682276,-0.007837006791017842,66,155,3,0.29464285714285715,0.4258064516129032,0.3392857142857143,0.5223214285714286,4,83,0.027649428762734886,-0.14126814090123208,0.16891756966396695,0.16964285714285715,0.13879059317198889
2020-02-28,670.6132142857142,682.0238214285714,634.2120496935374,-0.021868225454025114,14,209,1,0.0625,0.06698564593301436,0.26785714285714285,0.44642857142857145,0,133,0.020061015623938482,-0.175147148192929,0.19520816381686748,0.15178571428571427,0.023551561508557136
2020-03-02,665.6290624999999,682.1203303571428,634.6028383850329,-0.026350478254248744,73,149,2,0.32589285714285715,0.4899328859060403,0.24553571428571427,0.4330357142857143,2,112,0.012736927701506993,-0.17538479096673867,0.18812171866824567,0.13839285714285715,0.25211042863346383
2020-03-03,675.4861607142857,682.4333482142858,635.0633429328966,-0.010478630734701011,175,48,1,0.78125,3.6458333333333335,0.27232142857142855,0.45089285714285715,6,25,0.025804509752672525,-0.1343422411152915,0.16014675086796404,0.16517857142857142,0.9301859471227553
2020-03-04,665.8632589285714,682.4809303571428,635.4727841133841,-0.035407037392249596,53,171,0,0.23660714285714285,0.30994152046783624,0.24107142857142858,0.4375,3,75,-0.0043781650836405926,-0.15061284178360493,0.14623467669996434,0.12946428571428573,0.1899634588805614
2020-03-05,668.4746875,682.6348125,635.8941596056786,-0.03540882720922145,130,91,3,0.5803571428571429,1.4285714285714286,0.25,0.45535714285714285,2,33,-0.007019345883190018,-0.1647156627263073,0.15769631684311727,0.10714285714285714,0.4292188389451138
2020-03-06,666.2938839285715,682.7285928571428,636.3035319933581,-0.04107610594087596,33,191,0,0.14732142857142858,0.17277486910994763,0.20982142857142858,0.4107142857142857,3,103,-0.02529140622253638,-0.19684110516574016,0.17154969894320377,0.08928571428571429,0.023080971592653574
2020-03-09,644.437455357143,682.3289464285715,636.5785341103265,-0.07995830449319752,11,213,0,0.049107142857142856,0.051643192488262914,0.11607142857142858,0.3392857142857143,0,170,-0.06867953875614365,-0.23870537033656763,0.170025831580424,0.03571428571428571,0.05873056164367335
2020-03-11,640.4420982142857,681.7822776785714,636.7590025922653,-0.08765938086592695,79,142,3,0.35267857142857145,0.5563380281690141,0.12946428571428573,0.33035714285714285,1,125,-0.06161020332216928,-0.2522977535983125,0.19068755027614326,0.03125,0.31003567568438367
2020-03-12,596.4583482142856,680.386088392857,636.7326377123322,-0.14857150686398113,3,221,0,0.013392857142857142,0.013574660633484163,0.03125,0.19196428571428573,0,209,-0.1288989660772256,-0.33123894250489516,0.20233997642766957,0.008928571428571428,0.01856731705625654
2020-03-13,610.6073660714285,679.2372250000001,636.7653996568447,-0.13164243992538693,150,74,0,0.6696428571428571,2.027027027027027,0.049107142857142856,0.23214285714285715,1,71,-0.1112311379977759,-0.30676721195833334,0.19553607396055744,0.008928571428571428,0.8559634170394687
2020-03-16,582.9570535714286,677.49225,636.6724120936517,-0.17342382588665584,17,207,0,0.07589285714285714,0.0821256038647343,0.03125,0.15178571428571427,0,162,-0.1445602160998367,-0.3437712019388823,0.19921098583904556,0.0,0.08697000143642081
2020-03-17,580.1857589285714,675.6871651785715,636.515254815235,-0.17129252851930565,66,155,3,0.29464285714285715,0.4258064516129032,0.03125,0.16071428571428573,0,138,-0.1571322802402387,-0.3547940475811182,0.1976617673408795,0.0,0.2556479392623961
2020-03-18,553.0033928571429,673.5637508928572,636.1874710945893,-0.204510894913973,21,201,2,0.09375,0.1044776119402985,0.004464285714285714,0.08482142857142858,0,175,-0.18552272062748393,-0.37482038039335264,0.1892976597658687,0.0,0.3860093214324634
2020-03-19,530.0108035714285,670.9304053571427,635.7389324183825,-0.23803110017414797,41,183,0,0.18303571428571427,0.22404371584699453,0.0,0.07589285714285714,0,169,-0.20149111991479413,-0.4085367849923701,0.207045665077576,0.0,0.2447985189949762
2020-03-20,556.670625,668.8633928571429,635.435483031967,-0.20806173365544967,176,45,3,0.7857142857142857,3.911111111111111,0.008928571428571428,0.12053571428571429,1,41,-0.17739218129836168,-0.4033722374540237,0.225980056155662,0.0,0.7583901294077473
2020-03-23,494.3016071428571,665.3947446428573,634.8166618439369,-0.2975105251073227,0,224,0,0.0,0.0,0.004464285714285714,0.05803571428571429,0,199,-0.27545302694793317,-0.491127870010597,0.21567484306266382,0.0,0.0
2020-03-24,501.70254464285716,662.02076875,634.2229633799367,-0.2778929406767173,118,104,2,0.5267857142857143,1.1346153846153846,0.004464285714285714,0.06696428571428571,0,98,-0.24894344312344663,-0.49339584532569547,0.24445240220224884,0.0,0.6281559102192935
2020-03-25,519.6330803571428,658.9334776785715,633.7012178228183,-0.25002807615244804,169,54,1,0.7544642857142857,3.1296296296296298,0.008928571428571428,0.09375,0,36,-0.2285696374614239,-0.46878234005776787,0.24021270259634397,0.0,0.7439769975207943
2020-03-26,537.4369196428571,656.13205625,633.2806843845028,-0.21940224481913073,184,38,2,0.8214285714285714,4.842105263157895,0.008928571428571428,0.10267857142857142,0,11,-0.1814115732146354,-0.4304228377233656,0.24901126450873018,0.0,0.7918319726555368
2020-03-27,537.9803125000001,653.2631062500001,632.8908688237152,-0.2156246706888807,113,110,1,0.5044642857142857,1.0272727272727273,0.004464285714285714,0.09821428571428571,0,9,-0.1774258068148944,-0.42113844968511316,0.24371264287021877,0.0,0.5920721709424808
2020-03-30,536.9256444444445,650.3252584246031,632.4948787810973,-0.19935123107239017,65,157,2,0.29017857142857145,0.4140127388535032,0.017777777777777778,0.08888888888888889,1,31,-0.16602338428656985,-0.4015686114796823,0.23554522719311247,0.0,0.14939766318244863
2020-03-31,552.7142666666666,647.665008936508,632.1586501144305,-0.16963621661777017,191,32,2,0.8488888888888889,5.96875,0.022222222222222223,0.10222222222222223,2,13,-0.1384703378607102,-0.3691842904542911,0.23071395259358088,0.008928571428571428,0.8781771232379303
2020-04-01,546.0381777777777,644.9064555277778,631.7776398617669,-0.19163676543665165,77,147,1,0.3422222222222222,0.5238095238095238,0.017777777777777778,0.09777777777777778,1,17,-0.16323899170446135,-0.389212956395527,0.22597396469106565,0.0,0.1332837713971745
2020-04-03,540.2399555555555,642.0690099960317,631.3788839317822,-0.18866231420420176,80,141,4,0.35555555555555557,0.5673758865248227,0.02666666666666667,0.09777777777777778,1,27,-0.16958220660873807,-0.38435206848110076,0.2147698618723627,0.008928571428571428,0.2957479790709758
2020-04-07,567.8359111111112,639.8014460753968,631.1262507019496,-0.15054986863491193,204,21,0,0.9066666666666666,9.714285714285714,0.06222222222222222,0.13333333333333333,13,6,-0.11540086775657248,-0.355522002292685,0.2401211345361125,0.017857142857142856,0.9486483403759361
2020-04-08,578.0503555555555,637.6545612222222,630.9435775938827,-0.1324393492143715,136,87,2,0.6044444444444445,1.5632183908045978,0.08888888888888889,0.14666666666666667,20,4,-0.09808178063531042,-0.3366087373930381,0.23852695675772767,0.04017857142857143,0.4981080127469871
2020-04-09,595.3524888888888,635.7528083214286,630.8797706319343,-0.07616715332142132,199,26,0,0.8844444444444445,7.653846153846154,0.10666666666666667,0.16444444444444445,25,1,-0.02419486093794333,-0.26591127216821925,0.24171641123027593,0.10267857142857142,0.974060408574513
2020-04-13,593.9198222222224,633.8127788730159,630.8193601540045,-0.0726408774841304,92,132,1,0.4088888888888889,0.696969696969697,0.13777777777777778,0.2,26,4,-0.0193013819731014,-0.26989515893082605,0.25059377695772467,0.09821428571428571,0.3308664327084771
2020-04-15,595.4304444444444,631.9373270476191,630.7784400017974,-0.00172334543211361,128,96,1,0.5688888888888889,1.3333333333333333,0.14666666666666667,0.21333333333333335,31,1,0.08960746817600303,-0.18560352186569093,0.27521099004169397,0.25892857142857145,0.5501960402514827
2020-04-16,600.0147555555556,630.1118489444444,630.7325635512647,-0.01734766251515185,161,64,0,0.7155555555555555,2.515625,0.16444444444444445,0.2222222222222222,60,0,0.07688533762021899,-0.19113837816556684,0.2680237157857858,0.22767857142857142,0.8426959146508819
2020-04-17,606.9160888888889,628.5380466150793,630.7274688815538,0.04109914301693007,168,57,0,0.7466666666666667,2.9473684210526314,0.19555555555555557,0.24444444444444444,63,0,0.12931888908766895,-0.1116005058906157,0.24091939497828463,0.4419642857142857,0.9237749799703598
2020-04-20,605.3212444444445,626.9716036468254,630.7223901722692,0.04332316870770958,124,98,3,0.5511111111111111,1.2653061224489797,0.24444444444444444,0.24444444444444444,71,0,0.17092348361958978,-0.07910479089226988,0.25002827451185966,0.45535714285714285,0.5695812406503487
2020-04-21,592.8770666666667,625.176359265873,630.6399293868811,0.07210385021963939,32,193,0,0.14222222222222222,0.16580310880829016,0.18222222222222223,0.2222222222222222,13,3,0.20235562550610675,-0.06547939558286282,0.26783502108896956,0.5267857142857143,0.11841444456874316
2020-04-22,597.2556000000001,623.3153730515874,630.5680868389359,0.12687438817369157,122,100,3,0.5422222222222223,1.22,0.24,0.22666666666666666,30,0,0.2547646695153427,-0.013497273420797384,0.2682619429361401,0.6517857142857143,0.7342051324416031
2020-04-23,600.2508444444445,621.460120297619,630.4981483670941,0.07828726267789787,143,82,0,0.6355555555555555,1.7439024390243902,0.25333333333333335,0.24,34,1,0.20814426152794288,-0.02779449980288932,0.2359387613308322,0.5848214285714286,0.7597229344266935
2020-04-24,594.8666666666667,619.4607536309524,630.3987896912951,0.20344878121091248,52,173,0,0.2311111111111111,0.30057803468208094,0.2222222222222222,0.2311111111111111,22,8,0.35037199343483505,0.071467040011676,0.278904953423159,0.8392857142857143,0.24053351670177955
2020-04-27,606.2032444444444,617.5759435198412,630.3518899317822,0.2082921462476881,138,81,6,0.6133333333333333,1.7037037037037037,0.26222222222222225,0.24444444444444444,34,2,0.37993746546805207,0.07955408560624026,0.3003833798618118,0.8392857142857143,0.7847485376839372
2020-04-28,607.7551555555556,615.691507345238,630.3009504127564,0.16958519103103797,118,105,2,0.5244444444444445,1.1238095238095238,0.27111111111111114,0.24,22,4,0.339939900106547,0.05101119568964716,0.28892870441689983,0.8035714285714286,0.691011184012632
2020-04-29,614.5497777777776,613.9717350436508,630.2833867445676,0.14348262152545144,137,84,4,0.6088888888888889,1.630952380952381,0.32,0.24,31,4,0.28596276107518515,0.024540515348435533,0.2614222457267496,0.7276785714285714,0.8517088358876357
2020-04-30,620.5048,612.3183301507936,630.2875434718403,0.15339685409026926,150,71,4,0.6666666666666666,2.112676056338028,0.3688888888888889,0.26222222222222225,50,1,0.2903522262823752,0.0544551557367484,0.23589707054562684,0.8035714285714286,0.8814894791604014
2020-05-04,603.9585333333332,610.2921570674603,630.2484629566889,0.12484575766212003,26,198,1,0.11555555555555555,0.13131313131313133,0.27111111111111114,0.2222222222222222,9,15,0.2730780909840421,0.026012718837453763,0.24706537214658836,0.7244444444444444,0.16007898405194845
2020-05-05,599.4595999999999,608.2791642460318,630.2459898203252,0.0845741392116528,60,162,3,0.26666666666666666,0.37037037037037035,0.26222222222222225,0.19555555555555557,7,24,0.20028279357576065,-0.028758910442735545,0.2290417040184962,0.6,0.2075378515954334
2020-05-06,602.0247111111111,606.4161772182539,630.255513148608,0.1025322690094359,119,105,1,0.5288888888888889,1.1333333333333333,0.28,0.20444444444444446,11,18,0.21623383055674417,-0.01760650298934109,0.23384033354608524,0.6355555555555555,0.6779535424473007
2020-05-07,597.4541333333333,604.4536473849206,630.2648099516383,0.10590512084383241,89,132,4,0.39555555555555555,0.6742424242424242,0.31555555555555553,0.20444444444444446,8,28,0.239564174334706,-0.012845974979975475,0.2524101493146815,0.6444444444444445,0.28019614005089283
2020-05-08,596.4941333333333,602.3250952301587,630.2572613001231,0.050469196578541764,86,136,3,0.38222222222222224,0.6323529411764706,0.3333333333333333,0.20444444444444446,8,47,0.1730488550026278,-0.0470687931147931,0.2201176481174209,0.4888888888888889,0.3796678020270819
2020-05-11,600.9948444444444,600.2721376547619,630.2680264314363,0.03969288950066874,120,100,5,0.5333333333333333,1.2,0.36444444444444446,0.2,16,40,0.15489054604974642,-0.060541744017165965,0.2154322900669124,0.4666666666666667,0.6070445640264153
2020-05-12,600.4698222222222,598.3860171349206,630.2822903152746,0.008595468111477711,83,140,2,0.3688888888888889,0.5928571428571429,0.36444444444444446,0.20444444444444446,12,44,0.10670213360240738,-0.09636977763191108,0.20307191123431845,0.3333333333333333,0.5180025605248708
2020-05-13,604.1584888888889,596.6117860198414,630.2987273051735,0.017239139499263256,184,41,0,0.8177777777777778,4.487804878048781,0.4311111111111111,0.21777777777777776,22,4,0.12808157567802606,-0.06345295055821366,0.19153452623623973,0.4,0.9572338657751363
2020-05-14,602.8508888888889,594.898922547619,630.320014249618,0.01246231950965826,78,144,3,0.3466666666666667,0.5416666666666666,0.4266666666666667,0.2088888888888889,15,18,0.10035154935021548,-0.07546218499975367,0.17581373434996916,0.3511111111111111,0.43489115055352984
2020-05-15,599.9643555555556,593.1807891230159,630.3517717092141,-8.399793427293911e-05,97,125,3,0.4311111111111111,0.776,0.4266666666666667,0.2222222222222222,10,23,0.08409955420520235,-0.1019545418312855,0.18605409603648784,0.27555555555555555,0.47730439644666967
2020-05-18,587.2895111111111,591.5143150595238,630.3598692647696,-0.03233820644581886,21,204,0,0.09333333333333334,0.10294117647058823,0.3466666666666667,0.19555555555555557,3,82,0.03534542694172705,-0.14954853284729253,0.18489395978901957,0.15555555555555556,0.037766775904061994
2020-05-19,585.5826222222222,589.9133862539683,630.3702244213353,-0.032608507306460255,118,104,3,0.5244444444444445,1.1346153846153846,0.38222222222222224,0.20444444444444446,9,58,0.03222236355622533,-0.1624017051102159,0.19462406866644122,0.17777777777777778,0.6541414122015875
2020-05-20,592.3077777777778,588.249818595238,630.4094935374969,-0.0009602140492456224,169,51,5,0.7511111111111111,3.3137254901960786,0.44,0.21333333333333335,12,20,0.08612933816464047,-0.11360548448911913,0.19973482265375958,0.28888888888888886,0.7776044621570621
2020-05-21,596.0884444444446,586.8543223055556,630.4935932597191,-0.001954197759812537,134,88,3,0.5955555555555555,1.5227272727272727,0.47555555555555556,0.2222222222222222,17,20,0.07298545678215239,-0.1140143514533745,0.1869998082355269,0.25333333333333335,0.5421807411744384
2020-05-22,594.3038222222222,585.370905,630.5546285071938,-0.009907561609057924,89,134,2,0.39555555555555555,0.664179104477612,0.47555555555555556,0.21777777777777776,17,38,0.05228654848256921,-0.12239332678607029,0.17467987526863948,0.21333333333333335,0.1793650770629778
2020-05-26,597.5332444444443,583.9956922103174,630.6163870021433,0.004482647838917941,120,99,6,0.5333333333333333,1.2121212121212122,0.4888888888888889,0.2222222222222222,19,25,0.07497047921443724,-0.10005313700629054,0.17502361622072776,0.28444444444444444,0.7118444308670611
2020-05-27,597.4489777777777,583.0559226587301,630.7032653001231,-0.014441141229274645,135,86,4,0.6,1.569767441860465,0.5466666666666666,0.21333333333333335,23,15,0.0683904667720153,-0.09444696274998625,0.16283742952200153,0.24,0.904044286416838
2020-05-28,604.2721333333334,582.332523361111,630.8488734667898,-0.005730962856313915,166,54,5,0.7377777777777778,3.074074074074074,0.6311111111111111,0.24,29,6,0.07674908949561975,-0.0910582572409611,0.16780734673658085,0.29333333333333333,0.7803061517849531
2020-05-29,612.1545777777777,582.6464479523809,631.0255931738606,-0.003897487374677766,156,63,6,0.6933333333333334,2.4761904761904763,0.6755555555555556,0.27555555555555555,49,5,0.0851558150694914,-0.08284579853019601,0.1680016135996874,0.29777777777777775,0.6132840550543788
2020-06-01,623.4309777777779,582.9029201865079,631.2754255627493,0.004715802001495906,190,32,3,0.8444444444444444,5.9375,0.8355555555555556,0.3111111111111111,97,2,0.08190962574367425,-0.06214895721327075,0.144058582956945,0.31555555555555553,0.9566672273317915
2020-06-02,627.9466666666667,583.8027124484128,631.5445011688099,0.03971817932754362,165,55,5,0.7333333333333333,3.0,0.8622222222222222,0.32,109,0,0.153335635076593,-0.010009884260958857,0.16334551933755187,0.5111111111111111,0.8789676731863173
2020-06-03,629.1898222222223,584.7827937142857,631.8460289162847,0.04959503896880202,137,85,3,0.6088888888888889,1.611764705882353,0.8933333333333333,0.3377777777777778,96,3,0.17794820881795298,0.006402277180472552,0.17154593163748041,0.6266666666666667,0.5456809395584363
2020-06-04,630.8949333333333,586.3406245238095,632.1218154011332,0.047955211288484456,105,118,2,0.4666666666666667,0.8898305084745762,0.8888888888888888,0.3333333333333333,65,1,0.16688067353370026,0.005024748637344124,0.16185592489635614,0.6311111111111111,0.5065017922625117
2020-06-05,638.5295999999998,588.5110004523809,632.4350049920423,0.06875082851548298,190,35,0,0.8444444444444444,5.428571428571429,0.9377777777777778,0.3422222222222222,114,1,0.2035714806520494,0.04312571963157597,0.16044576102047345,0.7733333333333333,0.9540477077698415
2020-06-08,637.6061777777778,590.1297115079365,632.714441108204,0.0689227976387663,129,95,1,0.5733333333333334,1.3578947368421053,0.9333333333333333,0.3688888888888889,98,0,0.22878291239418427,0.04255900218301569,0.18622391021116858,0.7733333333333333,0.5171152152931897
2020-06-09,633.2905777777778,592.9094909206349,632.9516764970929,0.05373712209326409,67,156,2,0.29777777777777775,0.42948717948717946,0.9155555555555556,0.36444444444444446,32,2,0.20378298563553987,0.04013205510225367,0.1636509305332862,0.7466666666666667,0.29662836799980713
2020-06-10,633.9814666666666,595.5550693611111,633.226689739517,0.055809040195266224,126,99,0,0.56,1.2727272727272727,0.9288888888888889,0.36,48,0,0.21721308926308094,0.039708729278233657,0.1775043599848473,0.76,0.6822530788314134
2020-06-11,625.5317333333334,597.6730424206349,633.4416627243656,0.035376883446183394,51,173,1,0.22666666666666666,0.2947976878612717,0.88,0.32,23,2,0.16937506756585322,0.010611457878306757,0.15876360968754646,0.6133333333333333,0.11377954920286615
2020-06-12,627.4037333333334,599.4723786944445,633.6574575273958,0.04072788959422069,117,108,0,0.52,1.0833333333333333,0.8844444444444445,0.3377777777777778,22,3,0.1877827825872431,0.022637166792208417,0.16514561579503467,0.6888888888888889,0.8400226568275713
2020-06-15,624.7058222222222,601.2068888888889,633.8392581317196,0.04123822763396756,81,143,1,0.36,0.5664335664335665,0.8355555555555556,0.3377777777777778,27,5,0.19032432496750934,0.0184650161281666,0.17185930883934275,0.6444444444444445,0.23731792212770056
2020-06-16,625.8299555555556,602.9849751111111,634.0408232941128,0.06562426829576551,91,133,1,0.40444444444444444,0.6842105263157895,0.8177777777777778,0.32,28,6,0.2420500244274799,0.04257421135912432,0.19947581306835557,0.7644444444444445,0.4437258599779018
2020-06-17,626.6438222222222,604.4635662222222,634.2665086948167,0.07012025022904056,117,106,2,0.52,1.1037735849056605,0.8044444444444444,0.3466666666666667,19,7,0.24682230964284416,0.030461477955226902,0.21636083168761724,0.7555555555555555,0.5268881064257721
2020-06-18,628.3712444444444,606.1102275555555,634.5219112971293,0.060886363508461105,165,57,3,0.7333333333333333,2.8947368421052633,0.84,0.3511111111111111,39,4,0.25434586183251273,0.032806677408769594,0.22153918442374315,0.7244444444444444,0.9106867596107947
2020-06-19,631.6552444444444,607.9385333333333,634.7809148949173,0.05966698454144348,159,65,1,0.7066666666666667,2.4461538461538463,0.8533333333333334,0.36444444444444446,57,4,0.26815239271281804,0.02916272675430203,0.238989665958516,0.7288888888888889,0.9030373486057316
2020-06-22,636.9307111111111,609.3204293333333,635.0368367762646,0.07172575254437774,162,59,4,0.72,2.7457627118644066,0.88,0.38666666666666666,68,2,0.32338160990236886,0.03650826134644363,0.2868733485559252,0.7644444444444445,0.8916225639643733
2020-06-23,644.3025777777779,610.6454737777777,635.3049451402667,0.07827067994654802,177,47,1,0.7866666666666666,3.765957446808511,0.9333333333333333,0.4177777777777778,91,2,0.3385259676881636,0.05019895656398799,0.28832701112417564,0.8,0.8967329687505395
2020-06-24,639.9951111111112,611.5383262222223,635.5583557636955,0.0712129987929424,57,166,2,0.25333333333333335,0.3433734939759036,0.9111111111111111,0.4222222222222222,30,4,0.311176750224708,0.04198185401816006,0.2691948962065479,0.7555555555555555,0.22328645256652682
2020-06-25,644.1592,612.5431137777779,635.8386004062295,0.0660084496146438,123,100,2,0.5466666666666666,1.23,0.8844444444444445,0.41333333333333333,44,6,0.288491449346399,0.02237312546144228,0.2661183238849567,0.72,0.49783664864334115
2020-06-26,645.0378666666668,613.5352622222222,636.0969182463501,0.05371729638657752,116,106,3,0.5155555555555555,1.0943396226415094,0.9111111111111111,0.4311111111111111,40,5,0.30386847178568177,0.015583406573074266,0.2882850652126075,0.6888888888888889,0.45757961467926367
2020-06-29,640.5003555555556,614.3449742222223,636.3537985309151,0.027379739516027346,62,162,1,0.27555555555555555,0.38271604938271603,0.8622222222222222,0.41333333333333333,25,14,0.2428113635684233,-0.010910648245334496,0.2537220118137578,0.5688888888888889,0.2533693837832792
2020-06-30,640.0580444444445,615.0078133333333,636.6175873956713,0.019287271388936045,92,130,3,0.4088888888888889,0.7076923076923077,0.8444444444444444,0.40444444444444444,12,15,0.19179265253438327,-0.013305288266607793,0.20509794080099106,0.5244444444444445,0.45592595332849345
2020-07-01,640.1322666666667,615.7040337777777,636.8717308557016,0.01739132461773929,123,101,1,0.5466666666666666,1.2178217821782178,0.84,0.4266666666666667,23,18,0.17684141218675792,-0.017082646762599844,0.19392405894935777,0.5111111111111111,0.8116511033597402
2020-07-02,646.1936,616.7703644444445,637.1273848285522,0.024249151258572077,151,72,2,0.6711111111111111,2.0972222222222223,0.8711111111111111,0.44,38,8,0.18685171973799294,-0.01216332676494822,0.19901504650294116,0.5333333333333333,0.8178877727216025
2020-07-03,649.9472,617.8241964444445,637.3744527290047,0.017881081785402042,128,92,5,0.5688888888888889,1.391304347826087,0.8844444444444445,0.4577777777777778,46,5,0.1411420637527544,-0.019211312445938006,0.16035337619869242,0.48444444444444446,0.5244385389992254
2020-07-06,655.2796444444446,618.9247724444444,637.6242803629916,0.027718468362811777,157,65,3,0.6977777777777778,2.4153846153846152,0.9111111111111111,0.47555555555555556,67,5,0.15910560436506366,-0.010536278287194879,0.16964188265225855,0.5155555555555555,0.903962267121803
2020-07-07,658.0484444444445,620.188408,637.9016614992411,0.039094007609496106,113,111,1,0.5022222222222222,1.018018018018018,0.9111111111111111,0.49333333333333335,55,5,0.16701288216860244,-0.0036511933341315935,0.17066407550273402,0.5688888888888889,0.5342971704911383
2020-07-08,657.0682666666668,621.2057084444444,638.1533349592712,0.036415575555205804,83,141,1,0.3688888888888889,0.5886524822695035,0.9244444444444444,0.4666666666666667,33,8,0.15152570986464334,-0.013602119877781612,0.16512782974242496,0.52,0.6687927277279369
2020-07-09,656.9754666666665,622.1901146666667,638.3984283559529,0.05026720733379242,123,99,3,0.5466666666666666,1.2424242424242424,0.9022222222222223,0.4711111111111111,36,6,0.17553727941054334,0.004796027296805386,0.17074125211373795,0.6044444444444445,0.7703386681791246
2020-07-10,654.5419555555555,622.9899582222222,638.6787831563552,0.043254798753012524,68,157,0,0.3022222222222222,0.43312101910828027,0.8933333333333333,0.4533333333333333,19,13,0.16072951450498632,-0.007248267671625714,0.16797778217661202,0.56,0.11677775657409516
2020-07-13,656.1448444444445,623.7027591111112,638.9523589622878,0.05032612327893227,98,124,3,0.43555555555555553,0.7903225806451613,0.8888888888888888,0.4666666666666667,32,15,0.17233246386680104,0.005678778308195434,0.1666536855586056,0.6,0.4476101603817286
2020-07-14,649.6778666666668,624.6171457777778,639.2282946920175,0.03810605564564451,48,176,1,0.21333333333333335,0.2727272727272727,0.8711111111111111,0.4311111111111111,12,17,0.14641535303469264,-0.005388065883808112,0.15180341891850074,0.5466666666666666,0.10689732819741969
2020-07-15,650.8415111111111,625.644784,639.3659916619874,0.03861474099126738,86,139,0,0.38222222222222224,0.6187050359712231,0.8088888888888889,0.4266666666666667,20,36,0.14968161019242604,-0.012959571558487988,0.16264118175091402,0.5066666666666667,0.31668977070414667
2020-07-16,654.5732888888889,626.6957555555556,639.4208869352607,0.04169835057874138,111,112,2,0.49333333333333335,0.9910714285714286,0.8088888888888889,0.4488888888888889,21,28,0.12495829255790117,-0.021273338013654268,0.14623163057155544,0.4177777777777778,0.7086987782267037
2020-07-17,658.2674666666667,627.9120222222223,639.4941974667923,0.04213092894626147,168,55,2,0.7466666666666667,3.0545454545454547,0.8444444444444444,0.4577777777777778,27,6,0.1199807874265368,-0.0227837753118412,0.142764562738378,0.4533333333333333,0.9006108518770555
2020-07-20,663.9328888888888,629.2607973333334,639.6355880373628,0.04239421542521149,147,75,3,0.6533333333333333,1.96,0.8711111111111111,0.48444444444444446,47,6,0.11515161926370103,-0.030977381660935988,0.14612900092463701,0.4311111111111111,0.6949626136401488
2020-07-21,664.4716,630.5303324444444,639.7539167580836,0.03130364974137745,111,112,2,0.49333333333333335,0.9910714285714286,0.8711111111111111,0.48444444444444446,38,11,0.09616679718336316,-0.04212863494552989,0.13829543212889306,0.3511111111111111,0.67243424717092
2020-07-22,661.7523999999999,631.755984,639.8578145688944,0.03399602358073528,85,139,1,0.37777777777777777,0.6115107913669064,0.8622222222222222,0.49333333333333335,23,10,0.10155763722578075,-0.03846085588767089,0.14001849311345163,0.39111111111111113,0.3737667995385289
2020-07-23,669.6670666666668,633.0661555555555,640.0158197220476,0.039598699617527267,144,76,5,0.64,1.894736842105263,0.8622222222222222,0.49777777777777776,37,9,0.10532994577749256,-0.0446011100349355,0.14993105581242805,0.41333333333333333,0.8665865127580167
2020-07-24,668.1403555555556,634.371944888889,640.1912437971226,0.03581570956178837,69,156,0,0.30666666666666664,0.4423076923076923,0.8488888888888889,0.4888888888888889,34,20,0.09770644701734692,-0.05198163117320601,0.14968807819055294,0.3466666666666667,0.33661616950478007
2020-07-27,665.0117777777778,635.6728933333334,640.3657986319574,0.038269178166125295,63,157,5,0.28,0.4012738853503185,0.7511111111111111,0.4666666666666667,24,47,0.10007497638917205,-0.05427309708934366,0.1543480734785157,0.36,0.39131827634513294
2020-07-28,667.6132,637.279367111111,640.5829497670925,0.04305102606666367,125,97,3,0.5555555555555556,1.288659793814433,0.7511111111111111,0.49777777777777776,29,23,0.12753298754994802,-0.044528033251383194,0.1720610208013312,0.37777777777777777,0.6900027764291061
2020-07-29,667.8909333333334,638.9255333333334,640.8146413706962,0.04336395478267807,120,104,1,0.5333333333333333,1.1538461538461537,0.7555555555555555,0.4888888888888889,23,14,0.11961243737105802,-0.03641731229827027,0.15602974966932828,0.40444444444444444,0.7301105604314835
2020-07-30,666.8179555555556,640.4157368888889,641.0144354277533,0.031916681866789975,72,152,1,0.32,0.47368421052631576,0.72,0.4622222222222222,17,33,0.09044779380435441,-0.058329126990849155,0.14877692079520358,0.3377777777777778,0.20816761758811964
2020-07-31,673.6304444444445,641.9665768888889,641.2620788661917,0.03643872062906728,126,99,0,0.56,1.2727272727272727,0.7111111111111111,0.4622222222222222,27,29,0.10584836560338039,-0.058427198996348864,0.16427556459972925,0.3022222222222222,0.6043100964526931
2020-08-03,677.6156444444446,643.6328133333333,641.512640196522,0.03408621065733963,105,118,2,0.4666666666666667,0.8898305084745762,0.6755555555555556,0.48,29,29,0.0854098459161627,-0.08016722067786419,0.16557706659402688,0.28444444444444444,0.5514891262225067
2020-08-04,684.3679999999999,645.3695084444445,641.784145667374,0.03999637986801363,146,76,3,0.6488888888888888,1.9210526315789473,0.6888888888888889,0.49777777777777776,39,12,0.09068496761089538,-0.06908460705016567,0.15976957466106106,0.27555555555555555,0.6870095594406731
2020-08-05,686.126,647.1430488888889,642.0612328422619,0.04422330952116171,117,106,2,0.52,1.1037735849056605,0.7111111111111111,0.5111111111111111,36,14,0.1073586859652519,-0.0588824083096568,0.16624109427490869,0.29333333333333333,0.5785431279347202
2020-08-06,689.4112444444446,648.8458311111112,642.3492361626984,0.04937136837445277,145,78,2,0.6444444444444445,1.858974358974359,0.72,0.5377777777777778,46,7,0.0976345800722823,-0.054134223854724196,0.1517688039270065,0.3244444444444444,0.68767831384708
2020-08-07,692.754311111111,650.4578257777778,642.6094492361111,0.05838029973666381,139,79,7,0.6177777777777778,1.759493670886076,0.7422222222222222,0.5511111111111111,48,6,0.125644110102629,-0.03291234013068136,0.15855645023331036,0.3688888888888889,0.7016446257107956
2020-08-10,702.8965333333333,652.0471368888889,642.8927729742064,0.07125208600621291,152,71,2,0.6755555555555556,2.140845070422535,0.7911111111111111,0.5688888888888889,83,5,0.1448291995961089,-0.020125788699812186,0.1649549882959211,0.4311111111111111,0.8029676229650754
2020-08-11,698.9515555555556,653.4672346666667,643.1514057519842,0.07584326235661942,106,114,5,0.4711111111111111,0.9298245614035088,0.7866666666666666,0.5822222222222222,55,8,0.16296173012098494,0.0002556919930392986,0.16270603812794565,0.5377777777777778,0.7115734292708892
2020-08-12,699.4722222222222,654.8728826666667,643.4011940952381,0.07471974402506865,106,116,3,0.4711111111111111,0.9137931034482759,0.7866666666666666,0.5955555555555555,49,8,0.17128419282727586,0.002718892468205337,0.16856530035907052,0.5688888888888889,0.687612049721151
2020-08-13,704.698,656.3489440000001,643.6695736041667,0.07657616337537343,129,93,3,0.5733333333333334,1.3870967741935485,0.8222222222222222,0.6,53,9,0.19428744619316923,0.011485008373467932,0.1828024378197013,0.5955555555555555,0.7434866836399228
2020-08-14,701.2091555555555,657.6025351111113,643.9179749623016,0.06523440860040819,76,147,2,0.3377777777777778,0.5170068027210885,0.7688888888888888,0.5955555555555555,40,12,0.18178551555288439,-0.004157727598293513,0.1859432431511779,0.49333333333333335,0.5130007450270163
2020-08-17,707.5825333333333,659.0020622222223,644.1315586111111,0.06574406114674258,142,78,5,0.6311111111111111,1.8205128205128205,0.8088888888888889,0.6044444444444445,62,9,0.1792032519302835,-0.015429136878243897,0.1946323888085274,0.5022222222222222,0.7399897034042111
2020-08-18,712.6186666666666,660.588624,644.3706548462301,0.07245917909308197,162,57,6,0.72,2.8421052631578947,0.8355555555555556,0.6488888888888888,66,6,0.2051511432905908,-0.009812759721793437,0.21496390301238424,0.5777777777777777,0.7944935526105558
2020-08-19,717.8142222222223,662.2652791111111,644.6206786359127,0.08471721783286679,149,76,0,0.6622222222222223,1.9605263157894737,0.8888888888888888,0.6977777777777778,80,3,0.21010281037437775,0.007403600656014887,0.20269920971836286,0.6088888888888889,0.7977344548750009
2020-08-20,719.9082666666666,664.1528097777777,644.8668567996032,0.07502414632704024,107,117,1,0.47555555555555556,0.9145299145299145,0.8844444444444445,0.72,67,3,0.22271389365452757,0.004175551399722024,0.21853834225480553,0.6311111111111111,0.6850428697165896
2020-08-21,723.0144690265487,666.0650244916421,645.1435615108073,0.0821296199439494,135,88,2,0.6,1.5340909090909092,0.9070796460176991,0.7256637168141593,75,3,0.23151536501004513,0.01795162119801566,0.21356374381202947,0.6755555555555556,0.6364443236954457
2020-08-24,730.0230088495575,668.1713682241888,645.4600115996981,0.0977595183186426,134,89,3,0.5929203539823009,1.5056179775280898,0.9247787610619469,0.7345132743362832,83,2,0.2640897671928657,0.03182818894139923,0.23226157825146648,0.7422222222222222,0.643940017723366
2020-08-25,730.9346017699114,670.2734611484759,645.8036111710476,0.09484743826202258,94,129,3,0.415929203539823,0.7286821705426356,0.9070796460176991,0.7389380530973452,54,3,0.25142921488103837,0.028188660032399948,0.22324055484863842,0.7333333333333333,0.5993168445870205
2020-08-26,734.2647345132743,672.4258793942969,646.1904527007569,0.09937820363675298,137,89,0,0.6061946902654868,1.5393258426966292,0.911504424778761,0.7566371681415929,61,5,0.24334576688072015,0.03241543505210523,0.21093033182861493,0.76,0.6415178453295768
2020-08-27,737.3829203539822,674.6061129124878,646.5868367221696,0.10582343233339553,98,126,2,0.4336283185840708,0.7777777777777778,0.9026548672566371,0.7566371681415929,49,7,0.24854371257360336,0.04168476832118745,0.2068589442524159,0.7866666666666666,0.4845043721352949
2020-08-28,734.842256637168,676.6698531563421,647.0026868446411,0.09086853585307608,86,139,1,0.3805309734513274,0.6187050359712231,0.9026548672566371,0.7566371681415929,40,10,0.23120997435803323,0.03566840039797312,0.1955415739600601,0.7555555555555555,0.738712999405486
2020-08-31,711.112168141593,678.1534822969519,647.2993744710634,0.04943292554086631,11,215,0,0.048672566371681415,0.05116279069767442,0.8053097345132744,0.6769911504424779,1,30,0.16116874312189172,0.0033989220499250463,0.1577698210719667,0.5866666666666667,0.05673628284634769
2020-09-01,715.9500884955752,679.5864325113077,647.6275878599698,0.04614781593466555,128,97,1,0.5663716814159292,1.3195876288659794,0.8053097345132744,0.6991150442477876,4,18,0.16854324998646283,0.0037925634889551594,0.16475068649750768,0.5644444444444444,0.6315073908015888
2020-09-02,723.1754867256637,681.2500400235987,647.985214400741,0.05399808012764962,165,59,2,0.7300884955752213,2.7966101694915255,0.827433628318584,0.7212389380530974,18,3,0.1790456330527393,0.004669774843452821,0.17437585820928647,0.6044444444444445,0.7888125257108972
2020-09-03,726.9402654867257,682.9056613333335,648.3549306835317,0.05443633440084583,132,93,1,0.584070796460177,1.4193548387096775,0.8539823008849557,0.7300884955752213,21,6,0.17312240036570087,-0.0015068139471480797,0.17462921431284895,0.6266666666666667,0.43343080541246753
2020-09-04,722.4773451327434,684.4544509026549,648.698353793124,0.04290559227839319,43,182,1,0.1902654867256637,0.23626373626373626,0.7831858407079646,0.6902654867256637,7,24,0.13020723145037857,-0.014747670240487731,0.1449549016908663,0.4888888888888889,0.2092589231538698
2020-09-07,725.8650884955753,686.1617455614553,649.0516961998876,0.032677007316167295,101,124,1,0.4469026548672566,0.8145161290322581,0.7345132743362832,0.672566371681416,14,33,0.11143896515007073,-0.029420902451342743,0.14085986760141347,0.4088888888888889,0.5043929517169589
2020-09-08,724.6544690265487,687.8536740530974,649.4003732325203,0.03677352638633624,54,171,1,0.23893805309734514,0.3157894736842105,0.6504424778761062,0.6504424778761062,12,53,0.09801312208723864,-0.04077994984041495,0.13879307192765358,0.3511111111111111,0.16852138989224885
2020-09-09,720.559203539823,689.4622127905604,649.7440328662909,0.030146988897725713,75,150,1,0.33185840707964603,0.5,0.5929203539823009,0.6327433628318584,10,62,0.08435258397360156,-0.04766329773734429,0.13201588171094586,0.29777777777777775,0.42834899622742
2020-09-10,726.2909734513274,691.0641602595871,650.1310642960475,0.03064145698061793,169,56,1,0.7477876106194691,3.017857142857143,0.6327433628318584,0.6504424778761062,19,18,0.08809161788971412,-0.04323081319657653,0.13132243108629066,0.26222222222222225,0.6357092911260213
2020-09-11,727.3916814159293,692.6130498879056,650.4918550691986,0.037339110097086126,131,92,3,0.5796460176991151,1.423913043478261,0.6637168141592921,0.6637168141592921,23,17,0.09287418454140943,-0.03702677986972975,0.12990096441113919,0.3022222222222222,0.6206224694779443
2020-09-14,738.2430088495574,694.2723171760077,650.9104848455893,0.0433313063449805,169,56,1,0.7477876106194691,3.017857142857143,0.7389380530973452,0.6858407079646017,44,14,0.11089296805950136,-0.029770060484916747,0.1406630285444181,0.39111111111111113,0.5543464770477707
2020-09-15,745.3384955752213,696.0181181986234,651.3513500913225,0.04591491977273665,140,84,2,0.6194690265486725,1.6666666666666667,0.7699115044247787,0.6769911504424779,44,7,0.11162911987038011,-0.039483352912310976,0.15111247278269108,0.37777777777777777,0.7593885128662342
2020-09-16,744.6356194690266,697.7694652546706,651.7746105547391,0.03736537451677968,112,113,1,0.49557522123893805,0.9911504424778761,0.7699115044247787,0.6946902654867256,41,10,0.10127972740440111,-0.044252251865245396,0.1455319792696465,0.32,0.5766379906611913
2020-09-17,740.6563274336283,699.4430824700098,652.1891270133358,0.028820423000599504,73,153,0,0.3230088495575221,0.477124183006536,0.7256637168141593,0.7035398230088495,21,15,0.08843475034424365,-0.054788227292330606,0.14322297763657427,0.32,0.20049931772360186
2020-09-18,741.5108849557523,701.1824610580137,652.6187004113289,0.025582359304796132,111,112,3,0.4911504424778761,0.9910714285714286,0.7256637168141593,0.7079646017699115,28,21,0.08706989247311814,-0.06557751338187179,0.15264740585498993,0.2743362831858407,0.5767457129493253
2020-09-21,719.440575221239,702.4483756735498,652.9371568588635,-0.01449602752246859,8,216,2,0.035398230088495575,0.037037037037037035,0.5707964601769911,0.6283185840707964,2,69,0.037382179064080256,-0.10133729569093608,0.13871947475501634,0.17256637168141592,0.019633411709486796
2020-09-22,710.821592920354,703.6712501986233,653.1995186181083,-0.02751683775929481,43,183,0,0.1902654867256637,0.23497267759562843,0.49557522123893805,0.584070796460177,3,90,0.01109350237717921,-0.11899247249565725,0.13008597487283646,0.14601769911504425,0.2822240086283909
2020-09-23,710.7923008849557,704.8702659941004,653.4720158368186,-0.031967262657490836,91,134,1,0.4026548672566372,0.6791044776119403,0.4646017699115044,0.5752212389380531,3,67,0.003102196901705323,-0.13354783160375217,0.1366500285054575,0.11946902654867257,0.22308702889361035
2020-09-24,699.6071681415928,705.7709435791544,653.7069135078838,-0.051229491719519515,32,194,0,0.1415929203539823,0.16494845360824742,0.3584070796460177,0.5309734513274337,1,111,-0.021617948074853732,-0.1616261195027403,0.14000817142788657,0.06637168141592921,0.07103304185924472
2020-09-25,712.4088938053097,706.8537721219274,654.009134985839,-0.03052813393519216,201,25,0,0.8893805309734514,8.04,0.4646017699115044,0.5752212389380531,5,11,0.0060975609756097615,-0.14251124178484953,0.1486088027604593,0.11504424778761062,0.9655616785671572
2020-09-28,723.6255309734513,708.0476249636184,654.397962417492,0.017596890325418668,200,25,1,0.8849557522123894,8.0,0.5575221238938053,0.6194690265486725,18,1,0.07489402267610501,-0.07850519808935097,0.15339922076545598,0.28761061946902655,0.9691549026038893
2020-09-29,723.6070353982301,709.230333671583,654.7792654516259,0.010694805442016841,81,143,2,0.3584070796460177,0.5664335664335665,0.5442477876106194,0.6106194690265486,19,6,0.07561125081887532,-0.08549514169294026,0.16110639251181558,0.252212389380531,0.35326387827467537
2020-09-30,724.9466371681416,710.494218414946,655.1421990838952,0.0024491295335480334,93,131,2,0.41150442477876104,0.7099236641221374,0.5575221238938053,0.6150442477876106,13,13,0.057799742157284006,-0.10239411446859803,0.16019385662588204,0.22566371681415928,0.2356312862397648
2020-10-01,726.6679203539824,711.6342354886922,655.4869824356651,-0.0003746458212230408,140,84,2,0.6194690265486725,1.6666666666666667,0.584070796460177,0.6371681415929203,15,8,0.054877542548775526,-0.09320524583085965,0.14808278837963518,0.2168141592920354,0.7956773295785666
2020-10-05,722.9650877192983,712.730730131967,655.8178770706902,0.0006750974128679754,137,88,1,0.6061946902654868,1.5568181818181819,0.5833333333333334,0.6271929824561403,26,4,0.07278098200591887,-0.07738095238095233,0.1501619343868712,0.2610619469026549,0.6474255870352869
2020-10-06,725.205350877193,713.9346015939553,656.1462448965048,-0.0009088984011472734,129,99,0,0.5657894736842105,1.303030303030303,0.5964912280701754,0.6403508771929824,30,4,0.0929103657683934,-0.0652750508077572,0.1581854165761506,0.27876106194690264,0.6197314831644236
2020-10-07,726.7121052631578,715.1165796992186,656.4835208246062,0.002839472223738815,78,149,1,0.34210526315789475,0.5234899328859061,0.5570175438596491,0.6359649122807017,25,11,0.09145496535796771,-0.0650808832702624,0.1565358486282301,0.3495575221238938,0.4049933978897416
2020-10-08,728.0792982456142,716.3203469974642,656.819899235477,0.01043647027037875,107,120,1,0.4692982456140351,0.8916666666666667,0.5350877192982456,0.6447368421052632,25,19,0.10855022644186185,-0.04827696575269391,0.15682719219455576,0.3584070796460177,0.6300866676648375
2020-10-09,725.8375000000001,717.500737886353,657.1499103961914,-0.0006243688382528978,98,128,2,0.4298245614035088,0.765625,0.5175438596491229,0.6359649122807017,22,20,0.08651851330918814,-0.06820169046925106,0.1547202037784392,0.28761061946902655,0.5526485886160221
2020-10-12,723.7408733624453,718.5029464647132,657.4511940040751,-0.005019040149562004,79,148,1,0.34649122807017546,0.5337837837837838,0.462882096069869,0.6157205240174672,17,29,0.07704654895666119,-0.07929031245093421,0.1563368614075954,0.2610619469026549,0.5009006689393307
2020-10-13,723.4391266375545,719.4194161085752,657.7644867354771,-0.02005285798110379,79,149,1,0.34497816593886466,0.5302013422818792,0.4585152838427948,0.6026200873362445,14,39,0.04293793199748652,-0.09384053168727402,0.13677846368476054,0.17699115044247787,0.33634657797187323
2020-10-14,722.373406113537,720.179524230846,658.0683294356878,-0.030811623977587188,115,112,2,0.5021834061135371,1.0267857142857142,0.462882096069869,0.6200873362445415,11,29,0.035319589956184005,-0.09837554232670775,0.13369513228289176,0.14601769911504425,0.5357422992402572
2020-10-15,714.7089956331877,720.7511841435097,658.3197755299251,-0.04018962167990092,34,193,2,0.14847161572052403,0.17616580310880828,0.3799126637554585,0.6026200873362445,2,54,0.006174529306202103,-0.11308906096165616,0.11926359026785827,0.08849557522123894,0.05314078036379341
2020-10-16,720.0475109170305,721.3639094729615,658.5811354059389,-0.02782507318611227,165,64,0,0.7205240174672489,2.578125,0.4279475982532751,0.611353711790393,14,26,0.022450061870249227,-0.09964923668410086,0.12209929855435009,0.12831858407079647,0.8496698537009704
2020-10-19,721.1651965065502,721.9321271808701,658.8556223259715,-0.027438152105368263,144,84,1,0.62882096069869,1.7142857142857142,0.462882096069869,0.6244541484716157,30,17,0.037693735789232186,-0.09170034193347842,0.1293940777227106,0.17256637168141592,0.8344944630968433
2020-10-20,721.9325327510917,722.3128471692254,659.1250323111556,0.0034637433801760764,123,99,7,0.537117903930131,1.2424242424242424,0.47161572052401746,0.6462882096069869,25,16,0.07611531578152975,-0.053064409628429066,0.1291797254099588,0.2920353982300885,0.4706515948706455
2020-10-21,721.286113537118,722.7595383288567,659.380433860984,0.014721725846525535,121,105,3,0.5283842794759825,1.1523809523809523,0.462882096069869,0.6550218340611353,36,12,0.09125177540517049,-0.036656738799908384,0.12790851420507887,0.37168141592920356,0.7497343149338238
2020-10-22,724.8490829694323,723.2670755438008,659.6524792758313,0.019776216015530146,124,100,5,0.5414847161572053,1.24,0.519650655021834,0.6681222707423581,45,12,0.10489627748766361,-0.022115524516223006,0.12701180200388662,0.3938053097345133,0.7083485723081757
2020-10-23,728.5058515283843,723.7432325743686,659.9991379977588,0.041307014425762345,151,77,1,0.6593886462882096,1.9610389610389611,0.5458515283842795,0.6812227074235808,39,10,0.14628371594940104,0.006073992269464368,0.14020972367993667,0.5796460176991151,0.8150046197254126
2020-10-26,721.7754148471616,724.1545577602006,660.2996246702089,0.013147675616205445,50,177,2,0.2183406113537118,0.2824858757062147,0.462882096069869,0.6812227074235808,13,22,0.0948905109489051,-0.023193277310924465,0.11808378825982957,0.3938053097345133,0.19110770575892688
2020-10-27,726.7901310043668,724.5387097136213,660.6334690752308,0.004373256464097253,128,99,2,0.5589519650655022,1.292929292929293,0.5065502183406113,0.6855895196506551,25,14,0.0765170856245092,-0.043012944653959884,0.11953003027846909,0.30973451327433627,0.7405473855491499
2020-10-28,722.318864628821,724.7327136728643,660.9063933090891,-0.0017802076353503615,63,165,1,0.27510917030567683,0.38181818181818183,0.47161572052401746,0.6681222707423581,20,24,0.07151196730881493,-0.0420322671950184,0.11354423450383333,0.3008849557522124,0.21610964419991485
2020-10-29,719.6268995633187,724.7689672196863,661.1525211104771,-0.007338109223602118,72,153,4,0.314410480349345,0.47058823529411764,0.43231441048034935,0.6550218340611353,16,49,0.07464435972412442,-0.055313985236120966,0.1299583449602454,0.3141592920353982,0.33164326456415355
2020-10-30,717.114847161572,724.7130988295845,661.3681071766421,-0.013146408317786684,112,115,2,0.4890829694323144,0.9739130434782609,0.4279475982532751,0.6375545851528385,18,27,0.06681018665753369,-0.055926544240400666,0.12273673089793435,0.26548672566371684,0.659967565426311
2020-11-02,714.3568995633188,724.5399474403199,661.5523517191016,-0.011906782640272784,91,137,1,0.39737991266375544,0.6642335766423357,0.40611353711790393,0.6244541484716157,13,48,0.06619696298814813,-0.0631668823317282,0.12936384531987632,0.23684210526315788,0.6702344920898715
2020-11-03,718.7373362445414,724.3142339882196,661.7388993378243,-0.008918873288549234,126,102,1,0.5502183406113537,1.2352941176470589,0.42358078602620086,0.6506550218340611,20,28,0.05738518712757605,-0.062313928170262156,0.11969911529783821,0.23684210526315788,0.6667507152367602
2020-11-04,722.1379039301311,724.138300031424,661.9304986789035,-0.00629437888800588,124,104,1,0.5414847161572053,1.1923076923076923,0.4366812227074236,0.6550218340611353,18,23,0.06298946145769603,-0.05612941645487767,0.1191188779125737,0.2412280701754386,0.5378338157109158
2020-11-05,730.167423580786,724.0563538127742,662.1527020914504,0.0028679916325096144,194,32,3,0.8471615720524017,6.0625,0.519650655021834,0.6943231441048034,54,3,0.07641679650410582,-0.03869166305400965,0.11510845955811547,0.2982456140350877,0.9584766976706139
2020-11-06,732.972096069869,723.9681373270919,662.3977333307282,0.009829467435712447,141,86,2,0.6157205240174672,1.6395348837209303,0.5895196506550219,0.6943231441048034,57,2,0.08294145406468854,-0.029510210861181614,0.11245166492587017,0.3201754385964912,0.795555598694971
2020-11-09,735.3500436681223,723.9782930677111,662.6639223883545,0.0160405066688325,151,75,3,0.6593886462882096,2.013333333333333,0.6550218340611353,0.7030567685589519,70,7,0.10493987399417382,-0.02256605068833721,0.12750592468251104,0.4192139737991266,0.8297216965526577
2020-11-10,735.9903493449782,724.4758566917787,662.9378035993653,0.017349383307148525,106,122,1,0.462882096069869,0.8688524590163934,0.6331877729257642,0.7248908296943232,64,21,0.12204225238340977,-0.03476063246091552,0.15680288484432528,0.4104803493449782,0.8732237168142819
2020-11-11,738.8182096069869,724.933219114007,663.2049216563287,0.022764962489310037,138,88,3,0.6026200873362445,1.5681818181818181,0.6812227074235808,0.7467248908296943,52,7,0.13071481334585605,-0.024895025651474546,0.1556098389973306,0.4497816593886463,0.7333336636081301
2020-11-12,739.6118777292576,725.2619469340789,663.4507803753321,0.034843386956403766,129,94,6,0.5633187772925764,1.372340425531915,0.6812227074235808,0.7554585152838428,53,5,0.1424210615803192,-0.005548906477744572,0.14796996805806378,0.5240174672489083,0.3929403216418275
2020-11-13,745.1499126637556,725.6261398776194,663.7219234654366,0.03486214640858276,130,97,2,0.5676855895196506,1.3402061855670102,0.7292576419213974,0.7641921397379913,56,4,0.1444531582188433,-0.007956259140988495,0.1524094173598318,0.519650655021834,0.7296458759476323
2020-11-14,764.0482532751091,726.4575580404667,664.0961495532407,0.05946356947935372,189,38,2,0.8253275109170306,4.973684210526316,0.7729257641921398,0.7903930131004366,63,0,0.13785547887478264,-0.00016882162898408307,0.1380243005037667,0.5109170305676856,0.8385835684735738
2020-11-17,753.8342358078602,727.0169409867125,664.4088774287085,0.044189313557043475,132,95,2,0.5764192139737991,1.3894736842105264,0.7729257641921398,0.8209606986899564,78,3,0.1487819854344608,-0.011596804700224415,0.16037879013468523,0.5502183406113537,0.7851274090685108
2020-11-18,758.8955895196507,727.7017633965745,664.7753243495212,0.052142243246718456,130,98,1,0.5676855895196506,1.3265306122448979,0.7860262008733624,0.8296943231441049,78,7,0.149633834827682,-0.008682636597174385,0.1583164714248564,0.5938864628820961,0.7364083394143098
2020-11-19,756.4815720524017,728.420210766826,665.1395152454975,0.043640103610786296,88,140,1,0.38427947598253276,0.6285714285714286,0.7947598253275109,0.8427947598253275,46,9,0.13713914699248592,-0.014522934435586098,0.15166208142807203,0.5458515283842795,0.4295104327539309
2020-11-20,761.9879912663755,729.1341511231269,665.5362587732578,0.04596001482726142,143,82,4,0.6244541484716157,1.7439024390243902,0.8122270742358079,0.868995633187773,60,7,0.13549029851742986,-0.01015505967562964,0.1456453581930595,0.5327510917030568,0.6934262215709646
2020-11-23,765.5199126637555,729.8967157480835,665.9123337830051,0.06060679945140124,142,85,2,0.6200873362445415,1.6705882352941177,0.8471615720524017,0.8733624454148472,71,4,0.15785899782145751,0.0037483663862925027,0.154110631435165,0.6506550218340611,0.7736020612896269
2020-11-24,768.5918777292577,730.5036931256775,666.2902257609371,0.057515567344212704,133,92,4,0.5807860262008734,1.4456521739130435,0.8602620087336245,0.8951965065502183,69,2,0.1565058392246032,0.009787226536688686,0.14671861268791453,0.6375545851528385,0.6936393401290529
2020-11-25,760.3565938864627,730.8040550919022,666.6178337303696,0.05266057847899108,55,174,0,0.24017467248908297,0.3160919540229885,0.8253275109170306,0.8864628820960698,35,5,0.1601026474493316,0.004622151843529211,0.15548049560580238,0.6026200873362445,0.41412598641353787
2020-11-26,763.9956768558952,731.1912562396398,666.935593364649,0.06165525124130333,148,76,5,0.6462882096069869,1.9473684210526316,0.851528384279476,0.8995633187772926,58,3,0.19034377236536976,0.013866666562530529,0.17647710580283923,0.6462882096069869,0.8513316276370871
2020-11-27,774.0697816593886,731.859525324155,667.2960574515174,0.07942233342853111,153,73,3,0.6681222707423581,2.095890410958904,0.8864628820960698,0.9170305676855895,83,2,0.20718537086189787,0.02606315055545574,0.18112222030644212,0.7117903930131004,0.7920883858244209
2020-12-01,780.278558951965,732.6348788040792,667.6947582819915,0.09228112646345776,153,74,2,0.6681222707423581,2.0675675675675675,0.8951965065502183,0.9388646288209607,83,0,0.2324389743892194,0.046894763687093374,0.185544210702126,0.7860262008733624,0.8630840583144196
2020-12-02,783.0287772925765,733.906642845506,668.09402694524,0.08945053749950271,125,101,3,0.5458515283842795,1.2376237623762376,0.8951965065502183,0.9388646288209607,76,3,0.23857158626707467,0.04763063139789652,0.19094095486917814,0.7816593886462883,0.679278091917875
2020-12-03,790.6060262008733,735.5023315111164,668.5207211387444,0.09481308472815853,167,62,0,0.7292576419213974,2.693548387096774,0.9170305676855895,0.9475982532751092,98,0,0.25040334477837345,0.05543522085119568,0.19496812392717777,0.8078602620087336,0.9258621952925367
2020-12-04,793.5824890829695,737.1581352750765,668.9880873788021,0.0868500339157725,131,95,3,0.5720524017467249,1.3789473684210527,0.9170305676855895,0.9519650655021834,92,2,0.23076963039282444,0.043183828779360445,0.187585801613464,0.777292576419214,0.8522871568971897
2020-12-07,799.9016593886462,739.1640251000176,669.5117253632453,0.09131256657333542,161,66,2,0.7030567685589519,2.4393939393939394,0.9344978165938864,0.9563318777292577,106,1,0.25433110525181973,0.053702236845618104,0.20062886840620164,0.8078602620087336,0.6964220796046081
2020-12-08,799.8220960698691,740.9122891453087,670.0329327185947,0.08767532273492895,87,141,1,0.3799126637554585,0.6170212765957447,0.9170305676855895,0.9519650655021834,51,1,0.2430738421695473,0.046577295326519906,0.1964965468430274,0.7860262008733624,0.5704277358956905
2020-12-09,801.7782096069868,742.4753427179796,670.5272150612726,0.08938685177130234,138,89,2,0.6026200873362445,1.550561797752809,0.925764192139738,0.9606986899563319,70,0,0.24798694121065906,0.058813043293099734,0.18917389791755934,0.8427947598253275,0.4824864663198168
2020-12-10,802.2277729257642,744.0477574685303,671.0201403098299,0.08582566387001722,87,142,0,0.3799126637554585,0.6126760563380281,0.9213973799126638,0.9606986899563319,48,2,0.22733312162054453,0.04579275530790774,0.1815403663126368,0.7860262008733624,0.33068580335763464
2020-12-11,805.9475545851528,745.6677758168705,671.5759988416844,0.0896898479504653,115,111,3,0.5021834061135371,1.0360360360360361,0.9213973799126638,0.9650655021834061,44,3,0.22885766115509143,0.04501261492676569,0.18384504622832573,0.7729257641921398,0.6775996191010559
2020-12-14,811.2893013100437,747.3602034359917,672.1680951250202,0.08875984217706412,148,79,2,0.6462882096069869,1.8734177215189873,0.9388646288209607,0.9650655021834061,68,5,0.22324828068941913,0.04480548813797478,0.17844279255144435,0.7685589519650655,0.8887919869180396
2020-12-15,810.3341048034935,749.1075837776756,672.7772953365377,0.06057974915848452,99,129,1,0.43231441048034935,0.7674418604651163,0.9388646288209607,0.9650655021834061,51,4,0.23051827656480012,0.030894635204510836,0.1996236413602893,0.7510917030567685,0.43836513735589777
2020-12-16,814.0828820960697,750.8851344020533,673.4183546130895,0.07992293720070043,144,83,2,0.62882096069869,1.7349397590361446,0.9519650655021834,0.9694323144104804,60,2,0.21805511740895478,0.0405924586357441,0.17746265877321069,0.7641921397379913,0.5509713413911289
2020-12-17,814.2963318777294,752.6368189343444,674.1367702010496,0.07300179777450677,79,150,0,0.34497816593886466,0.5266666666666666,0.9475982532751092,0.9694323144104804,44,4,0.19783354836781347,0.03802063037923405,0.15981291798857944,0.7510917030567685,0.41918364727613366
2020-12-18,814.626943231441,754.3677718340612,674.8817596047068,0.07686290496315173,93,133,3,0.40611353711790393,0.6992481203007519,0.9432314410480349,0.9694323144104804,37,7,0.1949368931627671,0.03731310864752686,0.15762378451524023,0.7641921397379913,0.38755275038323944
2020-12-21,789.3287336244541,755.6375965065502,675.4509724692575,0.03588080477835365,13,215,1,0.056768558951965066,0.06046511627906977,0.7947598253275109,0.9432314410480349,4,41,0.12205933620106542,-0.005088203105321653,0.12714753930638706,0.5152838427947598,0.03204872069197325
2020-12-22,793.7151091703057,757.0370812227073,676.0902317204662,0.03683143448018256,150,75,4,0.6550218340611353,2.0,0.8165938864628821,0.9519650655021834,11,16,0.12157949861742781,-0.014648684414824009,0.13622818303225182,0.5240174672489083,0.7718786998320378
2020-12-23,808.6611353711791,758.7415213973799,676.7911639598221,0.05213333474236381,209,19,1,0.9126637554585153,11.0,0.9082969432314411,0.9606986899563319,30,1,0.13898082295280534,0.0001871114901243606,0.138793711462681,0.5807860262008734,0.8372511198865048
2020-12-24,813.0086899563319,760.5542270742358,677.524737989961,0.06924658310746645,137,91,1,0.5982532751091703,1.5054945054945055,0.9170305676855895,0.9606986899563319,33,3,0.16349256262586995,0.017210575202462764,0.14628198742340717,0.6506550218340611,0.7252156600794547
2020-12-28,818.5225764192139,762.6304986899563,678.3951635952712,0.0713706912422798,176,53,0,0.7685589519650655,3.3207547169811322,0.9344978165938864,0.9650655021834061,46,2,0.16617666011800497,0.016867202158495957,0.149309457959509,0.6681222707423581,0.9356212057489692
2020-12-29,818.5051091703056,764.5996506550218,679.2854786500513,0.05740480840843576,97,128,4,0.42358078602620086,0.7578125,0.9301310043668122,0.9650655021834061,40,4,0.15090925280608766,0.003714462950495845,0.1471947898555918,0.5633187772925764,0.5950200679749382
2020-12-30,821.1816593886462,766.5999799126638,680.4090952059232,0.052421151353460704,121,104,4,0.5283842794759825,1.1634615384615385,0.9388646288209607,0.9650655021834061,36,5,0.14231793807148382,0.004454135649878312,0.1378638024216055,0.5414847161572053,0.6549509726634614
2020-12-31,821.2964192139738,768.5872576419213,681.462540471636,0.048871309754045855,108,117,4,0.47161572052401746,0.9230769230769231,0.9301310043668122,0.9650655021834061,33,7,0.11815046825154993,0.00312631580633043,0.1150241524452195,0.5240174672489083,0.660786804678867
2021-01-01,827.4979475982534,770.711494323144,682.6852449417701,0.04666283860073528,157,69,3,0.6855895196506551,2.2753623188405796,0.9475982532751092,0.9650655021834061,48,2,0.1177456195753512,-0.005041162100409101,0.1227867816757603,0.4759825327510917,0.8565569097623462
2021-01-04,835.6517467248908,772.9275475982533,683.9625748807516,0.05301182702573848,176,48,5,0.7685589519650655,3.6666666666666665,0.9606986899563319,0.9650655021834061,85,1,0.12877561181631494,0.0034389313543218953,0.12533668046199306,0.537117903930131,0.9376360533095556
2021-01-05,841.526943231441,775.1879694323143,685.4051926326231,0.05203800161460914,122,104,3,0.5327510917030568,1.1730769230769231,0.9694323144104804,0.9650655021834061,72,1,0.13140946333701065,-0.011628471470673429,0.14303793480768406,0.5065502183406113,0.614292602226383
2021-01-06,842.29096069869,777.598280349345,686.9665934182594,0.05309788868987564,93,135,1,0.40611353711790393,0.6888888888888889,0.9519650655021834,0.9694323144104804,56,3,0.13089432129205406,-0.00808022594638047,0.13897454723843453,0.5502183406113537,0.5173182883938424
2021-01-07,845.3744104803493,779.9699659388647,688.4101123456612,0.054374389763887754,135,93,1,0.5895196506550219,1.4516129032258065,0.9519650655021834,0.9694323144104804,70,6,0.1310933572244209,-0.0028554072370069903,0.1339487644614279,0.5502183406113537,0.788751057489174
2021-01-08,854.0752838427948,782.6050943231442,690.2089807291609,0.0646294140726893,155,73,1,0.6768558951965066,2.1232876712328768,0.9650655021834061,0.9694323144104804,73,1,0.14529507802356437,0.009427777530616367,0.135867300492948,0.5982532751091703,0.593538061454017
2021-01-11,857.1357641921397,785.3552716157205,691.9861468269073,0.0635130776385755,112,116,1,0.4890829694323144,0.9655172413793104,0.9606986899563319,0.9694323144104804,70,3,0.15148173420113398,0.005609576515839887,0.1458721576852941,0.5807860262008734,0.48972536641111436
2021-01-12,858.3217903930131,788.1794104803494,693.6795903770866,0.05797252472949266,124,103,2,0.5414847161572053,1.203883495145631,0.9563318777292577,0.9694323144104804,56,4,0.1483976232089585,0.0011023481378447555,0.14729527507111373,0.5895196506550219,0.7193545930642465
2021-01-13,854.8803930131004,790.9898803493448,695.2668077439379,0.05497274265706675,82,145,2,0.35807860262008734,0.5655172413793104,0.9519650655021834,0.9694323144104804,41,5,0.14329969224160055,-0.0032941788881876814,0.14659387112978822,0.5414847161572053,0.7769278541890458
2021-01-14,857.359519650655,793.7623240174672,696.8637037796911,0.05315998961083457,124,101,4,0.5414847161572053,1.2277227722772277,0.9519650655021834,0.9737991266375546,43,3,0.1443869147542596,-0.004731351368903122,0.14911826612316273,0.4978165938864629,0.5611798494642365
2021-01-15,847.8354148471616,796.2762742358078,698.4182526317047,0.04118781045236042,45,183,1,0.1965065502183406,0.2459016393442623,0.9170305676855895,0.9737991266375546,18,5,0.126923644713646,-0.015427197063690532,0.14235084177733653,0.49344978165938863,0.20738432305334986
2021-01-18,838.4760262008734,798.4424462882096,699.8470614293758,0.029276079274800804,41,188,0,0.17903930131004367,0.21808510638297873,0.8384279475982532,0.9737991266375546,12,13,0.11308857037613711,-0.02671966071428675,0.13980823109042387,0.4366812227074236,0.16739376292202998
2021-01-19,847.4106986899562,800.7312183406113,701.3539240339367,0.07358399940516591,195,34,0,0.851528384279476,5.735294117647059,0.8995633187772926,0.9737991266375546,30,4,0.20343535046848515,0.041154088037407194,0.16228126243107796,0.7729257641921398,0.9398526928331276
2021-01-20,850.6611790393011,803.0374410480348,702.9060301513554,0.07174623389558876,134,94,1,0.5851528384279476,1.425531914893617,0.8995633187772926,0.9737991266375546,37,6,0.1850484014403803,0.03666241019772838,0.1483859912426519,0.7248908296943232,0.7930190253687462
2021-01-21,847.7179912663755,805.2719938864628,704.3054405521316,0.04829817359439348,69,157,3,0.30131004366812225,0.4394904458598726,0.8427947598253275,0.9650655021834061,17,14,0.14465186018262075,0.0019977391567364677,0.1426541210258843,0.5938864628820961,0.24056202147966743
2021-01-22,842.5623580786025,807.3468768558953,705.6280005647469,0.03635098675742077,53,176,0,0.2314410480349345,0.30113636363636365,0.777292576419214,0.9606986899563319,13,44,0.12358873390220794,-0.014426778573528098,0.13801551247573604,0.4672489082969432,0.2316867614230441
2021-01-25,837.3014847161571,809.3006689956331,706.8377455438833,0.022942443908016807,64,164,1,0.2794759825327511,0.3902439024390244,0.7030567685589519,0.9519650655021834,12,51,0.09138022603533776,-0.039961615481411326,0.13134184151674907,0.3231441048034934,0.4198498605694064
2021-01-27,832.0844978165937,811.0393606986898,708.028568921855,0.016590475116341263,75,153,1,0.32751091703056767,0.49019607843137253,0.6419213973799127,0.9344978165938864,2,64,0.09198913135192326,-0.04444487067868184,0.1364340020306051,0.27510917030567683,0.19714815822375184
2021-01-28,828.0700873362445,812.3197973799126,709.1917671363142,0.008388433751341351,108,121,0,0.47161572052401746,0.8925619834710744,0.5982532751091703,0.9432314410480349,4,50,0.08449199226006192,-0.055326306857835614,0.13981829911789753,0.30131004366812225,0.31624592636135207
2021-01-29,819.5253711790393,813.6336200873361,710.2893202144315,-0.002156405401876005,85,141,3,0.37117903930131,0.6028368794326241,0.5633187772925764,0.9213973799126638,5,66,0.08431449979116863,-0.06680343686665088,0.15111793665781953,0.27074235807860264,0.45556224017159935
2021-02-01,833.7620960698689,815.1309502183406,711.4235502503365,0.007569986716941868,187,42,0,0.8165938864628821,4.4523809523809526,0.6768558951965066,0.9344978165938864,19,15,0.10458392839791326,-0.05108584478286801,0.1556697731807813,0.3318777292576419,0.9443834961634743
2021-02-02,852.7432608695652,817.0561839946839,712.660660332462,0.02045291499917279,175,54,0,0.7641921397379913,3.240740740740741,0.6956521739130435,0.9347826086956522,41,8,0.11061614593869579,-0.05624094286350945,0.16685708880220523,0.3318777292576419,0.941055667295921
2021-02-03,864.0755652173912,819.0979354737043,714.0166528252156,0.026794890130747318,175,54,1,0.7608695652173914,3.240740740740741,0.7608695652173914,0.9434782608695652,52,3,0.11970299870560144,-0.04714922151259178,0.16685222021819324,0.34934497816593885,0.9045095363594909
2021-02-04,877.6544782608696,821.3406267856465,715.4186472165201,0.041984918765892054,173,55,2,0.7521739130434782,3.1454545454545455,0.8217391304347826,0.9565217391304348,70,3,0.13751414721708768,-0.03774047222857755,0.17525461944566523,0.4192139737991266,0.9246453387143505
2021-02-05,873.7056956521739,823.4429031441048,716.7859214725586,0.03351329874738762,84,145,1,0.3652173913043478,0.5793103448275863,0.7521739130434782,0.9347826086956522,47,6,0.11018778019433285,-0.04914985084044336,0.15933763103477622,0.34934497816593885,0.46809528741235806
2021-02-08,881.4625652173913,825.8650225707233,718.2189009653122,0.032066589319118544,166,63,1,0.7217391304347827,2.634920634920635,0.7782608695652173,0.9521739130434783,61,5,0.12300957840927046,-0.045405318668765245,0.1684148970780357,0.37117903930131,0.6700952046857386
2021-02-09,883.6232608695652,828.2575742509966,719.6060010474379,0.03090233517719354,97,132,1,0.4217391304347826,0.7348484848484849,0.7565217391304347,0.9434782608695652,39,10,0.1254805844964876,-0.04877873711928364,0.17425932161577123,0.3799126637554585,0.4147810855820043
2021-02-10,884.8050869565217,830.4722803569395,720.9912507044428,0.03085474103061303,109,120,1,0.47391304347826085,0.9083333333333333,0.7608695652173914,0.9304347826086956,40,9,0.11909395656354378,-0.05564006300168769,0.17473401956523146,0.3537117903930131,0.45117756465281506
2021-02-11,894.1459565217392,832.749628308335,722.3892315981626,0.04593106103444944,134,95,1,0.5826086956521739,1.4105263157894736,0.7478260869565218,0.9304347826086956,45,4,0.13189522940811568,-0.0490652648710429,0.18096049427915858,0.3930131004366812,0.5889647372929133
2021-02-12,896.6465217391304,835.021983197266,723.7699402068581,0.04582325289218647,86,143,1,0.3739130434782609,0.6013986013986014,0.7521739130434782,0.9391304347826087,38,10,0.13433219112208258,-0.0526992179519417,0.18703140907402427,0.38427947598253276,0.5602875688054052
2021-02-15,899.1034347826086,837.1919313689007,725.2456647141045,0.060469306940532874,116,113,1,0.5043478260869565,1.0265486725663717,0.7391304347826086,0.9304347826086956,48,11,0.1686183645462963,-0.035156605496974344,0.20377497004327066,0.45414847161572053,0.6913809447674207
2021-02-16,899.2230000000001,839.3047415872413,726.7444817141045,0.07244926736232471,108,121,1,0.46956521739130436,0.8925619834710744,0.7304347826086957,0.9347826086956522,40,14,0.18063759904898077,-0.025060954015588253,0.20569855306456902,0.49344978165938863,0.6104634712857486
2021-02-17,897.6387826086957,841.2594840516424,728.2225520715925,0.059272421266794106,108,119,3,0.46956521739130436,0.907563025210084,0.7260869565217392,0.9217391304347826,46,15,0.16475542892908107,-0.03979877105055234,0.20455419997963342,0.4890829694323144,0.763779072056937
2021-02-18,900.6160869565218,843.2753638693754,729.7383618397084,0.058724800364861496,132,96,2,0.5739130434782609,1.375,0.7608695652173914,0.9217391304347826,63,11,0.16072550914199626,-0.03646554174997276,0.19719105089196903,0.4890829694323144,0.8536138606425585
2021-02-19,889.4314347826086,845.0284283728877,731.2030483469548,0.04920674557575322,53,176,1,0.23043478260869565,0.30113636363636365,0.7391304347826086,0.9347826086956522,25,16,0.15775525267195645,-0.036239266085562605,0.19399451875751905,0.4759825327510917,0.12331870828627964
2021-02-22,878.8367826086958,846.5606085665464,732.592258037776,0.04305251021753964,52,178,0,0.22608695652173913,0.29213483146067415,0.6608695652173913,0.908695652173913,18,33,0.16293218109922752,-0.04510728128113945,0.20803946238036697,0.462882096069869,0.35357248262786206
2021-02-23,882.3110434782608,848.0878783444085,734.0014641440562,0.053755498567355176,141,89,0,0.6130434782608696,1.5842696629213484,0.6695652173913044,0.9217391304347826,25,16,0.18331053471834108,-0.026526607645348865,0.20983714236368994,0.5152838427947598,0.7464525666183583
2021-02-24,887.4666086956522,849.6114244921207,735.41800474309,0.066558277463866,155,73,2,0.6739130434782609,2.1232876712328768,0.6956521739130435,0.9130434782608695,27,10,0.21395522056351676,-0.012731656636012454,0.2266868771995292,0.5807860262008734,0.6644515421120085
2021-02-25,893.7327826086955,851.2793980482248,736.872414211689,0.07929605993096112,162,68,0,0.7043478260869566,2.3823529411764706,0.7043478260869566,0.9173913043478261,63,3,0.2424646346724527,-0.005033491193910389,0.24749812586636308,0.6157205240174672,0.9327715426817562
2021-02-26,881.5612173913045,852.6289647541294,738.2803985208677,0.07569728576311796,57,171,2,0.24782608695652175,0.3333333333333333,0.6608695652173913,0.9173913043478261,27,30,0.2219564811118487,-0.009767548832545046,0.23172402994439376,0.6026200873362445,0.23853177871433606
2021-03-01,892.9053478260869,854.2011450730967,739.8084777044428,0.07093540475754834,176,54,0,0.7652173913043478,3.259259259259259,0.6869565217391305,0.9173913043478261,46,4,0.21580650792042186,-0.011164441286898039,0.2269709492073199,0.5633187772925764,0.7341740115977188
2021-03-02,905.4937391304347,856.0184809910766,741.4080332889837,0.06185974217735635,170,60,0,0.7391304347826086,2.8333333333333335,0.717391304347826,0.9217391304347826,58,6,0.21245309793040565,-0.0152566409327469,0.22770973886315254,0.5521739130434783,0.8791190718697166
2021-03-03,912.227,858.4764463185874,743.0076294000949,0.05572595351714926,155,73,2,0.6739130434782609,2.1232876712328768,0.7565217391304347,0.9391304347826087,60,4,0.21253631853184476,-0.017643343951815015,0.23017966248365979,0.5391304347826087,0.860570855149169
2021-03-04,911.45329004329,860.8312099360471,744.5844536280891,0.03851038491753034,120,108,2,0.5217391304347826,1.1111111111111112,0.7619047619047619,0.935064935064935,53,0,0.17959768789744396,-0.029773261006866582,0.20937094890431054,0.4826086956521739,0.6479595518884067
2021-03-05,904.447922077922,862.7469456701821,746.1351741273677,0.03518602039420249,41,189,1,0.1774891774891775,0.21693121693121692,0.7272727272727273,0.9307359307359307,14,8,0.17348415772712608,-0.03297203791267046,0.20645619563979656,0.4608695652173913,0.2056615607972984
2021-03-08,906.9712987012987,864.6261978450814,747.682364398652,0.02893910018472101,134,97,0,0.5800865800865801,1.3814432989690721,0.7316017316017316,0.935064935064935,31,11,0.1851136913401065,-0.03784573731814886,0.22295942865825535,0.43478260869565216,0.7999480265085743
2021-03-09,904.328658008658,866.3423194768702,749.2167627998064,0.02343238126021796,85,145,1,0.36796536796536794,0.5862068965517241,0.7229437229437229,0.9307359307359307,21,11,0.16045685092947914,-0.033083290667780194,0.19354014159725935,0.40869565217391307,0.2911100807232247
2021-03-10,909.3249783549784,868.1587168605636,750.7420270249146,0.027712195329706146,140,90,1,0.6060606060606061,1.5555555555555556,0.7662337662337663,0.9307359307359307,20,3,0.15021848484825207,-0.022933603918006383,0.17315208876625846,0.43043478260869567,0.6024866266142878
2021-03-12,906.8654545454544,869.8723927636997,752.2155814087529,0.01422530396848698,75,156,0,0.3246753246753247,0.4807692307692308,0.7359307359307359,0.9264069264069265,15,13,0.13140517880303887,-0.03498213164251739,0.16638731044555627,0.4043478260869565,0.2760863116424959
2021-03-15,900.9527272727272,871.4655189248749,753.6031901562277,0.004802567599598184,72,159,0,0.3116883116883117,0.4528301886792453,0.6883116883116883,0.922077922077922,20,20,0.12802207949749456,-0.03772443573908976,0.16574651523658432,0.3782608695652174,0.5669633781506649
2021-03-16,903.8609090909091,872.9927781547281,754.9827613683489,0.005291353724447445,108,120,3,0.4675324675324675,0.9,0.7186147186147186,0.9264069264069265,20,19,0.13327412663684843,-0.041333251925993485,0.17460737856284192,0.3826086956521739,0.4111637028886349
2021-03-17,891.0410822510822,874.1005648652518,756.292017668493,-0.009098875083174973,33,198,0,0.14285714285714285,0.16666666666666666,0.6147186147186147,0.9090909090909091,7,50,0.09092587499983867,-0.0608607338470456,0.15178660884688427,0.3173913043478261,0.2043707957352444
2021-03-18,880.287316017316,874.8757723209694,757.538979581913,-0.01933012134452705,47,182,2,0.20346320346320346,0.25824175824175827,0.5108225108225108,0.9004329004329005,4,75,0.07140656735754518,-0.06908074031092824,0.14048730766847342,0.22608695652173913,0.4180879291645358
2021-03-19,889.8687878787879,875.8273288645712,758.7956755213071,-0.011933274603224797,150,77,4,0.6493506493506493,1.948051948051948,0.5324675324675324,0.8961038961038961,13,37,0.061189656380954714,-0.07145981127299107,0.13264946765394578,0.2217391304347826,0.7907950937714595
2021-03-22,894.8677489177489,876.8171956333192,760.081983377007,0.006112122781526175,139,88,4,0.6017316017316018,1.5795454545454546,0.5800865800865801,0.8961038961038961,26,25,0.08583706181344437,-0.05076390784179747,0.13660096965524185,0.30869565217391304,0.6046657038829106
2021-03-23,899.892251082251,877.7335349781083,761.4149917435293,0.023958337759891313,143,86,2,0.6190476190476191,1.6627906976744187,0.6320346320346321,0.8961038961038961,23,10,0.10518851699698371,-0.028331719797816332,0.13352023679480005,0.3869565217391304,0.6785678773366463
2021-03-24,887.7350862068965,878.3455214184036,762.6837598412303,0.006147540335948776,35,196,0,0.15151515151515152,0.17857142857142858,0.5258620689655172,0.8922413793103449,11,52,0.07695696672218705,-0.06036584093949924,0.13732280766168628,0.29130434782608694,0.1447531465471577
2021-03-25,872.2302155172414,878.623689920888,763.9172522521499,-0.017168412906040986,29,203,0,0.125,0.14285714285714285,0.3879310344827586,0.8448275862068966,4,84,0.04896266234115801,-0.08214000106571988,0.13110266340687787,0.19130434782608696,0.20650265213601368
2021-03-26,880.1509871244635,879.1291018031153,765.1809885211055,-0.015196707280433874,180,50,2,0.7758620689655172,3.6,0.4592274678111588,0.8583690987124464,13,26,0.04080231182246568,-0.08747977351431854,0.12828208533678423,0.16956521739130434,0.8612079120014997
2021-03-30,892.8875536480688,879.8396624830635,766.5218971782349,0.012848042805559068,168,65,0,0.721030042918455,2.5846153846153848,0.5364806866952789,0.8755364806866953,34,21,0.08413770148109617,-0.06752639889337761,0.15166410037447378,0.30869565217391304,0.8075663553802459
2021-03-31,895.3210300429184,880.7893747869788,767.8693525506718,0.002705418018508876,128,103,2,0.5493562231759657,1.2427184466019416,0.5321888412017167,0.8669527896995708,32,18,0.06267753614902088,-0.07811751776958821,0.14079505391860908,0.2565217391304348,0.6362181941395184
2021-04-01,901.2735193133046,882.0453246492274,769.2425010361271,-0.004660683596976467,181,52,0,0.776824034334764,3.480769230769231,0.6266094420600858,0.9055793991416309,26,4,0.06188065802128175,-0.06952856795685465,0.1314092259781364,0.24347826086956523,0.9614197410484563
2021-04-05,893.3688412017168,882.9644874994625,770.5674890199135,-0.020672660202211923,47,185,1,0.2017167381974249,0.25405405405405407,0.5364806866952789,0.8755364806866953,24,29,0.03313372960566555,-0.09457268521542435,0.1277064148210899,0.1565217391304348,0.38282023358518547
2021-04-06,899.3741630901287,883.9387471804791,771.9060836131418,-0.01325260118660343,146,85,2,0.6266094420600858,1.7176470588235293,0.5879828326180258,0.8884120171673819,36,22,0.04568039749959918,-0.09145001085540594,0.13713040835500512,0.19047619047619047,0.6261329515110146
2021-04-07,910.7235193133048,885.1988577414178,773.2750476541529,0.006938594342684734,179,54,0,0.7682403433476395,3.314814814814815,0.6051502145922747,0.8927038626609443,46,4,0.07348046843940614,-0.0713754646840149,0.14485593312342104,0.2727272727272727,0.8457488016051812
2021-04-08,916.6624463519315,886.6808595068843,774.6368469970236,0.010685175665988256,147,84,2,0.630901287553648,1.75,0.648068669527897,0.8969957081545065,52,5,0.08447592748229082,-0.06903233619958815,0.15350826368187898,0.2943722943722944,0.6832849659671794
2021-04-09,922.8850214592275,888.3925302417457,776.0512965487641,0.0205194906588837,135,98,0,0.5793991416309013,1.3775510204081634,0.6394849785407726,0.9055793991416309,55,7,0.09100051509725526,-0.06179125202499425,0.1527917671222495,0.3203463203463203,0.4892127303301965
2021-04-12,892.0710729613734,889.5922617446413,777.290855913571,-0.018974410474040138,9,224,0,0.03862660944206009,0.04017857142857143,0.40772532188841204,0.8454935622317596,7,83,0.043318018882213316,-0.12410042855987702,0.16741844744209033,0.18181818181818182,0.008866245880088318
2021-04-13,899.3403862660944,891.0176677232384,778.5623685115683,-0.008297888337947423,177,56,0,0.759656652360515,3.1607142857142856,0.44635193133047213,0.8626609442060086,14,5,0.049927207330650036,-0.10214731799127386,0.1520745253219239,0.19913419913419914,0.8420962126178749
2021-04-15,900.5145064377682,892.6374504284129,779.8624392659792,-0.00048639714570319903,108,124,1,0.463519313304721,0.8709677419354839,0.44635193133047213,0.8669527896995708,18,22,0.07074142971033748,-0.09971175403010568,0.17045318374044316,0.24242424242424243,0.5425434495490259
2021-04-16,910.4949356223176,894.1721072194619,781.2146237218685,0.007339654215249736,156,76,1,0.6695278969957081,2.0526315789473686,0.4721030042918455,0.871244635193133,25,6,0.07903524104161463,-0.08609685896633712,0.16513210000795175,0.2510822510822511,0.6206565364076913
2021-04-19,895.2417521367522,895.0220770448054,782.4901711492189,0.004714339180700522,37,196,0,0.15879828326180256,0.18877551020408162,0.38461538461538464,0.8376068376068376,14,63,0.08680445151033389,-0.09323308270676689,0.18003753421710078,0.2727272727272727,0.06209258368446413
2021-04-20,898.7322222222222,895.7152101849023,783.75286426033,0.02095327953645465,132,99,3,0.5641025641025641,1.3333333333333333,0.41452991452991456,0.8333333333333334,14,33,0.10232624068794993,-0.07131963105526906,0.173645871743219,0.30303030303030304,0.5743308619967513
2021-04-22,902.3650427350427,896.2094214743856,785.0149534740053,0.01404280611531794,130,99,5,0.5555555555555556,1.3131313131313131,0.44017094017094016,0.8461538461538461,18,25,0.09043248783591151,-0.08202308960967575,0.17245557744558726,0.29004329004329005,0.822991206557505
2021-04-23,903.8294871794872,896.811897304932,786.2577026876805,0.010014595198649667,118,114,2,0.5042735042735043,1.0350877192982457,0.44017094017094016,0.8461538461538461,11,17,0.07944747648930695,-0.07663929167201333,0.15608676816132028,0.2554112554112554,0.6717721094025226
2021-04-26,909.5768803418803,897.3741836074217,787.5153448671678,0.010761987613497004,146,87,1,0.6239316239316239,1.6781609195402298,0.4700854700854701,0.8461538461538461,28,8,0.07714991696034357,-0.07595030963402372,0.15310022659436728,0.2597402597402597,0.7722570902057055
2021-04-27,920.4230769230769,898.110179928492,788.8321189184499,0.03682178526462132,187,45,2,0.7991452991452992,4.155555555555556,0.5213675213675214,0.8547008547008547,40,3,0.12166628419062603,-0.038588536317024344,0.1602548205076504,0.375,0.8980923997418085
2021-04-28,926.7820940170941,898.9497200697033,790.1811520552018,0.06254298180613116,154,77,3,0.6581196581196581,2.0,0.5470085470085471,0.8632478632478633,39,2,0.148096130451874,-0.011001151028202755,0.15909728148007676,0.4482758620689655,0.7055183047686602
2021-04-29,926.6817521367522,899.6004359820037,791.5418510381079,0.052866798643615764,92,141,1,0.39316239316239315,0.6524822695035462,0.5341880341880342,0.8589743589743589,32,7,0.12937241094741483,-0.02839179324929817,0.157764204196713,0.40772532188841204,0.6045728139330242
2021-04-30,920.8381623931624,900.0842687950842,792.8653176278515,0.03130361559067074,91,140,3,0.3888888888888889,0.65,0.5213675213675214,0.8632478632478633,27,18,0.12258606385085818,-0.047840882934224394,0.17042694678508258,0.351931330472103,0.4762240935661616
2021-05-03,926.5605128205127,900.6334103558423,794.2497308586208,0.03489193454564199,148,84,2,0.6324786324786325,1.7619047619047619,0.5384615384615384,0.8504273504273504,50,11,0.13340218669196158,-0.04245460179526215,0.17585678848722372,0.38197424892703863,0.6789318359309628
2021-05-04,923.6566666666666,901.1220836891757,795.6138066363985,0.02483502163740048,92,140,2,0.39316239316239315,0.6571428571428571,0.5341880341880342,0.8717948717948718,32,20,0.11391394623831667,-0.05768508620654875,0.1715990324448654,0.3090128755364807,0.6010670974761363
2021-05-05,931.0924786324787,901.7911576096512,796.9964025851165,0.04222627395423584,154,77,3,0.6581196581196581,2.0,0.5555555555555556,0.8589743589743589,47,9,0.1465670361123362,-0.035260711794222604,0.1818277479065588,0.37339055793991416,0.8723996408587957
2021-05-06,935.7538888888888,902.4939136482986,798.3838346962276,0.04045004547802922,142,91,1,0.6068376068376068,1.5604395604395604,0.5769230769230769,0.8717948717948718,46,9,0.1362323699248604,-0.036832559174983535,0.17306492909984394,0.41201716738197425,0.7622526274487074
2021-05-07,933.9386324786325,903.3840576022191,799.7338634141763,0.025490846204160977,128,106,0,0.5470085470085471,1.2075471698113207,0.5769230769230769,0.8760683760683761,44,8,0.12392504843348791,-0.04429079055514289,0.1682158389886308,0.3562231759656652,0.7315902449132836
2021-05-10,941.0861111111112,904.6290441722674,801.1169359697317,0.026644120588095843,158,75,1,0.6752136752136753,2.1066666666666665,0.6324786324786325,0.9017094017094017,71,9,0.13390103346121623,-0.048775188039178234,0.18267622150039448,0.3948497854077253,0.8556953721761533
2021-05-11,943.8037606837606,905.8588985163775,802.5271927731505,0.022666679746798035,129,104,1,0.5512820512820513,1.2403846153846154,0.6623931623931624,0.9102564102564102,72,5,0.13545266332449082,-0.04918348678319633,0.18463615010768716,0.41630901287553645,0.7630044824797847
2021-05-12,939.3516239316237,906.896598821097,803.8756155594752,0.05300087896953665,77,157,0,0.32905982905982906,0.49044585987261147,0.6367521367521367,0.905982905982906,33,9,0.17677367371671004,-0.004712381506107618,0.18148605522281766,0.6051502145922747,0.40105598068340803
2021-05-14,934.8081196581198,907.7181055620854,805.2089543799883,0.039437496562654495,71,163,0,0.3034188034188034,0.43558282208588955,0.6068376068376068,0.8931623931623932,21,11,0.13906218046041005,-0.01787044279263249,0.15693262325304255,0.5107296137339056,0.14116092473939726
2021-05-17,942.8564957264956,908.9440111287893,806.5981779697318,0.047019774790994395,170,62,2,0.7264957264957265,2.7419354838709675,0.7051282051282052,0.9188034188034188,47,7,0.14472561978229043,-0.0023980362264161667,0.14712365600870658,0.5708154506437768,0.9218946529374663
2021-05-18,954.8403846153846,910.1827118645751,808.0343138928088,0.04870477281980379,163,67,4,0.6965811965811965,2.4328358208955225,0.7649572649572649,0.9273504273504274,74,3,0.16135341286670424,-0.001440677371584869,0.1627940902382891,0.6051502145922747,0.7105234379080935
2021-05-19,954.5335042735044,911.1635071674366,809.4675267475095,0.06622987812536141,128,105,1,0.5470085470085471,1.2190476190476192,0.7991452991452992,0.9230769230769231,62,3,0.19670166702453878,0.024870108149946193,0.1718315588745926,0.7008547008547008,0.5318445382752306
2021-05-20,951.9894017094017,911.9587552016246,810.8933839782788,0.059258117346115524,79,153,2,0.33760683760683763,0.5163398692810458,0.8076923076923077,0.9273504273504274,36,2,0.18292531345973567,0.014825054475163446,0.16810025898457223,0.6923076923076923,0.3621517957973091
2021-05-21,956.9677777777779,912.8690449563143,812.3100706449455,0.0605106940725848,158,75,1,0.6752136752136753,2.1066666666666665,0.8205128205128205,0.9273504273504274,58,2,0.17733252527193155,0.013626290018598388,0.16370623525333317,0.6923076923076923,0.8500458079803711
2021-05-24,960.4501709401709,913.9890899335593,813.7242432774241,0.06264531591835487,142,90,2,0.6068376068376068,1.5777777777777777,0.8376068376068376,0.9230769230769231,72,6,0.1992075226177358,0.023159986722547467,0.17604753589518835,0.6923076923076923,0.7236782780715307
2021-05-25,960.4764957264957,915.0591938740632,815.1047857560567,0.055959662657085074,112,120,2,0.47863247863247865,0.9333333333333333,0.8547008547008547,0.9230769230769231,55,7,0.1757645130545034,0.01959508037283837,0.15616943268166505,0.6623931623931624,0.5076413864774046
2021-05-26,963.8022649572649,916.2486660130354,816.4931670808428,0.04712961802218407,134,100,0,0.5726495726495726,1.34,0.8376068376068376,0.9230769230769231,60,7,0.16351347766936872,0.007239280525881232,0.15627419714348748,0.6410256410256411,0.4028644417988713
2021-05-27,966.4384188034188,917.3909348220044,817.8783029526378,0.042789265181458314,121,110,3,0.5170940170940171,1.1,0.8675213675213675,0.9230769230769231,55,7,0.16503671046337004,0.01031230346112371,0.15472440700224632,0.6068376068376068,0.5578270117297723
2021-05-28,966.9417948717949,918.592461628531,819.2492403714413,0.04344538202269632,103,131,0,0.44017094017094016,0.7862595419847328,0.8632478632478633,0.9273504273504274,32,6,0.1553196879277431,0.011877815837627327,0.14344187209011577,0.6111111111111112,0.6708210298739933
2021-05-31,970.8765811965811,919.9909387070081,820.5891406107575,0.05434007933964646,133,100,1,0.5683760683760684,1.33,0.8803418803418803,0.9230769230769231,47,5,0.16066669371790662,0.018821846808436238,0.14184484690947038,0.6581196581196581,0.7088901366589083
2021-06-01,970.0941452991455,921.3156034311729,821.9448535594754,0.04698412232797766,83,151,0,0.3547008547008547,0.5496688741721855,0.8589743589743589,0.9188034188034188,35,12,0.14373064234130636,0.0056832044106670315,0.13804743793063934,0.5897435897435898,0.5775489079067714
2021-06-02,978.1160256410258,923.0571022989717,823.3380725765694,0.05896060835125505,172,61,1,0.7350427350427351,2.819672131147541,0.8760683760683761,0.9316239316239316,60,3,0.15838427424187942,0.02123323271184932,0.1371510415300301,0.6794871794871795,0.921114601582637
2021-06-03,982.4770512820513,925.1008970042665,824.7269678329798,0.055187399564265105,153,80,1,0.6538461538461539,1.9125,0.8846153846153846,0.9358974358974359,61,1,0.1656677711169045,0.02124870535281032,0.1444190657640942,0.6581196581196581,0.5421584579565336
2021-06-04,984.5462393162392,926.9944460330156,826.1436532517831,0.05214228976946722,120,113,1,0.5128205128205128,1.0619469026548674,0.9102564102564102,0.9358974358974359,64,3,0.1585550764768689,0.016190154486515864,0.14236492199035303,0.6452991452991453,0.6751636048699409
2021-06-07,993.8252136752136,928.9735953281648,827.5748666534924,0.06412260839627626,162,71,1,0.6923076923076923,2.2816901408450705,0.9273504273504274,0.9444444444444444,87,4,0.18791764580476666,0.030166508645336255,0.1577511371594304,0.7094017094017094,0.7623787584134674
2021-06-08,1002.1105555555555,931.0179614176309,829.0223260979369,0.06484469776351776,127,106,1,0.5427350427350427,1.1981132075471699,0.9316239316239316,0.9444444444444444,77,3,0.18194028909615803,0.024913048652180025,0.157027240443978,0.6623931623931624,0.6272189460501393
2021-06-09,996.2173504273505,933.18760670204,830.4143417389625,0.055534415020361605,61,173,0,0.2606837606837607,0.35260115606936415,0.9145299145299145,0.9444444444444444,36,4,0.15858790740621306,0.007890208798263791,0.15069769860794927,0.5897435897435898,0.6177806585831381
2021-06-10,1004.1550000000001,935.8261023916951,831.8355754056292,0.06898734660950923,192,41,1,0.8205128205128205,4.682926829268292,0.9273504273504274,0.9529914529914529,72,0,0.1957727208185853,0.023762480215081143,0.17201024060350414,0.688034188034188,0.9513236023583733
2021-06-11,1008.3920512820513,938.3909236748468,833.2624633169067,0.07871554608537501,110,123,1,0.4700854700854701,0.8943089430894309,0.9316239316239316,0.9572649572649573,54,2,0.20509689025869965,0.039421762602344444,0.1656751276563552,0.7606837606837606,0.5499250741742274
2021-06-14,1006.6682478632479,940.6665375591505,834.6456895119752,0.06767917750578123,88,142,4,0.37606837606837606,0.6197183098591549,0.9316239316239316,0.9572649572649573,37,4,0.18350472966295908,0.023108243490409075,0.16039648617255,0.6538461538461539,0.4471120743396707
2021-06-15,1012.6802136752136,943.0137212317964,836.0544175715017,0.0605753903916908,131,101,2,0.5598290598290598,1.297029702970297,0.9401709401709402,0.9572649572649573,56,4,0.1786728941105323,0.015711285714373746,0.16296160839615856,0.6282051282051282,0.7164687904603323
2021-06-16,1009.3624786324787,945.1755004181799,837.4299062920977,0.05744059701781201,60,174,0,0.2564102564102564,0.3448275862068966,0.9316239316239316,0.9529914529914529,29,10,0.16944030599827173,0.013056121902417454,0.15638418409585428,0.5641025641025641,0.18425557696849795
2021-06-17,1004.3846153846155,947.3958159018378,838.7649147672511,0.05503760186944562,68,165,1,0.2905982905982906,0.4121212121212121,0.9017094017094017,0.9487179487179487,31,19,0.15861570885909404,0.00420362842595452,0.15441208043313953,0.5555555555555556,0.23337932477563988
2021-06-18,1000.7029487179486,949.4223916143943,840.0942182276548,0.04570182189595795,59,175,0,0.25213675213675213,0.33714285714285713,0.8418803418803419,0.9444444444444444,19,29,0.13426387981548116,-0.011823221022345586,0.14608710083782675,0.47435897435897434,0.30887600563586565
2021-06-21,1004.7929487179488,951.3037802024871,841.5626221305365,0.0461687436989795,151,83,0,0.6452991452991453,1.819277108433735,0.8547008547008547,0.9487179487179487,24,17,0.15076501688990307,-0.013417644708999643,0.1641826615989027,0.4658119658119658,0.924455663705494
2021-06-22,1010.3218376068376,953.1769680275851,843.0344808760929,0.051896472326102394,135,98,1,0.5769230769230769,1.3775510204081634,0.8888888888888888,0.9529914529914529,26,8,0.1482518813868656,-0.009643780442564885,0.1578956618294305,0.4658119658119658,0.621754458607853
2021-06-23,1010.0155128205129,954.9195778548109,844.4686810065672,0.04794888904447325,81,152,1,0.34615384615384615,0.5328947368421053,0.8632478632478633,0.9529914529914529,29,16,0.13528652335029187,-0.014947465475340892,0.15023398882563277,0.44017094017094016,0.5662018758777392
2021-06-24,1010.180170212766,957.2817597998387,845.8848805301974,0.045260774570101914,97,136,1,0.41452991452991456,0.7132352941176471,0.8425531914893617,0.9446808510638298,25,21,0.1388562819182261,-0.024715596160319885,0.16357187807854598,0.4658119658119658,0.44321644590444564
2021-06-25,1013.7188510638298,959.5693290957934,847.341088059853,0.048376289493450964,146,87,2,0.6212765957446809,1.6781609195402298,0.8638297872340426,0.9446808510638298,26,9,0.14279643921715296,-0.00934113546369124,0.1521375746808442,0.49145299145299143,0.8224476053639836
2021-06-28,1016.416340425532,961.8873657755488,848.7938443195026,0.0469058169812111,128,107,0,0.5446808510638298,1.1962616822429906,0.8808510638297873,0.9531914893617022,35,7,0.13467176267176262,-0.016682336470487467,0.1513540991422501,0.49145299145299143,0.7592081386658837
2021-06-29,1012.4642978723405,963.9267530205491,850.2328934637314,0.04367633056905973,83,152,0,0.35319148936170214,0.5460526315789473,0.8425531914893617,0.948936170212766,24,15,0.12697157648026555,-0.009736347780062382,0.13670792426032793,0.49572649572649574,0.277029666180223
2021-06-30,1018.4931914893617,966.3917818076015,851.7225634034792,0.0412805483090557,114,120,1,0.4851063829787234,0.95,0.851063829787234,0.9404255319148936,31,17,0.12814423130262595,-0.01828070962862318,0.14642494093124914,0.4230769230769231,0.5157777754221746
2021-07-01,1021.4511914893617,968.8461611929441,853.1983644936694,0.03966926266262649,123,112,0,0.5234042553191489,1.0982142857142858,0.851063829787234,0.9404255319148936,36,18,0.11664994903558103,-0.030669067557815843,0.14731901659339686,0.4230769230769231,0.5367211805603261
2021-07-02,1029.8786382978724,971.3964331042008,854.7107992780791,0.04604395118416815,139,92,4,0.5914893617021276,1.5108695652173914,0.851063829787234,0.9361702127659575,39,14,0.11845264570787616,-0.0344462954983469,0.15289894120622305,0.4230769230769231,0.6252563684539104
2021-07-05,1035.506170212766,974.0299667648662,856.1971150848952,0.041939926622926116,155,79,1,0.6595744680851063,1.9620253164556962,0.8680851063829788,0.9446808510638298,45,8,0.10280172779147541,-0.03816351957242188,0.1409652473638973,0.39316239316239315,0.8142292253919376
2021-07-06,1036.5691914893616,976.569812987816,857.653268564466,0.03438606223911367,83,149,3,0.35319148936170214,0.5570469798657718,0.8425531914893617,0.9404255319148936,32,11,0.09924599163341191,-0.037938473537968864,0.13718446517138078,0.3418803418803419,0.30214855648878547
2021-07-07,1037.2190212765959,978.9057318748864,859.1161855735036,0.0411573546994104,134,98,3,0.5702127659574469,1.3673469387755102,0.8553191489361702,0.9446808510638298,41,15,0.11035070059868865,-0.020291054337570256,0.1306417549362589,0.44017094017094016,0.7578273757770755
2021-07-08,1034.8189787234041,981.0664695690125,860.5869988299527,0.03053709708501584,87,146,2,0.3702127659574468,0.5958904109589042,0.8127659574468085,0.9404255319148936,35,20,0.08978476862996533,-0.0362172994819532,0.12600206811191852,0.32905982905982906,0.36130406360087863
2021-07-09,1036.4663404255318,983.2621613347881,862.0617761073014,0.027840648989435612,127,108,0,0.5404255319148936,1.1759259259259258,0.7872340425531915,0.9361702127659575,31,14,0.08843113001186108,-0.036184296114115486,0.12461542612597656,0.3418803418803419,0.6894319464206761
2021-07-12,1041.2605957446808,985.6706100018185,863.6708762099187,0.0343632055097185,125,108,2,0.5319148936170213,1.1574074074074074,0.7914893617021277,0.9361702127659575,38,11,0.09575087518378789,-0.03242800530741747,0.12817888049120535,0.37606837606837606,0.41562032201427784
2021-07-13,1044.478085106383,988.028961447536,865.3391586708489,0.03139971631890459,139,95,1,0.5914893617021276,1.4631578947368422,0.8382978723404255,0.9404255319148936,51,7,0.09162987774084123,-0.025055532334149345,0.11668541007499059,0.3803418803418803,0.7685127274410242
2021-07-14,1047.9352765957447,990.5145336461175,867.0248735494029,0.03821501074175626,109,124,2,0.46382978723404256,0.8790322580645161,0.8297872340425532,0.9446808510638298,46,11,0.10403561911490851,-0.01815549664992202,0.12219111576483052,0.38461538461538464,0.49586368548456206
2021-07-15,1048.6238723404256,992.8651615202765,868.7699570703969,0.0440461316095222,108,127,0,0.4595744680851064,0.8503937007874016,0.8297872340425532,0.9446808510638298,56,15,0.10888540662672766,-0.010223127480024585,0.11910853410675225,0.44017094017094016,0.5794843649920541
2021-07-16,1050.6585957446807,995.1632556573923,870.4612055800939,0.04992055543628893,115,119,1,0.48936170212765956,0.9663865546218487,0.8127659574468085,0.9446808510638298,49,17,0.1299513259613315,-0.00486262459214286,0.13481395055347437,0.4829059829059829,0.6927074661771297
2021-07-19,1049.3358723404256,997.4712004546282,872.0897572869286,0.04433045004874958,85,150,0,0.3617021276595745,0.5666666666666667,0.7787234042553192,0.9404255319148936,36,35,0.1268079473093381,-0.02554410024319431,0.1523520475525324,0.4188034188034188,0.4344079753169587
2021-07-20,1041.3130212765957,999.4757386579378,873.6782872163204,0.030674565783084917,40,194,1,0.1702127659574468,0.20618556701030927,0.6978723404255319,0.9361702127659575,17,54,0.10329788354608166,-0.04277466822494125,0.1460725517710229,0.34615384615384615,0.11225177752752695
2021-07-22,1049.3925957446809,1001.5875153591562,875.3005170092032,0.038986612011736144,173,61,1,0.7361702127659574,2.8360655737704916,0.7446808510638298,0.9404255319148936,37,11,0.10504778699722983,-0.030155760434806455,0.13520354743203628,0.41025641025641024,0.8372814241892085
2021-07-23,1050.9639574468083,1003.81976202946,876.9219971946674,0.04037278540663913,105,130,0,0.44680851063829785,0.8076923076923077,0.7148936170212766,0.9319148936170213,30,23,0.11953593956801155,-0.027704280230869936,0.1472402197988815,0.39148936170212767,0.5440450163837168
2021-07-26,1053.7671489361703,1006.1989426150209,878.5760075007518,0.03950631659884052,107,128,0,0.4553191489361702,0.8359375,0.6893617021276596,0.9319148936170213,36,36,0.11445216009363939,-0.04154069865605867,0.15599285874969804,0.3872340425531915,0.4318086286856651
2021-07-27,1046.3488559322034,1008.2687898191351,880.1817250260267,0.02944906955563109,80,155,0,0.3404255319148936,0.5161290322580645,0.6567796610169492,0.9279661016949152,29,43,0.11152836534297063,-0.047119954452035935,0.15864831979500657,0.3702127659574468,0.533217148266601
2021-07-28,1045.1070338983052,1010.0741228047935,881.7736996692024,0.03224087614206472,87,149,0,0.3686440677966102,0.5838926174496645,0.635593220338983,0.9110169491525424,25,52,0.10900392360043588,-0.04995384485900684,0.15895776845944273,0.40425531914893614,0.40492330111968666
2021-07-29,1046.7471186440678,1011.9183950922047,883.3670387711948,0.027740909208622044,141,95,0,0.597457627118644,1.4842105263157894,0.635593220338983,0.9067796610169492,33,31,0.1145934233453323,-0.044393661190657414,0.15898708453598973,0.39574468085106385,0.7507024246377505
2021-07-30,1054.5544067796611,1013.9696951936099,885.0106233050931,0.03240802454988789,126,109,1,0.5338983050847458,1.1559633027522935,0.6610169491525424,0.9110169491525424,32,21,0.12888389527946842,-0.046925130307694206,0.17580902558716263,0.4085106382978723,0.49563101264107307
2021-08-02,1068.6496610169493,1016.2033328583934,886.7351672433656,0.03764620536566854,160,75,1,0.6779661016949152,2.1333333333333333,0.673728813559322,0.923728813559322,42,8,0.12670858791116282,-0.0379401700621093,0.1646487579732721,0.4,0.7359826717825834
2021-08-03,1073.5925,1018.46617943959,888.4859341101779,0.03678039869082417,129,106,1,0.5466101694915254,1.2169811320754718,0.6949152542372882,0.9279661016949152,53,13,0.11772622551500156,-0.03875492872308166,0.15648115423808323,0.4085106382978723,0.6084975221077835
2021-08-04,1062.5577542372882,1020.5078046098059,890.1868558507964,0.025071710563368876,64,171,1,0.2711864406779661,0.3742690058479532,0.6652542372881356,0.9279661016949152,22,23,0.10441179921212354,-0.04110525995947211,0.14551705917159566,0.37446808510638296,0.3191641865436157
2021-08-05,1061.8171610169493,1022.4681025309994,891.9223966777153,0.023715473044524815,98,137,1,0.4152542372881356,0.7153284671532847,0.652542372881356,0.9152542372881356,28,27,0.09974948828555502,-0.047250156318030485,0.1469996446035855,0.3404255319148936,0.5563807624503821
2021-08-06,1060.8382203389829,1024.3560985617107,893.6263502248252,0.025143761518248375,113,121,2,0.4788135593220339,0.9338842975206612,0.6483050847457628,0.923728813559322,25,18,0.1062518288315026,-0.041062495921045175,0.14731432475254777,0.35319148936170214,0.5119590320895606
2021-08-09,1058.2488983050846,1026.1822406303766,895.3117687338178,0.021016174891516304,87,147,2,0.3686440677966102,0.5918367346938775,0.6059322033898306,0.9152542372881356,25,30,0.09936825425821304,-0.055729346057853846,0.1550976003160669,0.3276595744680851,0.21673888105726757
2021-08-10,1052.902161016949,1027.822752226784,896.9666168751471,0.011180261041130235,53,183,0,0.2245762711864407,0.2896174863387978,0.5,0.8898305084745762,19,82,0.08094684548275147,-0.07713844469962003,0.1580852901823715,0.25957446808510637,0.14309945292374796
2021-08-11,1046.990127118644,1029.3606718631738,898.5951369430546,0.002405069142264571,83,151,2,0.3516949152542373,0.5496688741721855,0.5,0.8728813559322034,10,66,0.06849066986709275,-0.0819904197428434,0.15048108960993617,0.23829787234042554,0.5111467421896982
2021-08-12,1058.9004237288136,1030.9763598249297,900.2653936468516,0.010463572873211868,183,52,1,0.7754237288135594,3.519230769230769,0.5254237288135594,0.9067796610169492,21,17,0.07313076497907556,-0.07079384235871766,0.14392460733779322,0.2680851063829787,0.8380869138040682
2021-08-13,1063.976779661017,1032.606354392509,901.9427482875147,0.014641004964273119,111,124,1,0.4703389830508475,0.8951612903225806,0.5508474576271186,0.8898305084745762,22,15,0.07827508531566704,-0.07724309896224203,0.1555181842779091,0.2680851063829787,0.5892525310100583
2021-08-16,1059.369406779661,1034.1028177417775,903.6307182471772,0.008290810231087686,83,152,1,0.3516949152542373,0.5460526315789473,0.5084745762711864,0.8771186440677966,25,38,0.08273435851245033,-0.08276098377643941,0.16549534228888974,0.2425531914893617,0.659091605610712
2021-08-17,1066.988813559322,1035.5660897394596,905.331711659952,0.016822965538692003,108,128,0,0.4576271186440678,0.84375,0.5084745762711864,0.864406779661017,27,45,0.09252836757048388,-0.0813928590661855,0.17392122663666937,0.2765957446808511,0.2196567932464874
2021-08-18,1067.2586864406778,1036.869052357162,907.0564107690112,0.024916297629961504,104,129,3,0.4406779661016949,0.8062015503875969,0.4957627118644068,0.8686440677966102,25,41,0.11191547932650062,-0.06488815308637504,0.17680363241287567,0.2978723404255319,0.41078016448637455
2021-08-20,1057.470466101695,1038.0941146706489,908.7456286017032,0.007697662809676764,37,199,0,0.15677966101694915,0.18592964824120603,0.4364406779661017,0.8177966101694916,13,84,0.07037880497289482,-0.09751411055048777,0.1678929155233826,0.23404255319148937,0.10796081354271464
2021-08-23,1048.500720338983,1038.9810290774285,910.4025579675903,-0.0023437883767293277,61,174,1,0.2584745762711864,0.3505747126436782,0.3644067796610169,0.7923728813559322,14,90,0.06343635581462924,-0.10688533988208457,0.1703216956967138,0.22127659574468084,0.38389760220764385
2021-08-24,1054.7855696202532,1039.9088994441927,912.104701317875,0.0009664570442446951,175,60,1,0.7415254237288136,2.9166666666666665,0.41350210970464135,0.8185654008438819,17,23,0.07266480569915168,-0.09555288139484436,0.16821768709399604,0.23829787234042554,0.9341687400771396
2021-08-25,1060.1477215189875,1040.9784889173075,913.8117532442473,0.013187633845588298,145,89,3,0.6118143459915611,1.6292134831460674,0.4472573839662447,0.8312236286919831,19,15,0.061227928292222566,-0.08736559139784938,0.14859351969007195,0.23728813559322035,0.4932692063810459
2021-08-26,1065.9109282700422,1042.043103209204,915.5306183659467,0.019905994024494555,117,119,1,0.4936708860759494,0.9831932773109243,0.46835443037974683,0.8438818565400844,30,18,0.06826923076923075,-0.08448683322079675,0.1527560639900275,0.2711864406779661,0.48365524322170816
2021-08-27,1074.7892405063292,1043.351638446681,917.2537274505744,0.026789776979359248,167,68,2,0.7046413502109705,2.4558823529411766,0.48523206751054854,0.8565400843881856,32,6,0.0769373252955241,-0.08747084559215845,0.16440817088768256,0.2542372881355932,0.8499118512818965
2021-08-30,1089.9390717299577,1045.0627275735878,919.0385623288748,0.03355413881238456,198,38,1,0.8354430379746836,5.2105263157894735,0.5611814345991561,0.8776371308016878,52,2,0.09336605929500519,-0.06784423926134087,0.16121029855634605,0.3177966101694915,0.9300679866754586
2021-08-31,1095.9423206751055,1046.967515012731,920.8415237139099,0.02553938924397725,145,92,0,0.6118143459915611,1.576086956521739,0.5738396624472574,0.869198312236287,69,2,0.08470204735216758,-0.07233242134062923,0.1570344686927968,0.288135593220339,0.7739917751210156
2021-09-01,1102.4439240506329,1048.9205345193845,922.673791587438,0.02687371982445197,126,109,2,0.5316455696202531,1.1559633027522935,0.5949367088607594,0.869198312236287,56,1,0.08438046580134406,-0.08231707317073178,0.16669753897207584,0.2966101694915254,0.660134810995377
2021-09-02,1108.5887763713079,1050.8858732946742,924.5226444212597,0.04332096015530085,152,85,0,0.6413502109704642,1.7882352941176471,0.6160337552742616,0.8776371308016878,58,4,0.09925320542282612,-0.059525767865955315,0.15877897328878143,0.3347457627118644,0.7585395208781819
2021-09-03,1113.8477215189876,1052.9625174686435,926.3938236402084,0.04900143114300981,128,107,2,0.540084388185654,1.1962616822429906,0.6244725738396625,0.8860759493670886,52,3,0.10215654621466119,-0.05664730842181431,0.1588038546364755,0.3516949152542373,0.7682472934152582
2021-09-06,1118.0966666666668,1055.1208473977217,928.2585574102228,0.053974720395525866,120,114,3,0.5063291139240507,1.0526315789473684,0.6455696202531646,0.890295358649789,48,2,0.1055861404344407,-0.05396267243711106,0.15954881287155176,0.3644067796610169,0.5176219745975105
2021-09-07,1119.5452742616033,1057.237375861677,930.0360425151554,0.05792245666845708,76,160,1,0.3206751054852321,0.475,0.6244725738396625,0.890295358649789,35,4,0.11476207642393677,-0.05337469813682105,0.16813677456075782,0.3516949152542373,0.31801497017811253
2021-09-08,1121.5791983122363,1059.3406330194111,931.8747673276772,0.06522641878610558,136,98,3,0.5738396624472574,1.3877551020408163,0.6371308016877637,0.8818565400843882,35,2,0.11662968585776023,-0.017277235642297217,0.13390692150005745,0.4491525423728814,0.7591789681499943
2021-09-09,1130.8312658227849,1061.70797237842,933.7344457091928,0.08007825148731329,128,108,1,0.540084388185654,1.1851851851851851,0.6708860759493671,0.8818565400843882,48,7,0.1320558852983562,-0.010019746946536845,0.14207563224489306,0.5,0.6476156357707938
2021-09-13,1142.0593670886076,1064.179295890405,935.662334684374,0.07853329878456172,136,98,3,0.5738396624472574,1.3877551020408163,0.6835443037974683,0.8776371308016878,63,6,0.1301329935877018,-0.03350144092219032,0.16363443450989212,0.4830508474576271,0.6245897778678361
2021-09-14,1145.174117647059,1066.6537544135588,937.5782653162773,0.07631495304992586,142,92,3,0.5991561181434599,1.5434782608695652,0.7016806722689075,0.8781512605042017,56,1,0.1372305801488496,-0.023894179367960455,0.16112475951681005,0.4957627118644068,0.6713852342206309
2021-09-15,1149.711848739496,1069.0504186223914,939.4992249966562,0.08527945151301264,151,86,1,0.634453781512605,1.755813953488372,0.7521008403361344,0.8865546218487395,67,1,0.14076529907445767,-0.0073045676960177275,0.1480698667704754,0.5466101694915254,0.8238656263648658
2021-09-16,1149.5308823529413,1071.330912865195,941.4039200197745,0.07735982584322598,125,113,0,0.5252100840336135,1.1061946902654867,0.7689075630252101,0.8865546218487395,66,1,0.1369625749991712,0.001587951310567881,0.1353746236886033,0.5805084745762712,0.7991187291027326
2021-09-17,1142.9231932773107,1073.4579929009537,943.3167530167286,0.07089612649485666,69,168,1,0.28991596638655465,0.4107142857142857,0.7394957983193278,0.8823529411764706,33,4,0.12449583611409354,-0.00448067291830756,0.1289765090324011,0.5338983050847458,0.20405431890191308
2021-09-20,1127.665798319328,1075.2669284418084,945.1351036240459,0.06638041861954225,33,205,0,0.13865546218487396,0.16097560975609757,0.6176470588235294,0.865546218487395,8,15,0.1288903198111182,-0.0024678529679178496,0.13135817277903605,0.559322033898305,0.30436945665197085
2021-09-21,1131.5898319327732,1077.202345505996,946.9227038754127,0.07924564092519382,139,97,2,0.5840336134453782,1.4329896907216495,0.6428571428571429,0.865546218487395,20,10,0.14861583292860603,0.02131288595816616,0.12730294697043987,0.6567796610169492,0.782253947789194
2021-09-22,1140.1478151260505,1079.2759750000062,948.7220501562832,0.08092852989686783,156,81,1,0.6554621848739496,1.9259259259259258,0.6848739495798319,0.8781512605042017,28,6,0.154793320057123,0.007770121502956557,0.14702319855416646,0.6075949367088608,0.8365196964830115
2021-09-23,1151.6429411764707,1081.483621908642,950.5651209757027,0.0863042176107196,173,65,0,0.726890756302521,2.6615384615384614,0.7310924369747899,0.8865546218487395,51,1,0.15660955414210026,0.015688130371168636,0.14092142377093161,0.6075949367088608,0.8046319071094624
2021-09-24,1147.4678991596638,1083.5434181897076,952.3494303404967,0.07651387064957427,79,159,0,0.3319327731092437,0.4968553459119497,0.7016806722689075,0.865546218487395,34,11,0.13870277332377665,0.012440590552188715,0.12626218277158793,0.5654008438818565,0.3849024959035216
2021-09-27,1143.4403361344537,1085.4535193804818,954.0987195757541,0.06387400714560854,94,141,3,0.3949579831932773,0.6666666666666666,0.7100840336134454,0.8697478991596639,33,27,0.13437735084424146,0.0006213283154172371,0.13375602252882424,0.5232067510548524,0.7165164084505083
2021-09-28,1137.0489915966389,1087.222021765606,955.7844562367941,0.04322252600038268,97,140,1,0.40756302521008403,0.6928571428571428,0.7016806722689075,0.8697478991596639,26,33,0.1133824957536668,-0.017459068770965567,0.13084156452463236,0.45147679324894513,0.6602421828566916
2021-09-29,1132.570462184874,1088.86025909441,957.448198067369,0.03342159602633599,132,106,0,0.5546218487394958,1.2452830188679245,0.7184873949579832,0.865546218487395,37,29,0.11021660631756479,-0.023601960473959727,0.1338185667915245,0.4472573839662447,0.8206839903027867
2021-09-30,1139.2791176470587,1090.6591240005428,959.1357026075694,0.033412305871381554,113,123,2,0.47478991596638653,0.9186991869918699,0.7226890756302521,0.8907563025210085,39,34,0.11481009415966091,-0.02344696386546754,0.13825705802512844,0.42616033755274263,0.735605728568435
2021-10-01,1146.9360084033615,1092.7715837430778,960.8592437849575,0.034591033978869756,118,118,2,0.4957983193277311,1.0,0.726890756302521,0.8823529411764706,35,26,0.1107609122870036,-0.03577704490107549,0.1465379571880791,0.39662447257383965,0.7551120893515106
2021-10-04,1166.3944957983194,1095.1116217441506,962.6614784910231,0.04717590498607138,185,52,1,0.7773109243697479,3.5576923076923075,0.7689075630252101,0.8907563025210085,57,9,0.12204233190041101,-0.0214546008481449,0.1434969327485559,0.4641350210970464,0.773093852637456
2021-10-05,1168.9068907563026,1097.4704804103405,964.4495664382546,0.04544349840619244,143,92,3,0.6008403361344538,1.5543478260869565,0.8151260504201681,0.8823529411764706,45,8,0.12292912938175271,-0.014825858739900763,0.1377549881216535,0.48523206751054854,0.6463724361868595
2021-10-06,1157.6934033613445,1099.549005498844,966.1863629310438,0.03407466404152504,57,180,1,0.23949579831932774,0.31666666666666665,0.7352941176470589,0.8907563025210085,21,15,0.11703363182492042,-0.028277959676880595,0.145311591501801,0.45569620253164556,0.2953873449465869
2021-10-07,1171.0503781512605,1102.043035943225,967.9712004113197,0.044108503361571794,167,69,2,0.7016806722689075,2.420289855072464,0.7857142857142857,0.8907563025210085,39,6,0.13076176360757602,-0.02146705275264497,0.15222881636022098,0.47257383966244726,0.8515884264884593
2021-10-08,1175.8732352941174,1104.6583599711414,969.7790849284017,0.0398308490688577,124,112,2,0.5210084033613446,1.1071428571428572,0.8067226890756303,0.8907563025210085,39,11,0.13853751585366894,-0.021012229846818387,0.15954974570048733,0.4430379746835443,0.768929679038477
2021-10-11,1181.189288702929,1107.3472033723185,971.6118966557592,0.03426259854955993,143,94,1,0.6008403361344538,1.5212765957446808,0.799163179916318,0.895397489539749,59,13,0.14396917332811743,-0.02369027592434205,0.16765944925245949,0.459915611814346,0.7909319275414705
2021-10-12,1183.757447698745,1109.9312641907004,973.5840402261306,0.03369210800097511,122,116,1,0.5104602510460251,1.0517241379310345,0.7907949790794979,0.895397489539749,59,14,0.1402515616383242,-0.03144541511539489,0.1716969767537191,0.46638655462184875,0.7427894819645784
2021-10-13,1189.0446861924686,1112.3391646942107,975.5606881112415,0.03421103948445503,130,105,4,0.5439330543933054,1.2380952380952381,0.7949790794979079,0.899581589958159,60,8,0.14843221878975124,-0.0304996085609896,0.17893182735074084,0.4789915966386555,0.8130897585483762
2021-10-14,1193.8714225941424,1114.7447431460937,977.4867395473561,0.03857272642422771,124,113,2,0.5188284518828452,1.0973451327433628,0.7907949790794979,0.895397489539749,62,7,0.1371095388782228,-0.02590515926306857,0.16301469814129138,0.4579831932773109,0.6718584224983497
2021-10-18,1201.9096234309625,1117.5317805299671,979.4312442147294,0.05161014362173311,135,103,1,0.5648535564853556,1.3106796116504855,0.803347280334728,0.895397489539749,74,13,0.1722713784488281,-0.024977878164149026,0.19724925661297713,0.5210084033613446,0.8773663347233216
2021-10-19,1185.2994142259415,1120.001425594147,981.2651284037631,0.05110877353246912,46,193,0,0.19246861924686193,0.23834196891191708,0.7656903765690377,0.8870292887029289,30,25,0.17256223999718576,-0.025131966704250774,0.19769420670143653,0.5546218487394958,0.3084133105410038
2021-10-20,1162.5525104602511,1122.0357113965722,982.9853654102128,0.027362103876979127,50,188,1,0.20920502092050208,0.26595744680851063,0.7071129707112971,0.8661087866108786,14,44,0.14844724119571545,-0.03862377461782601,0.18707101581354146,0.453781512605042,0.4747992251026058
2021-10-21,1151.3703765690377,1123.8981409618514,984.6363089961146,0.00984307586621691,90,148,1,0.37656903765690375,0.6081081081081081,0.6610878661087866,0.8493723849372385,23,51,0.13550890128915227,-0.05447049144090748,0.18997939273005976,0.4369747899159664,0.7188031819190225
2021-10-22,1138.0400836820081,1125.6008994151525,986.2200273184549,-0.0118116970183193,77,159,3,0.32217573221757323,0.48427672955974843,0.6359832635983264,0.8451882845188284,17,55,0.10728204983228863,-0.06451925330000775,0.17180130313229638,0.35714285714285715,0.607901929152174
2021-10-25,1119.4123012552302,1127.0493428978843,987.6795990867396,-0.024450006771413735,57,180,2,0.2384937238493724,0.31666666666666665,0.5313807531380753,0.8200836820083682,11,79,0.09676199033480466,-0.08218793558676915,0.17894992592157383,0.2857142857142857,0.33175864717746023
2021-10-26,1135.024351464435,1128.5718214525966,989.1764621104375,-0.007360230703833626,183,55,1,0.7656903765690377,3.327272727272727,0.5857740585774058,0.8242677824267782,15,18,0.11473637317798821,-0.055071002291255985,0.16980737546924418,0.3277310924369748,0.7381463555393785
2021-10-27,1138.7753974895397,1130.0677938091671,990.662704381728,0.0015183214669376444,108,130,1,0.45188284518828453,0.8307692307692308,0.6108786610878661,0.8158995815899581,18,25,0.10974283805275817,-0.04529070137485379,0.15503353942761194,0.3319327731092437,0.4204494293502999
2021-10-28,1124.5705439330543,1131.371816552235,992.0741022978998,-0.007063505997134012,45,193,1,0.18828451882845187,0.23316062176165803,0.5104602510460251,0.803347280334728,9,65,0.07494071222794613,-0.06957088613057813,0.14451159835852426,0.27310924369747897,0.06886870252050036
2021-10-29,1121.4330543933054,1132.4607013689147,993.4543955174645,-0.015664346846460786,108,129,2,0.45188284518828453,0.8372093023255814,0.48535564853556484,0.7949790794979079,11,51,0.0655998936797888,-0.0694165385853698,0.13501643226515858,0.23529411764705882,0.5270251109902032
2021-11-01,1133.4989539748954,1133.785506719599,994.851513868125,-0.01171560952835693,178,57,4,0.7447698744769874,3.1228070175438596,0.5606694560669456,0.8075313807531381,15,17,0.08571240986706662,-0.053795002876911094,0.1395074127439777,0.28991596638655465,0.9179591759124317
2021-11-02,1141.2685774058575,1135.4614689456823,996.2721779341936,-0.02154152688732036,140,97,2,0.5857740585774058,1.443298969072165,0.5606694560669456,0.8117154811715481,18,17,0.07736839482846102,-0.07102236781525738,0.1483907626437184,0.27310924369747897,0.7498046113388739
2021-11-03,1139.4041841004182,1137.2795382209108,997.6775899027307,-0.02523956945518191,93,141,5,0.3891213389121339,0.6595744680851063,0.5606694560669456,0.8075313807531381,18,26,0.07238606043508122,-0.07523295528701626,0.14761901572209749,0.24789915966386555,0.4791509397370971
2021-11-04,1146.5851882845188,1139.1155305941963,999.1361138790878,-0.009595126865690973,198,26,15,0.8284518828451883,7.615384615384615,0.5941422594142259,0.8368200836820083,18,5,0.08487575949048598,-0.062009348623096275,0.14688510811358224,0.2857142857142857,0.9389951168271343
2021-11-08,1150.8182008368203,1140.928940180553,1000.6034072850186,-0.01727694870512808,153,84,2,0.6401673640167364,1.8214285714285714,0.6234309623430963,0.8451882845188284,31,6,0.07769663445215488,-0.05942159227146704,0.13711822672362192,0.2815126050420168,0.8489050857690372
2021-11-09,1158.052970711297,1142.771781029378,1002.1544950643392,-0.015154919805928868,148,88,3,0.6192468619246861,1.6818181818181819,0.6276150627615062,0.8535564853556485,32,6,0.08529405160317133,-0.05486537813720614,0.14015942974037748,0.31932773109243695,0.6622843080198219
2021-11-10,1160.0121338912136,1144.4762388970757,1003.762175602791,-0.01792867156370015,109,128,2,0.4560669456066946,0.8515625,0.6192468619246861,0.8410041841004184,33,11,0.07336479857096416,-0.05528321375218446,0.12864801232314863,0.2803347280334728,0.2232565460836837
2021-11-11,1157.626569037657,1145.8299888432296,1005.3132549545294,-0.022074521019392224,81,157,1,0.3389121338912134,0.5159235668789809,0.5983263598326359,0.8200836820083682,19,16,0.06568027202678715,-0.07191572488881186,0.137595996915599,0.26359832635983266,0.49381582237121485
2021-11-12,1160.41589958159,1147.1194604213595,1006.862028557241,-0.024077132628675946,136,102,1,0.5690376569037657,1.3333333333333333,0.606694560669456,0.8200836820083682,29,18,0.06559061071763826,-0.07258832627895452,0.13817893699659278,0.25523012552301255,0.5573600620459337
2021-11-15,1165.7341666666666,1148.38526527368,1008.4521094342424,-0.023568078936286763,108,131,0,0.45188284518828453,0.8244274809160306,0.5916666666666667,0.8083333333333333,34,30,0.06290652854648822,-0.07769207791375188,0.14059860646024008,0.24267782426778242,0.3825804584025254
2021-11-16,1169.090333333333,1149.5952964129206,1010.084749310516,-0.02730595500512234,100,138,2,0.4166666666666667,0.7246376811594203,0.575,0.8041666666666667,32,25,0.04220503253521351,-0.08347948518483501,0.12568451772004852,0.19246861924686193,0.42110372618752157
2021-11-17,1167.8579166666668,1150.6755003158742,1011.7375314702684,-0.014714845337762017,91,149,0,0.37916666666666665,0.610738255033557,0.5583333333333333,0.8041666666666667,26,36,0.05861093963782711,-0.0804878871245237,0.1390988267623508,0.2384937238493724,0.3618029039446411
2021-11-18,1153.6615,1151.3867969825408,1013.3454164811857,-0.007647835586137353,47,193,0,0.19583333333333333,0.24352331606217617,0.49166666666666664,0.7916666666666666,9,54,0.05839640016221279,-0.07132889529533189,0.1297252954575447,0.21338912133891214,0.2621943829781703
2021-11-22,1129.5545,1151.5869814973087,1014.8528385445044,-0.018947748711450108,29,211,0,0.12083333333333333,0.13744075829383887,0.375,0.725,5,90,0.043140804155595965,-0.10210202129960655,0.1452428254552025,0.200836820083682,0.09703696761091615
2021-11-23,1141.3435416666666,1151.9822683643972,1016.4619293969425,0.0029027606602136657,189,51,0,0.7875,3.7058823529411766,0.43333333333333335,0.7458333333333333,11,18,0.06914363545984635,-0.07671532553787405,0.1458589609977204,0.24267782426778242,0.9301225331401889
2021-11-24,1132.8612500000002,1152.0228680479415,1017.9574251665933,0.012014294223575472,94,144,2,0.39166666666666666,0.6527777777777778,0.43333333333333335,0.7416666666666667,12,23,0.07323033249621562,-0.05919140401905174,0.13242173651526737,0.2928870292887029,0.43700925452471245
2021-11-25,1137.5469583333334,1151.932619872836,1019.381443653912,0.0022225134338691444,142,96,2,0.5916666666666667,1.4791666666666667,0.43333333333333335,0.75,21,18,0.061671168652167874,-0.06536215780238441,0.1270333264545523,0.2384937238493724,0.5266499546069507
2021-11-26,1118.8013749999998,1151.405165019895,1020.6550727028251,-0.017539913958075637,41,199,0,0.17083333333333334,0.20603015075376885,0.25833333333333336,0.6875,5,81,0.041385624497053235,-0.09160228086908961,0.13298790536614286,0.18828451882845187,0.060742535780326325
2021-11-29,1110.3279583333335,1150.6174872117717,1021.8184401031874,-0.012664910775547211,58,181,1,0.24166666666666667,0.32044198895027626,0.2375,0.6666666666666666,6,109,0.049873258425123496,-0.09124001201370854,0.14111327043883204,0.200836820083682,0.25603489334035395
2021-11-30,1115.6227916666664,1149.939325398046,1023.0280255832599,-0.005181105286558796,145,92,3,0.6041666666666666,1.576086956521739,0.26666666666666666,0.6666666666666666,4,57,0.06276137952283034,-0.08110309870363046,0.1438644782264608,0.2217573221757322,0.4585710249665451
2021-12-01,1118.9790833333332,1149.4604431991668,1024.2156081738397,-0.012809778598069865,139,99,2,0.5791666666666667,1.404040404040404,0.275,0.6833333333333333,8,27,0.033100599592567684,-0.08939946870209792,0.1225000682946656,0.18410041841004185,0.8477032328692167
2021-12-02,1131.0873749999998,1149.5288747327802,1025.4529287444918,-0.00892095218200073,185,54,1,0.7708333333333334,3.425925925925926,0.3125,0.7166666666666667,19,4,0.04502085412653663,-0.07950135528787816,0.12452220941441479,0.18828451882845187,0.8395781666588882
2021-12-03,1128.0249583333332,1149.4575772607914,1026.6690281013757,-0.009986996647786683,96,143,1,0.4,0.6713286713286714,0.31666666666666665,0.7125,10,12,0.04875198977637695,-0.07988562114645595,0.1286376109228329,0.200836820083682,0.529741715031164
2021-12-06,1113.1835416666665,1148.9182917916037,1027.7642160271005,-0.029131412963590342,37,202,1,0.15416666666666667,0.18316831683168316,0.2625,0.6875,9,53,0.025232772463944533,-0.10550940329191631,0.13074217575586083,0.14225941422594143,0.16340516146403636
2021-12-07,1123.1078750000001,1148.3475904680743,1028.8965227934048,-0.024078803947200855,194,44,2,0.8083333333333333,4.409090909090909,0.3375,0.7083333333333334,15,14,0.032158817307242245,-0.10121404407949326,0.13337286138673551,0.16736401673640167,0.9432979624956168
2021-12-08,1136.2112083333334,1148.1224566515477,1030.0820616611584,-0.018860762789242647,203,37,0,0.8458333333333333,5.486486486486487,0.37916666666666665,0.7416666666666667,21,3,0.033884999489045775,-0.08800831389550719,0.12189331338455296,0.1589958158995816,0.9305303348311952
2021-12-09,1142.2799166666666,1148.099248262192,1031.2973462444918,-0.015286234261244314,147,93,0,0.6125,1.5806451612903225,0.4,0.75,21,1,0.03778354081375031,-0.08227153290277318,0.12005507371652349,0.16317991631799164,0.7694203933312334
2021-12-10,1145.6545833333332,1148.2713600969257,1032.537425248115,-0.010341837363214701,149,88,3,0.6208333333333333,1.6931818181818181,0.45416666666666666,0.7666666666666667,32,3,0.052451688583870844,-0.06947153605826609,0.12192322464213692,0.20920502092050208,0.8414419535697024
2021-12-13,1143.0220000000002,1148.4803908532283,1033.7494548133322,-0.014989366819139316,90,149,1,0.375,0.6040268456375839,0.4375,0.75,34,7,0.05629040991758778,-0.07401047831914873,0.13030088823673652,0.2175732217573222,0.315170040221626
2021-12-14,1141.412406639004,1148.5230566330672,1035.0093596726144,-0.020863899097346428,105,135,0,0.4375,0.7777777777777778,0.4190871369294606,0.7178423236514523,27,14,0.0429869632867564,-0.07273988301231298,0.11572684629906937,0.19166666666666668,0.40654245788421994
2021-12-15,1137.0940248962654,1148.3262169629252,1036.3006458840523,-0.027368551021920817,78,161,2,0.3236514522821577,0.484472049689441,0.3941908713692946,0.7095435684647303,16,13,0.0480273020170184,-0.08009344292751694,0.12812074494453535,0.19583333333333333,0.14208831500964467
2021-12-16,1131.664315352697,1147.6316133540129,1037.5474122434243,-0.030991442364217248,86,155,0,0.35684647302904565,0.5548387096774193,0.36099585062240663,0.6887966804979253,18,20,0.03183045419547797,-0.07993273528988717,0.11176318948536515,0.15833333333333333,0.3293394973968028
2021-12-17,1112.2241078838174,1146.4979576965632,1038.6711997393652,-0.03591815460269976,29,212,0,0.12033195020746888,0.13679245283018868,0.3029045643153527,0.6390041493775933,5,59,0.032461805669632214,-0.08919974701451575,0.12166155268414797,0.14166666666666666,0.05765687309230153
2021-12-20,1084.4784232365146,1145.0336580940666,1039.6249279425042,-0.039906066297363596,15,226,0,0.06224066390041494,0.06637168141592921,0.1991701244813278,0.5643153526970954,1,120,0.02688859430227596,-0.09452456803446124,0.1214131623367372,0.11666666666666667,0.10884917765320659
2021-12-21,1096.8664315352696,1143.5499791617467,1040.701454013224,-0.03896908205784255,186,54,1,0.7717842323651453,3.4444444444444446,0.26141078838174275,0.5850622406639004,5,38,0.013683537544648476,-0.09244505908225573,0.1061285966269042,0.14166666666666666,0.8578241783170893
2021-12-22,1109.3439256198346,1142.219392968261,1041.7836469021927,-0.020759227469529518,191,50,0,0.7925311203319502,3.82,0.3181818181818182,0.6033057851239669,14,12,0.032096044908542544,-0.08423259239051474,0.11632863729905729,0.1625,0.9219141060032893
2021-12-23,1119.4369008264462,1140.9843452107314,1042.8533627106729,-0.01592027245488048,164,78,0,0.6776859504132231,2.1025641025641026,0.34297520661157027,0.6115702479338843,15,5,0.04281243360012892,-0.07665577488947768,0.1194682084896066,0.16666666666666666,0.5690808629548851
2021-12-24,1111.0056378600823,1139.5293090139583,1043.8472558999733,-0.006967936681269715,55,185,2,0.22727272727272727,0.2972972972972973,0.30864197530864196,0.5925925925925926,14,16,0.051685530113232764,-0.05790150770166347,0.10958703781489623,0.20416666666666666,0.2839226523873838
2021-12-27,1118.7166255144034,1138.1227478003968,1044.8835725773288,0.007555125598802226,145,98,0,0.5967078189300411,1.4795918367346939,0.32510288065843623,0.5843621399176955,22,15,0.07921262136799183,-0.047195230604787496,0.12640785197277932,0.3,0.8237247352076537
2021-12-28,1127.7730327868853,1136.8007800042517,1046.0001981308735,0.010890993990959386,204,37,2,0.8395061728395061,5.513513513513513,0.3729508196721312,0.6229508196721312,35,5,0.08591155575459761,-0.031522152625673254,0.11743370838027087,0.32083333333333336,0.9099294708917202
2021-12-29,1132.5434016393442,1135.4134555684193,1047.128058645564,0.012122048131234298,116,125,3,0.47540983606557374,0.928,0.4139344262295082,0.6270491803278688,32,5,0.0936907785057684,-0.035891212520517676,0.1295819910262861,0.32083333333333336,0.608720193435489
2021-12-30,1134.6353278688525,1134.4001738412776,1048.2795919948649,0.003136762859591302,99,142,3,0.4057377049180328,0.6971830985915493,0.4262295081967213,0.6311475409836066,29,10,0.07136529540884708,-0.053056248536865615,0.1244215439457127,0.26666666666666666,0.4915269578274867
2021-12-31,1145.9388114754101,1134.0678998615808,1049.462661160467,0.015880724100772348,195,47,2,0.7991803278688525,4.148936170212766,0.5081967213114754,0.6475409836065574,48,2,0.08057403168576084,-0.036723219270392155,0.117297250956153,0.31666666666666665,0.8848149084106622
2022-01-03,1153.4965573770494,1134.110423477741,1050.6958166746251,0.03621416792600618,182,62,0,0.7459016393442623,2.935483870967742,0.5450819672131147,0.6885245901639344,53,1,0.10841320178675229,-0.01179351992402437,0.12020672171077666,0.4083333333333333,0.9355054962158433
2022-01-04,1158.1095901639344,1134.5118136073795,1051.981600989081,0.031165051855712722,143,100,1,0.5860655737704918,1.43,0.569672131147541,0.680327868852459,43,0,0.09814253467779994,-0.017262382939798822,0.11540491761759877,0.3541666666666667,0.555709247256515
2022-01-05,1160.0730737704916,1135.3250290576848,1053.2626618124789,0.021001258623526864,129,114,1,0.5286885245901639,1.131578947368421,0.6065573770491803,0.7131147540983607,48,3,0.08354334078727682,-0.027742079081638057,0.11128541986891488,0.32083333333333336,0.6744093764696537
2022-01-06,1156.0261475409836,1135.7450649792156,1054.5875871389285,0.012034030077697988,109,132,3,0.44672131147540983,0.8257575757575758,0.6065573770491803,0.7008196721311475,39,5,0.08069244279757168,-0.03698518895923752,0.1176776317568092,0.2833333333333333,0.761246203583568
2022-01-07,1156.995942622951,1136.109475881884,1055.9711302719566,0.009899457877277085,122,121,1,0.5,1.0082644628099173,0.6311475409836066,0.7090163934426229,38,5,0.06478679192195132,-0.042144107487090604,0.10693089940904192,0.2625,0.6072782945805698
2022-01-10,1164.993114754098,1136.917927298305,1057.346751906333,0.01922195264316695,166,76,2,0.680327868852459,2.1842105263157894,0.680327868852459,0.7295081967213115,69,2,0.08107310001395929,-0.0299919313269146,0.1110650313408739,0.32916666666666666,0.9517580594391063
2022-01-11,1166.536024590164,1137.819986702242,1058.705093284695,0.02201099077338653,112,131,1,0.45901639344262296,0.8549618320610687,0.6475409836065574,0.7172131147540983,59,3,0.0868390358505211,-0.02961762013477587,0.11645665598529698,0.34439834024896265,0.5779706664517169
2022-01-12,1174.1570081967216,1138.6331477866784,1060.0764170702676,0.03259447546902483,152,90,2,0.6229508196721312,1.6888888888888889,0.7090163934426229,0.7336065573770492,73,6,0.10017241379310349,-0.018033558099419866,0.11820597189252335,0.3983402489626556,0.8696268654726664
2022-01-13,1180.3992213114752,1139.415760664791,1061.5397377457905,0.04306480755610753,148,95,1,0.6065573770491803,1.5578947368421052,0.7581967213114754,0.7540983606557377,81,5,0.1108162320629531,-0.00070911927386208,0.11152535133681518,0.45228215767634855,0.5651087070767105
2022-01-14,1181.736680327869,1140.26241058934,1063.0872700698437,0.0624987104229473,127,115,2,0.5204918032786885,1.1043478260869566,0.7540983606557377,0.7540983606557377,77,6,0.14107968346000144,0.018939599922315198,0.12214008353768624,0.6265560165975104,0.6794038726991221
2022-01-17,1187.0072950819674,1141.070852725289,1064.621551609631,0.0945421039724017,144,98,2,0.5901639344262295,1.469387755102041,0.7868852459016393,0.7663934426229508,86,7,0.1844953454279583,0.04960130751324865,0.13489403791470966,0.7966804979253111,0.6584344611240935
2022-01-18,1169.601147540984,1141.4465116593722,1066.0051195790957,0.06631137020385292,36,208,0,0.14754098360655737,0.17307692307692307,0.6926229508196722,0.7172131147540983,16,18,0.14841345346689794,0.02224208265463501,0.12617137081226293,0.6556016597510373,0.1548292593611334
2022-01-19,1168.5323770491805,1141.6560997861297,1067.3711763141268,0.053354464798889945,121,123,0,0.4959016393442623,0.983739837398374,0.680327868852459,0.7008196721311475,27,21,0.13679482605697918,0.006585951811340567,0.13020887424563862,0.5909090909090909,0.6169445246376027
2022-01-20,1166.1900409836067,1141.7796579279775,1068.6957589224785,0.04176487314527866,110,131,3,0.45081967213114754,0.8396946564885496,0.6680327868852459,0.6885245901639344,35,27,0.12618164079509617,-0.007326016730999501,0.13350765752609567,0.5371900826446281,0.5497557248491162
2022-01-21,1151.1516393442623,1141.6501593341097,1069.9846729131912,0.03613483146809737,43,201,0,0.1762295081967213,0.21393034825870647,0.5737704918032787,0.6639344262295082,11,40,0.1158209999256278,-0.004042409609913707,0.1198634095355415,0.4897119341563786,0.08878132885764986
2022-01-24,1111.7154918032786,1140.6761511785435,1071.046379556757,-0.006258183307060072,8,236,0,0.03278688524590164,0.03389830508474576,0.3524590163934426,0.5737704918032787,1,113,0.07637377314212977,-0.04549493652713788,0.12186870966926766,0.27983539094650206,0.02682046085166457
2022-01-25,1120.6492622950818,1139.7744530911118,1072.0960082716658,-0.006316670362475074,171,73,0,0.7008196721311475,2.3424657534246576,0.4180327868852459,0.6147540983606558,9,44,0.08504165788639782,-0.04893583371555257,0.13397749160195038,0.28688524590163933,0.7261276278855214
2022-01-27,1101.7906147540984,1138.428458719527,1073.0216491136766,-0.027153738073729894,93,151,0,0.38114754098360654,0.6158940397350994,0.39344262295081966,0.5778688524590164,14,73,0.07780615198413804,-0.06576191076952646,0.14356806275366452,0.2540983606557377,0.6723758261429547
2022-01-28,1108.167786885246,1137.2346561238987,1073.948062940807,-0.023326914237122964,159,82,3,0.6516393442622951,1.9390243902439024,0.4426229508196721,0.5901639344262295,10,36,0.09134899373960438,-0.062310264873094386,0.15365925861269877,0.29918032786885246,0.4549257997914841
2022-01-31,1121.7273360655736,1136.59597284521,1075.096344256328,-0.02112806998714356,173,69,2,0.7090163934426229,2.5072463768115942,0.48770491803278687,0.610655737704918,21,13,0.09386192613404547,-0.06762209585195995,0.16148402198600542,0.27459016393442626,0.9236606668652956
2022-02-01,1130.2556147540984,1136.609995140292,1076.2509203987677,-0.02014825486414884,150,92,2,0.6147540983606558,1.6304347826086956,0.5122950819672131,0.6311475409836066,19,11,0.07804362868324347,-0.06589237707127885,0.1439360057545223,0.27049180327868855,0.7173745346201832
2022-02-02,1142.1507786885247,1136.6261398807294,1077.4591017600217,-0.013780052950904786,196,46,2,0.8032786885245902,4.260869565217392,0.5901639344262295,0.6434426229508197,34,3,0.08768073870821613,-0.054234012472770085,0.14191475118098623,0.3114754098360656,0.8886931804969054
2022-02-03,1136.6241632653064,1136.7013981460354,1078.5897478982365,-0.020213304692066614,75,168,1,0.3073770491803279,0.44642857142857145,0.5469387755102041,0.6285714285714286,26,14,0.08591013880965846,-0.06572975513599541,0.15163989394565386,0.2827868852459016,0.4645433993277562
2022-02-04,1130.7670612244897,1136.5658002038588,1079.7673744436752,-0.02184992646595696,79,164,2,0.3224489795918367,0.4817073170731707,0.5224489795918368,0.6163265306122448,21,17,0.07037084251983346,-0.06666229851095751,0.13703314103079095,0.25,0.49123451058929046
2022-02-07,1118.0755510204083,1136.5512837242668,1080.864091087666,-0.03363917725960963,55,189,1,0.22448979591836735,0.291005291005291,0.46122448979591835,0.6122448979591837,17,40,0.06595890758318775,-0.08229510520978771,0.14825401279297545,0.25,0.48831695709891754
2022-02-08,1112.0891020408164,1136.5865065984162,1081.912711384195,-0.045411438096308765,67,178,0,0.27346938775510204,0.37640449438202245,0.40816326530612246,0.5877551020408164,6,48,0.03829949864975123,-0.09877623684648999,0.13707573549624122,0.18032786885245902,0.4686605162845601
2022-02-09,1126.517918367347,1136.80440913243,1083.0261535401341,-0.0343050753506533,165,79,1,0.673469387755102,2.088607594936709,0.45714285714285713,0.6,15,26,0.048323430373562515,-0.09119680322506878,0.1395202335986313,0.19672131147540983,0.7138643116377937
2022-02-10,1127.0728571428572,1136.9662846086205,1084.1136334241392,-0.04010038753350076,130,111,4,0.5306122448979592,1.1711711711711712,0.4530612244897959,0.6,14,25,0.04316237450203594,-0.0980426697003772,0.14120504420241314,0.18032786885245902,0.728176861280122
2022-02-11,1108.504081632653,1136.5146187412736,1085.0540384476872,-0.06090747806402619,30,215,0,0.12244897959183673,0.13953488372093023,0.40408163265306124,0.5714285714285714,6,52,0.0237972802322509,-0.11562920210838024,0.13942648234063112,0.12704918032786885,0.5033759582610291
2022-02-14,1076.1268571428573,1135.476656717464,1085.800762263316,-0.08936832116923932,8,237,0,0.0326530612244898,0.03375527426160337,0.22448979591836735,0.49387755102040815,0,137,-0.02261892838472357,-0.15577228286689,0.13315335448216642,0.05327868852459016,0.01033940164660174
2022-02-15,1099.088,1135.1947458841307,1086.6627935026322,-0.07406803264498585,213,32,0,0.8693877551020408,6.65625,0.31020408163265306,0.5387755102040817,1,21,-0.011921492498626632,-0.14225349224419342,0.1303319997455668,0.05737704918032787,0.820370113149224
2022-02-16,1101.789224489796,1134.7683728739266,1087.5675488131153,-0.05797867349374475,123,121,1,0.5020408163265306,1.0165289256198347,0.34285714285714286,0.5551020408163265,2,14,0.011577212238306227,-0.12212008172456627,0.1336972939628725,0.0860655737704918,0.6997521567724235
2022-02-17,1099.9748979591839,1134.0436466664437,1088.4346207388087,-0.05866973002760989,83,161,1,0.33877551020408164,0.515527950310559,0.3183673469387755,0.5387755102040817,7,29,-0.000888596220944147,-0.12788199963150554,0.1269934034105614,0.07377049180327869,0.5938099785283256
2022-02-18,1093.7571428571428,1133.073191190253,1089.285123119761,-0.06211071573323623,60,183,2,0.24489795918367346,0.32786885245901637,0.30612244897959184,0.5387755102040817,7,51,-0.0014890662608297582,-0.13489103325457766,0.1334019669937479,0.06147540983606557,0.08841637658566545
2022-02-21,1080.357551020408,1131.7672505439948,1090.0314484817006,-0.06149849064557755,30,214,1,0.12244897959183673,0.14018691588785046,0.24081632653061225,0.5102040816326531,3,89,0.003711042976631873,-0.13822871555327287,0.14193975852990476,0.07377049180327869,0.06938432188695977
2022-02-22,1074.3464081632653,1130.39373870726,1090.7244110780725,-0.03361389124783898,57,188,0,0.23265306122448978,0.30319148936170215,0.2,0.46938775510204084,3,108,0.022248091918828955,-0.11602355734804096,0.1382716492668699,0.12295081967213115,0.39520278271709314
2022-02-23,1083.246,1129.23041057448,1091.4709479156795,-0.03337642164550225,165,78,2,0.673469387755102,2.1153846153846154,0.22448979591836735,0.4775510204081633,1,34,0.0182709661019167,-0.11425991521473751,0.13253088131665422,0.07377049180327869,0.7335955328107792
2022-02-24,1034.4100408163267,1127.176730892881,1091.9375675642054,-0.061155516334480575,2,243,0,0.00816326530612245,0.00823045267489712,0.053061224489795916,0.32653061224489793,0,194,-0.030191321743506267,-0.17046985782675841,0.14027853608325214,0.02459016393442623,0.00012045827969631391
2022-02-25,1068.1135510204083,1125.9057156062354,1092.5591165158887,-0.03614455891866253,227,18,0,0.926530612244898,12.61111111111111,0.1469387755102041,0.4204081632653061,1,13,-0.0011388796456495334,-0.1338031470073775,0.13266426736172796,0.06557377049180328,0.926900980566882
2022-02-28,1076.8067755102043,1125.197368958763,1093.2463922737816,-0.04004588201703896,167,78,0,0.6816326530612244,2.141025641025641,0.18775510204081633,0.43673469387755104,11,16,-0.005787284347786232,-0.13591588503563456,0.13012860068784834,0.0778688524590164,0.6033603877062687
2022-03-02,1069.0825714285716,1124.8894519226042,1093.9177645326338,-0.05412319348560435,91,153,1,0.37142857142857144,0.5947712418300654,0.16326530612244897,0.43673469387755104,12,23,-0.018185968997891176,-0.14215957515924962,0.12397360616135844,0.04918032786885246,0.5995506643404559
2022-03-03,1068.4783265306123,1124.3216898225112,1094.5458736866544,-0.0645032630827489,124,120,1,0.5061224489795918,1.0333333333333334,0.17959183673469387,0.44081632653061226,10,31,-0.0270232112099261,-0.1471806793386076,0.1201574681286815,0.040983606557377046,0.5430426808534672
2022-03-04,1048.1893469387755,1123.0985982488899,1095.0126184982714,-0.0778048005529588,33,211,1,0.1346938775510204,0.15639810426540285,0.14285714285714285,0.3836734693877551,1,56,-0.03995204227864258,-0.15794593565749138,0.1179938933788488,0.0326530612244898,0.11730827034698288
2022-03-07,1022.1592244897959,1121.153044722157,1095.350747099353,-0.09604793105406173,39,206,0,0.15918367346938775,0.18932038834951456,0.08163265306122448,0.3306122448979592,3,99,-0.05326619575356457,-0.17986101737748353,0.12659482162391897,0.0326530612244898,0.2648037744719232
2022-03-08,1035.9002448979593,1119.6509368629145,1095.7703013152957,-0.07349709601238663,195,48,2,0.7959183673469388,4.0625,0.11836734693877551,0.37551020408163266,8,25,-0.03284357609032,-0.15545278451687344,0.12260920842655344,0.044897959183673466,0.773812502946408
2022-03-09,1057.0353469387755,1118.4173112914018,1096.2706391611007,-0.04950480586583461,216,29,0,0.8816326530612245,7.448275862068965,0.17551020408163265,0.39591836734693875,14,4,-0.004934361555957593,-0.13451636916031454,0.12958200760435695,0.0653061224489796,0.8432200201478125
2022-03-10,1070.7164897959183,1117.2761804315824,1096.8219707553794,-0.04953443497135068,182,61,2,0.7428571428571429,2.9836065573770494,0.21224489795918366,0.4163265306122449,13,3,-0.008783697873514736,-0.12226656501323126,0.11348286713971652,0.07755102040816327,0.7871406834731521
2022-03-11,1076.6873877551022,1116.1590601538978,1097.4030252155226,-0.04470471369125395,137,106,2,0.5591836734693878,1.2924528301886793,0.27346938775510204,0.43673469387755104,34,4,0.003452292728162938,-0.12090435286356342,0.12435664559172636,0.08571428571428572,0.5663874305937004
2022-03-14,1082.59306122449,1115.1182148210103,1097.9969791968585,-0.02337476319437648,112,131,2,0.45714285714285713,0.8549618320610687,0.2693877551020408,0.43673469387755104,34,5,0.016078472535514837,-0.10904347220063941,0.12512194473615423,0.12653061224489795,0.6008620766623296
2022-03-15,1080.4962040816329,1113.809362673135,1098.5672681232497,0.0040602526642410375,76,169,0,0.31020408163265306,0.44970414201183434,0.23673469387755103,0.4204081632653061,13,6,0.044577809903538795,-0.07309078927211347,0.11766859917565227,0.17959183673469387,0.39430169884345256
2022-03-16,1095.6993061224491,1112.653417648043,1099.2110556795028,-0.0030831870401194506,202,42,1,0.8244897959183674,4.809523809523809,0.33877551020408164,0.46122448979591835,38,4,0.04465281604832459,-0.07668602326390761,0.1213388393122322,0.18775510204081633,0.8913431637366339
2022-03-17,1109.8811020408164,1111.6888478855806,1099.9060782837241,0.007344306307558446,175,69,1,0.7142857142857143,2.536231884057971,0.3877551020408163,0.49387755102040815,60,3,0.054646299424610655,-0.07093526117880057,0.12558156060341122,0.22040816326530613,0.7183255609262771
2022-03-21,1108.9928163265306,1110.6672427367014,1100.600571638861,0.008198294692068009,89,154,2,0.363265306122449,0.577922077922078,0.3877551020408163,0.4775510204081633,43,3,0.0642826647520021,-0.07245547427037016,0.13673813902237225,0.23673469387755103,0.24698536680212094
2022-03-22,1107.50893877551,1109.696898561392,1101.2475362045336,0.012572988444623512,122,120,3,0.49795918367346936,1.0166666666666666,0.40408163265306124,0.4857142857142857,37,3,0.07085083575020706,-0.07080125870836597,0.14165209445857302,0.2693877551020408,0.6573602506507168
2022-03-23,1105.991142857143,1108.6768025660756,1101.8651066624088,0.02372695207482356,109,133,3,0.4448979591836735,0.8195488721804511,0.40408163265306124,0.4816326530612245,40,4,0.09742959793344269,-0.04689406428400571,0.1443236622174484,0.3510204081632653,0.7017045157305947
2022-03-24,1103.7366122448977,1107.4516725158915,1102.4610585270523,0.02735635718453122,111,134,0,0.4530612244897959,0.8283582089552238,0.42857142857142855,0.49387755102040815,49,8,0.10833439413031845,-0.039891989060771266,0.14822638319108972,0.4204081632653061,0.613672690206424
2022-03-25,1101.2855918367345,1106.146663860823,1102.9983604178599,0.01665327343625944,76,169,0,0.31020408163265306,0.44970414201183434,0.4,0.49387755102040815,38,13,0.10570833247242631,-0.04886538485635007,0.1545737173287764,0.34285714285714286,0.6557678622866437
2022-03-28,1102.1995102040817,1104.7075139009703,1103.4988051911025,0.0655344270771554,98,145,2,0.4,0.6758620689655173,0.4,0.4816326530612245,35,24,0.16786839780259205,0.0014341859844280616,0.16643421181816398,0.5918367346938775,0.7729962161350342
2022-03-29,1110.4622857142858,1103.3087751890264,1104.0700298675372,0.03964815786993836,139,106,0,0.5673469387755102,1.3113207547169812,0.4448979591836735,0.4857142857142857,52,18,0.12380962176017843,-0.02678194082748544,0.15059156258766387,0.42448979591836733,0.7760617007920815
2022-03-30,1119.0270204081633,1102.0545819906322,1104.6443899695778,0.03920874743563396,169,75,1,0.689795918367347,2.2533333333333334,0.47346938775510206,0.5224489795918368,52,8,0.11367345410606404,-0.023825640867983777,0.13749909497404783,0.4326530612244898,0.36979145675226144
2022-03-31,1123.1902040816326,1100.7782401706256,1105.218380733576,0.050611275591893046,124,119,2,0.5061224489795918,1.0420168067226891,0.5265306122448979,0.5428571428571428,49,9,0.12056344043031728,-0.026252148718782137,0.14681558914909942,0.47346938775510206,0.7107693062399468
2022-04-01,1129.9484081632652,1099.9851853830712,1105.834781535076,0.05753048995598098,191,54,0,0.7795918367346939,3.537037037037037,0.6285714285714286,0.5591836734693878,83,0,0.1320645283876216,-0.008150864882528034,0.14021539327014962,0.5918367346938775,0.9668861214063108
2022-04-04,1140.4858130081302,1099.4242541022502,1106.4738095317405,0.0880532380327137,208,37,0,0.8489795918367347,5.621621621621622,0.7439024390243902,0.6016260162601627,110,0,0.17641722418263767,0.02984809316491571,0.14656913101772195,0.7346938775510204,0.9787438555586488
2022-04-05,1152.1225609756098,1099.1429045020905,1107.1876099434562,0.12714588233617352,176,69,1,0.7154471544715447,2.550724637681159,0.8292682926829268,0.6138211382113821,108,0,0.2258240857901906,0.06817849114838279,0.1576455946418078,0.8408163265306122,0.8006277848403539
2022-04-06,1151.6064227642278,1099.1520001704896,1107.9237189803541,0.11169625495905366,135,109,2,0.5487804878048781,1.238532110091743,0.8170731707317073,0.6016260162601627,100,0,0.21703821784277194,0.054050871582338594,0.16298734626043335,0.8204081632653061,0.8542412052442834
2022-04-07,1147.5933739837396,1099.869557814099,1108.6581711066833,0.08567171126984952,93,152,1,0.3780487804878049,0.6118421052631579,0.8333333333333334,0.5894308943089431,53,3,0.16956659889516776,0.03936695160261476,0.130199647292553,0.7551020408163265,0.4168801613851814
2022-04-08,1151.616923076923,1100.4889110297358,1109.392290978478,0.0755572871549075,179,65,2,0.7276422764227642,2.753846153846154,0.8461538461538461,0.6153846153846154,82,3,0.17408428997334002,0.03631508266818512,0.1377692073051549,0.7224489795918367,0.8612928391386976
2022-04-11,1156.2434817813767,1101.5779683702813,1110.1218991993508,0.07388968695189169,134,110,3,0.5425101214574899,1.2181818181818183,0.8380566801619433,0.6032388663967612,70,4,0.17113673369272703,0.026804683692870195,0.14433204999985683,0.6653061224489796,0.6146863027298718
2022-04-12,1143.39967611336,1102.2826061548435,1110.788820015815,0.056167563849054636,45,201,1,0.18218623481781376,0.22388059701492538,0.7773279352226721,0.5789473684210527,21,8,0.1630350508685864,0.014781012061954887,0.14825403880663152,0.5918367346938775,0.18554547362590695
2022-04-13,1140.4444939271254,1102.6569493120746,1111.440141634387,0.055482184591703954,127,118,2,0.5141700404858299,1.076271186440678,0.7611336032388664,0.5789473684210527,31,8,0.17488983214082557,0.020998345260793635,0.15389148688003193,0.6448979591836734,0.4710441800700603
2022-04-18,1128.2096356275306,1102.6160297295432,1112.0125955572053,0.02967084977002643,93,154,0,0.3765182186234818,0.6038961038961039,0.7044534412955465,0.5506072874493927,44,19,0.1493443843477758,-0.006944957406570613,0.15628934175434642,0.5142857142857142,0.5100965437724149
2022-04-19,1116.1417004048583,1102.0958481638697,1112.511222357102,0.005640782920377729,67,180,0,0.27125506072874495,0.37222222222222223,0.6680161943319838,0.5344129554655871,19,29,0.11544322461432574,-0.02532135910464301,0.14076458371896874,0.4,0.3312573964265024
2022-04-20,1120.0719433198378,1101.7648037649606,1113.0492605843394,0.009990260378787807,142,102,3,0.5748987854251012,1.392156862745098,0.6923076923076923,0.5344129554655871,27,16,0.12637080375463183,-0.021685461676959682,0.1480562654315915,0.42857142857142855,0.6573053062994795
2022-04-21,1135.4115384615386,1101.8576933097015,1113.6338523192003,0.025194017591296802,193,51,3,0.7813765182186235,3.784313725490196,0.7530364372469636,0.5870445344129555,43,7,0.13398384789432644,-0.006217812121471277,0.1402016600157977,0.5020408163265306,0.8548146256629074
2022-04-22,1131.016356275304,1102.1165094147996,1114.18167814313,0.022626956445159774,77,169,1,0.3117408906882591,0.4556213017751479,0.7165991902834008,0.5991902834008097,29,15,0.124191474125856,-0.013658592755137205,0.13785006688099322,0.46122448979591835,0.3112043691138017
2022-04-25,1115.203967611336,1102.1788067262098,1114.6083047896975,0.01038957595428025,42,204,1,0.1700404858299595,0.20588235294117646,0.6194331983805668,0.5425101214574899,12,48,0.10254289073663218,-0.036486587818769116,0.1390294785554013,0.39591836734693875,0.24381667638181614
2022-04-26,1123.2731578947366,1102.1139115167578,1115.0471397281071,0.01996536250086689,175,71,1,0.708502024291498,2.464788732394366,0.7165991902834008,0.562753036437247,18,12,0.1334720061755839,-0.013267799698539771,0.1467398058741237,0.4326530612244898,0.845204619012216
2022-04-27,1116.1523076923077,1101.8955005277467,1115.445055309122,0.012659048891831226,67,179,1,0.27125506072874495,0.3743016759776536,0.659919028340081,0.5465587044534413,16,22,0.13031531925957895,-0.017344934574963396,0.14766025383454234,0.46122448979591835,0.3989459442212631
2022-04-28,1124.961943319838,1102.2246577614903,1115.8837699193382,0.013057316571742472,157,89,1,0.6356275303643725,1.7640449438202248,0.6842105263157895,0.562753036437247,18,9,0.128257716553082,-0.01995606901499122,0.14821378556807321,0.44081632653061226,0.5778075535577583
2022-04-29,1116.4554251012146,1103.0312291206574,1116.2919521512272,-0.002298063639259329,73,173,1,0.29554655870445345,0.42196531791907516,0.6234817813765182,0.5303643724696356,15,29,0.10380796404707143,-0.03260800971582785,0.13641597376289927,0.37142857142857144,0.26399398770369564
2022-05-02,1109.577935222672,1103.241027825111,1116.6575101252129,-0.012119290935314497,80,165,2,0.32388663967611336,0.48484848484848486,0.5789473684210527,0.5303643724696356,13,59,0.09683077853488534,-0.051314454796396486,0.14814523333128182,0.3224489795918367,0.5201529565312539
2022-05-04,1080.3373387096776,1102.8119901095085,1116.852893840038,-0.04390560586233361,23,224,0,0.0931174089068826,0.10267857142857142,0.45161290322580644,0.4475806451612903,3,124,0.04360335535206927,-0.08662279448936068,0.13022614984142994,0.17551020408163265,0.05966757424144988
2022-05-05,1081.2749193548386,1102.4379905374217,1117.0368780112801,-0.051917255767625625,103,143,2,0.4153225806451613,0.7202797202797203,0.4153225806451613,0.43951612903225806,3,99,0.02222042336180019,-0.09562447267365304,0.11784489603545323,0.13008130081300814,0.6093590890608513
2022-05-06,1066.8586693548389,1101.9000210673755,1117.1314949750756,-0.07400592133928008,45,201,2,0.1814516129032258,0.22388059701492538,0.2903225806451613,0.38306451612903225,3,137,-0.002665898119461052,-0.1283494378038692,0.12568353968440815,0.0975609756097561,0.34807421574019287
2022-05-09,1049.4838554216867,1101.282547155401,1117.135794890482,-0.08867835861614415,45,200,3,0.1814516129032258,0.225,0.24096385542168675,0.3333333333333333,2,147,-0.017939004639161094,-0.14217111411068417,0.12423210947152308,0.06910569105691057,0.1297765355496161
2022-05-10,1031.18172,1100.419253392136,1117.0384105117585,-0.10143981014776149,52,197,0,0.20883534136546184,0.2639593908629442,0.212,0.308,0,159,-0.023084610683913098,-0.16154787358949962,0.13846326290558653,0.06097560975609756,0.1582506702085855
2022-05-11,1021.22748,1099.1788829921359,1116.8978685500565,-0.11322293070211642,67,183,0,0.268,0.366120218579235,0.152,0.28,1,149,-0.048391276713535325,-0.18250972801173557,0.13411845129820024,0.032388663967611336,0.37156474383655125
2022-05-12,1005.3031200000001,1098.5967445758092,1116.7178190436734,-0.13054375151921194,39,211,0,0.156,0.1848341232227488,0.124,0.252,1,174,-0.07486654849247718,-0.20357104052950017,0.128704492037023,0.016194331983805668,0.08778394917767415
2022-05-13,1016.4771200000001,1097.5640159554011,1116.55324166495,-0.11100454090103873,164,84,2,0.656,1.9523809523809523,0.172,0.292,1,70,-0.05318475538840166,-0.18702286316725752,0.13383810777885585,0.032388663967611336,0.6036869748921164
2022-05-16,1022.809,1096.484060445197,1116.4124668777158,-0.1031488113218445,175,74,1,0.7,2.364864864864865,0.22,0.304,1,39,-0.04611124891358562,-0.1817240559097464,0.1356128069961608,0.03643724696356275,0.8708480297674758
2022-05-17,1047.0166000000002,1096.0427410166258,1116.3787141330351,-0.07196626678548923,227,23,0,0.908,9.869565217391305,0.276,0.336,7,7,-0.02026296881388628,-0.1384728417378558,0.1182098729239695,0.04048582995951417,0.9807938437384041
2022-05-18,1050.8048,1095.6892704860134,1116.400993853374,-0.05853817699057273,115,133,2,0.46,0.8646616541353384,0.292,0.348,15,9,-0.00676587558673067,-0.12766121055082463,0.12089533496409396,0.08097165991902834,0.42158919318454935
2022-05-19,1031.587,1095.3572235472377,1116.3333936838824,-0.07899933914742374,29,220,1,0.116,0.1318181818181818,0.232,0.328,5,35,-0.030272292922482416,-0.1578052398397824,0.1275329469173,0.05263157894736842,0.28374082712168297
2022-05-20,1048.2992828685258,1095.8800247148124,1116.3411545050049,-0.07672306704848919,223,27,0,0.892,8.25925925925926,0.30278884462151395,0.3745019920318725,24,4,-0.0207487011298394,-0.15175291877283675,0.13100421764299736,0.0728744939271255,0.9536447796298739
2022-05-23,1047.004143426295,1096.1021026853791,1116.303403188238,-0.07428028107894069,116,134,1,0.46215139442231074,0.8656716417910447,0.2908366533864542,0.3705179282868526,20,16,-0.006639677336249715,-0.15509076211996997,0.14845108478372027,0.08502024291497975,0.4051247740774904
2022-05-24,1040.3255378486053,1095.7679065035757,1116.161782572396,-0.06714325983175384,71,179,1,0.28286852589641437,0.39664804469273746,0.2549800796812749,0.3545816733067729,11,26,-0.0014421408633040395,-0.1488580778898763,0.14741593702657224,0.10526315789473684,0.2976651126960552
2022-05-25,1020.6566135458168,1094.7667089785737,1115.8971031401252,-0.09135493323925414,43,208,0,0.17131474103585656,0.20673076923076922,0.19123505976095617,0.30677290836653387,4,61,-0.02616281898574637,-0.18605594811951723,0.15989312913377085,0.06477732793522267,0.12954183910389563
2022-05-26,1024.8317131474105,1093.7295954864198,1115.7084729346761,-0.08181732359959581,165,85,1,0.6573705179282868,1.9411764705882353,0.22310756972111553,0.32270916334661354,9,30,-0.00831387333477872,-0.15838825315478566,0.15007437982000693,0.0931174089068826,0.7159871923638442
2022-05-27,1038.9052589641435,1092.855839441213,1115.593913424412,-0.07649741830531209,185,65,1,0.7370517928286853,2.8461538461538463,0.26294820717131473,0.3346613545816733,18,10,-0.009693707961874251,-0.15747245704550863,0.1477787490836344,0.08906882591093117,0.6898829426706405
2022-05-30,1055.7321912350599,1092.3605591842816,1115.5683832788923,-0.05438930431158928,204,45,2,0.8127490039840638,4.533333333333333,0.30278884462151395,0.35856573705179284,28,4,0.010107758020527964,-0.13679227405172495,0.1469000320722529,0.11336032388663968,0.8847888487102656
2022-05-31,1058.0164940239044,1091.6069029423106,1115.5672212574866,-0.04646941829139761,146,105,0,0.5816733067729084,1.3904761904761904,0.32669322709163345,0.3545816733067729,35,6,0.013828699445713034,-0.11676469122586498,0.13059339067157802,0.12955465587044535,0.5285915349441613
2022-06-01,1059.1186055776893,1090.591653013048,1115.59830348029,-0.019640840292839745,123,124,4,0.4900398406374502,0.9919354838709677,0.3346613545816733,0.35856573705179284,33,4,0.04619549335381654,-0.08918085004446359,0.13537634339828014,0.1814516129032258,0.6735391038760458
2022-06-02,1066.365657370518,1089.7391098339278,1115.6951811315496,-0.013788595034846973,153,97,1,0.6095617529880478,1.577319587628866,0.3665338645418327,0.3784860557768924,46,6,0.05397177678511093,-0.08668730468592854,0.14065908147103948,0.2056451612903226,0.6233458403569183
2022-06-03,1050.4897222222223,1088.5987255028622,1115.6531276240164,-0.01534312613545652,52,198,1,0.20717131474103587,0.26262626262626265,0.31746031746031744,0.36507936507936506,12,9,0.05593045273925051,-0.0760054870061272,0.1319359397453777,0.2217741935483871,0.17063581566193536
2022-06-06,1048.4950396825398,1087.4488034393698,1115.5757189241242,-0.0009421924253896208,93,158,1,0.36904761904761907,0.5886075949367089,0.29365079365079366,0.34523809523809523,10,20,0.07403138137519726,-0.062411035967210385,0.13644241734240764,0.28112449799196787,0.435602567387148
2022-06-07,1041.211388888889,1086.1982989722499,1115.4849288346702,0.009726383521314608,85,167,0,0.3373015873015873,0.5089820359281437,0.2857142857142857,0.3373015873015873,13,18,0.0857075663530307,-0.05558876351735562,0.14129632987038632,0.304,0.458043526698221
2022-06-08,1038.6580158730158,1084.9457474529754,1115.3432748462387,0.01706822056239199,107,143,2,0.4246031746031746,0.7482517482517482,0.26587301587301587,0.31746031746031744,16,21,0.08887512640034809,-0.03901101533029573,0.12788614173064383,0.356,0.599026113155075
2022-06-09,1043.6711904761905,1083.7751810584177,1115.2253373664164,0.03816567333063725,154,96,2,0.6111111111111112,1.6041666666666667,0.28174603174603174,0.3134920634920635,22,16,0.12483154071686334,-0.016622269713040407,0.14145381042990374,0.46,0.6531521376074045
2022-06-10,1039.4894047619048,1082.35572343937,1115.1354320597175,0.022639255039901496,70,179,3,0.2777777777777778,0.39106145251396646,0.26587301587301587,0.30952380952380953,11,22,0.10141939384054897,-0.02376155487937621,0.1251809487199252,0.396,0.2049810236681877
2022-06-13,1018.3780952380954,1080.3427449359688,1114.9848189342129,-0.004332094029192768,14,237,1,0.05555555555555555,0.05907172995780591,0.1746031746031746,0.27380952380952384,1,82,0.052281213648205684,-0.06244839757264786,0.11472961122085354,0.208,0.01917695318664978
2022-06-14,1015.3579761904762,1078.1861003781455,1114.787680967064,-0.03023698364431282,110,141,1,0.4365079365079365,0.7801418439716312,0.17063492063492064,0.27380952380952384,5,62,0.025902746259220094,-0.09278457411820203,0.11868732037742212,0.112,0.6138650852082488
2022-06-15,1018.9979761904762,1075.9670917386898,1114.5819322404213,-0.030269012674403184,159,90,3,0.6309523809523809,1.7666666666666666,0.17063492063492064,0.28174603174603174,6,28,0.024601189222586393,-0.10010608976797616,0.12470727899056255,0.136,0.5715683363823975
2022-06-16,1000.7591666666666,1073.1725588118604,1114.2561734324047,-0.02988389087234855,21,231,0,0.08333333333333333,0.09090909090909091,0.11904761904761904,0.2222222222222222,3,130,0.020711790888797283,-0.09717988377717943,0.1178916746659767,0.136,0.02916328103488113
2022-06-17,989.9540476190475,1069.9291885447292,1113.8319974679682,-0.05565704012486261,83,166,3,0.32936507936507936,0.5,0.11904761904761904,0.21825396825396826,4,124,-0.009637006103437207,-0.13775943682485736,0.12812243072142016,0.0796812749003984,0.5200031666591246
2022-06-20,977.7915079365079,1066.4528902481748,1113.271259649001,-0.06610540743734838,61,190,1,0.24206349206349206,0.32105263157894737,0.10317460317460317,0.18253968253968253,2,135,-0.017577509948183523,-0.1522561129316864,0.13467860298350287,0.05976095617529881,0.15264115281634047
2022-06-21,1000.1048412698412,1063.5031195938968,1112.7920722519746,-0.038661644951964336,218,33,1,0.8650793650793651,6.606060606060606,0.14285714285714285,0.21031746031746032,4,13,0.011458173536457394,-0.10851394550840254,0.11997211904485994,0.07569721115537849,0.9810101705648948
2022-06-22,990.1348412698413,1060.2734779577552,1112.2305268380705,-0.0299040557528365,61,191,0,0.24206349206349206,0.3193717277486911,0.14682539682539683,0.20238095238095238,4,36,0.019908541367535726,-0.09946954714329348,0.1193780885108292,0.11553784860557768,0.15271921195719013
2022-06-23,1004.1875396825396,1057.2323591157785,1111.708520654627,-0.02014396432119525,191,60,1,0.7579365079365079,3.183333333333333,0.1626984126984127,0.2261904761904762,10,16,0.024668971915324356,-0.09324241132736655,0.1179113832426909,0.10358565737051793,0.82794625843308
2022-06-24,1012.785753968254,1054.6200806728764,1111.2032108168733,-0.025141373354806595,204,46,2,0.8095238095238095,4.434782608695652,0.21428571428571427,0.2619047619047619,12,6,0.023922799725863975,-0.08773766117251924,0.11166046089838322,0.11952191235059761,0.9185073716573234
2022-06-27,1023.647261904762,1052.2841360324292,1110.7309637930637,-0.03039116321039992,189,60,3,0.75,3.15,0.24603174603174602,0.2619047619047619,13,4,0.008332509148452294,-0.09918996806604863,0.10752247721450092,0.11553784860557768,0.8501366353003001
2022-06-28,1025.5365476190475,1050.2306742722594,1110.2609201598507,-0.03069890364499661,142,107,3,0.5634920634920635,1.3271028037383177,0.2896825396825397,0.27380952380952384,15,11,0.01647194121598239,-0.09336507444070541,0.1098370156566878,0.11155378486055777,0.7180779173207809
2022-06-29,1028.1648015873016,1048.4711362959083,1109.7938481762262,-0.029226003421499946,77,172,3,0.3055555555555556,0.4476744186046512,0.29365079365079366,0.26587301587301587,13,13,0.008860205644279251,-0.10409772171127218,0.11295792735555144,0.08764940239043825,0.5271761418988288
2022-06-30,1025.942103174603,1046.5885394930037,1109.2694023629854,-0.037907779490566784,82,168,2,0.3253968253968254,0.4880952380952381,0.28174603174603174,0.25793650793650796,15,12,0.0013810146823667324,-0.11543450064850835,0.11681551533087509,0.05976095617529881,0.3138128384305651
2022-07-01,1026.7103557312253,1044.4145158383974,1108.6926573061983,-0.022636458013786,153,95,4,0.6071428571428571,1.6105263157894736,0.2964426877470356,0.28063241106719367,27,11,0.013818761353105174,-0.09673679267498105,0.11055555402808621,0.09523809523809523,0.5014106878733764
2022-07-04,1033.0760079051386,1042.455708870994,1108.1321667574887,-0.014705870026881285,161,90,2,0.6363636363636364,1.788888888888889,0.3675889328063241,0.2924901185770751,41,6,0.027741571054179046,-0.09045857489927323,0.11820014595345227,0.14285714285714285,0.4925398461914919
2022-07-05,1031.7267984189723,1040.7861654871467,1107.542241505886,-0.009109188173631044,117,133,3,0.4624505928853755,0.8796992481203008,0.37549407114624506,0.2924901185770751,30,9,0.03770222595918638,-0.0896991155342288,0.12740134149341517,0.15476190476190477,0.5053292115094774
2022-07-06,1048.8062845849802,1039.2968280209516,1107.0386185170462,0.009770558313589417,187,64,2,0.7391304347826086,2.921875,0.45849802371541504,0.3201581027667984,65,5,0.05688827337971265,-0.07124280709840351,0.12813108047811617,0.2261904761904762,0.5938949967286363
2022-07-07,1058.1984189723319,1038.137750246552,1106.6149946455216,0.013919353747335883,194,57,2,0.766798418972332,3.4035087719298245,0.525691699604743,0.33992094861660077,88,4,0.06671855839912905,-0.07143418478612548,0.13815274318525453,0.24206349206349206,0.9268725596647045
2022-07-08,1058.5050592885377,1036.808612565926,1106.2691909503676,0.01829326440416046,135,115,3,0.5335968379446641,1.173913043478261,0.5454545454545454,0.3359683794466403,76,0,0.06711479263063401,-0.06374445252365933,0.13085924515429334,0.28174603174603174,0.5920903199862263
2022-07-11,1065.9174703557312,1035.7978534710164,1105.9408291424825,0.04668145882156005,174,78,1,0.6877470355731226,2.230769230769231,0.5810276679841897,0.34782608695652173,101,4,0.11650468447774294,-0.021174468740872653,0.1376791532186156,0.4642857142857143,0.8282404153678494
2022-07-12,1061.693833992095,1034.8401714464048,1105.5485592368125,0.04563499661022652,81,169,3,0.3201581027667984,0.47928994082840237,0.5968379446640316,0.3359683794466403,41,4,0.10267901936246035,-0.02504148837526443,0.12772050773772478,0.4444444444444444,0.41101597219021746
2022-07-13,1062.185652173913,1034.4771377156897,1105.1012727917996,0.04238249436460517,119,130,4,0.47035573122529645,0.9153846153846154,0.6363636363636364,0.3557312252964427,41,8,0.10062310627032157,-0.02475536943110048,0.12537847570142205,0.4126984126984127,0.5098941410706758
2022-07-14,1059.8933992094862,1034.0495073127825,1104.6634002920487,0.05908937385983104,114,137,2,0.4505928853754941,0.8321167883211679,0.6245059288537549,0.3557312252964427,37,9,0.11739100376833354,-0.007284004171131126,0.12467500793946466,0.5634920634920635,0.3928209865760581
2022-07-15,1068.308537549407,1034.0785046766741,1104.2877412991238,0.07914962327676811,157,93,3,0.6205533596837944,1.6881720430107527,0.6284584980237155,0.35968379446640314,63,10,0.1417544170752354,0.009043993845633258,0.13271042322960214,0.623015873015873,0.5247736239763596
2022-07-18,1079.958537549407,1034.6879983192284,1104.0022890288874,0.10448754032289398,202,48,3,0.7984189723320159,4.208333333333333,0.6996047430830039,0.3794466403162055,92,2,0.1818177811101106,0.04043230568629874,0.14138547542381186,0.753968253968254,0.9244479823709753
2022-07-19,1083.7652964426877,1035.739669848082,1103.7582632001765,0.08365168502396414,154,98,1,0.6086956521739131,1.5714285714285714,0.7154150197628458,0.3952569169960474,82,1,0.15795233447144674,0.028248454951327728,0.12970387952011903,0.6984126984126984,0.8411378260417931
2022-07-20,1087.424624505929,1037.0636127382006,1103.498990734471,0.09825912510190449,150,103,0,0.5928853754940712,1.4563106796116505,0.782608695652174,0.40711462450592883,86,2,0.1785129833900348,0.04686275396670672,0.13165022942332807,0.7857142857142857,0.6486474253028568
2022-07-21,1099.5428063241106,1038.9484064646829,1103.2620247240745,0.09495762780696948,184,68,1,0.7272727272727273,2.7058823529411766,0.8142292490118577,0.44664031620553357,114,1,0.17637398992281259,0.043795082738693925,0.13257890718411866,0.7738095238095238,0.8717122301976968
2022-07-22,1101.7109486166007,1040.6530830370148,1102.9386069881662,0.0878025725578424,118,131,4,0.466403162055336,0.9007633587786259,0.7905138339920948,0.4426877470355731,75,5,0.15943313972507875,0.02449340321585196,0.13493973650922678,0.6984126984126984,0.5781293010014261
2022-07-25,1100.5358893280634,1042.2076208235762,1102.596751981025,0.07511242425465015,109,143,1,0.4308300395256917,0.7622377622377622,0.7865612648221344,0.4426877470355731,63,7,0.1457892388772784,0.018526038302580844,0.12726320057469756,0.6507936507936508,0.4681370485046586
2022-07-26,1086.3981027667983,1042.9952508789122,1102.2402754780521,0.05934606161920897,54,196,3,0.2134387351778656,0.2755102040816326,0.7233201581027668,0.42292490118577075,23,14,0.12781647078908667,0.003921522545539969,0.1238949482435467,0.5714285714285714,0.2616038891985843
2022-07-27,1094.5509881422927,1043.870174641758,1101.8577785280074,0.06456765146258925,163,88,2,0.6442687747035574,1.8522727272727273,0.7470355731225297,0.4426877470355731,45,9,0.14152925573004918,0.013566108794475663,0.1279631469355735,0.626984126984127,0.7657380457083292
2022-07-28,1103.2729644268775,1045.3038939302955,1101.494777173671,0.07537546320887634,163,90,0,0.6442687747035574,1.8111111111111111,0.7865612648221344,0.466403162055336,60,5,0.1576552873940155,0.02546860977318338,0.1321866776208321,0.6904761904761905,0.7028439127321824
2022-07-29,1118.3894071146246,1046.7056964152173,1101.1807777657295,0.08929397748024592,187,63,3,0.7391304347826086,2.9682539682539684,0.8537549407114624,0.5098814229249012,99,1,0.16571899255665165,0.030601215033714588,0.13511777752293708,0.7075098814229249,0.755742577152493
2022-08-01,1133.4860079051384,1048.4353337047944,1100.9294205667616,0.09719517173146852,194,59,0,0.766798418972332,3.288135593220339,0.8972332015810277,0.5454545454545454,123,0,0.17465996724022445,0.04222775394640284,0.1324322132938216,0.7430830039525692,0.9125143475071618
2022-08-02,1141.104071146245,1050.4509043707471,1100.6897174915302,0.10601379444139991,145,105,3,0.5731225296442688,1.380952380952381,0.8932806324110671,0.5691699604743083,102,0,0.17916474323378867,0.04824626603267711,0.13091847720111155,0.7865612648221344,0.7034540264057988
2022-08-03,1138.966600790514,1052.817104115641,1100.4151933825124,0.08596469865854273,90,161,2,0.3557312252964427,0.5590062111801242,0.8695652173913043,0.549407114624506,59,10,0.16204411493698617,0.02616804971211244,0.13587606522487372,0.6956521739130435,0.4331687913589489
2022-08-04,1141.0328853754938,1055.1411275602027,1100.1108096922349,0.07827876598379957,127,123,3,0.5019762845849802,1.032520325203252,0.8616600790513834,0.541501976284585,61,11,0.14722139931969233,0.016007554611213684,0.13121384470847863,0.6758893280632411,0.5418029323184987
2022-08-05,1140.813043478261,1057.1792832504852,1099.8883778384966,0.07775870645818705,127,122,4,0.5019762845849802,1.040983606557377,0.849802371541502,0.5335968379446641,60,12,0.15081736137370572,0.012940612981620614,0.1378767483920851,0.6363636363636364,0.5901064040324255
2022-08-08,1146.3090909090909,1058.9908212439657,1099.8071607407408,0.07542011721276176,143,107,3,0.5652173913043478,1.3364485981308412,0.8616600790513834,0.549407114624506,64,14,0.13593948726910154,0.0074982056237336515,0.1284412816453679,0.6126482213438735,0.6968899415190775
2022-08-10,1145.1001185770751,1060.732493735029,1099.775809450781,0.07855963924304099,117,133,3,0.4624505928853755,0.8796992481203008,0.849802371541502,0.5573122529644269,51,14,0.14206116025329027,0.00898058786127747,0.1330805723920128,0.6284584980237155,0.545371038805514
2022-08-11,1150.417944664032,1062.558480516756,1099.837698755691,0.0830667334938473,158,94,1,0.6245059288537549,1.6808510638297873,0.8774703557312253,0.5810276679841897,71,5,0.15370136234469986,0.012464162254888146,0.14123720008981172,0.6482213438735178,0.7525186614154262
2022-08-12,1151.9498418972332,1064.2701642072902,1100.000386458901,0.08685443532001114,139,112,2,0.549407114624506,1.2410714285714286,0.8774703557312253,0.5810276679841897,63,5,0.17015565339418573,0.013801814672237052,0.1563538387219487,0.6719367588932806,0.72173579724416
2022-08-16,1163.777509881423,1066.5359199604743,1100.144152250986,0.08936460673712499,187,65,1,0.7391304347826086,2.876923076923077,0.8932806324110671,0.6007905138339921,100,9,0.17971134065916192,0.027334222801007134,0.15237711785815478,0.691699604743083,0.8554706260362079
2022-08-17,1169.6557707509883,1068.9591345818435,1100.2985541172932,0.08305618232818279,146,107,0,0.5770750988142292,1.3644859813084111,0.9090909090909091,0.616600790513834,75,9,0.16785618253439305,0.019716232323566327,0.1481399502108267,0.6996047430830039,0.7040734792338873
2022-08-18,1169.6391304347826,1071.527689412761,1100.523897049802,0.07923656005037638,127,124,2,0.5019762845849802,1.0241935483870968,0.9209486166007905,0.6205533596837944,62,9,0.16378460893025837,0.013368135477713768,0.1504164734525446,0.6640316205533597,0.5850877155891983
2022-08-19,1158.9035968379446,1073.9326010320597,1100.711249762025,0.06573234661160265,56,194,3,0.22134387351778656,0.28865979381443296,0.8932806324110671,0.6086956521739131,24,11,0.15468741355216797,-0.003839706664297311,0.15852712021646528,0.5612648221343873,0.3297056110767841
2022-08-22,1147.5973517786558,1076.011124258109,1100.781741751044,0.04370411518146944,59,193,1,0.233201581027668,0.30569948186528495,0.8458498023715415,0.5731225296442688,26,24,0.12283085115614088,-0.027524475524475542,0.15035532668061644,0.43478260869565216,0.42338219388610054
2022-08-23,1152.2596442687748,1078.2665290482464,1100.8366970853585,0.04588199447018937,175,77,1,0.691699604743083,2.272727272727273,0.8656126482213439,0.6205533596837944,30,9,0.1367356603314018,-0.015281925845597268,0.15201758617699906,0.49407114624505927,0.8231125544788375
2022-08-24,1158.0349011857709,1081.0596651672,1100.9298506707853,0.052246375983988846,149,102,2,0.5889328063241107,1.4607843137254901,0.8656126482213439,0.616600790513834,38,7,0.15121519208258502,-0.017006770213863494,0.1682219622964485,0.541501976284585,0.5323922145362757
2022-08-25,1156.3600000000001,1083.8797056433905,1100.9787247293625,0.06439802964955987,106,146,1,0.4189723320158103,0.726027397260274,0.8616600790513834,0.6324110671936759,32,9,0.15906042233847942,0.007858255164611017,0.1512021671738684,0.6086956521739131,0.6162440135365076
2022-08-26,1152.3298031496063,1086.546342182573,1100.9862827409265,0.05278768703628667,156,95,2,0.616600790513834,1.6421052631578947,0.8622047244094488,0.6417322834645669,40,7,0.153343861111947,0.0007228808486309953,0.152620980263316,0.5810276679841897,0.7603665662485584
2022-08-29,1146.518385826772,1089.461526565775,1100.928609816504,0.039197390667829346,91,162,1,0.35826771653543305,0.5617283950617284,0.8267716535433071,0.6299212598425197,32,16,0.14032764253547053,-0.01520659862608186,0.1555342411615524,0.5296442687747036,0.34733801414177495
2022-08-30,1163.0748031496064,1092.9239416763862,1100.9439231627957,0.039955131683755196,211,40,3,0.8307086614173228,5.275,0.8582677165354331,0.6456692913385826,63,3,0.1398630499248247,-0.009240499056873469,0.14910354898169817,0.541501976284585,0.909623219957131
2022-09-01,1162.0449212598426,1096.609009942853,1100.9660149239069,0.02519564701772148,122,129,3,0.48031496062992124,0.9457364341085271,0.8228346456692913,0.6496062992125984,53,11,0.1199405141644128,-0.026632787399748413,0.1465733015641612,0.4980237154150198,0.5968873937662098
2022-09-02,1159.9775196850394,1099.8064635111568,1100.963823024424,0.016539638246874322,102,151,1,0.4015748031496063,0.6754966887417219,0.8188976377952756,0.6496062992125984,35,17,0.11000832158695917,-0.02260261066317293,0.1326109322501321,0.4505928853754941,0.5080103678759965
2022-09-05,1164.848149606299,1103.300729677886,1100.9593929391222,0.02272371182598487,153,101,0,0.6023622047244095,1.5148514851485149,0.8267716535433071,0.65748031496063,57,10,0.12266723237837422,-0.013407235897698428,0.13607446827607264,0.5019762845849802,0.9033993644278593
2022-09-06,1164.1962992125984,1106.5009048684872,1100.9349227685186,0.020300391105276372,104,147,3,0.4094488188976378,0.7074829931972789,0.8188976377952756,0.65748031496063,40,16,0.1270755695133388,-0.017468486882743287,0.1445440563960821,0.5138339920948617,0.7768885837231065
2022-09-07,1169.7355511811024,1109.6399008127444,1100.9443109410909,0.025352539461381607,154,97,3,0.6062992125984252,1.5876288659793814,0.8346456692913385,0.6732283464566929,51,6,0.13568977839206656,-0.011353085910962624,0.14704286430302918,0.5138339920948617,0.4090530121646516
2022-09-08,1175.2788582677163,1112.6725327400034,1101.0523977324292,0.025272212868564736,153,99,2,0.6023622047244095,1.5454545454545454,0.8464566929133859,0.6850393700787402,58,6,0.14667906233680528,-0.010915516915078038,0.1575945792518833,0.5454545454545454,0.5593001520739541
2022-09-09,1178.9082677165354,1115.7399671419532,1101.299166571012,0.029524186218294224,111,140,3,0.43700787401574803,0.7928571428571428,0.8346456692913385,0.6771653543307087,49,8,0.13646779195688657,-0.010424107531088687,0.14689189948797526,0.5335968379446641,0.479505981559793
2022-09-12,1186.3989763779525,1118.904650637766,1101.5244437445683,0.03127648684620321,154,88,12,0.6062992125984252,1.75,0.8582677165354331,0.6968503937007874,59,9,0.13264041225094042,-0.01092292791958993,0.14356334017053035,0.541501976284585,0.7933332445511321
2022-09-13,1190.5554724409446,1122.1969180230928,1101.8129148567732,0.03351329123855673,128,125,1,0.5039370078740157,1.024,0.8582677165354331,0.7047244094488189,50,3,0.1278776152832735,-0.012622224334165665,0.14049983961743914,0.5177865612648221,0.5262864877040455
2022-09-14,1183.7562598425197,1125.337836105319,1102.043961364319,0.017167155913790033,89,164,1,0.35039370078740156,0.5426829268292683,0.8307086614173228,0.7047244094488189,37,8,0.11524890826510707,-0.025557864412159747,0.14080677267726682,0.45454545454545453,0.5991215088983027
2022-09-15,1186.344133858268,1128.4031986243815,1102.3816751586103,0.014267755971113294,117,136,1,0.46062992125984253,0.8602941176470589,0.8188976377952756,0.6850393700787402,50,20,0.11568678882586991,-0.03243351880427806,0.14812030763014797,0.43873517786561267,0.5356080971157537
2022-09-16,1160.8230708661417,1130.9851240733249,1102.6341507212744,-0.007537418456035838,25,228,1,0.0984251968503937,0.10964912280701754,0.6811023622047244,0.6417322834645669,13,66,0.08688167722992018,-0.05446552708794415,0.14134720431786435,0.3359683794466403,0.03680207894300399
2022-09-19,1162.338779527559,1133.2557739721765,1102.867730660579,0.002964166043653016,123,131,0,0.484251968503937,0.9389312977099237,0.6338582677165354,0.6377952755905512,28,49,0.10032655013096925,-0.04334018082557744,0.1436667309565467,0.37549407114624506,0.5701521155767801
2022-09-20,1178.3337401574804,1135.6584803958795,1103.1645039446996,0.026783251400141594,190,63,1,0.7480314960629921,3.015873015873016,0.7007874015748031,0.6614173228346457,32,19,0.12255014965233034,-0.02303358864063145,0.14558373829296178,0.4624505928853755,0.7486688119023507
2022-09-21,1170.432125984252,1137.8970217297936,1103.361227699621,0.01577116911614973,64,189,1,0.25196850393700787,0.3386243386243386,0.6732283464566929,0.65748031496063,14,40,0.10338885539493295,-0.03953854355679907,0.142927398951732,0.4031620553359684,0.16362426561664353
2022-09-22,1177.4881102362203,1140.1284345274037,1103.6085434591355,0.016798465253966333,147,105,2,0.5787401574803149,1.4,0.6968503937007874,0.65748031496063,28,31,0.1031558299770819,-0.03935892442602098,0.14251475440310288,0.391304347826087,0.6984849548715013
2022-09-23,1161.5311417322835,1142.1251806822072,1103.8502814594633,0.004471913359406443,23,231,0,0.09055118110236221,0.09956709956709957,0.6062992125984252,0.6338582677165354,4,65,0.0767277333354685,-0.05428324555628703,0.13101097889175553,0.30039525691699603,0.1740311891216846
2022-09-26,1135.6354724409448,1143.594177087548,1103.9129194466682,-0.014487458940167675,29,225,0,0.1141732283464567,0.1288888888888889,0.41732283464566927,0.531496062992126,4,126,0.03657099376755789,-0.07929062624201882,0.11586162000957671,0.14566929133858267,0.03476791338482918
2022-09-27,1136.1110236220472,1145.1185295757991,1103.912418523112,-0.009077361805427842,143,111,0,0.562992125984252,1.2882882882882882,0.4645669291338583,0.5354330708661418,4,71,0.040063215386715444,-0.0711607977406808,0.11122401312739624,0.1732283464566929,0.34225314756325903
2022-09-28,1135.5577165354332,1146.4635131555194,1103.8788075224556,-0.023658913888992328,85,169,0,0.3346456692913386,0.5029585798816568,0.4015748031496063,0.5196850393700787,8,97,0.027915817374801446,-0.09743653657552635,0.1253523539503278,0.13385826771653545,0.13571056454252267
2022-09-29,1139.498031496063,1147.6543030344526,1103.8480247632692,-0.019402769506823403,161,92,1,0.6338582677165354,1.75,0.4448818897637795,0.5196850393700787,15,47,0.03581341553210016,-0.08771580407185003,0.12352921960395019,0.14960629921259844,0.6924911622937334
2022-09-30,1152.655,1149.0320971055992,1103.8961897632691,-0.006312639306171763,198,56,0,0.7795275590551181,3.5357142857142856,0.48031496062992124,0.5708661417322834,19,10,0.036155530443464874,-0.07363335340471397,0.10978888384817884,0.1732283464566929,0.8940874446685928
2022-10-03,1138.7791732283465,1150.0591880800473,1103.883023596216,-0.022379720813192283,69,185,0,0.27165354330708663,0.372972972972973,0.41732283464566927,0.5511811023622047,17,53,0.02735914968488361,-0.09298395858685529,0.1203431082717389,0.16141732283464566,0.2759538366739791
2022-10-04,1155.0070472440943,1151.168472898447,1103.972588707955,-0.007893215237601447,219,34,1,0.8622047244094488,6.4411764705882355,0.5039370078740157,0.6181102362204725,27,4,0.04950955422605139,-0.07895896483498958,0.12846851906104098,0.1968503937007874,0.9322233449170597
2022-10-06,1162.9404330708662,1152.393062587532,1104.128969296546,-0.005809106257713581,178,75,1,0.7007874015748031,2.3733333333333335,0.5433070866141733,0.6259842519685039,29,6,0.050641424681888036,-0.07168363412880577,0.1223250588106938,0.20866141732283464,0.677700086119649
2022-10-07,1160.7056692913386,1153.596458186798,1104.3713771035834,-0.012399771232044055,116,135,3,0.4566929133858268,0.8592592592592593,0.5354330708661418,0.6259842519685039,27,6,0.040992232555895396,-0.07424831210834841,0.1152405446642438,0.1732283464566929,0.5861202918653239
2022-10-10,1154.9644488188976,1154.9677851078397,1104.7238072314954,-0.020310162845846635,68,184,2,0.2677165354330709,0.3695652173913043,0.5078740157480315,0.5866141732283464,16,16,0.03750550880721693,-0.0817447400561121,0.11925024886332902,0.18110236220472442,0.26500343011614896
2022-10-11,1140.6855905511811,1155.8904771560176,1104.9429030265749,-0.03853120808173083,38,215,1,0.14960629921259844,0.17674418604651163,0.41732283464566927,0.5511811023622047,1,44,0.017482333669933237,-0.09736045154946271,0.11484278521939595,0.11811023622047244,0.10430543620066568
2022-10-12,1144.3654330708662,1156.7123265288972,1105.1180105638302,-0.03879704930957728,154,100,0,0.6062992125984252,1.54,0.4409448818897638,0.5748031496062992,9,24,0.007732221982076084,-0.09919130894892278,0.10692353093099886,0.12598425196850394,0.6266185016929395
2022-10-13,1139.4491338582675,1157.1335210637703,1105.2180717289891,-0.03742926435729821,89,162,3,0.35039370078740156,0.5493827160493827,0.40551181102362205,0.5748031496062992,11,32,0.01562507194131371,-0.09777453918923276,0.11339961113054647,0.1220472440944882,0.298836737183292
2022-10-14,1139.176653543307,1157.2473339765336,1105.3589268074054,-0.039758682973009885,120,130,4,0.47244094488188976,0.9230769230769231,0.38976377952755903,0.5669291338582677,16,29,0.013276973666348191,-0.098131159301828,0.1114081329681762,0.1377952755905512,0.5368120863209315
2022-10-17,1140.4786614173227,1157.2348257819551,1105.4677369869198,-0.017525848649475262,133,118,3,0.5236220472440944,1.1271186440677967,0.4330708661417323,0.562992125984252,23,34,0.04242367444685545,-0.07257340641754872,0.11499708086440417,0.16929133858267717,0.8495261443416069
2022-10-18,1145.1889763779527,1157.3592732937038,1105.5548167048753,-0.01475456506456485,184,70,0,0.7244094488188977,2.6285714285714286,0.452755905511811,0.594488188976378,27,17,0.05283162010812093,-0.06368359991391437,0.11651522002203529,0.2125984251968504,0.7623109213113345
2022-10-19,1143.483070866142,1157.4082770035168,1105.609515051009,-0.0295762296398987,107,147,0,0.421259842519685,0.7278911564625851,0.48031496062992124,0.5984251968503937,22,16,0.03408854609412142,-0.07386852866275191,0.10795707475687333,0.14173228346456693,0.6592683588536478
2022-10-20,1143.6898031496062,1157.4658121969437,1105.654787427413,-0.022848247447204484,143,110,1,0.562992125984252,1.3,0.5039370078740157,0.5866141732283464,34,23,0.049010217854680786,-0.06487886536761378,0.11388908322229457,0.19291338582677164,0.5091003058329102
2022-10-21,1138.1386614173227,1157.3024036071083,1105.6157866771227,-0.03341812836734592,72,181,1,0.28346456692913385,0.39779005524861877,0.43700787401574803,0.5826771653543307,21,29,0.028677205638872667,-0.07544060109241414,0.10411780673128682,0.14960629921259844,0.5350429531153302
2022-10-24,1142.7298818897639,1157.2549988733622,1105.5619532996861,-0.016186617101354495,193,46,15,0.7598425196850394,4.195652173913044,0.484251968503937,0.5984251968503937,40,6,0.06978940799380795,-0.05841641181011578,0.12820581980392373,0.24803149606299213,0.9570002413658877
2022-10-25,1143.677992125984,1157.120199822601,1105.4897953094965,0.00708195532828193,122,131,1,0.48031496062992124,0.9312977099236641,0.49606299212598426,0.6181102362204725,44,22,0.10683068399294121,-0.03166891867154222,0.13849960266448344,0.39763779527559057,0.712506538586109
2022-10-27,1149.4549606299213,1157.0703021972552,1105.4367047437936,0.011745275532431876,160,93,1,0.6299212598425197,1.7204301075268817,0.5354330708661418,0.6141732283464567,64,18,0.1040427349869109,-0.030893044893226418,0.13493577988013733,0.40551181102362205,0.7320227313014364
2022-10-28,1145.6700393700785,1156.708152787028,1105.384924202939,0.008905159717903066,98,153,3,0.3858267716535433,0.6405228758169934,0.5354330708661418,0.6181102362204725,38,28,0.10254124701765281,-0.02854905841244124,0.13109030543009406,0.43700787401574803,0.4950030472078241
2022-10-31,1158.154803149606,1156.4781334350002,1105.3907185055723,0.016372798493603735,193,60,1,0.7598425196850394,3.216666666666667,0.547244094488189,0.6338582677165354,59,14,0.11122220558951904,-0.03116127054813329,0.14238347613765232,0.4409448818897638,0.6567738686275333
2022-11-01,1167.1388188976377,1156.4281272042576,1105.40144702629,0.012565614947783743,170,83,1,0.6692913385826772,2.0481927710843375,0.594488188976378,0.6535433070866141,62,8,0.10013445535545108,-0.03480752746411542,0.13494198281956649,0.41732283464566927,0.6675471365314378
2022-11-02,1166.1701968503937,1156.5734592045064,1105.3996178875911,0.024052972047597043,111,139,4,0.43700787401574803,0.7985611510791367,0.6023622047244095,0.65748031496063,40,10,0.11224585900027005,-0.0178810445112536,0.13012690351152364,0.4566929133858268,0.38949552959814177
2022-11-03,1166.4755118110238,1156.951022405154,1105.3612104056626,0.009929345967450098,120,133,1,0.47244094488188976,0.9022556390977443,0.5708661417322834,0.6614173228346457,41,14,0.08990985574345511,-0.03911203574038609,0.1290218914838412,0.35826771653543305,0.7402030713847729
2022-11-04,1166.8491732283467,1157.2428129843452,1105.293460165247,0.003361083720478275,143,111,0,0.562992125984252,1.2882882882882882,0.610236220472441,0.6496062992125984,53,12,0.08582492106021093,-0.042882355630552295,0.12870727669076323,0.33858267716535434,0.7432031870004803
2022-11-07,1169.676377952756,1157.4756425196852,1105.2331586533714,0.007728667911904186,151,100,3,0.594488188976378,1.51,0.5905511811023622,0.65748031496063,66,22,0.08754602223136942,-0.04351887974942914,0.13106490198079856,0.35826771653543305,0.902110255310047
2022-11-09,1164.6257874015748,1157.6409582677165,1105.1212511149697,0.008365052788037897,111,143,0,0.43700787401574803,0.7762237762237763,0.562992125984252,0.6456692913385826,55,25,0.09515845593583264,-0.043248788683441196,0.13840724461927384,0.3661417322834646,0.7537650630908797
2022-11-10,1157.6721653543307,1157.747805511811,1105.0616062040363,0.01489154850719343,81,173,0,0.3188976377952756,0.4682080924855491,0.5590551181102362,0.6535433070866141,27,33,0.1093065242398673,-0.036614145206895654,0.14592066944676296,0.42913385826771655,0.3577566863750056
2022-11-11,1160.8985039370077,1158.0354078740156,1105.0234368384754,0.014447370034391449,142,108,4,0.5590551181102362,1.3148148148148149,0.5433070866141733,0.65748031496063,33,22,0.11039049106281892,-0.03419327548243014,0.14458376654524907,0.4251968503937008,0.6174940699087388
2022-11-14,1164.5569291338584,1158.0650503937009,1105.0152712792267,0.02203502949760816,125,128,1,0.4921259842519685,0.9765625,0.5590551181102362,0.6771653543307087,43,22,0.1192196925625905,-0.035325686308233184,0.1545453788708237,0.4448818897637795,0.5353136821583678
2022-11-15,1164.4368503937008,1158.112888976378,1105.0816973344738,0.022174082282869767,138,113,3,0.5433070866141733,1.2212389380530972,0.5669291338582677,0.6850393700787402,50,27,0.12486001344645792,-0.03279694646199727,0.15765695990845519,0.44881889763779526,0.6609058305993973
2022-11-16,1158.5109448818898,1158.083557480315,1105.315674599867,0.015811153750266316,94,160,0,0.3700787401574803,0.5875,0.547244094488189,0.6653543307086615,25,30,0.10769987060140042,-0.029942742355171314,0.13764261295657174,0.40551181102362205,0.5137618823832163
2022-11-17,1153.0557086614174,1157.8477086614173,1105.4777068316987,0.006869374789430616,95,157,2,0.37401574803149606,0.6050955414012739,0.5433070866141733,0.6377952755905512,28,35,0.09608474899787713,-0.04604954514122379,0.14213429413910092,0.35039370078740156,0.5263889799694272
2022-11-18,1149.2202362204725,1157.5481874015748,1105.7148549390304,0.005017271790464628,85,168,1,0.3346456692913386,0.5059523809523809,0.5078740157480315,0.6259842519685039,17,40,0.10210371820068742,-0.054567637180036675,0.1566713553807241,0.3188976377952756,0.6340924762174092
2022-11-21,1145.5864173228344,1157.0652047244093,1105.9019480912184,0.0016583291798224487,104,149,1,0.4094488188976378,0.697986577181208,0.5,0.6220472440944882,20,40,0.0834320800586505,-0.058512894784856016,0.14194497484350652,0.2992125984251969,0.6209786297044252
2022-11-22,1144.0662352941176,1156.4409522649373,1106.0136425873611,0.005208129798009997,130,123,1,0.5118110236220472,1.056910569105691,0.47843137254901963,0.615686274509804,19,38,0.09502470470640288,-0.04664328871501715,0.14166799342142003,0.35039370078740156,0.6430453790106064
2022-11-23,1146.7541176470588,1155.797869263548,1106.096135101826,0.003521598429403028,146,105,4,0.5725490196078431,1.3904761904761904,0.5176470588235295,0.6274509803921569,24,24,0.08809042252071433,-0.052255987863013886,0.14034641038372822,0.32677165354330706,0.7073704053347604
2022-11-24,1150.3057254901962,1155.0760042457928,1106.1369098358343,0.005795104399877404,166,87,2,0.6509803921568628,1.9080459770114941,0.5843137254901961,0.6588235294117647,39,13,0.09629492828326681,-0.044450783935454784,0.1407457122187216,0.3543307086614173,0.8655552044058437
2022-11-25,1153.175137254902,1154.328397542072,1106.2196647057824,0.003236470111836365,152,102,1,0.596078431372549,1.4901960784313726,0.596078431372549,0.6666666666666666,43,15,0.08995285369493262,-0.03995571544021146,0.1299085691351441,0.33070866141732286,0.8474550701578688
2022-11-28,1159.6299999999999,1153.8458723452216,1106.36397939966,0.012184974862043951,165,88,2,0.6470588235294118,1.875,0.6392156862745098,0.6901960784313725,54,8,0.10629635638192024,-0.035544981387790296,0.14184133776971053,0.3779527559055118,0.6408797486751914
2022-11-29,1159.307294117647,1153.305135550409,1106.570138115146,0.0009951096044384933,101,154,0,0.396078431372549,0.6558441558441559,0.6274509803921569,0.6980392156862745,35,13,0.09254489386840832,-0.04771266580043234,0.14025755966884065,0.35039370078740156,0.4444681474537035
2022-11-30,1169.2125098039216,1153.4729243291647,1106.8557551539616,0.0017767303020925773,175,80,0,0.6862745098039216,2.1875,0.6549019607843137,0.7215686274509804,64,11,0.10183581808989929,-0.045245918461795084,0.14708173655169438,0.35826771653543305,0.7568902177962711
2022-12-01,1174.4261960784315,1153.7146726601823,1107.095296542517,0.007079583452171745,145,106,4,0.5686274509803921,1.3679245283018868,0.6705882352941176,0.7254901960784313,50,8,0.10999029416927378,-0.04336006264407597,0.15335035681334974,0.3700787401574803,0.600536394496425
2022-12-02,1175.0230980392157,1153.648459817817,1107.3350477469987,0.007327703103617855,144,108,3,0.5647058823529412,1.3333333333333333,0.6941176470588235,0.7254901960784313,49,11,0.11273318562301149,-0.042509323424432074,0.15524250904744358,0.40551181102362205,0.7494094022401177
2022-12-05,1171.8713725490197,1153.6772447491123,1107.6518842015807,0.004304068971294761,121,131,3,0.4745098039215686,0.9236641221374046,0.7058823529411765,0.7254901960784313,48,13,0.105868694815126,-0.04205594472256167,0.14792463953768767,0.38188976377952755,0.8087233273214821
2022-12-06,1168.620862745098,1153.4998997992898,1108.1143542295918,-0.000902399353832628,84,170,1,0.32941176470588235,0.49411764705882355,0.6745098039215687,0.7137254901960784,20,13,0.08022593035311534,-0.038702973081346584,0.11892890343446193,0.33858267716535434,0.6798658469886022
2022-12-07,1166.2620392156864,1153.594517748958,1108.4502244256703,0.0014049592854734616,87,163,5,0.3411764705882353,0.5337423312883436,0.6666666666666666,0.7137254901960784,27,19,0.0813612964850845,-0.039617341577943783,0.12097863806302828,0.2992125984251969,0.2895426255684538
2022-12-08,1168.6996470588238,1154.2558012413153,1108.7847765385154,0.009525565211389475,142,111,2,0.5568627450980392,1.2792792792792793,0.6627450980392157,0.7137254901960784,37,15,0.09695806051454495,-0.02948942233220997,0.12644748284675492,0.38188976377952755,0.7580943806730646
2022-12-09,1161.3425490196078,1154.7604317492667,1109.0916147938176,0.0003825012101352776,72,183,0,0.2823529411764706,0.39344262295081966,0.6,0.7098039215686275,21,27,0.07684837638974544,-0.039362571341765906,0.11621094773151135,0.3031496062992126,0.20384795918690973
2022-12-12,1160.6023529411766,1155.2613244773815,1109.4258408442377,-0.003395777478755746,133,122,0,0.5215686274509804,1.0901639344262295,0.596078431372549,0.6980392156862745,25,34,0.08230282537422418,-0.03899805594937093,0.12130088132359511,0.3031496062992126,0.8515527835239912
2022-12-13,1164.7456862745098,1155.7662775729505,1109.8477815205083,0.00026522338304957316,137,118,0,0.5372549019607843,1.1610169491525424,0.611764705882353,0.6980392156862745,29,19,0.08130129035118028,-0.03130458025996314,0.11260587061114341,0.30708661417322836,0.741108466582222
2022-12-14,1167.512705882353,1156.0634316905976,1110.3136130091036,0.007770113040564297,160,95,0,0.6274509803921569,1.6842105263157894,0.6313725490196078,0.6980392156862745,40,8,0.08827815276100322,-0.01921931253331477,0.10749746529431799,0.33858267716535434,0.8146449518068738
2022-12-15,1160.4974509803922,1156.4977972456384,1110.6998702640055,0.0064539312915019575,68,187,0,0.26666666666666666,0.36363636363636365,0.5725490196078431,0.6823529411764706,22,36,0.0921785153019579,-0.02889496562730902,0.12107348092926692,0.31496062992125984,0.5959143343704341
2022-12-16,1151.0480784313727,1156.418617869384,1111.283060452081,0.0015905064610692854,56,198,1,0.2196078431372549,0.2828282828282828,0.5450980392156862,0.6666666666666666,10,59,0.0748322019608764,-0.03329866755414692,0.10813086951502332,0.27165354330708663,0.1064531011211117
2022-12-19,1156.3159607843138,1156.286128423653,1111.7240725009003,0.009365983481677054,156,98,1,0.611764705882353,1.5918367346938775,0.5607843137254902,0.6627450980392157,21,38,0.08756557673144276,-0.025075719269650798,0.11264129600109356,0.3228346456692913,0.8625487923102872
2022-12-20,1156.9421960784314,1156.2108589593947,1112.1247496037415,0.011254558859525865,118,135,2,0.4627450980392157,0.8740740740740741,0.5294117647058824,0.6627450980392157,21,38,0.0843109273177944,-0.026684036215189465,0.11099496353298385,0.3411764705882353,0.3262481227434082
2022-12-21,1146.1169803921566,1156.03390959086,1112.5099216485594,-0.0005556005817616283,51,204,0,0.2,0.25,0.4627450980392157,0.6392156862745098,8,74,0.06060802632314697,-0.043004940599965555,0.10361296692311253,0.25098039215686274,0.06927250677541905
2022-12-22,1136.5745098039215,1155.9516879759146,1112.8504025649258,-0.011937014118940659,43,210,2,0.16862745098039217,0.20476190476190476,0.396078431372549,0.6078431372549019,2,119,0.03449421250376478,-0.0610938187301224,0.09558803123388718,0.14901960784313725,0.2964654148049598
2022-12-23,1108.0173333333332,1155.2247259811643,1113.149542496899,-0.03915953653758575,15,240,0,0.058823529411764705,0.0625,0.22745098039215686,0.5411764705882353,0,176,0.0020336725338684185,-0.10631472692441232,0.10834839945828074,0.08235294117647059,0.01434581712689418
2022-12-26,1125.0075294117646,1154.935893892234,1113.6637840215087,-0.029856480591425982,217,37,1,0.8509803921568627,5.864864864864865,0.3254901960784314,0.5803921568627451,2,17,0.013742307264594729,-0.08164009297634234,0.09538240024093707,0.10196078431372549,0.9872117065795898
2022-12-27,1133.9858823529412,1154.8320784684267,1114.1542122087835,-0.021841846327705583,197,57,1,0.7725490196078432,3.456140350877193,0.3607843137254902,0.6078431372549019,5,10,0.026845725681858314,-0.06790389849160125,0.09474962417345956,0.10588235294117647,0.9404820809823644
2022-12-28,1137.9163921568627,1154.7808330832177,1114.558617434874,-0.02676683441601846,129,124,2,0.5058823529411764,1.0403225806451613,0.3686274509803922,0.6274509803921569,6,8,0.01757607482670635,-0.07867180775764443,0.09624788258435078,0.08627450980392157,0.45983333601131743
2022-12-29,1137.4121484375,1154.6252965244084,1114.8920957280818,-0.0315167081290646,122,130,3,0.47843137254901963,0.9384615384615385,0.3984375,0.62890625,10,13,0.013386544736052433,-0.07883142904068126,0.09221797377673369,0.07450980392156863,0.7387826273448089
2022-12-30,1140.3805078125,1154.5632452633356,1115.2105613283688,-0.02948247594836606,159,97,0,0.62109375,1.6391752577319587,0.40234375,0.61328125,16,12,0.01827193689303545,-0.07956182721467311,0.09783376410770857,0.09803921568627451,0.8736875743141226
2023-01-02,1142.1155078125,1154.5317593565935,1115.508173561309,-0.02539174984008319,172,84,0,0.671875,2.0476190476190474,0.42578125,0.62109375,24,15,0.017632321106736525,-0.07195855827643531,0.08959087938317184,0.11372549019607843,0.918287820611581
2023-01-03,1144.1357421875,1154.6517009719971,1115.8263712518383,-0.02095215081141233,144,111,1,0.5625,1.2972972972972974,0.44140625,0.6171875,21,11,0.028370539018342415,-0.06227231771727337,0.09064285673561578,0.1411764705882353,0.768060558562878
2023-01-04,1138.5001171875,1154.5671056779518,1116.0403753071635,-0.023804189019867472,62,194,0,0.2421875,0.31958762886597936,0.421875,0.62890625,13,21,0.020713956366059917,-0.06986779579759284,0.09058175216365275,0.10980392156862745,0.2739888742321213
2023-01-05,1142.5778125000002,1154.545102085432,1116.2038588594594,-0.022351195728143147,153,101,2,0.59765625,1.5148514851485149,0.45703125,0.625,19,15,0.021768906207798637,-0.06974605177546886,0.0915149579832675,0.10980392156862745,0.5107783531397225
2023-01-06,1136.8489843749999,1154.2929825603337,1116.3431396997016,-0.02109073215760937,53,201,2,0.20703125,0.263681592039801,0.359375,0.609375,12,27,0.02273691874048982,-0.06883153689669923,0.09156845563718904,0.12549019607843137,0.14866262539512515
2023-01-09,1142.9251171875,1154.238084116682,1116.5202205917617,-0.015231087296074475,184,71,1,0.71875,2.591549295774648,0.44140625,0.640625,25,8,0.029869707770577184,-0.06382114819138904,0.09369085596196622,0.1568627450980392,0.9105090281058504
2023-01-10,1136.7530859375001,1153.8100497724402,1116.6740303071633,-0.02403322945676256,95,160,1,0.37109375,0.59375,0.421875,0.625,15,17,0.019657223479563432,-0.06701445532047808,0.08667167880004151,0.13333333333333333,0.34203957597490253
2023-01-11,1135.3902343749999,1153.175078081987,1116.832298417814,-0.02751359479473625,117,136,3,0.45703125,0.8602941176470589,0.41796875,0.6171875,22,25,0.018795813925914506,-0.07362192756216154,0.09241774148807605,0.12156862745098039,0.6422914111227879
2023-01-12,1135.364296875,1152.5589600824794,1117.0026919430054,-0.021657224739407677,115,140,1,0.44921875,0.8214285714285714,0.4140625,0.61328125,20,21,0.026626749344990683,-0.06671262561118015,0.09333937495617083,0.13725490196078433,0.3176091494836469
2023-01-13,1136.8062109375,1151.965574065009,1117.1757254466725,-0.012372956230708665,139,117,0,0.54296875,1.188034188034188,0.41796875,0.61328125,18,22,0.04161249175791918,-0.05358996581821651,0.09520245757613569,0.17647058823529413,0.8077694253829528
2023-01-16,1134.141015625,1151.311410912942,1117.2941190962258,-0.01917723694159934,98,157,1,0.3828125,0.6242038216560509,0.421875,0.60546875,25,25,0.03522941765795517,-0.06109040768258649,0.09631982534054165,0.1568627450980392,0.6380739845840788
2023-01-17,1135.6432421875002,1150.6307481976369,1117.3772002051226,-0.018409695802544035,129,126,1,0.50390625,1.0238095238095237,0.44921875,0.6015625,37,20,0.03644332702621906,-0.060296291175947654,0.09673961820216671,0.1411764705882353,0.44322356253262063
2023-01-18,1136.7812890625,1150.0738582308554,1117.4451556300269,-0.00814549604392234,150,104,2,0.5859375,1.4423076923076923,0.48828125,0.609375,48,19,0.053569142035819334,-0.04053407089906056,0.09410321293487989,0.2235294117647059,0.6246423681483039
2023-01-19,1135.0536328125,1149.6214875800188,1117.470681753273,-0.0013381234387210839,98,157,1,0.3828125,0.6242038216560509,0.46484375,0.60546875,31,24,0.07502950827238017,-0.032633096649543676,0.10766260492192384,0.2901960784313726,0.47743044606200613
2023-01-20,1126.7604296875,1148.9387260950286,1117.40205483667,0.016915887315390954,75,178,3,0.29296875,0.42134831460674155,0.421875,0.58984375,16,43,0.12732326124598678,-0.0144536359662023,0.14177689721218908,0.4666666666666667,0.45011760334076023
2023-01-23,1127.4708203125,1148.1970039186015,1117.2787961333543,0.002189577257339259,131,125,0,0.51171875,1.048,0.43359375,0.60546875,29,48,0.08403081332987053,-0.033381818716094025,0.11741263204596455,0.33725490196078434,0.5605912501141397
2023-01-24,1126.2225,1147.4327169107273,1117.1518765195333,-0.00684610141427211,89,164,3,0.34765625,0.5426829268292683,0.3984375,0.58984375,20,54,0.0708784214015278,-0.04937217144020971,0.1202505928417375,0.2549019607843137,0.24986975728966623
2023-01-25,1117.4685546875,1146.6118691068395,1117.0012524230522,-0.017969542938567562,59,196,1,0.23046875,0.3010204081632653,0.39453125,0.58203125,14,92,0.05787056184241942,-0.06276258641461996,0.12063314825703939,0.21176470588235294,0.15976053035789467
2023-01-27,1099.4381250000001,1145.5395174336113,1116.7403584326673,-0.03338633536635427,47,209,0,0.18359375,0.22488038277511962,0.28515625,0.54296875,7,114,0.04246178145000634,-0.08529740850357326,0.1277591899535796,0.1640625,0.11047995888140326
2023-01-30,1095.20515625,1144.4592158342018,1116.4351668050106,-0.039614278964795746,131,125,0,0.51171875,1.048,0.2734375,0.54296875,14,67,0.03773475202046628,-0.0892054230307191,0.12694017505118538,0.1484375,0.5196892334086345
2023-01-31,1107.8282421875,1143.704052331495,1116.2573096353815,-0.030020838864775135,200,54,2,0.78125,3.7037037037037037,0.3984375,0.5703125,32,24,0.038817704199266556,-0.08048171191553544,0.11929941611480199,0.15234375,0.861958473280165
2023-02-01,1098.90796875,1142.8008870006129,1116.0496270094957,-0.039530076519616375,73,183,0,0.28515625,0.3989071038251366,0.3203125,0.5625,15,43,0.02709810874704499,-0.10082688716991195,0.12792499591695694,0.12890625,0.19115372000363096
2023-02-02,1098.4548046875,1141.8349007414215,1115.9008528547956,-0.03517374473261037,127,127,2,0.49609375,1.0,0.32421875,0.55078125,23,46,0.04077610008952681,-0.08745591028307853,0.12823201037260534,0.1640625,0.5003694926170853
2023-02-03,1099.7862109375,1140.8245104503676,1115.8190754074587,-0.03745180511502366,121,134,1,0.47265625,0.9029850746268657,0.3203125,0.55078125,24,50,0.03669190448456594,-0.0898031203566122,0.12649502484117814,0.14453125,0.6944536781797926
2023-02-06,1105.4034375,1139.8690764552696,1115.7457328783596,-0.027660267376926395,152,103,1,0.59375,1.4757281553398058,0.3515625,0.5625,27,31,0.04599618684461393,-0.08150405743988642,0.12750024428450035,0.1875,0.504864476796109
2023-02-07,1106.0397265625002,1138.7972709865196,1115.5988738188641,-0.032272797290313404,112,143,1,0.4375,0.7832167832167832,0.35546875,0.55859375,31,42,0.042536866083203506,-0.0849684275373479,0.1275052936205514,0.1796875,0.26698252261038913
2023-02-08,1114.1619531249999,1137.8943641666667,1115.5146018031128,-0.01987338595511179,171,81,4,0.66796875,2.111111111111111,0.390625,0.59765625,31,22,0.04761904761904767,-0.07850244370133053,0.1261214913203782,0.1953125,0.8183428354877581
2023-02-09,1114.9197265625,1136.8085085018383,1115.5131805978685,-0.018029490824155503,121,133,2,0.47265625,0.9097744360902256,0.41015625,0.609375,34,22,0.04875675920269695,-0.07652161129079682,0.12527837049349377,0.19921875,0.4123782917266817
2023-02-10,1114.981015625,1135.6196048927695,1115.47171988652,-0.017953075771453553,129,125,2,0.50390625,1.032,0.41796875,0.61328125,33,18,0.05623813447003623,-0.0718507890961263,0.12808892356616253,0.21484375,0.46661527518429824
2023-02-13,1105.0476171875002,1134.2200952757353,1115.416196433996,-0.027936682122636558,75,181,0,0.29296875,0.4143646408839779,0.390625,0.60546875,16,42,0.04851997317750745,-0.09484752375635697,0.1433674969338644,0.18359375,0.21463816467167265
2023-02-14,1103.851484375,1132.859697512255,1115.3106441392717,-0.026707023935033436,114,141,1,0.4453125,0.8085106382978723,0.375,0.58984375,13,41,0.044970336313805204,-0.09025616345917442,0.13522649977297962,0.1796875,0.6446851164208353
2023-02-15,1109.8529296875,1131.684338851103,1115.277631662203,-0.022709871852292673,177,77,2,0.69140625,2.2987012987012987,0.40625,0.609375,30,26,0.04804547408749804,-0.08619930531774378,0.13424477940524182,0.19140625,0.8521644763255338
2023-02-16,1118.80609375,1130.7352199417892,1115.3237724548399,-0.01581236028904398,165,89,2,0.64453125,1.853932584269663,0.453125,0.6328125,39,16,0.05972577271670931,-0.08303711904900646,0.14276289176571577,0.22265625,0.6931233247978582
2023-02-17,1115.987265625,1129.6809723131128,1115.5020220894164,-0.016797767644033068,99,155,2,0.38671875,0.6387096774193548,0.4453125,0.609375,22,26,0.06241388812345017,-0.086227261989133,0.14864115011258316,0.2265625,0.3319949791171974
2023-02-20,1113.523984375,1128.7246010202207,1115.6632674145171,-0.01174734660869381,93,162,1,0.36328125,0.5740740740740741,0.44140625,0.6015625,27,38,0.06073504133584362,-0.08683633828070525,0.14757137961654887,0.2265625,0.4027267221408135
2023-02-21,1112.7510937499999,1127.767575836397,1115.8927295364929,-0.013055527732789063,109,146,1,0.42578125,0.7465753424657534,0.4296875,0.5859375,28,43,0.052348458435025336,-0.08992686670478822,0.14227532513981356,0.2109375,0.525935966349358
2023-02-22,1105.3684375,1126.5800308609068,1116.1721524468846,-0.018516822830302204,63,193,0,0.24609375,0.32642487046632124,0.38671875,0.58203125,15,66,0.04994547437295527,-0.08963591450971975,0.13958138888267502,0.19921875,0.2729984153744678
2023-02-23,1103.714921875,1125.3040751807598,1116.5348184562595,-0.01230784772851723,110,145,1,0.4296875,0.7586206896551724,0.375,0.55078125,20,56,0.05573664792062183,-0.08260910195308857,0.1383457498737104,0.2109375,0.4244815832352546
2023-02-24,1100.4718359375001,1124.103562879902,1116.9310402359472,0.0009402174747215053,107,148,1,0.41796875,0.722972972972973,0.359375,0.53125,16,49,0.07031049525275868,-0.06612592796260641,0.1364364232153651,0.26953125,0.33413926716513587
2023-02-27,1092.46828125,1122.9319669362746,1117.366866042197,-0.0024989610251390237,61,195,0,0.23828125,0.3128205128205128,0.30078125,0.51171875,12,86,0.06872509960159356,-0.08108927909406494,0.1498143786956585,0.25,0.41771728799720786
2023-02-28,1095.0255859375,1121.7061594393383,1117.7596083718847,-0.01155653535670853,137,117,2,0.53515625,1.170940170940171,0.31640625,0.5,16,59,0.040106463582849194,-0.09629307255132857,0.13639953613417777,0.18359375,0.5855486966898825
2023-03-01,1106.4665625,1120.6966467677696,1118.1778961843845,0.006878277312519554,203,52,1,0.79296875,3.9038461538461537,0.375,0.52734375,32,10,0.056298600311041946,-0.06101904329553387,0.11731764360657582,0.23046875,0.8884385609071086
2023-03-02,1100.4431640625,1119.7831704411765,1118.445029004697,0.0018101421801925976,95,159,2,0.37109375,0.5974842767295597,0.3671875,0.515625,25,32,0.06067845198279964,-0.06812358401668095,0.1288020359994806,0.2265625,0.5014356022707923
2023-03-03,1106.5003515624999,1119.1816872763482,1118.7235067625097,0.006104950724265201,191,65,0,0.74609375,2.9384615384615387,0.43359375,0.54296875,29,9,0.068705321683876,-0.05251169166263503,0.12121701334651103,0.25,0.9189701124912664
2023-03-06,1114.762265625,1119.3165859221815,1119.1393830906347,0.008466436603604244,183,72,1,0.71484375,2.5416666666666665,0.453125,0.58203125,55,9,0.06268328445747784,-0.04639833892349465,0.10908162338097249,0.2578125,0.7160523205118863
2023-03-08,1117.430859375,1119.1650525214461,1119.4850409731669,0.010299026824201585,145,107,4,0.56640625,1.355140186915888,0.48046875,0.60546875,47,12,0.07394838607844689,-0.04214196384583324,0.11609034992428013,0.2734375,0.7900846781349313
2023-03-09,1114.1630859375,1118.768596593137,1119.820835685723,1.0167395296800663e-06,92,163,1,0.359375,0.5644171779141104,0.4765625,0.5625,28,21,0.05978155995523138,-0.04988937434603058,0.10967093430126196,0.2421875,0.565176814150519
2023-03-10,1108.999921875,1118.1902671875,1120.1642076058552,-0.005309624133884472,89,166,1,0.34765625,0.536144578313253,0.45703125,0.56640625,20,29,0.05235209158197063,-0.059264650335799196,0.11161674191776982,0.20703125,0.44392907668319254
2023-03-13,1093.831640625,1117.31865703125,1120.530082741251,-0.018968372289410396,27,228,1,0.10546875,0.11842105263157894,0.34765625,0.51171875,7,71,0.032050773502578345,-0.07133272123737544,0.10338349473995379,0.1484375,0.1835438701460229
2023-03-14,1085.29828125,1116.2170125,1120.8324155817638,-0.017871932060054663,78,175,3,0.3046875,0.44571428571428573,0.33203125,0.5078125,7,71,0.032019107110049516,-0.0733036156513126,0.10532272276136212,0.140625,0.228510562668774
2023-03-15,1086.904765625,1115.11279765625,1121.072413115068,-0.015352353998595358,130,122,4,0.5078125,1.0655737704918034,0.328125,0.5,14,60,0.04047831518829215,-0.0744179264083995,0.11489624159669165,0.19140625,0.3312968585623267
2023-03-16,1087.1750390625,1113.97358359375,1121.2296273542054,-0.020433239412527615,122,134,0,0.4765625,0.9104477611940298,0.33984375,0.49609375,13,56,0.028450043949604487,-0.08136411731191828,0.10981416126152277,0.15625,0.3147660662728648
2023-03-17,1093.253046875,1113.0686421875,1121.4058101184607,-0.02283956712226287,160,94,2,0.625,1.702127659574468,0.3671875,0.50390625,19,31,0.02659884256699474,-0.08134011874469882,0.10793896131169356,0.14453125,0.6799930616941644
2023-03-20,1085.979609375,1111.936678125,1121.5401151374474,-0.026888887691020602,53,202,1,0.20703125,0.2623762376237624,0.3125,0.47265625,10,62,0.015411228180531422,-0.08719069496789389,0.10260192314842531,0.1171875,0.16763954137558837
2023-03-21,1091.4394921875,1111.02848828125,1121.6654843115323,-0.019832973961396605,156,96,4,0.609375,1.625,0.359375,0.4609375,12,31,0.023437777856812447,-0.07907380283792487,0.10251158069473731,0.14453125,0.737669801368632
2023-03-22,1097.2820312500003,1110.1156265625002,1121.8994458566713,-0.013901637650041265,152,102,2,0.59375,1.4901960784313726,0.3515625,0.4921875,13,13,0.03111545988258313,-0.07558055675753628,0.1066960166401194,0.140625,0.678633851268312
2023-03-23,1096.2062890625,1109.304690625,1122.138002103571,-0.008288773341694089,106,148,2,0.4140625,0.7162162162162162,0.375,0.51171875,26,31,0.04038760747918668,-0.06288046812325987,0.10326807560244655,0.16015625,0.23191516124771624
2023-03-24,1086.3594921875,1108.32407578125,1122.363742620064,-0.015724558347019912,41,215,0,0.16015625,0.19069767441860466,0.29296875,0.48046875,10,73,0.03213608316727079,-0.07361963190184051,0.1057557150691113,0.14453125,0.11844716418695332
2023-03-27,1081.3305859375,1107.2434015625,1122.5771054703864,-0.01739367548983528,84,172,0,0.328125,0.4883720930232558,0.28515625,0.44140625,12,77,0.03354529865675904,-0.08346148469173775,0.11700678334849679,0.15625,0.4476646857585432
2023-03-28,1076.341875,1106.03411484375,1122.7404588930053,-0.014761441157401967,87,168,1,0.33984375,0.5178571428571429,0.2578125,0.4453125,8,76,0.04456782713085228,-0.07864077669902914,0.12320860382988141,0.171875,0.2709014638815148
2023-03-29,1089.716875,1105.1456320312502,1122.991596244196,-0.004848024562782105,214,40,2,0.8359375,5.35,0.328125,0.484375,21,16,0.05411240999495881,-0.05648812425994276,0.11060053425490157,0.21484375,0.9231624566481093
2023-03-31,1100.8781640625,1104.45033046875,1123.404096588318,-0.005050670871493246,192,62,2,0.75,3.096774193548387,0.390625,0.5234375,38,5,0.045748534795061024,-0.05969785575048725,0.10544639054554827,0.18359375,0.8079176998939769
2023-04-03,1109.2816796875,1103.90033828125,1123.873715105803,0.008031778390417577,180,76,0,0.703125,2.3684210526315788,0.4453125,0.54296875,44,5,0.056390361182449,-0.046544256694930786,0.10293461787737979,0.23046875,0.698714304111753
2023-04-05,1117.1181640625,1103.54162890625,1124.3643160451634,0.00959585099544391,164,91,1,0.640625,1.8021978021978022,0.51171875,0.56640625,54,7,0.05203074951953868,-0.04705882352941182,0.0990895730489505,0.20703125,0.49055356680316303
2023-04-06,1121.8167187499998,1103.4427546875002,1124.96960380558,0.0063282130571979955,153,101,2,0.59765625,1.5148514851485149,0.54296875,0.57421875,53,4,0.04964336661911539,-0.05675143940051508,0.10639480601963047,0.1953125,0.7526560420892576
2023-04-10,1124.8528515624998,1103.3903953125,1125.644097825297,0.00664201469400183,143,111,2,0.55859375,1.2882882882882882,0.55078125,0.57421875,56,5,0.04614338280173702,-0.05942288247647198,0.105566265278209,0.18359375,0.561879329485255
2023-04-11,1128.0957421875,1103.42786015625,1126.395618996552,0.012505042058790217,154,100,2,0.6015625,1.54,0.58984375,0.57421875,47,7,0.04938242647990121,-0.047663615403930826,0.09704604188383203,0.19921875,0.8443836877855524
2023-04-12,1132.1851171875,1103.72219140625,1127.0560203761404,0.020906399410110632,150,106,0,0.5859375,1.4150943396226414,0.63671875,0.578125,75,7,0.059224803275904625,-0.04061572700296745,0.09984053027887207,0.26171875,0.490920360899067
2023-04-13,1134.0495703125,1104.4144203125,1127.7755940213538,0.036767934107775346,129,127,0,0.50390625,1.015748031496063,0.63671875,0.58984375,69,6,0.08777749425873971,-0.018242122719734577,0.10601961697847428,0.375,0.6559850421783349
2023-04-17,1134.09578125,1105.1922328125,1128.425135229191,0.04496229363212234,153,102,1,0.59765625,1.5,0.67578125,0.58203125,86,11,0.10283660232867065,-0.01175286962088995,0.1145894719495606,0.42578125,0.7391768453120131
2023-04-18,1135.7482031250001,1105.75063203125,1129.0399474749747,0.044938102255825285,142,112,2,0.5546875,1.2678571428571428,0.69921875,0.59375,67,12,0.10640909911536389,-0.010244759741094733,0.11665385885645863,0.4765625,0.6072304541114205
2023-04-19,1133.9694531249997,1106.45186171875,1129.5915584310758,0.04304220790688107,121,134,1,0.47265625,0.9029850746268657,0.6875,0.5859375,52,14,0.11069861626729671,-0.002923338714603485,0.1136219549819002,0.4609375,0.48188197526395454
2023-04-20,1132.1293359375,1107.12535234375,1130.1245223726683,0.035560192741859176,122,132,2,0.4765625,0.9242424242424242,0.703125,0.58984375,42,7,0.08988345484540483,-0.014559386973180155,0.10444284181858499,0.45703125,0.6628928129480519
2023-04-21,1129.0921484374999,1107.71147109375,1130.6291591069191,0.039699215980042,107,145,4,0.41796875,0.7379310344827587,0.6953125,0.56640625,28,7,0.1046005833887722,-0.0023107375391384632,0.10691132092791067,0.51953125,0.45385047826451524
2023-04-24,1132.5645703125,1108.2546937500001,1131.1622714426087,0.037679668382326614,159,95,2,0.62109375,1.6736842105263159,0.69921875,0.58203125,60,8,0.1057505673313699,-0.004839951600484005,0.1105905189318539,0.46484375,0.9072124335035223
2023-04-25,1133.384140625,1108.80158203125,1131.6956403670774,0.032901394852764554,144,111,1,0.5625,1.2972972972972974,0.70703125,0.5859375,60,11,0.10138812450314938,-0.0073503013812520335,0.10873842588440141,0.47265625,0.7988812613096287
2023-04-26,1133.8394552529182,1109.1951320738083,1132.1994576038164,0.03433036880549456,154,97,5,0.6015625,1.5876288659793814,0.7120622568093385,0.5953307392996109,63,10,0.11084751541324533,-0.009505967249514358,0.12035348266275969,0.49609375,0.8539603875990588
2023-04-27,1137.6323346303502,1109.6493842351656,1132.7289852848733,0.04719693877724285,162,92,3,0.6303501945525292,1.7608695652173914,0.7315175097276264,0.5953307392996109,67,4,0.13141238213327955,0.012921639854696298,0.11849074227858325,0.61328125,0.7299434486795291
2023-04-28,1148.9164591439687,1110.3280931055447,1133.2295361576682,0.06250250763772902,198,58,1,0.7704280155642024,3.413793103448276,0.7937743190661478,0.6459143968871596,108,4,0.16259386694125633,0.031050082013170943,0.13154378492808538,0.69921875,0.8735887479895683
2023-05-02,1154.3951361867703,1111.3150434855302,1133.7105197437404,0.07251716485226423,164,93,0,0.6381322957198443,1.7634408602150538,0.8249027237354085,0.6498054474708171,98,3,0.17472992015030542,0.04122497055359231,0.1335049495967131,0.76171875,0.7390943951512511
2023-05-03,1157.8639299610895,1112.395292397252,1134.207314097103,0.06253647761588477,136,118,3,0.5291828793774319,1.152542372881356,0.8326848249027238,0.6381322957198443,71,6,0.16021202942449153,0.035382615156017705,0.12482941426847383,0.74609375,0.5268715641979714
2023-05-04,1165.9137354085603,1113.5165085116732,1134.7072954223672,0.059076084410707,183,73,1,0.7120622568093385,2.506849315068493,0.8599221789883269,0.669260700389105,92,0,0.14885324539049627,0.021819375547125874,0.1270338698433704,0.73828125,0.7126168109320979
2023-05-05,1165.8291050583655,1114.4569687378403,1135.2279717776987,0.0509766152333786,91,166,0,0.3540856031128405,0.5481927710843374,0.8326848249027238,0.6498054474708171,52,4,0.13156847742922717,0.010619852622453463,0.12094862480677371,0.62109375,0.48368620572029003
2023-05-08,1172.6317120622566,1115.5898576665857,1135.7802020771405,0.04969353268581411,171,84,2,0.6653696498054474,2.0357142857142856,0.8521400778210116,0.6848249027237354,82,6,0.1307678457000323,0.019358260408379735,0.11140958529165257,0.6328125,0.4923725934030511
2023-05-09,1169.634046692607,1116.712058912938,1136.328905314556,0.042624902217438976,115,141,1,0.4474708171206226,0.8156028368794326,0.8521400778210116,0.6731517509727627,63,15,0.12249114167317288,0.009312215867429252,0.11317892580574362,0.578125,0.3327102246712024
2023-05-10,1172.1813229571983,1117.900663497082,1136.848269241595,0.042075255735855466,151,104,2,0.5875486381322957,1.4519230769230769,0.8482490272373541,0.6809338521400778,75,10,0.12730261078449967,0.008627374951531541,0.11867523583296813,0.60546875,0.5501570577675104
2023-05-11,1176.6505058365758,1119.3263048638132,1137.3317290830307,0.04304134997879072,158,95,4,0.6147859922178989,1.6631578947368422,0.8638132295719845,0.688715953307393,75,6,0.1265220433869838,0.007912667594695444,0.11860937579228836,0.57421875,0.7173960343160655
2023-05-12,1179.8534241245134,1120.8490749088035,1137.81216972144,0.04210292664456472,105,152,0,0.4085603112840467,0.6907894736842105,0.8365758754863813,0.6809338521400778,54,14,0.12163504519717905,-0.0041583871774288905,0.12579343237460794,0.53515625,0.4005328843107305
2023-05-15,1182.1356809338522,1122.4823518087305,1138.2857250035795,0.04240212410477051,164,92,1,0.6381322957198443,1.7826086956521738,0.867704280155642,0.7159533073929961,58,9,0.1296463327794921,-0.0011380880121396597,0.13078442079163177,0.55859375,0.7429504021205967
2023-05-16,1181.7033852140078,1124.2670538880107,1138.696527898029,0.041978468442528394,120,136,1,0.4669260700389105,0.8823529411764706,0.8560311284046692,0.6964980544747081,51,10,0.13131765999502565,0.0011263516219464087,0.13019130837307924,0.5,0.6922019429964299
2023-05-17,1183.1715564202334,1126.0299732976655,1139.1038309370472,0.04175516471410501,129,127,1,0.5019455252918288,1.015748031496063,0.8443579766536965,0.6964980544747081,46,10,0.12245625289568407,-0.0005453501722157972,0.12300160306789987,0.53515625,0.6038748404940522
2023-05-18,1176.964357976654,1127.4399292071982,1139.4859732802902,0.03791539951377754,87,170,0,0.33852140077821014,0.5117647058823529,0.8132295719844358,0.688715953307393,34,19,0.12227762704407108,-0.005767012687427964,0.12804463973149904,0.50390625,0.24059093561151979
2023-05-19,1176.9084046692608,1128.9692340193337,1139.9385247898024,0.039552962113361234,124,131,2,0.48249027237354086,0.9465648854961832,0.8210116731517509,0.6848249027237354,41,22,0.12787316532816395,-0.008704897335371165,0.13657806266353512,0.48046875,0.7138657423614606
2023-05-22,1184.1839688715952,1130.5229063655156,1140.386689693449,0.04879302412148956,158,98,1,0.6147859922178989,1.6122448979591837,0.8171206225680934,0.6964980544747081,52,11,0.1389605102456235,0.001328677811080592,0.1376318324345429,0.52734375,0.7501678197679014
2023-05-23,1188.1759533073928,1131.9911801191633,1140.8112046378517,0.04910217435068476,133,123,1,0.5175097276264592,1.08130081300813,0.8171206225680934,0.7159533073929961,36,11,0.1315808309203892,-0.003633920124490375,0.13521475104487957,0.54296875,0.7307117862879816
2023-05-24,1189.621906614786,1133.4350010639591,1141.1673671353524,0.04961933379337191,122,131,4,0.47470817120622566,0.9312977099236641,0.7859922178988327,0.7003891050583657,42,17,0.1330994223727151,-0.008577217537384274,0.14167663991009938,0.4921875,0.5498825755321614
2023-05-25,1196.3044747081713,1135.0778288393726,1141.4814594693676,0.05509159093543747,143,113,1,0.556420233463035,1.2654867256637168,0.7976653696498055,0.7120622568093385,42,15,0.13621617408793588,-0.009392798408443847,0.14560897249637972,0.5019455252918288,0.43960835826762995
2023-05-26,1206.946887159533,1137.0367681450632,1141.810673549434,0.06092878201436225,187,67,3,0.7276264591439688,2.791044776119403,0.8482490272373541,0.7431906614785992,66,4,0.12877353914684322,-0.0049930200049966835,0.1337665591518399,0.5019455252918288,0.8072579273809044
2023-05-29,1210.4191050583656,1139.3685174337304,1142.167936070773,0.05353099907735781,154,103,0,0.5992217898832685,1.4951456310679612,0.867704280155642,0.7587548638132295,62,8,0.1213046719874059,-0.006890359828377623,0.1281950318157835,0.490272373540856,0.7545438232620051
2023-05-30,1211.168410852713,1141.8859200257848,1142.5186136981592,0.04918010556894559,121,135,1,0.4708171206225681,0.8962962962962963,0.8682170542635659,0.7558139534883721,53,10,0.10902586999787063,-0.012793235485501885,0.12181910548337252,0.4980544747081712,0.6527345195724841
2023-05-31,1215.5428682170543,1144.4586820776258,1142.8922628218531,0.049814953867595824,152,103,3,0.5891472868217055,1.4757281553398058,0.8527131782945736,0.7713178294573644,79,13,0.11125090711844013,-0.01396372805899426,0.1252146351774344,0.5136186770428015,0.6560437892235729
2023-06-01,1218.8684108527134,1147.0925495134302,1143.2550594215713,0.045419033875260695,158,97,3,0.6124031007751938,1.6288659793814433,0.8565891472868217,0.7751937984496124,73,7,0.11352417842859862,-0.01578677377774,0.12931095220633862,0.490272373540856,0.39702367433003827
2023-06-02,1226.5718604651165,1149.7589257852323,1143.6624181310117,0.05210262391219844,168,90,0,0.6511627906976745,1.8666666666666667,0.8565891472868217,0.7790697674418605,78,4,0.12445035992160489,-0.005478585552359893,0.12992894547396477,0.5525291828793775,0.5555199734151581
2023-06-05,1232.2638372093022,1152.6846103419184,1144.071647593738,0.050853242781719654,148,109,1,0.5736434108527132,1.3577981651376148,0.8682170542635659,0.7984496124031008,70,6,0.11402389902042352,-0.007935159185574454,0.12195905820599798,0.5525291828793775,0.7297762390443355
2023-06-06,1234.7518217054262,1155.5508569322772,1144.485657492779,0.0556736315918247,139,118,1,0.5387596899224806,1.1779661016949152,0.8565891472868217,0.7945736434108527,64,10,0.1208066561727243,-0.004721217702171641,0.12552787387489595,0.5447470817120622,0.7063277577509581
2023-06-07,1247.3597674418604,1158.5524116561141,1144.903568780581,0.06413550788797817,195,61,2,0.7558139534883721,3.19672131147541,0.875968992248062,0.813953488372093,99,1,0.13607368229029612,-0.0010872690555811131,0.13716095134587725,0.5797665369649806,0.933058614926909
2023-06-08,1243.0029457364342,1161.488344789593,1145.2703046555084,0.0563909500490829,88,169,1,0.34108527131782945,0.5207100591715976,0.875968992248062,0.8062015503875969,48,3,0.12199411227357133,-0.004435057396442698,0.12642916967001402,0.5136186770428015,0.2741615320411486
2023-06-09,1241.2927131782947,1164.5870092094087,1145.628572569226,0.05207366253937096,100,155,3,0.3875968992248062,0.6451612903225806,0.8604651162790697,0.7984496124031008,41,12,0.12084108972801451,-0.0008036403774987798,0.12164473010551329,0.4785992217898833,0.5164829261461584
2023-06-12,1246.2941472868217,1167.8862804363953,1146.0655253214704,0.054273352363652716,166,89,3,0.6434108527131783,1.8651685393258426,0.8682170542635659,0.8062015503875969,53,11,0.11421763380995231,-0.0047301802453810745,0.11894781405533339,0.490272373540856,0.8399803510383789
2023-06-13,1260.0804263565892,1171.561051463527,1146.62794069436,0.06632547737720773,181,75,2,0.7015503875968992,2.4133333333333336,0.8837209302325582,0.8062015503875969,76,2,0.124779285807997,0.002304049336137616,0.12247523647185939,0.5447470817120622,0.45878679582679993
2023-06-14,1263.7486434108528,1175.041686831744,1147.1853856900705,0.06810262345590079,137,118,3,0.5310077519379846,1.1610169491525424,0.8914728682170543,0.813953488372093,70,5,0.12422157060918013,0.009013733970004713,0.11520783663917541,0.5680933852140078,0.4775562564233279
2023-06-15,1265.7231782945737,1178.3385871163855,1147.7238270756143,0.07541334596614901,119,139,0,0.46124031007751937,0.8561151079136691,0.875968992248062,0.8178294573643411,51,7,0.13144901235874126,0.0077292514829496286,0.12371976087579163,0.5758754863813229,0.503911810462638
2023-06-16,1273.4724031007752,1181.622401584651,1148.3093890911184,0.08204886467664507,182,74,2,0.7054263565891473,2.4594594594594597,0.8798449612403101,0.8217054263565892,80,3,0.14357592885365508,0.01621505221187305,0.12736087664178203,0.6303501945525292,0.8847226169322074
2023-06-19,1275.0698449612403,1184.781435202626,1148.9230893001763,0.07674979435522156,126,132,0,0.4883720930232558,0.9545454545454546,0.8682170542635659,0.8372093023255814,61,5,0.135374971908657,0.015222509233534923,0.12015246267512207,0.6186770428015564,0.5518282193038947
2023-06-20,1280.4043798449613,1187.953188424525,1149.5925192702673,0.07762185918747355,169,86,3,0.6550387596899225,1.9651162790697674,0.8565891472868217,0.8488372093023255,82,2,0.1505067540307642,0.01554613024186833,0.13496062378889587,0.6536964980544747,0.5709484146676919
2023-06-21,1282.0917054263566,1191.0979655018023,1150.1876037816512,0.07773041022311422,135,119,4,0.5232558139534884,1.134453781512605,0.8565891472868217,0.8410852713178295,66,9,0.16187736215607443,0.014055146282471754,0.14782221587360267,0.6575875486381323,0.5374643783949805
2023-06-22,1275.0787984496123,1194.0376266270443,1150.7527731676,0.06584805574739439,74,183,1,0.2868217054263566,0.40437158469945356,0.8527131782945736,0.8488372093023255,36,11,0.146872935045854,0.005496337593727503,0.1413765974521265,0.5408560311284046,0.31228685270764184
2023-06-23,1265.2889147286824,1196.6997025778683,1151.2793301428183,0.04833852109801895,60,197,1,0.23255813953488372,0.30456852791878175,0.8023255813953488,0.8255813953488372,16,32,0.12336830106904079,-0.014997662073313277,0.13836596314235405,0.48638132295719844,0.3442396306637923
2023-06-26,1274.7941860465116,1199.5145948925483,1151.8290603250193,0.05318412500192804,178,78,2,0.689922480620155,2.282051282051282,0.8333333333333334,0.8294573643410853,29,15,0.12194768124983567,-0.010543957372182897,0.13249163862201857,0.5058365758754864,0.7276135480029122
2023-06-27,1278.1179069767443,1202.3950374070832,1152.39866836384,0.05527678522997159,168,89,1,0.6511627906976745,1.8876404494382022,0.8217054263565892,0.8410852713178295,50,4,0.13093628144727743,-0.007658028179586628,0.13859430962686406,0.5232558139534884,0.8303507710864332
2023-06-28,1286.8262015503874,1205.416597375591,1152.9841216156863,0.05864320806545531,140,117,1,0.5426356589147286,1.1965811965811965,0.8255813953488372,0.8527131782945736,50,8,0.12857200924335718,-0.006307501390171793,0.134879510633529,0.5,0.7380006447413509
2023-06-30,1292.9769767441862,1208.5967478479747,1153.5726122080687,0.06080112113138347,158,99,1,0.6124031007751938,1.595959595959596,0.8488372093023255,0.8527131782945736,68,9,0.12637680709413932,-0.0015298889148738439,0.12790669600901317,0.5155038759689923,0.8145184071269549
2023-07-03,1295.26719844358,1211.8595050980962,1154.1544068617038,0.05600596279162495,141,116,0,0.5486381322957199,1.2155172413793103,0.8754863813229572,0.8638132295719845,60,8,0.1297361397584019,-0.00293015426541554,0.13266629402381744,0.5369649805447471,0.8682230738866574
2023-07-04,1293.4499221789883,1215.146660572926,1154.6896615907092,0.04965339655528145,102,155,0,0.3968871595330739,0.6580645161290323,0.8326848249027238,0.8599221789883269,46,12,0.12023112583259798,0.0002090182161859747,0.12002210761641201,0.48249027237354086,0.8100714133930408
2023-07-05,1300.8385214007783,1218.5121395946917,1155.2410768355082,0.0535222532444406,176,80,1,0.6848249027237354,2.2,0.8521400778210116,0.8599221789883269,78,8,0.12523877338665187,0.0001566836440397796,0.1250820897426121,0.5603112840466926,0.6856105595096341
2023-07-06,1310.0225291828795,1222.0449073658494,1155.8724081822102,0.05023631784239013,178,76,3,0.6926070038910506,2.3421052631578947,0.8793774319066148,0.8638132295719845,85,6,0.11735087924038805,-0.0048728881230136285,0.12222376736340168,0.5603112840466926,0.8966942304248058
2023-07-07,1298.2676356589147,1225.3334709739693,1156.4320256912133,0.04446062667191697,84,173,0,0.32684824902723736,0.48554913294797686,0.8604651162790697,0.8643410852713178,38,10,0.12167138095167851,-0.004624983076929507,0.12629636402860803,0.5193798449612403,0.588020762922003
2023-07-10,1290.6542248062017,1228.393908777486,1157.0811814609137,0.039766213966984765,88,170,0,0.34108527131782945,0.5176470588235295,0.8333333333333334,0.8449612403100775,31,20,0.11693697598120265,-0.00475118593163308,0.12168816191283573,0.5038759689922481,0.43554774008499175
2023-07-11,1305.2350972762647,1231.5202815401321,1157.7956630496572,0.04729296861239152,183,74,0,0.7120622568093385,2.472972972972973,0.8443579766536965,0.8443579766536965,58,19,0.12138595695745305,-9.318809799010856e-06,0.12139527576725206,0.5486381322957199,0.7739829326603618
2023-07-12,1310.366498054475,1234.6397087774862,1158.455826839142,0.039907033429035454,150,107,0,0.5836575875486382,1.4018691588785046,0.8287937743190662,0.8404669260700389,66,14,0.12666160616036978,-0.010979057157991077,0.13764066331836086,0.48249027237354086,0.6962088826411522
2023-07-13,1307.9167704280155,1237.6407655868247,1159.143250061361,0.03495008856979109,78,179,0,0.3035019455252918,0.43575418994413406,0.8210116731517509,0.8404669260700389,37,23,0.12120147908206359,-0.021614454797351263,0.14281593387941485,0.43190661478599224,0.28213614789737357
2023-07-14,1318.4693798449612,1240.6918784755528,1159.8481564094045,0.041672778420205114,196,59,2,0.7626459143968871,3.3220338983050848,0.8488372093023255,0.8527131782945736,64,7,0.1352508954132023,-0.010861412773677314,0.1461123081868796,0.4883720930232558,0.8254453339428524
2023-07-17,1327.475,1243.9247963743856,1160.6778757007432,0.042405784976363714,173,84,1,0.6705426356589147,2.0595238095238093,0.8682170542635659,0.8682170542635659,69,0,0.13381328520899924,-0.011716716780888925,0.14553000198988816,0.4844961240310077,0.840023250337991
2023-07-18,1330.8617898832683,1247.0893979308057,1161.654007287955,0.04375599120511242,97,158,2,0.377431906614786,0.6139240506329114,0.8715953307392996,0.8638132295719845,40,4,0.1302596649334274,-0.007289211485475388,0.1375488764189028,0.46303501945525294,0.3816479641397046
2023-07-19,1335.048643410853,1250.3976898651706,1162.648695386899,0.04267734820815616,161,96,0,0.6264591439688716,1.6770833333333333,0.8837209302325582,0.8643410852713178,57,1,0.13727416313705434,-0.008694814100761316,0.14596897723781566,0.4806201550387597,0.7656970026110457
2023-07-20,1338.906976744186,1253.7322029409102,1163.6654416879426,0.0443145143809629,135,122,1,0.5232558139534884,1.1065573770491803,0.8798449612403101,0.8643410852713178,65,6,0.12456581565447983,-0.01407750878825607,0.1386433244427359,0.4689922480620155,0.692044130599921
2023-07-21,1336.314031007752,1256.9254734443339,1164.649521685501,0.048024665324681415,112,146,0,0.43410852713178294,0.7671232876712328,0.8682170542635659,0.8565891472868217,55,9,0.14266924242961726,-0.008388238598572266,0.15105748102818953,0.49612403100775193,0.5809057486365664
2023-07-24,1334.8851937984496,1260.0261088378124,1165.5606726544934,0.05500425891638416,141,116,1,0.5465116279069767,1.2155172413793103,0.8333333333333334,0.8604651162790697,58,11,0.1498314050689019,0.0015698955413932457,0.14826150952750866,0.5968992248062015,0.6875535499895757
2023-07-25,1337.3221011673154,1263.1298372424817,1166.553387294188,0.049049419745723855,136,121,0,0.5291828793774319,1.1239669421487604,0.8365758754863813,0.8832684824902723,64,15,0.14954494850012048,0.001965571562332215,0.14757937693778828,0.5758754863813229,0.4422441593134588
2023-07-26,1336.9781395348837,1266.2353323288994,1167.463242755642,0.046052271262959854,144,111,2,0.5603112840466926,1.2972972972972974,0.8449612403100775,0.8798449612403101,58,11,0.14282023951475814,0.00024863664200663264,0.1425716028727515,0.5426356589147286,0.7240148649061661
2023-07-27,1344.0570542635658,1269.453042285766,1168.3688258616055,0.04447442292069104,128,126,3,0.4980544747081712,1.0158730158730158,0.8217054263565892,0.875968992248062,59,14,0.15440121706620794,-0.009151193485916477,0.1635524105521244,0.5447470817120622,0.3636228001146223
2023-07-28,1348.7316602316603,1272.888388330866,1169.3089558163074,0.04312117268156501,150,108,0,0.5813953488372093,1.3888888888888888,0.8378378378378378,0.888030888030888,61,14,0.1370866323341513,-0.008100065546953236,0.14518669788110455,0.5271317829457365,0.6087351766640564
2023-07-31,1362.8221705426356,1276.6066636483336,1170.348244424926,0.05215524038610031,189,69,0,0.7325581395348837,2.739130434782609,0.8527131782945736,0.8875968992248062,97,8,0.1493528662538783,-0.006617345600552624,0.15597021185443094,0.5719844357976653,0.8105015668011275
2023-08-01,1365.6962790697676,1280.236909852297,1171.4732978675188,0.05585555006959275,131,126,1,0.5077519379844961,1.0396825396825398,0.8527131782945736,0.8875968992248062,65,13,0.14898569602629008,-0.0028492513724301676,0.15183494739872025,0.5719844357976653,0.6710657785713676
2023-08-02,1355.8886434108529,1283.5911636543663,1172.5309139192188,0.04231895127982144,51,206,1,0.19767441860465115,0.24757281553398058,0.8294573643410853,0.8914728682170543,13,17,0.11402150733746966,-0.011759593804379052,0.1257811011418487,0.490272373540856,0.06744447082066356
2023-08-03,1355.7290733590735,1286.913306989252,1173.6123136167228,0.034889891706445075,124,133,1,0.4806201550387597,0.9323308270676691,0.803088803088803,0.888030888030888,27,19,0.11920924798398805,-0.022143091400805347,0.14135233938479339,0.4396887159533074,0.4310694443082357
2023-08-04,1358.2539768339768,1290.1522970317683,1174.7077002331762,0.04620491147390959,159,98,2,0.6138996138996139,1.6224489795918366,0.8146718146718147,0.888030888030888,35,15,0.1393359034945902,-0.007656692121743845,0.14699259561633407,0.5077519379844961,0.7385975459960343
2023-08-07,1363.691969111969,1293.287198670817,1175.8237667716494,0.056589706911418736,146,111,2,0.5637065637065637,1.3153153153153154,0.8108108108108109,0.8957528957528957,44,11,0.13612003248934257,-0.005859689233333506,0.14197972172267606,0.5465116279069767,0.5737453742336216
2023-08-08,1368.5654826254827,1296.4501262221593,1176.940649302887,0.04852028993196278,141,116,2,0.5444015444015444,1.2155172413793103,0.803088803088803,0.8841698841698842,53,14,0.14655044290932373,-0.01107352449312639,0.15762396740245013,0.5214007782101168,0.6355428126809295
2023-08-09,1373.157335907336,1299.6899047232516,1178.089020628093,0.0479185311484136,154,105,0,0.5945945945945946,1.4666666666666666,0.806949806949807,0.9073359073359073,67,10,0.14419891207504132,-0.006787654945252261,0.1509865670202936,0.4708171206225681,0.7933259183684434
2023-08-10,1372.6018532818532,1302.8310844245475,1179.2335808787543,0.04945657423803018,105,152,2,0.40540540540540543,0.6907894736842105,0.7992277992277992,0.9073359073359073,41,22,0.15844484815307502,-0.00547910276130105,0.1639239509143761,0.5175097276264592,0.4338558305326469
2023-08-11,1371.0324324324324,1305.8743648561422,1180.3980497338298,0.039866722269767285,114,143,2,0.44015444015444016,0.7972027972027972,0.7722007722007722,0.9073359073359073,44,21,0.14491813741648496,-0.0156628638055627,0.16058100122204766,0.46511627906976744,0.6260450861233416
2023-08-14,1367.5717760617758,1308.6943631680751,1181.5222592046898,0.030205296568128093,97,160,2,0.3745173745173745,0.60625,0.7567567567567568,0.888030888030888,36,29,0.14049972231100452,-0.02484947354391577,0.1653491958549203,0.3953488372093023,0.3286103480712248
2023-08-16,1371.3881153846153,1311.4768487315814,1182.660809820983,0.030451190205785128,129,130,0,0.4980694980694981,0.9923076923076923,0.7346153846153847,0.8807692307692307,42,30,0.1428797801720865,-0.025993806451149903,0.1688735866232364,0.41245136186770426,0.36247898375110127
2023-08-17,1373.3609999999999,1314.249032297473,1183.7803400178336,0.028697348803160105,125,135,0,0.4807692307692308,0.9259259259259259,0.7384615384615385,0.8884615384615384,33,26,0.1336559044471979,-0.032350556148623984,0.1660064605958219,0.40310077519379844,0.5840349803608892
2023-08-18,1369.6452692307694,1316.694742333251,1184.900216167137,0.02295775062829941,89,169,2,0.3423076923076923,0.5266272189349113,0.6884615384615385,0.8846153846153846,20,28,0.13026388779148695,-0.038171993367743635,0.16843588115923058,0.37209302325581395,0.5174146190520296
2023-08-21,1381.2556538461538,1319.4597964954455,1186.0157204206196,0.033631034169797625,178,80,2,0.6846153846153846,2.225,0.7346153846153847,0.8769230769230769,40,13,0.13894778462542665,-0.02116428782714892,0.16011207245257555,0.38372093023255816,0.8081015822675807
2023-08-22,1390.462769230769,1322.4431976164951,1187.1323401722852,0.04163472311365757,166,94,0,0.6384615384615384,1.7659574468085106,0.75,0.8884615384615384,45,11,0.15804386541761278,-0.024984111742552308,0.18302797716016508,0.4108527131782946,0.7738705050978131
2023-08-23,1396.2842307692308,1325.4429992861433,1188.2829103418794,0.044089699519995085,145,114,1,0.5576923076923077,1.2719298245614035,0.7692307692307693,0.8961538461538462,45,12,0.14727901094020915,-0.02541089231718505,0.1726899032573942,0.4280155642023346,0.6713331208140177
2023-08-24,1395.7776923076924,1328.1569446051653,1189.4294212443629,0.04397944217192973,122,138,0,0.46923076923076923,0.8840579710144928,0.7615384615384615,0.8961538461538462,41,14,0.14592455394790074,-0.02485330608542115,0.1707778600333219,0.43410852713178294,0.503143792093116
2023-08-25,1392.7635,1330.7372417369481,1190.558992878221,0.036238376623916047,77,181,2,0.29615384615384616,0.425414364640884,0.7076923076923077,0.8923076923076924,22,22,0.13064493083864667,-0.029532792768166005,0.16017772360681268,0.3875968992248062,0.3253855692672681
2023-08-28,1401.3287307692306,1333.4493527864415,1191.7172546423035,0.038997431504304014,168,92,0,0.6461538461538462,1.826086956521739,0.7423076923076923,0.9,38,15,0.14537423345332745,-0.03257619595017578,0.17795042940350322,0.3745173745173745,0.8034614338148764
2023-08-29,1405.1207692307694,1336.0823201090411,1192.9197295514493,0.031037504087045864,159,99,2,0.6115384615384616,1.606060606060606,0.7807692307692308,0.9038461538461539,43,11,0.12049010199131922,-0.02915175831026615,0.14964186030158538,0.35658914728682173,0.821600905464237
2023-08-30,1409.202346153846,1338.7649701328933,1194.177380455447,0.031856326879437846,157,102,1,0.6038461538461538,1.5392156862745099,0.7769230769230769,0.9153846153846154,59,7,0.12998484473263291,-0.025034018791588862,0.15501886352422178,0.3798449612403101,0.6686800232150791
2023-08-31,1414.261307692308,1341.4421086898403,1195.4441944742234,0.04305122294896857,131,129,0,0.5038461538461538,1.0155038759689923,0.7538461538461538,0.9038461538461539,64,24,0.14575648087979887,-0.021558401921068365,0.16731488280086723,0.4496124031007752,0.23390720676705876
2023-09-01,1424.3106153846154,1344.2864868890056,1196.7429629054773,0.0505864655211814,165,95,0,0.6346153846153846,1.736842105263158,0.7692307692307693,0.9115384615384615,79,11,0.14384629796432652,-0.017979809061938967,0.1618261070262655,0.5096525096525096,0.9296456290587621
2023-09-04,1427.0759999999998,1347.3264309200133,1198.0561586535086,0.05066948033271634,168,92,0,0.6461538461538462,1.826086956521739,0.7961538461538461,0.9153846153846154,84,9,0.14560599816749217,-0.017727809749966548,0.16333380791745872,0.525096525096525,0.8139143267891412
2023-09-05,1436.2680769230767,1350.746014163901,1199.4449443137148,0.053220308878381806,150,110,0,0.5769230769230769,1.3636363636363635,0.8038461538461539,0.9192307692307692,72,5,0.16709429763042732,-0.01232158513236159,0.17941588276278891,0.5019305019305019,0.5265522153192261
2023-09-06,1436.436653846154,1353.9788635198938,1200.8618490396384,0.049592929298834854,117,141,2,0.45,0.8297872340425532,0.8153846153846154,0.926923076923077,48,5,0.13087521853504977,-0.006568423923078435,0.1374436424581282,0.5019305019305019,0.4495450713479667
2023-09-07,1443.9243076923078,1357.2949915342053,1202.3353693969975,0.051535952898078774,157,103,0,0.6038461538461538,1.5242718446601942,0.8307692307692308,0.926923076923077,61,6,0.13330247131146425,-0.005022466822107186,0.13832493813357144,0.4980694980694981,0.8888818977192204
2023-09-08,1452.7068846153848,1360.6126051955052,1203.8709717334602,0.058359990657161465,156,104,0,0.6,1.5,0.8423076923076923,0.9423076923076923,79,4,0.140159395592338,3.108898452417468e-05,0.14012830660781384,0.5212355212355212,0.8186001852124704
2023-09-11,1465.7526538461539,1364.0681187375446,1205.4794038262205,0.06908678392506906,179,81,0,0.6884615384615385,2.2098765432098766,0.8653846153846154,0.95,103,6,0.1490397184461094,0.01297317542844829,0.1360665430176611,0.5598455598455598,0.8628522768007232
2023-09-12,1431.2238461538461,1366.7872516917498,1206.9017524687545,0.046543860590169794,25,235,0,0.09615384615384616,0.10638297872340426,0.7961538461538461,0.9346153846153846,17,24,0.11037657270188328,-0.004808775452966829,0.11518534815485011,0.4517374517374517,0.06787966533816428
2023-09-13,1434.6596923076925,1369.611447094324,1208.3235223028419,0.04613688584090747,151,109,0,0.5807692307692308,1.385321100917431,0.7730769230769231,0.9346153846153846,24,15,0.11296306271799941,-0.006748527978281533,0.11971159069628094,0.4846153846153846,0.5679806189284373
2023-09-14,1444.464076923077,1372.4839582047698,1209.7799670011827,0.051773042137556846,192,68,0,0.7384615384615385,2.823529411764706,0.8153846153846154,0.9423076923076923,42,5,0.122208750270248,0.0017104146446794536,0.12049833562556854,0.5076923076923077,0.8978458152493985
2023-09-15,1445.4911877394636,1375.1933313759014,1211.20927293988,0.0553763227695383,138,121,1,0.5307692307692308,1.140495867768595,0.8237547892720306,0.9425287356321839,43,11,0.13522621681753258,-0.001853357179679782,0.13707957399721235,0.5538461538461539,0.6652694481197129
2023-09-18,1442.3336153846153,1378.0746509704156,1212.624404546215,0.04421915766888462,93,166,1,0.3576923076923077,0.5602409638554217,0.8115384615384615,0.9423076923076923,32,13,0.12329977463542625,-0.006532086929731994,0.12983186156515825,0.4846153846153846,0.7143147379292927
2023-09-20,1435.0183141762452,1380.9619327578164,1213.9534335680764,0.032043680659011864,78,181,1,0.3,0.430939226519337,0.7816091954022989,0.9233716475095786,23,18,0.10774477761923014,-0.020390139392695197,0.12813491701192534,0.45,0.35350174842533444
2023-09-21,1425.7782375478928,1383.3727955632492,1215.210193775424,0.02112321125507033,67,194,0,0.2567049808429119,0.34536082474226804,0.7279693486590039,0.9157088122605364,5,30,0.08344744506539904,-0.026341983345558363,0.1097894284109574,0.3769230769230769,0.22352402424114814
2023-09-22,1423.0624137931036,1385.6267138780217,1216.4503903541934,0.019548042382236508,105,155,1,0.40229885057471265,0.6774193548387096,0.6973180076628352,0.9118773946360154,11,34,0.08749720681286828,-0.031963031780634234,0.11946023859350252,0.3423076923076923,0.6379984817077926
2023-09-25,1424.4546360153256,1387.9574711897678,1217.7133066715248,0.02275414025089373,144,117,0,0.5517241379310345,1.2307692307692308,0.6666666666666666,0.9118773946360154,17,24,0.09753307689736769,-0.025384966252683612,0.12291804315005131,0.3730769230769231,0.7165354633230278
2023-09-26,1424.9550000000002,1390.0871835928683,1218.9949773577991,0.016859904968765216,138,121,2,0.5287356321839081,1.140495867768595,0.6641221374045801,0.9083969465648855,17,25,0.09607095549027225,-0.031179612037629933,0.12725056752790218,0.3576923076923077,0.45806143225816276
2023-09-27,1435.212748091603,1392.2419385547007,1220.3397309021789,0.021415937704278187,167,94,1,0.6374045801526718,1.7765957446808511,0.6946564885496184,0.9236641221374046,28,20,0.09902100849437223,-0.03196862453299658,0.13098963302736882,0.36153846153846153,0.5819994129447558
2023-09-28,1420.152251908397,1394.0277477952031,1221.5969939264269,0.007770286349888966,76,185,1,0.2900763358778626,0.41081081081081083,0.6412213740458015,0.8854961832061069,11,53,0.08901327544203175,-0.04025479768358431,0.12926807312561606,0.3038461538461538,0.3025854163224117
2023-09-29,1434.9003435114505,1396.0247817972152,1222.9647828988861,0.014593509492824674,197,64,1,0.7519083969465649,3.078125,0.6717557251908397,0.9083969465648855,33,18,0.09376488879233379,-0.03373245244388191,0.1274973412362157,0.36153846153846153,0.876863225211507
2023-10-03,1433.4803435114502,1397.9162491325603,1224.3291728517374,0.006438011503802965,136,125,1,0.5190839694656488,1.088,0.683206106870229,0.9083969465648855,43,24,0.08830670082772199,-0.0381478189307646,0.1264545197584866,0.3076923076923077,0.6832292047257087
2023-10-04,1419.4487404580152,1399.5789433215657,1225.6026881226549,-0.005344676486735533,53,208,1,0.20229007633587787,0.2548076923076923,0.6374045801526718,0.9045801526717557,9,45,0.06857286168366422,-0.049140518504365044,0.11771338018802927,0.23076923076923078,0.3833334794794657
2023-10-05,1426.4974809160303,1401.4111890639172,1226.8976119978233,-0.006802766255153414,147,112,3,0.5610687022900763,1.3125,0.6450381679389313,0.9083969465648855,23,28,0.06843769943105152,-0.05206823165906593,0.12050593109011745,0.24615384615384617,0.5115988249223766
2023-10-06,1433.2625190839697,1403.3299974222502,1228.2614373383412,-0.002209728325774374,165,96,1,0.6297709923664122,1.71875,0.6374045801526718,0.9045801526717557,25,13,0.07017516708576849,-0.047346665121275756,0.11752183220704424,0.2692307692307692,0.4754657470079747
2023-10-09,1419.1818320610687,1404.974071272774,1229.6021061064896,-0.01713557663613463,45,214,3,0.1717557251908397,0.2102803738317757,0.5725190839694656,0.8969465648854962,11,57,0.05068105205671054,-0.0622260436979467,0.11290709575465724,0.2153846153846154,0.11088100366967621
2023-10-10,1429.9095419847329,1406.6911210271976,1230.9700740124918,-0.01569300928637618,215,47,0,0.8206106870229007,4.574468085106383,0.6450381679389313,0.9007633587786259,25,14,0.053173798896583524,-0.057116362311329036,0.11029016120791256,0.21153846153846154,0.8873497170793513
2023-10-11,1436.7750381679389,1408.451988585923,1232.3692382229392,-0.019769785578881538,159,103,0,0.6068702290076335,1.5436893203883495,0.6603053435114504,0.9083969465648855,32,8,0.042576090113327816,-0.06367019230230361,0.10624628241563143,0.17692307692307693,0.5656181231969332
2023-10-12,1445.839847328244,1410.1123421216353,1233.8678525576197,0.01021223983493269,156,106,0,0.5954198473282443,1.471698113207547,0.6793893129770993,0.9122137404580153,49,12,0.08748998865132078,-0.034056324652237575,0.12154631330355836,0.29615384615384616,0.5406655668418603
2023-10-13,1448.638816793893,1411.7711928761178,1235.4281740925696,0.009743860903846047,118,142,2,0.45038167938931295,0.8309859154929577,0.6641221374045801,0.9083969465648855,37,17,0.0736891018032454,-0.03755056973110893,0.11123967153435432,0.3038461538461538,0.4364072888773995
2023-10-16,1447.7936641221374,1413.6092932903432,1237.1270557465134,0.002305067500296021,124,137,1,0.4732824427480916,0.9051094890510949,0.6717557251908397,0.9045801526717557,37,24,0.05951126947638528,-0.03987654393046076,0.09938781340684603,0.23461538461538461,0.6654568391468239
2023-10-17,1450.8134732824428,1415.510981288811,1238.756085465867,0.0036819909994072475,168,92,2,0.6412213740458015,1.826086956521739,0.6870229007633588,0.9083969465648855,46,10,0.07085978150389427,-0.04146035221016697,0.11232013371406124,0.26053639846743293,0.899876585030521
2023-10-18,1445.2683269961979,1417.251268292055,1240.3124976890833,0.0020346968137465726,76,185,1,0.2900763358778626,0.41081081081081083,0.6615969581749049,0.9011406844106464,31,24,0.07196821610209947,-0.04027074635604122,0.11223896245814069,0.25,0.49619138706276233
2023-10-19,1446.7058174904944,1418.9115452596257,1241.8564448157515,0.008144497668629569,113,148,2,0.4296577946768061,0.7635135135135135,0.6463878326996197,0.8973384030418251,38,27,0.07989372411860551,-0.037741965360748364,0.11763568947935388,0.28735632183908044,0.5933434907970127
2023-10-20,1436.5368441064638,1420.2709724892452,1243.3520682940962,0.007545778351249144,77,186,0,0.29277566539923955,0.41397849462365593,0.5627376425855514,0.8783269961977186,24,44,0.07571554756628607,-0.03602787730834356,0.11174342487462963,0.2835249042145594,0.39963188725448945
2023-10-23,1403.2936882129277,1420.873699535357,1244.6666341960984,-0.013891678529744378,12,251,0,0.045627376425855515,0.04780876494023904,0.3916349809885932,0.8479087452471483,4,122,0.0409217143286047,-0.0633100511709559,0.10423176549956059,0.16475095785440613,0.04288984920902634
2023-10-25,1393.0374904942964,1421.282412279606,1245.9212441095074,-0.02205556058205782,82,181,0,0.311787072243346,0.4530386740331492,0.33840304182509506,0.8288973384030418,3,115,0.02927617105567748,-0.07645244188063849,0.10572861293631597,0.13793103448275862,0.44885389036418594
2023-10-26,1384.644258555133,1421.5546488020598,1247.1237866913455,-0.028289132951473617,84,177,2,0.3193916349809886,0.4745762711864407,0.2889733840304182,0.8136882129277566,5,114,0.018246866047622903,-0.08313792752870612,0.10138479357632903,0.1183206106870229,0.3427360501315287
2023-10-27,1405.8958935361215,1422.321131151547,1248.4607655730886,-0.02042683539040746,224,37,2,0.8517110266159695,6.054054054054054,0.3916349809885932,0.8403041825095057,14,21,0.03186757178335632,-0.07170222211796333,0.10356979390131965,0.13740458015267176,0.9268422557751003
2023-10-30,1402.2349809885934,1422.9380684636265,1249.7590514155318,-0.01261644369167203,143,117,3,0.5437262357414449,1.2222222222222223,0.39543726235741444,0.844106463878327,13,22,0.04383913051713812,-0.06469096885339905,0.10853009937053718,0.18702290076335878,0.6739030619811822
2023-10-31,1407.1379087452472,1423.613606638531,1251.1104960373827,-0.019347988096695135,144,117,2,0.5475285171102662,1.2307692307692308,0.38783269961977185,0.8326996197718631,23,26,0.039244467296705596,-0.07813135541414536,0.11737582271085095,0.16030534351145037,0.4806868551906725
2023-11-01,1401.6615209125475,1424.253931672167,1252.404178056008,-0.02219690192678847,96,164,3,0.3650190114068441,0.5853658536585366,0.38022813688212925,0.8174904942965779,21,43,0.0332189705485819,-0.08335009674249262,0.11656906729107452,0.16030534351145037,0.4663542647953996
2023-11-02,1414.1650570342206,1424.9121197359284,1253.7912379114919,-0.003722348876148751,197,65,1,0.7490494296577946,3.0307692307692307,0.44866920152091255,0.844106463878327,28,17,0.05624663513497703,-0.06426988432936878,0.12051651946434581,0.22900763358778625,0.9389112485104828
2023-11-03,1426.5206844106467,1425.633278039526,1255.24689016167,1.6266060702374574e-05,175,86,2,0.6653992395437263,2.0348837209302326,0.46387832699619774,0.8555133079847909,38,14,0.0615435853024615,-0.058022110587603884,0.11956569589006538,0.2366412213740458,0.7761061297960744
2023-11-06,1443.359239543726,1426.5747782150158,1256.7868648750136,0.007044571615679507,192,69,2,0.7300380228136882,2.782608695652174,0.5171102661596958,0.8669201520912547,52,6,0.06988292632390036,-0.05421749046293482,0.12410041678683519,0.25190839694656486,0.790375142420848
2023-11-07,1450.0627376425855,1427.6604791217137,1258.353147508539,0.02175965396672863,140,120,3,0.532319391634981,1.1666666666666667,0.532319391634981,0.8669201520912547,45,11,0.0830823194727544,-0.04032516439244409,0.1234074838651985,0.32061068702290074,0.6397284810728208
2023-11-08,1460.7848288973385,1429.0209056996603,1259.9863665749008,0.021592475611953876,166,94,3,0.6311787072243346,1.7659574468085106,0.5931558935361216,0.870722433460076,52,8,0.06709559496150118,-0.04986653883446821,0.1169621337959694,0.2786259541984733,0.6664693144539537
2023-11-09,1454.9033840304182,1430.092398764884,1261.5826672841154,0.01261738642508381,113,147,3,0.4296577946768061,0.7687074829931972,0.5247148288973384,0.8669201520912547,42,8,0.08584660994847675,-0.05994658024046204,0.14579319018893877,0.2862595419847328,0.5378300436342057
2023-11-10,1456.521482889734,1431.1204130380636,1263.1813682532515,0.007387841455074318,158,104,1,0.6007604562737643,1.5192307692307692,0.532319391634981,0.8631178707224335,47,6,0.06748065780878913,-0.05568612584120547,0.1231667836499946,0.2633587786259542,0.7004509587279636
2023-11-13,1462.0231939163498,1432.1768299933135,1264.8162160587706,0.009239278257142658,165,97,1,0.6273764258555133,1.7010309278350515,0.6007604562737643,0.8631178707224335,61,7,0.08616326739608964,-0.04848565070920689,0.13464891810529653,0.29770992366412213,0.8312589072432768
2023-11-15,1474.1679087452471,1433.3749620143726,1266.5532534540594,0.018216853186121318,187,74,2,0.7110266159695817,2.527027027027027,0.6425855513307985,0.8745247148288974,82,4,0.09837053941402908,-0.03873190195843641,0.1371024413724655,0.31679389312977096,0.8248740198906859
2023-11-16,1483.9301901140684,1434.5673535089613,1268.3355503030673,0.022826309130352662,137,124,2,0.5209125475285171,1.1048387096774193,0.6768060836501901,0.8745247148288974,67,6,0.09299850619571277,-0.04446958664792328,0.13746809284363606,0.3244274809160305,0.6623062197529349
2023-11-17,1493.4344486692016,1435.8945224823453,1270.1716100464132,0.03332676761353426,148,114,1,0.5627376425855514,1.2982456140350878,0.6920152091254753,0.8897338403041825,83,7,0.09610731392277533,-0.0313807026819338,0.12748801660470913,0.39923954372623577,0.5646933664781524
2023-11-20,1495.9926615969582,1437.089014175823,1272.0642305809606,0.03406832509456459,130,131,2,0.49429657794676807,0.9923664122137404,0.6958174904942965,0.9049429657794676,65,7,0.10271324371568838,-0.03163892724679594,0.1343521709624843,0.38783269961977185,0.4006022894422641
2023-11-21,1497.1870722433462,1438.3040225437671,1274.0529753171772,0.042219751192394295,140,121,2,0.532319391634981,1.1570247933884297,0.7224334600760456,0.8973384030418251,65,3,0.11589290746880064,-0.01469850760002304,0.13059141506882369,0.4448669201520912,0.5438812370028938
2023-11-22,1489.7285931558936,1439.2201082530385,1276.0255925017068,0.06159430892405671,92,170,1,0.34980988593155893,0.5411764705882353,0.688212927756654,0.8935361216730038,43,6,0.15635625518549207,0.004662517997719418,0.15169373718777265,0.5893536121673004,0.42105394980312116
2023-11-23,1494.6076045627378,1440.0581226519855,1277.959489313583,0.07291269241605325,139,122,2,0.5285171102661597,1.139344262295082,0.688212927756654,0.8935361216730038,44,7,0.16651709393144937,0.014938491067895717,0.15157860286355365,0.6121673003802282,0.734781914035919
2023-11-24,1493.9791634980988,1440.6226528450245,1279.9348452873235,0.07896245137870728,116,146,1,0.44106463878326996,0.7945205479452054,0.7072243346007605,0.8859315589353612,42,10,0.1688369740308824,0.02297324861817156,0.14586372541271084,0.6653992395437263,0.7378658601521356
2023-11-28,1491.0745627376425,1441.8196671767002,1281.8979440775743,0.06058675439137873,139,122,2,0.5285171102661597,1.139344262295082,0.7224334600760456,0.8859315589353612,59,10,0.16068545139358922,0.013619463262994416,0.1470659881305948,0.5931558935361216,0.7557283768704395
2023-11-29,1488.7046212121213,1442.9005657547889,1283.8425361289474,0.061665584866928524,157,104,2,0.596958174904943,1.5096153846153846,0.7272727272727273,0.8939393939393939,67,9,0.15008487090925948,0.01776422823578843,0.13232064267347105,0.623574144486692,0.7102532858780495
2023-11-30,1500.6235984848486,1444.0237561860245,1285.8186369338714,0.06643676441278101,158,105,1,0.5984848484848485,1.5047619047619047,0.7424242424242424,0.8977272727272727,80,8,0.16017599360954266,0.016706219441668065,0.1434697741678746,0.6311787072243346,0.7345600549721572
2023-12-01,1510.2387500000002,1445.3187074312352,1287.839632051059,0.07746323022177548,160,102,2,0.6060606060606061,1.5686274509803921,0.803030303030303,0.8977272727272727,78,3,0.17131713618398756,0.03263226845120184,0.1386848677327857,0.7072243346007605,0.7181043845262766
2023-12-04,1522.5173863636362,1446.9223828508157,1289.8814092172522,0.07661929474954743,201,62,1,0.7613636363636364,3.2419354838709675,0.8257575757575758,0.9166666666666666,112,3,0.18237680807121964,0.03635435855148539,0.14602244951973425,0.7034220532319392,0.9156396040749305
2023-12-05,1528.453181818182,1448.7910802036545,1291.9490764935306,0.07145532379689801,143,119,2,0.5416666666666666,1.2016806722689075,0.8333333333333334,0.9166666666666666,96,4,0.16790002894592115,0.030166955544362134,0.13773307340155902,0.6768060836501901,0.7407636906831185
2023-12-06,1529.9331818181818,1450.8741790890601,1294.0238373244965,0.05998086955941995,133,129,2,0.5037878787878788,1.0310077519379846,0.8484848484848485,0.928030303030303,87,9,0.15631387357443022,0.01871882283494034,0.13759505073948988,0.6501901140684411,0.782209370142811
2023-12-07,1527.071596958175,1452.9543627523617,1296.1339572233499,0.05310726033880808,152,111,0,0.5779467680608364,1.3693693693693694,0.8517110266159695,0.9239543726235742,79,8,0.16555249682930617,0.023625806845756527,0.14192668998354965,0.6717557251908397,0.7234372426481036
2023-12-08,1518.1310646387833,1454.8278913248307,1298.2053551246688,0.03925714082390375,80,183,0,0.3041825095057034,0.4371584699453552,0.844106463878327,0.9163498098859315,36,10,0.14584548669724864,0.012922710041810784,0.13292277665543786,0.5954198473282443,0.6041394808952899
2023-12-11,1527.450988593156,1456.877811096694,1300.293345419197,0.049864207726126875,167,95,1,0.6349809885931559,1.7578947368421052,0.8403041825095057,0.9125475285171103,68,5,0.15878319094258325,0.013689256153443453,0.1450939347891398,0.6335877862595419,0.834093924730035
2023-12-12,1520.5407224334601,1458.584370583531,1302.3020185626144,0.04395351547902493,91,170,2,0.34600760456273766,0.5352941176470588,0.8212927756653993,0.9125475285171103,37,20,0.15179797662640568,-0.00015756669413056004,0.15195554332053623,0.6068702290076335,0.4633524826383086
2023-12-13,1529.1423954372624,1460.7641734541082,1304.3677942116756,0.0459084382520083,155,108,0,0.5893536121673004,1.4351851851851851,0.8250950570342205,0.9163498098859315,53,17,0.15581231706848736,-0.0034298823672886496,0.159242199435776,0.5687022900763359,0.7072389755672557
2023-12-14,1540.400342205323,1462.8741734279859,1306.5021760008274,0.04492869032568381,174,88,1,0.6615969581749049,1.9772727272727273,0.8365019011406845,0.9201520912547528,76,12,0.14641122907379384,0.0008784507467025714,0.14553277832709127,0.5534351145038168,0.854633737633748
2023-12-15,1550.4484790874526,1465.2135361395058,1308.6906629275145,0.04482575354051588,147,116,0,0.55893536121673,1.2672413793103448,0.8479087452471483,0.9125475285171103,68,8,0.1502450768275222,0.0018021251878464859,0.14844295163967572,0.5572519083969466,0.7152609493435652
2023-12-18,1554.2860456273763,1467.9102822428931,1310.9352509681514,0.04074607828445331,149,113,1,0.5665399239543726,1.3185840707964602,0.8745247148288974,0.9201520912547528,70,5,0.14895225362082706,0.002670709318708298,0.14628154430211876,0.5954198473282443,0.7507104371019567
2023-12-19,1554.2122433460077,1470.4645774914927,1313.1877375755066,0.03891702362156013,131,131,1,0.49809885931558934,1.0,0.8669201520912547,0.9239543726235742,61,7,0.14410884495070547,0.0029644673357850223,0.14114437761492046,0.5916030534351145,0.5881583323992599
2023-12-20,1518.6113257575757,1472.171553624965,1315.2784350246068,0.01430967038883657,24,239,0,0.09125475285171103,0.100418410041841,0.7727272727272727,0.9015151515151515,9,37,0.11258881504851535,-0.03293998010195749,0.14552879515047284,0.4389312977099237,0.10860389407264585
2023-12-21,1531.0753207547168,1474.4094233988376,1317.4714702221306,0.027754537161183812,211,53,0,0.7992424242424242,3.981132075471698,0.7962264150943397,0.9018867924528302,23,11,0.13810690204756265,-0.015087543239658774,0.15319444528722143,0.5229007633587787,0.8725127979483651
2023-12-22,1545.2081509433963,1476.7153955780109,1319.72238304716,0.03385540540954368,184,80,1,0.6943396226415094,2.3,0.8188679245283019,0.9056603773584906,40,10,0.14620755429771992,-0.010216823114736512,0.15642437741245643,0.5610687022900763,0.6377387032195315
2023-12-26,1553.5983018867923,1479.0518608523882,1321.9580417440939,0.039906271683935346,162,103,0,0.6113207547169811,1.5728155339805825,0.8301886792452831,0.9018867924528302,48,8,0.15138684335951355,-0.0019646426786606966,0.15335148603817425,0.5687022900763359,0.6647085760648234
2023-12-27,1559.4335338345866,1481.323734582515,1324.2529935929542,0.04584544113705191,158,106,1,0.5962264150943396,1.490566037735849,0.8270676691729323,0.9060150375939849,54,5,0.15747068017787794,4.2149445947451607e-05,0.15742853073193047,0.5916030534351145,0.632823560751913
2023-12-28,1563.8035338345865,1483.6270289233287,1326.5395095043145,0.05044581144734983,144,122,0,0.5413533834586466,1.180327868852459,0.8308270676691729,0.9060150375939849,66,6,0.14541391511940116,0.00034290201857367647,0.14507101310082748,0.6007604562737643,0.850223859914118
2023-12-29,1573.6425939849623,1486.1440075205855,1328.8339111461146,0.04865910117223238,162,104,0,0.6090225563909775,1.5576923076923077,0.8421052631578947,0.9135338345864662,64,13,0.1492793711764345,7.68163469948679e-05,0.14920255482943964,0.6121673003802282,0.7995811188839446
2024-01-01,1574.3446992481204,1488.6146320398987,1331.1184803454803,0.04244755953197488,158,106,2,0.5939849624060151,1.490566037735849,0.8458646616541353,0.9097744360902256,56,7,0.14937378893793934,-0.0013225376027038173,0.15069632654064316,0.6007604562737643,0.847907760531929
2024-01-02,1571.6164285714285,1491.1415940714037,1333.40574705865,0.03224859213270448,112,154,0,0.42105263157894735,0.7272727272727273,0.8571428571428571,0.9135338345864662,58,11,0.12794314100901083,-0.012916171864747146,0.14085931287375797,0.5361216730038023,0.46578167583277824
2024-01-03,1571.9977443609023,1493.6474326088116,1335.7207361710794,0.028489300857041266,141,125,0,0.5300751879699248,1.128,0.8458646616541353,0.9097744360902256,52,13,0.1312686131629526,-0.013226978700746071,0.14449559186369867,0.5133079847908745,0.6109632201093589
2024-01-04,1580.600563909774,1496.5287070048778,1338.1545807875032,0.0331173823103692,184,81,1,0.6917293233082706,2.271604938271605,0.868421052631579,0.9172932330827067,77,7,0.12867442070719085,-0.0011720972544342113,0.12984651796162505,0.5285171102661597,0.8287871623690769
2024-01-05,1585.6172180451128,1500.1751776015215,1340.6561754714785,0.03833849126888156,146,120,0,0.5488721804511278,1.2166666666666666,0.8872180451127819,0.9135338345864662,59,6,0.12084667047137666,0.0001802665139683034,0.12066640395740837,0.5209125475285171,0.5386067396773901
2024-01-08,1576.984210526316,1503.8541120021619,1343.1065726959853,0.03876684118939089,68,198,0,0.2556390977443609,0.3434343434343434,0.868421052631579,0.8947368421052632,31,12,0.12096891876101078,-0.0021156203804837312,0.1230845391414945,0.5057034220532319,0.42989433800027893
2024-01-09,1581.2938721804512,1507.7871042746683,1345.577166861575,0.03525015466249881,157,109,0,0.5902255639097744,1.4403669724770642,0.8646616541353384,0.8909774436090225,48,10,0.11868181039054959,-0.00754035311060766,0.12622216350115725,0.49429657794676807,0.679102486725995
2024-01-10,1584.4074812030076,1511.3573360280059,1348.0329390332151,0.04200266249189011,127,138,1,0.4774436090225564,0.9202898550724637,0.8421052631578947,0.8834586466165414,43,10,0.1259375225930404,-0.005221301830475955,0.13115882442351634,0.5209125475285171,0.5340972041723113
2024-01-11,1592.5729323308271,1515.1640950548506,1350.5659056479944,0.0414811184902284,157,109,0,0.5902255639097744,1.4403669724770642,0.8233082706766918,0.8872180451127819,65,10,0.1319933563471812,-0.0012487324929041032,0.13324208884008532,0.5399239543726235,0.7051610378755437
2024-01-12,1602.3392481203007,1519.0681218423517,1353.120404427658,0.04020961578488258,155,111,0,0.5827067669172933,1.3963963963963963,0.8345864661654135,0.8984962406015038,71,11,0.12524762144042792,-0.007337277412761628,0.13258489885318955,0.5057034220532319,0.730954001850391
2024-01-15,1607.5341729323306,1523.1855748827472,1355.67166513607,0.03681882669102099,123,88,55,0.462406015037594,1.3977272727272727,0.8308270676691729,0.8984962406015038,74,7,0.12463356562620508,-0.012050166097849434,0.1366837317240545,0.49429657794676807,0.7965327990748015
2024-01-16,1597.4199250936329,1526.8506722439356,1358.1777333162256,0.02775157094641867,111,155,0,0.41729323308270677,0.7161290322580646,0.8202247191011236,0.8838951310861424,45,12,0.1041767794126574,-0.012872864430373407,0.1170496438430308,0.44106463878326996,0.5805221268623806
2024-01-17,1587.9323970037453,1530.0789064957976,1360.6855978403069,0.021695977368665353,69,198,0,0.25842696629213485,0.3484848484848485,0.7715355805243446,0.8801498127340824,21,23,0.09637162084222164,-0.023921882084352624,0.12029350292657427,0.40304182509505704,0.2887587070646781
2024-01-18,1597.3244106463878,1533.1582099178509,1363.2655669638514,0.05183227831489079,113,149,1,0.4296577946768061,0.7583892617449665,0.7224334600760456,0.8783269961977186,33,36,0.14049943117089184,-0.004448210769335165,0.144947641940227,0.5269230769230769,0.5639864787185118
2024-01-19,1605.5502996254681,1536.2679611575086,1365.9116090869784,0.04864226982251929,192,71,0,0.7300380228136882,2.704225352112676,0.7415730337078652,0.8689138576779026,59,13,0.13586233926371458,-0.0051894788693374935,0.14105181813305206,0.5245283018867924,0.7642386431103013
2024-01-23,1571.9672284644196,1538.4916091488503,1368.3228608543006,0.017317458172017908,43,224,0,0.16104868913857678,0.19196428571428573,0.6367041198501873,0.8239700374531835,26,75,0.11081700975805742,-0.04392883074274562,0.15474584050080303,0.3849056603773585,0.3435860189648002
2024-01-24,1588.696329588015,1541.1674680600022,1370.7619516819282,0.022591443141124268,205,62,0,0.7677902621722846,3.306451612903226,0.6591760299625468,0.8352059925093633,43,23,0.11727073377604015,-0.03921727451562508,0.15648800829166523,0.4226415094339623,0.8539382494251764
2024-01-25,1584.4207116104867,1543.7254526344168,1373.137646841543,0.016023239999500172,127,140,0,0.4756554307116105,0.9071428571428571,0.6554307116104869,0.8352059925093633,39,30,0.12548150759082555,-0.047480132783422224,0.17296164037424777,0.40977443609022557,0.6605898460065498
2024-01-29,1601.5497378277153,1546.5159835126442,1375.5598047103692,0.02413743362030374,189,77,1,0.7078651685393258,2.4545454545454546,0.6779026217228464,0.8389513108614233,64,16,0.1361468282760998,-0.051850072080730336,0.18799690035683014,0.45864661654135336,0.9357408239946742
2024-01-30,1593.5646441947565,1548.9039182216347,1377.9185443375932,0.012659831581798509,113,154,0,0.4232209737827715,0.7337662337662337,0.6779026217228464,0.8389513108614233,38,21,0.13746792130025653,-0.04973243523867832,0.18720035653893485,0.424812030075188,0.6562677914634785
2024-01-31,1616.778277153558,1551.5608799624245,1380.3781714655486,0.026953168467936717,210,57,0,0.7865168539325843,3.6842105263157894,0.7078651685393258,0.846441947565543,71,7,0.14662366054932874,-0.03362631781580472,0.18024997836513346,0.46616541353383456,0.8065308125433448
2024-02-01,1611.8725842696629,1553.9296426744338,1382.797055675959,0.02561449153011619,112,154,1,0.41947565543071164,0.7272727272727273,0.6966292134831461,0.850187265917603,51,15,0.14289327263530605,-0.039978984763953784,0.18287225739925983,0.45864661654135336,0.6076935880543061
2024-02-02,1623.303108614232,1556.475851614779,1385.2526456330927,0.032637046991558005,156,110,1,0.5842696629213483,1.4181818181818182,0.6966292134831461,0.8426966292134831,68,16,0.15790966615753854,-0.039629047787969496,0.19753871394550804,0.48120300751879697,0.870595296784948
2024-02-05,1616.7362921348315,1558.866836012609,1387.6660792422044,0.02286202412560967,114,153,0,0.42696629213483145,0.7450980392156863,0.6741573033707865,0.8389513108614233,66,40,0.15931672271476605,-0.05757987148158217,0.2168965941963482,0.44360902255639095,0.7479488962937997
2024-02-06,1636.8040449438204,1561.8083450483673,1390.1796205606736,0.03228195702984049,194,72,1,0.7265917602996255,2.6944444444444446,0.700374531835206,0.8426966292134831,73,16,0.1570353649360421,-0.05031845645944932,0.2073538213954914,0.48120300751879697,0.6743247752406318
2024-02-07,1654.6667910447761,1565.0095287780082,1392.7742135002723,0.049260214528421775,148,116,3,0.5543071161048689,1.2758620689655173,0.7201492537313433,0.8395522388059702,60,10,0.16404371981553423,-0.03262937659541332,0.19667309641094755,0.5225563909774437,0.6594259342350625
2024-02-08,1648.0469029850747,1568.0908835677476,1395.344600749573,0.042214184206366134,114,153,1,0.4253731343283582,0.7450980392156863,0.6902985074626866,0.835820895522388,55,26,0.1661615467027977,-0.039301083631461675,0.20546263033425938,0.48120300751879697,0.5540827094215436
2024-02-09,1644.4164552238806,1571.1577214174724,1397.9060363460046,0.03787471009371246,100,167,1,0.373134328358209,0.5988023952095808,0.6753731343283582,0.8208955223880597,36,17,0.16261054664355146,-0.04392774938555766,0.20653829602910911,0.4398496240601504,0.2632085919571994
2024-02-12,1623.4983955223881,1573.8535969036777,1400.3780675814291,0.0194185538154914,49,218,1,0.1828358208955224,0.22477064220183487,0.6082089552238806,0.7985074626865671,12,52,0.11574568990650924,-0.061453109996799316,0.17719879990330856,0.3533834586466165,0.03937323690676857
2024-02-13,1627.8357089552237,1576.3978391130854,1402.8544232746428,0.015912024163942107,149,118,1,0.5559701492537313,1.2627118644067796,0.6305970149253731,0.8022388059701493,20,31,0.10617516905163216,-0.06259565350474428,0.16877082255637643,0.3458646616541353,0.7083924653555297
2024-02-14,1647.1891791044777,1579.1368476951748,1405.42344846704,0.024668219711815986,189,78,1,0.7052238805970149,2.423076923076923,0.6417910447761194,0.8171641791044776,35,19,0.12195121951219523,-0.05841312056737602,0.18036434007957125,0.3609022556390977,0.8769801281076954
2024-02-15,1656.7343283582088,1581.8211865350663,1408.0379228325664,0.03713137812594858,170,97,1,0.6343283582089553,1.7525773195876289,0.667910447761194,0.8246268656716418,50,13,0.1392948585574153,-0.05050928748271261,0.1898041460401279,0.41947565543071164,0.8769917395162882
2024-02-16,1675.8968656716418,1584.7700602121354,1410.729245487773,0.055395600488960195,177,91,0,0.6604477611940298,1.945054945054945,0.6791044776119403,0.8470149253731343,56,4,0.16875963201836897,-0.033969564583163005,0.20272919660153196,0.4943820224719101,0.6569107912730786
2024-02-19,1684.021343283582,1587.8518234414435,1413.4047699084713,0.05427634615695287,147,119,2,0.5485074626865671,1.2352941176470589,0.6828358208955224,0.8507462686567164,52,5,0.16877747670908055,-0.0307210033132538,0.19949848002233436,0.5133079847908745,0.6316818380973964
2024-02-20,1677.8715298507464,1590.867822099295,1416.022151876791,0.04504451230344442,97,169,2,0.3619402985074627,0.5739644970414202,0.6828358208955224,0.8432835820895522,27,11,0.14806999055589382,-0.04187580786667701,0.1899457984225708,0.4419475655430712,0.4046764526635288
2024-02-21,1666.6796641791045,1593.8387940901011,1418.5662305478809,0.06025089709230458,74,193,1,0.27611940298507465,0.38341968911917096,0.6529850746268657,0.832089552238806,26,20,0.1611274950429302,-0.01944375712744226,0.18057125217037245,0.48314606741573035,0.26704067352281907
2024-02-22,1676.8918656716417,1596.827611631671,1421.1211211991965,0.055514407908588526,167,100,1,0.6231343283582089,1.67,0.6567164179104478,0.832089552238806,39,13,0.163683679834005,-0.031018924643306845,0.19470260447731186,0.46441947565543074,0.8056849129192031
2024-02-23,1683.5232462686567,1600.087262108375,1423.7095919052479,0.06254811864800547,146,122,0,0.5447761194029851,1.1967213114754098,0.667910447761194,0.8283582089552238,35,10,0.1451200648570462,-0.027108216045634737,0.17222828090268094,0.50187265917603,0.4699017680876389
2024-02-26,1682.8176865671642,1603.1607679309732,1426.2605217777725,0.050743318686859995,109,157,2,0.40671641791044777,0.6942675159235668,0.664179104477612,0.8171641791044776,40,21,0.12200621795420546,-0.04130334015063898,0.16330955810484443,0.45318352059925093,0.48181298144718626
2024-02-27,1681.9283955223882,1605.991328997314,1428.8219935219213,0.055450371373094054,114,152,2,0.4253731343283582,0.75,0.6417910447761194,0.8171641791044776,35,33,0.12059609826097481,-0.0343320206646072,0.154928118925582,0.4344569288389513,0.39257609162282175
2024-02-28,1665.558843283582,1608.293536281237,1431.2888811235534,0.030171463100002294,52,216,0,0.19402985074626866,0.24074074074074073,0.5783582089552238,0.7947761194029851,12,56,0.0903609008834225,-0.06177932242977633,0.15214022331319882,0.3445692883895131,0.2169651523351831
2024-02-29,1672.247723880597,1610.6527698463012,1433.7668672137734,0.03745652119164866,163,105,0,0.6082089552238806,1.5523809523809524,0.6044776119402985,0.7947761194029851,22,39,0.09922074429821857,-0.05644561437544821,0.1556663586736668,0.352059925093633,0.6980857853359121
2024-03-01,1683.6398880597014,1613.241322740575,1436.2857995334496,0.03716913934636468,190,78,0,0.7089552238805971,2.4358974358974357,0.6380597014925373,0.8022388059701493,36,16,0.09291035486623513,-0.052987951455823135,0.14589830632205825,0.3333333333333333,0.9083773308104843
2024-03-04,1686.0726492537312,1616.5905492104982,1438.8054843750485,0.04288662130998744,146,119,3,0.5447761194029851,1.226890756302521,0.6305970149253731,0.8097014925373134,49,26,0.098616886267733,-0.05242854021387413,0.15104542648160713,0.36329588014981273,0.8052460605264943
2024-03-05,1683.8635820895522,1619.6463144371949,1441.3162853594267,0.028750868065790414,116,151,1,0.43283582089552236,0.7682119205298014,0.5932835820895522,0.8059701492537313,42,36,0.09088507290848918,-0.06264057702308934,0.15352564993157852,0.3295880149812734,0.6908241521396663
2024-03-06,1670.9956343283582,1622.1620641048942,1443.7554057489674,0.009868357407035289,74,194,0,0.27611940298507465,0.38144329896907214,0.5522388059701493,0.7910447761194029,23,51,0.08253148978757303,-0.07760331827800522,0.16013480806557825,0.30223880597014924,0.2088523946357724
2024-03-07,1684.1995522388058,1624.7740891119342,1446.291581720278,0.021936662839054266,161,104,3,0.6007462686567164,1.5480769230769231,0.5634328358208955,0.7910447761194029,28,25,0.07809320704803806,-0.06474450738188753,0.1428377144299256,0.2873134328358209,0.689872805699243
2024-03-11,1674.216305970149,1627.0697445546457,1448.7781212267823,0.01812183930147504,72,196,0,0.26865671641791045,0.3673469387755102,0.5186567164179104,0.7649253731343284,23,58,0.0701138231202418,-0.06999522040495801,0.14010904352519982,0.26492537313432835,0.22500587648297002
2024-03-12,1656.0622388059699,1628.9149186540735,1451.1375125764544,0.020057822892460386,49,217,2,0.1828358208955224,0.22580645161290322,0.44776119402985076,0.7425373134328358,7,83,0.08454543596426183,-0.06390957051823769,0.1484550064824995,0.33955223880597013,0.16993865482763446
2024-03-13,1606.9230597014925,1629.5805279684037,1453.2312481084248,-0.012846904106283086,10,258,0,0.03731343283582089,0.03875968992248062,0.291044776119403,0.6902985074626866,2,163,0.040041967560719774,-0.1077047018416814,0.14774666940240117,0.16044776119402984,0.12123281582976335
2024-03-14,1643.9425373134327,1630.9724847297102,1455.502851261918,-0.00197101937787747,216,50,2,0.8059701492537313,4.32,0.3694029850746269,0.7201492537313433,10,33,0.04119934571395955,-0.09319065388882997,0.13438999960278952,0.19029850746268656,0.7892701676217394
2024-03-15,1658.5065168539325,1632.7102864953602,1457.8138614726467,0.0010696877980911346,117,150,0,0.43820224719101125,0.78,0.35580524344569286,0.7116104868913857,7,33,0.03150676534803655,-0.1051590392894855,0.13666580463752204,0.14606741573033707,0.32409565012988006
2024-03-18,1667.0311940298507,1634.6109554887391,1460.1142830069982,-0.005290105747788987,140,127,0,0.5243445692883895,1.1023622047244095,0.35447761194029853,0.7313432835820896,15,24,0.02336776000915816,-0.10867061086181892,0.13203837087097708,0.1455223880597015,0.5377934738298538
2024-03-19,1648.6570895522386,1635.9720860015887,1462.305472929468,-0.02099988451594592,54,214,0,0.20149253731343283,0.2523364485981308,0.29850746268656714,0.7201492537313433,4,60,0.005545724609573817,-0.11958333977184618,0.12512906438142,0.10074626865671642,0.13847929830940825
2024-03-20,1647.628656716418,1637.2123147750149,1464.4877741587864,-0.018024546335212333,131,137,0,0.48880597014925375,0.9562043795620438,0.31716417910447764,0.7052238805970149,5,46,0.0035922234314789965,-0.12193903236541752,0.1255312557968965,0.09328358208955224,0.5391779829447759
2024-03-21,1674.0432835820895,1639.15349623613,1466.7802762356116,0.004418137186915194,228,40,0,0.8507462686567164,5.7,0.3843283582089552,0.7238805970149254,19,6,0.028019474544551556,-0.09708779080943128,0.12510726535398284,0.16791044776119404,0.9218358197315374
2024-03-22,1687.759291044776,1641.2828046134166,1469.1247306365717,0.00648069538388607,181,84,3,0.6753731343283582,2.1547619047619047,0.4253731343283582,0.7388059701492538,32,10,0.030227782741535203,-0.0852358495019489,0.1154636322434841,0.14925373134328357,0.7803644411011789
2024-03-26,1694.7436194029851,1643.4895273774164,1471.4655894312612,0.006664816276934271,148,120,0,0.5522388059701493,1.2333333333333334,0.47388059701492535,0.7350746268656716,37,21,0.041518638440521095,-0.09079901210206724,0.13231765054258834,0.16791044776119404,0.7073115045838341
2024-03-27,1700.3428358208955,1645.6449254472175,1473.805984424319,0.010414169873316226,147,119,2,0.5485074626865671,1.2352941176470589,0.48507462686567165,0.7313432835820896,35,23,0.044780514087107974,-0.09123914942879256,0.13601966351590053,0.1828358208955224,0.6294133512942583
2024-03-28,1711.414962686567,1647.8264397385428,1476.189300129225,0.017531404572678433,169,98,1,0.6305970149253731,1.7244897959183674,0.5335820895522388,0.7574626865671642,38,13,0.05089303758242241,-0.07887253741115081,0.12976557499357322,0.20522388059701493,0.8283434370423611
2024-04-01,1734.2917537313433,1650.361591354523,1478.6239600606723,0.041267176314381704,216,52,0,0.8059701492537313,4.153846153846154,0.6455223880597015,0.7910447761194029,71,4,0.08287207385080776,-0.042147526964553,0.12501960081536076,0.31343283582089554,0.9320273303123341
2024-04-02,1739.1235447761194,1653.1956637481728,1481.1045630558706,0.039991575375166954,183,85,0,0.6828358208955224,2.152941176470588,0.667910447761194,0.8022388059701493,74,5,0.09266908248495198,-0.03860179888082593,0.13127088136577791,0.35447761194029853,0.865284773719298
2024-04-03,1746.6066044776119,1656.3691478976502,1483.6311325123672,0.03739915932407367,165,103,0,0.6156716417910447,1.6019417475728155,0.7014925373134329,0.8171641791044776,84,2,0.09149781957202277,-0.036386241652971704,0.12788406122499446,0.3582089552238806,0.756034263530282
2024-04-04,1748.4916044776119,1659.3924917742743,1486.142119798321,0.037020323680303946,126,141,1,0.4701492537313433,0.8936170212765957,0.7238805970149254,0.8208955223880597,63,3,0.08121310069459155,-0.040713336230057615,0.12192643692464916,0.3619402985074627,0.5039696504943728
2024-04-05,1752.4712313432838,1662.330910408631,1488.6040738232548,0.040744184970491704,156,111,1,0.582089552238806,1.4054054054054055,0.7276119402985075,0.8171641791044776,65,2,0.09073748871886485,-0.035500300270202595,0.12623778898906746,0.3619402985074627,0.6845171924923916
2024-04-08,1758.9776492537312,1666.071118824417,1491.0802188524688,0.05265245050190481,142,126,0,0.5298507462686567,1.126984126984127,0.7201492537313433,0.8171641791044776,73,6,0.11238926029689425,-0.027118286798594134,0.13950754709548838,0.44402985074626866,0.6250547539155367
2024-04-09,1754.974029850746,1669.3966728296718,1493.52647311025,0.04202261989552225,101,167,0,0.376865671641791,0.6047904191616766,0.7126865671641791,0.8134328358208955,63,2,0.10678027942201171,-0.03057651214169321,0.13735679156370492,0.40298507462686567,0.5858503610351365
2024-04-10,1761.7489179104477,1672.9432369556712,1495.9678556842982,0.05228273767742131,146,120,2,0.5447761194029851,1.2166666666666666,0.746268656716418,0.8097014925373134,56,2,0.1264766908271869,-0.01526165695800134,0.14173834778518823,0.44402985074626866,0.6528468430659683
2024-04-12,1746.6782899628256,1675.8458079983734,1498.3258979093061,0.05471778115186687,90,176,2,0.3358208955223881,0.5113636363636364,0.6877323420074349,0.7992565055762082,36,10,0.13612997312634917,-0.011514938576473774,0.14764491170282296,0.5559701492537313,0.3265154470692798
2024-04-15,1725.4353531598513,1678.483222177675,1500.5510527758806,0.07375106900287687,49,220,0,0.1821561338289963,0.22272727272727272,0.6096654275092936,0.7732342007434945,15,24,0.1794413395766608,0.013565779444737781,0.16587556013192303,0.664179104477612,0.25579406519269615
2024-04-16,1725.463494423792,1680.6569265230798,1502.767911720868,0.04958869015189715,148,118,3,0.550185873605948,1.2542372881355932,0.6059479553903345,0.758364312267658,29,24,0.15797017739127403,-0.008752760187985896,0.16672293757925993,0.585820895522388,0.5914860909730937
2024-04-18,1725.9301486988848,1682.9380778116642,1505.0221684721141,0.04065322093087098,106,159,4,0.3940520446096654,0.6666666666666666,0.5724907063197026,0.7472118959107806,32,25,0.15946975117341136,-0.01853249209247094,0.1780022432658823,0.5655430711610487,0.3521662943404172
2024-04-19,1730.137211895911,1685.074759877298,1507.3464099579503,0.03785533113721096,117,152,0,0.4349442379182156,0.7697368421052632,0.5576208178438662,0.7509293680297398,28,26,0.15443008647238995,-0.013939112564797138,0.16836919903718708,0.5373134328358209,0.49008906962321974
2024-04-22,1748.7852416356877,1687.715738867315,1509.716365235896,0.060733158349286054,207,61,1,0.7695167286245354,3.3934426229508197,0.6133828996282528,0.7657992565055762,50,8,0.19120849166540005,0.004342664423794547,0.1868658272416055,0.6380597014925373,0.8174749597209643
2024-04-23,1755.4049814126395,1690.0877575966913,1512.1028006080755,0.06541299476485829,170,98,1,0.6319702602230484,1.7346938775510203,0.654275092936803,0.7769516728624535,51,11,0.20888740108466142,0.015826924767375954,0.19306047631728546,0.6492537313432836,0.6735750111563551
2024-04-24,1764.0340520446098,1692.275102816688,1514.488839860547,0.05375653625273036,168,100,1,0.6245353159851301,1.68,0.6988847583643123,0.79182156133829,65,10,0.18188191070028886,0.004054712483740103,0.17782719821654877,0.6231343283582089,0.66079971040432
2024-04-25,1779.7071003717474,1694.9083067644215,1516.9224904786845,0.05447921976483561,177,90,2,0.6579925650557621,1.9666666666666666,0.7434944237918215,0.79182156133829,65,5,0.17890369055077132,-0.00023808725851508152,0.1791417778092864,0.6380597014925373,0.893185878766229
2024-04-26,1782.707657992565,1697.6741308197952,1519.3596927764295,0.05190403880710126,144,124,1,0.5353159851301115,1.1612903225806452,0.7472118959107806,0.7881040892193308,55,6,0.18432084721628827,0.0002310246907637958,0.18408982252552447,0.6007462686567164,0.7569777924608273
2024-04-29,1778.944,1700.7830429093476,1521.7871631655344,0.04622665648551827,141,128,0,0.5241635687732342,1.1015625,0.774074074074074,0.8037037037037037,51,6,0.17399377781360345,-0.0009187468783534259,0.17491252469195687,0.6305970149253731,0.7221407668657301
2024-04-30,1788.851111111111,1704.0033509524653,1524.2272261140863,0.04524685719878563,142,127,1,0.5259259259259259,1.1181102362204725,0.7481481481481481,0.7925925925925926,45,7,0.16521789780452947,0.004001859743075015,0.16121603806145446,0.6119402985074627,0.5809308566853487
2024-05-02,1801.4914074074075,1707.0893955185238,1526.684570505209,0.03874760606540595,163,107,0,0.6037037037037037,1.5233644859813085,0.774074074074074,0.7962962962962963,59,10,0.1444289585081693,-0.012086299611932102,0.15651525812010142,0.5447761194029851,0.7444631170126687
2024-05-03,1788.731925925926,1709.729347469878,1529.1368919565439,0.028524932169895267,84,186,0,0.3111111111111111,0.45161290322580644,0.7444444444444445,0.7962962962962963,37,17,0.12096735259412565,-0.027309723239593617,0.14827707583371927,0.47388059701492535,0.4819849517101498
2024-05-06,1781.9091111111109,1711.8495923786675,1531.5931663880683,0.02021205378646651,85,185,0,0.3148148148148148,0.4594594594594595,0.7074074074074074,0.7925925925925926,27,27,0.10850189611470065,-0.03674807379476783,0.14524996990946848,0.376865671641791,0.25995942652897525
2024-05-07,1759.7457037037036,1713.36407958707,1533.8657194202058,0.0064364616891907644,45,224,1,0.16666666666666666,0.20089285714285715,0.6518518518518519,0.7814814814814814,11,50,0.08927308972934422,-0.05306123993213713,0.14233432966148135,0.3283582089552239,0.1112449843305953
2024-05-08,1769.1774814814814,1715.1901986196847,1536.1597743373409,0.009532966840997581,162,107,1,0.6,1.514018691588785,0.6444444444444445,0.7814814814814814,18,26,0.08239685566807414,-0.05431544281061438,0.13671229847868852,0.30597014925373134,0.7147006272620215
2024-05-09,1741.0094074074073,1716.6767934842508,1538.3252375222376,-0.010215162116441467,40,230,0,0.14814814814814814,0.17391304347826086,0.5444444444444444,0.7592592592592593,6,83,0.0641623818276626,-0.07495092369826444,0.13911330552592704,0.23134328358208955,0.19894339423885773
2024-05-10,1757.1125555555557,1718.281207281929,1540.5184534007903,0.0012185511970177476,181,88,1,0.6703703703703704,2.0568181818181817,0.5814814814814815,0.7518518518518519,8,24,0.06865691985612708,-0.06399486823411063,0.1326517880902377,0.26865671641791045,0.7361956487441551
2024-05-13,1773.7973703703706,1720.0866897639632,1542.7500652526423,0.00683891577138751,135,135,0,0.5,1.0,0.5851851851851851,0.7592592592592593,22,35,0.06915126758059381,-0.0725091475615926,0.1416604151421864,0.25,0.5071855247509724
2024-05-14,1792.7427407407404,1722.2851908474345,1545.0594700069298,0.026372601664897966,205,65,0,0.7592592592592593,3.1538461538461537,0.6518518518518519,0.7777777777777778,38,5,0.0834451023440175,-0.049886630491964554,0.13333173283598204,0.30855018587360594,0.890876580910888
2024-05-15,1800.5567527675278,1724.6577579923376,1547.3870105537133,0.04353764948081307,164,106,0,0.6074074074074074,1.5471698113207548,0.6568265682656826,0.7785977859778598,41,7,0.11031775998237739,-0.02931587400849487,0.13963363399087225,0.41263940520446096,0.6369492395237943
2024-05-16,1818.149594095941,1727.7095730085846,1549.783223640472,0.05371663901999901,189,81,1,0.6974169741697417,2.3333333333333335,0.6678966789667896,0.7822878228782287,53,7,0.1105918948910858,-0.022255425527744555,0.13284732041883035,0.41263940520446096,0.7844769134324923
2024-05-17,1837.4842804428044,1731.014304139829,1552.289074887647,0.06463421003915837,180,91,0,0.6642066420664207,1.978021978021978,0.7084870848708487,0.7822878228782287,59,1,0.13143641901656725,-0.01593333161512531,0.14736975063169255,0.4684014869888476,0.8068787723114977
2024-05-21,1848.5216605166052,1734.3119395889669,1554.857257221238,0.06842489012242381,158,113,0,0.5830258302583026,1.3982300884955752,0.7121771217712177,0.7785977859778598,73,6,0.14595739566482874,-0.014965171276882993,0.16092256694171173,0.4944237918215613,0.8558772464116395
2024-05-22,1851.1322878228782,1737.61313236035,1557.426308154516,0.05852465114096139,138,133,0,0.5092250922509225,1.037593984962406,0.7195571955719557,0.7822878228782287,57,11,0.12597397665294302,-0.026127310512719746,0.15210128716566276,0.44609665427509293,0.6565389206708094
2024-05-23,1863.1140959409593,1741.198142637378,1560.0569879365462,0.06135855581407901,166,104,1,0.6125461254612546,1.5961538461538463,0.7416974169741697,0.7933579335793358,64,9,0.13489354556055302,-0.024294896891650295,0.15918844245220332,0.4275092936802974,0.79610231018048
2024-05-24,1862.0160516605165,1745.0185509840212,1562.6467829235312,0.05554427903607673,101,170,0,0.3726937269372694,0.5941176470588235,0.7195571955719557,0.7970479704797048,37,13,0.1268611259236417,-0.032782680531968936,0.15964380645561066,0.42379182156133827,0.3835105050578863
2024-05-27,1866.118597785978,1748.6569318949646,1565.2337176113024,0.04855377460492272,122,149,0,0.45018450184501846,0.8187919463087249,0.7416974169741697,0.8007380073800738,51,20,0.11840189158081078,-0.045511184223008525,0.1639130758038193,0.40148698884758366,0.6697632909920829
2024-05-28,1852.7790405904059,1752.2281865873697,1567.6835019615414,0.039306154480059474,83,188,0,0.3062730627306273,0.44148936170212766,0.6900369003690037,0.7785977859778598,33,25,0.09302364710337648,-0.04464424098053925,0.13766788808391572,0.34944237918215615,0.2220798915188882
2024-05-29,1853.1789298892988,1756.1705204090363,1570.1209152156391,0.041729773331425246,122,149,0,0.45018450184501846,0.8187919463087249,0.6715867158671587,0.7601476014760148,28,22,0.09288512914239389,-0.05381986543734251,0.1467049945797364,0.3111111111111111,0.533851782977215
2024-05-30,1835.7260294117646,1760.7465798032417,1572.5201021456437,0.026203923853415523,53,218,0,0.19557195571955718,0.24311926605504589,0.5882352941176471,0.75,12,50,0.08290291775088812,-0.0743208488632908,0.15722376661417892,0.2962962962962963,0.18642007509404548
2024-05-31,1845.339338235294,1764.7745158216787,1574.9681534700246,0.024339794598848385,153,118,1,0.5625,1.2966101694915255,0.6066176470588235,0.7279411764705882,27,40,0.07785046798763649,-0.06406290294631009,0.14191337093394657,0.2814814814814815,0.8055400259513741
2024-06-03,1884.2834558823529,1769.2900546022472,1577.5983008652663,0.053418585854873246,224,48,0,0.8235294117647058,4.666666666666667,0.6875,0.7536764705882353,72,11,0.12850541740306612,-0.043021619987087534,0.17152703739015365,0.362962962962963,0.9591592064071355
2024-06-04,1779.6135294117648,1771.5417013098859,1579.6779086667655,-0.0012882709252856062,20,252,0,0.07352941176470588,0.07936507936507936,0.3602941176470588,0.6727941176470589,7,117,0.05967006840711962,-0.09747104674460827,0.1571411151517279,0.21481481481481482,0.01325905558440461
2024-06-05,1833.594375,1775.240447018841,1582.0030531286382,0.041965535782169106,234,37,1,0.8602941176470589,6.324324324324325,0.5257352941176471,0.7389705882352942,32,12,0.10113102777672105,-0.05157823752535449,0.15270926530207554,0.32222222222222224,0.91801783404395
2024-06-06,1864.3813970588235,1779.575501825689,1584.4591734343956,0.05381252959291549,224,48,0,0.8235294117647058,4.666666666666667,0.6397058823529411,0.7941176470588235,40,1,0.12243523176056213,-0.029041562998829495,0.15147679475939163,0.4074074074074074,0.9489026078844084
2024-06-07,1894.1702205882352,1783.978040565812,1587.0670152709272,0.08797242136037897,237,35,0,0.8713235294117647,6.771428571428571,0.7352941176470589,0.8308823529411765,69,0,0.15295938143896015,0.005753930676204979,0.14720545076275518,0.6518518518518519,0.9748485521900779
2024-06-10,1908.0033088235296,1788.382920921387,1589.751869652883,0.08587426729772929,177,95,0,0.6507352941176471,1.8631578947368421,0.7941176470588235,0.8161764705882353,65,0,0.15296599892273885,0.008495206880377998,0.14447079204236085,0.6148148148148148,0.44829140030587833
2024-06-11,1924.524375,1792.9785360333274,1592.536632647574,0.08497419555772456,169,103,0,0.6213235294117647,1.6407766990291262,0.8014705882352942,0.8272058823529411,70,0,0.16130409560717862,0.021131532092953487,0.14017256351422513,0.6185185185185185,0.33078151847077353
2024-06-12,1935.2382720588237,1797.6764447580856,1595.3558834309451,0.07948465113249092,187,85,0,0.6875,2.2,0.8345588235294118,0.8382352941176471,77,0,0.1495170203122574,0.012455719918031917,0.13706130039422548,0.5740740740740741,0.8502152618946534
2024-06-13,1952.1902573529412,1802.4919506514134,1598.25002971771,0.08421478764962376,167,105,0,0.6139705882352942,1.5904761904761904,0.8382352941176471,0.8492647058823529,84,0,0.16406082097571462,0.009615207726506148,0.15444561324920847,0.5498154981549815,0.5062997222636186
2024-06-14,1971.8648529411764,1807.2434126356102,1601.261127636262,0.08454489077488092,168,104,0,0.6176470588235294,1.6153846153846154,0.8529411764705882,0.8492647058823529,78,0,0.14906741791334732,0.011030304579557448,0.13803711333378987,0.5498154981549815,0.775263624261586
2024-06-18,1983.3163235294119,1812.1272682106758,1604.271430984678,0.07936505614701872,155,116,1,0.5698529411764706,1.3362068965517242,0.8455882352941176,0.8529411764705882,69,0,0.15102974828375282,0.004508061024373955,0.14652168725937886,0.5535055350553506,0.6735964732901071
2024-06-19,1959.8125735294118,1816.391387591712,1607.118180006171,0.060205360526694784,68,204,0,0.25,0.3333333333333333,0.8125,0.8455882352941176,32,2,0.1362233889793003,-0.018533660397928586,0.1547570493772289,0.5092250922509225,0.21534517258766134
2024-06-20,1959.0566176470588,1820.602687855101,1609.9320419405603,0.05830179211617059,160,112,0,0.5882352941176471,1.4285714285714286,0.8272058823529411,0.8492647058823529,54,4,0.13701335339477172,-0.011677408482765661,0.14869076187753738,0.5461254612546126,0.7649196661079379
2024-06-21,1956.2316176470588,1824.6778955811762,1612.7343115672575,0.04997950576884613,110,161,1,0.40441176470588236,0.6832298136645962,0.8088235294117647,0.8419117647058824,33,3,0.12512650968220762,-0.018772893772893817,0.14389940345510144,0.4797047970479705,0.6424075046328559
2024-06-24,1966.4849264705879,1828.8280411255137,1615.6029186996102,0.05610524931667893,144,128,0,0.5294117647058824,1.125,0.7977941176470589,0.8419117647058824,49,3,0.1354197133664814,-0.014758381622516525,0.15017809498899792,0.47601476014760147,0.6611690286108437
2024-06-25,1963.2554044117646,1832.9936686167337,1618.4125520678228,0.05205285813079241,113,158,1,0.41544117647058826,0.7151898734177216,0.8088235294117647,0.8492647058823529,36,4,0.1203979523961014,-0.015554137131723045,0.13595208952782445,0.4944649446494465,0.4492567950791431
2024-06-26,1965.8818014705882,1837.0763262879366,1621.216357229022,0.06104492678422191,121,151,0,0.44485294117647056,0.8013245033112583,0.7941176470588235,0.8529411764705882,31,4,0.13563055519773304,-0.008377313016776355,0.1440078682145094,0.5461254612546126,0.5828444321567754
2024-06-27,1967.584705882353,1841.494454606327,1624.0082690276645,0.06173487845552428,118,154,0,0.4338235294117647,0.7662337662337663,0.7904411764705882,0.8492647058823529,37,7,0.14022980213931602,-0.010146429199820117,0.15037623133913613,0.5166051660516605,0.5287508600830553
2024-06-28,1975.9407352941173,1846.5045622490125,1626.8166661656737,0.07638106320651938,152,119,1,0.5588235294117647,1.2773109243697478,0.8161764705882353,0.8492647058823529,33,5,0.14955418723267241,0.015913272300126735,0.13364091493254568,0.6397058823529411,0.6429446926879684
2024-07-01,2000.7136029411758,1852.0095644193602,1629.6986811034565,0.08419820760688213,199,73,0,0.7316176470588235,2.7260273972602738,0.8382352941176471,0.875,70,3,0.15550607794285287,0.021451154494605978,0.1340549234482469,0.6691176470588235,0.7066034081277103
2024-07-02,2004.9264338235294,1857.589490121853,1632.5879332725738,0.06402591795016477,126,145,1,0.4632352941176471,0.8689655172413793,0.8529411764705882,0.8713235294117647,58,5,0.14019337247587108,-0.019194942824990607,0.15938831530086167,0.5294117647058824,0.45054708061636073
2024-07-03,2018.6305514705882,1863.3593569133466,1635.4997456453118,0.13430838668541045,183,89,0,0.6727941176470589,2.056179775280899,0.8676470588235294,0.8676470588235294,68,6,0.2404158304066658,0.05577905495929238,0.18463677544737342,0.8455882352941176,0.902606687760391
2024-07-04,2032.624080882353,1869.0361336982796,1638.4806827804925,0.10854620225498501,153,119,0,0.5625,1.2857142857142858,0.8639705882352942,0.8823529411764706,54,8,0.21808302327582602,0.018106892393479745,0.19997613088234628,0.7169117647058824,0.68871979547184
2024-07-05,2041.6154411764703,1874.7603428935565,1641.4691384479133,0.09506319060962753,166,106,0,0.6102941176470589,1.5660377358490567,0.875,0.8786764705882353,71,11,0.18383056866671207,0.011935519991211053,0.171895048675501,0.6286764705882353,0.7535366436739361
2024-07-08,2033.266838235294,1880.1449986173702,1644.3719382160132,0.0734340642330773,108,164,0,0.39705882352941174,0.6585365853658537,0.8419117647058824,0.8676470588235294,61,29,0.1671225516627069,-0.004178719780985318,0.17130127144369223,0.5625,0.562939440761681
2024-07-09,2040.1840441176473,1885.3545374922883,1647.2440951673705,0.06927699479495142,157,115,0,0.5772058823529411,1.3652173913043477,0.8602941176470589,0.8786764705882353,57,15,0.1503866651127641,-0.0013337833154951602,0.15172044842825927,0.5294117647058824,0.6340272796080335
2024-07-10,2026.6279487179488,1890.2329433067957,1650.2211156801911,0.05305392596960412,106,165,1,0.3897058823529412,0.6424242424242425,0.8388278388278388,0.8754578754578755,51,26,0.12942823034765125,-0.012102973385153799,0.14153120373280503,0.5073529411764706,0.5799505887535824
2024-07-11,2027.5353846153844,1895.2047709991034,1653.1854941417294,0.04769289337088689,128,145,0,0.46886446886446886,0.8827586206896552,0.8534798534798534,0.8791208791208791,49,18,0.13172481118480406,-0.023845060659245916,0.15556987184404997,0.4632352941176471,0.7967297634205117
2024-07-12,2021.1200732600735,1899.8501502420827,1656.0687741234144,0.03530896419931784,108,164,1,0.3956043956043956,0.6585365853658537,0.8205128205128205,0.8827838827838828,42,28,0.12171156023614806,-0.031586363578571953,0.15329792381472002,0.4338235294117647,0.5436688895017077
2024-07-15,2039.68,1904.6139220939347,1659.039718184717,0.03439137675062898,184,89,0,0.673992673992674,2.067415730337079,0.8534798534798534,0.8791208791208791,55,11,0.12586165115113948,-0.028162913763195473,0.15402456491433494,0.4522058823529412,0.6938532036907624
2024-07-16,2041.7248351648352,1909.673780278713,1662.0366742836184,0.029449922305627263,137,136,0,0.5018315018315018,1.0073529411764706,0.8461538461538461,0.8791208791208791,51,10,0.11646806129598422,-0.029496906577829038,0.14596496787381325,0.40808823529411764,0.6080882816493542
2024-07-18,2024.310402930403,1914.5218061150988,1664.983134727389,0.032910202879675055,99,174,0,0.3626373626373626,0.5689655172413793,0.8168498168498168,0.8717948717948718,51,24,0.11902395561274269,-0.02657341069810084,0.14559736631084352,0.43014705882352944,0.292212103618284
2024-07-19,1974.7850549450548,1918.8225931399256,1667.7281688143748,0.008028577202065179,33,239,1,0.12087912087912088,0.13807531380753138,0.6923076923076923,0.8644688644688645,9,74,0.08981238068518776,-0.05198327743349535,0.1417956581186831,0.33088235294117646,0.21884287951604817
2024-07-22,1993.391868131868,1923.3068808729333,1670.5798160860684,0.01899583369862179,189,84,0,0.6923076923076923,2.25,0.7472527472527473,0.8644688644688645,24,28,0.10157968989930237,-0.036576686079148366,0.13815637597845074,0.33455882352941174,0.8288727567904084
2024-07-23,1988.739010989011,1928.2614729445654,1673.401237960937,0.011316681973435827,107,166,0,0.39194139194139194,0.6445783132530121,0.684981684981685,0.8571428571428571,27,42,0.09289755681106461,-0.0462113780981463,0.13910893490921092,0.3161764705882353,0.38712401478734976
2024-07-24,2002.3131868131868,1933.165485569718,1676.288028895003,0.01989439698658302,180,93,0,0.6593406593406593,1.935483870967742,0.7216117216117216,0.8681318681318682,44,25,0.11037671821915246,-0.04428406353872802,0.15466078175788048,0.39705882352941174,0.595624312232268
2024-07-25,2001.9747619047623,1937.7290334004063,1679.1218389640687,0.018359679817563146,115,158,0,0.42124542124542125,0.7278481012658228,0.7106227106227107,0.8608058608058609,39,28,0.12067249506047499,-0.04113903560285557,0.16181153066333057,0.375,0.49431670366833763
2024-07-26,2035.268534798535,1942.5795492815616,1682.1974203785194,0.034399448579688796,215,58,0,0.7875457875457875,3.706896551724138,0.7619047619047619,0.8717948717948718,69,6,0.1281553907748502,-0.019041282847502814,0.147196673622353,0.4522058823529412,0.8619337432596551
2024-07-29,2060.511758241758,1947.7786493910464,1685.325477452171,0.042800384362262855,174,98,1,0.6373626373626373,1.7755102040816326,0.8058608058608059,0.8717948717948718,63,10,0.13338267784562255,-0.01932834533492258,0.15271102318054514,0.46691176470588236,0.7951645572674265
2024-07-30,2070.920183150183,1952.8340611721314,1688.5126766503645,0.03509076966628277,154,119,0,0.5641025641025641,1.2941176470588236,0.8168498168498168,0.8864468864468864,68,8,0.12544600825853924,-0.025621243039765117,0.15106725129830437,0.48161764705882354,0.6127669732240353
2024-07-31,2076.8397069597067,1957.6211697024694,1691.7996314828733,0.03586828520138474,150,122,1,0.5494505494505495,1.2295081967213115,0.8241758241758241,0.8864468864468864,73,9,0.1278402963805531,-0.019818444038321465,0.14765874041887458,0.5036764705882353,0.6264835421655748
2024-08-01,2071.57684981685,1962.0822734884744,1695.0250283273772,0.026228820478165327,106,167,0,0.3882783882783883,0.6347305389221557,0.8058608058608059,0.8864468864468864,43,12,0.11583957049567342,-0.029827105892034675,0.14566667638770808,0.45588235294117646,0.38652417066326433
2024-08-02,2053.0949816849816,1966.1215273657162,1698.1241906403823,0.010071169083927467,80,193,0,0.29304029304029305,0.41450777202072536,0.7472527472527473,0.8864468864468864,36,22,0.10305293775839679,-0.04634286050802041,0.1493957982664172,0.4117647058823529,0.2829683767339453
2024-08-05,1991.413076923077,1968.6875069853588,1700.985346864692,-0.02458953005589759,15,258,0,0.054945054945054944,0.05813953488372093,0.5238095238095238,0.8608058608058609,4,94,0.0625870003519579,-0.09865176084336398,0.16123876119532188,0.2426470588235294,0.04135575551890997
2024-08-06,1984.5303296703294,1971.137792545555,1703.7584508031202,-0.023969558568743388,92,180,1,0.336996336996337,0.5111111111111111,0.5054945054945055,0.8461538461538461,8,93,0.06301005949487726,-0.09852655476281404,0.16153661425769128,0.23529411764705882,0.23241743155571584
2024-08-07,2027.2013186813185,1974.3594469634618,1706.7105822056872,-0.006363506995244461,246,27,0,0.9010989010989011,9.11111111111111,0.6043956043956044,0.8644688644688645,27,12,0.0762556550930794,-0.07477738723490628,0.15103304232798567,0.28308823529411764,0.9283836123464637
2024-08-08,2022.4588278388278,1977.7530427084303,1709.5936771082402,-0.0020571713134412972,97,176,0,0.3553113553113553,0.5511363636363636,0.5641025641025641,0.8534798534798534,25,20,0.07765804104162838,-0.07415325617625623,0.1518112972178846,0.2673992673992674,0.4339369482926235
2024-08-09,2041.7091575091574,1981.5236472608274,1712.5590288118165,0.0069906414464189215,193,79,1,0.706959706959707,2.4430379746835444,0.5934065934065934,0.8681318681318682,37,15,0.0892723001886508,-0.08015379254095391,0.1694260927296047,0.31135531135531136,0.7590043718394425
2024-08-12,2039.2539560439564,1985.5942057934712,1715.5163302714254,0.008972194687390855,121,150,2,0.4432234432234432,0.8066666666666666,0.6007326007326007,0.8608058608058609,26,26,0.09425370840423988,-0.06981546692011288,0.16406917532435278,0.3076923076923077,0.5211815907558224
2024-08-13,2024.5165567765569,1989.1777501642966,1718.3848456888963,-0.007434226556834012,73,200,0,0.2673992673992674,0.365,0.5384615384615384,0.8388278388278388,20,52,0.06631573609032314,-0.09020905483351913,0.15652479092384225,0.2490842490842491,0.35027909297430093
2024-08-14,2019.5104395604394,1991.8822898378585,1721.2560562517174,-0.010880210311299043,104,169,0,0.38095238095238093,0.6153846153846154,0.5347985347985348,0.8388278388278388,14,48,0.06689520266562639,-0.08786156374125931,0.15475676640688568,0.24175824175824176,0.2888825952186277
2024-08-16,2057.67336996337,1997.4434866488903,1724.3108940140817,0.016481151796024385,228,45,0,0.8351648351648352,5.066666666666666,0.5897435897435898,0.8534798534798534,37,10,0.08422078961109047,-0.06628999382633519,0.15051078343742566,0.3076923076923077,0.91700089863736
2024-08-19,2071.4295238095237,2002.2001896250806,1727.4853574125968,0.04893923448653914,185,88,0,0.6776556776556777,2.102272727272727,0.5970695970695971,0.8571428571428571,57,5,0.12692437925040145,-0.03886236278100014,0.1657867420314016,0.4139194139194139,0.7731925411585081
2024-08-20,2077.9760805860806,2006.472083295626,1730.8587693744628,0.042432305361755907,174,99,0,0.6373626373626373,1.7575757575757576,0.63003663003663,0.8608058608058609,52,3,0.12097513889635884,-0.034907049887601425,0.15588218878396026,0.40293040293040294,0.7334579618657425
2024-08-21,2093.8026007326007,2010.4647308985132,1734.362594925654,0.05282924967180147,182,91,0,0.6666666666666666,2.0,0.63003663003663,0.8717948717948718,55,0,0.1395753742322629,-0.023994910215768488,0.1635702844480314,0.4468864468864469,0.508029547456489
2024-08-22,2101.2992307692307,2014.330649337427,1737.9458697867249,0.049435844805870044,158,115,0,0.5787545787545788,1.373913043478261,0.6483516483516484,0.8754578754578755,47,1,0.11753704076274869,-0.0282778974471112,0.14581493820985988,0.4175824175824176,0.6724007105888394
2024-08-23,2105.4555677655676,2017.9492731927387,1741.4436681578723,0.05168936583513628,108,164,1,0.3956043956043956,0.6585365853658537,0.6483516483516484,0.8608058608058609,40,8,0.1108624342905976,-0.027826227295622074,0.13868866158621967,0.40293040293040294,0.5859204384871474
2024-08-26,2111.161575091575,2021.4677392533936,1744.9883011283869,0.03728895671280652,144,129,0,0.5274725274725275,1.1162790697674418,0.6410256410256411,0.8754578754578755,52,7,0.1051275691378932,-0.039686213997336496,0.1448137831352297,0.3663003663003663,0.6210000793819898
2024-08-27,2135.642696629214,2025.1367880389191,1748.6308250678067,0.03646227112606493,136,131,0,0.5093632958801498,1.0381679389312977,0.651685393258427,0.898876404494382,47,7,0.0994066055081801,-0.04975586042396076,0.14916246593214086,0.3333333333333333,0.5676003961474549
2024-08-28,2117.5899633699637,2028.0512902474948,1752.2104672800936,0.02253576965423587,113,154,0,0.4232209737827715,0.7337662337662337,0.6373626373626373,0.8717948717948718,43,6,0.08493462156491385,-0.055261553148514,0.14019617471342785,0.326007326007326,0.4721132194136603
2024-08-29,2106.2413919413916,2030.5097916157347,1755.67084895463,0.014156935117889402,83,190,0,0.304029304029304,0.4368421052631579,0.6153846153846154,0.8644688644688645,31,13,0.07231606471768268,-0.06107425850280896,0.13339032322049163,0.30036630036630035,0.4912252631858087
2024-08-30,2125.6304029304033,2033.8261482037542,1759.1663975472286,0.026092950941372095,185,87,1,0.6776556776556777,2.1264367816091956,0.663003663003663,0.8791208791208791,65,8,0.08962579238708494,-0.051896558987410725,0.14152235137449568,0.3443223443223443,0.4581742673710233
2024-09-02,2120.338608058608,2037.051788011985,1762.5512943898032,0.032752321238659565,116,156,1,0.4249084249084249,0.7435897435897436,0.6483516483516484,0.8827838827838828,38,11,0.09510980304192083,-0.043970825778403895,0.13908062882032474,0.3772893772893773,0.5208462606053041
2024-09-03,2118.63102189781,2040.2997760970002,1765.894135811079,0.06388325277611262,145,128,0,0.5311355311355311,1.1328125,0.6532846715328468,0.8795620437956204,38,13,0.14218372222720752,-0.0014551452140939263,0.14363886744130144,0.5494505494505495,0.5705379323298058
2024-09-04,2120.202883211679,2043.374135231822,1769.191226082651,0.06836506931284214,134,139,1,0.48905109489051096,0.9640287769784173,0.6240875912408759,0.8686131386861314,40,18,0.14474894676448327,0.008300718982150996,0.1364482277823323,0.5567765567765568,0.41560746248246516
2024-09-05,2123.6909489051095,2046.582846121689,1772.5351639070243,0.047597458296128714,148,125,1,0.5401459854014599,1.184,0.6313868613138686,0.8722627737226277,58,13,0.12048485518387331,-0.019417228102751392,0.1399020832866247,0.4945054945054945,0.6313774646023713
2024-09-06,2108.4050729927008,2049.4333115521313,1775.794581857539,0.04249591832023292,58,216,0,0.2116788321167883,0.26851851851851855,0.583941605839416,0.8576642335766423,26,40,0.11427221418700508,-0.02886929152465646,0.14314150571166154,0.45054945054945056,0.16075378153826292
2024-09-09,2108.280802919708,2052.2472334928784,1779.0258699025558,0.03260584161348756,109,164,1,0.3978102189781022,0.6646341463414634,0.5656934306569343,0.8503649635036497,31,46,0.1011625467032119,-0.04455129408153772,0.1457138407847496,0.38461538461538464,0.36777762415014287
2024-09-10,2126.058394160584,2055.2495866702075,1782.2853223296324,0.04256676215306876,192,82,0,0.7007299270072993,2.341463414634146,0.6167883211678832,0.8576642335766423,47,11,0.10849918727126773,-0.028349219484936777,0.1368484067562045,0.4175824175824176,0.7521435398746391
2024-09-11,2123.8788321167885,2057.71289125372,1785.485065539646,0.04907950740518352,91,183,0,0.33211678832116787,0.4972677595628415,0.5766423357664233,0.8467153284671532,29,47,0.10841937332213611,-0.023837255251689046,0.13225662857382514,0.4432234432234432,0.32555523332160025
2024-09-12,2147.397700729927,2060.562316591848,1788.7548817999495,0.06332587277801993,227,47,0,0.8284671532846716,4.829787234042553,0.6386861313868614,0.8613138686131386,64,10,0.13298948777026037,-0.007583364775672155,0.14057285254593252,0.5641025641025641,0.8095373760436904
2024-09-13,2173.0382545454545,2063.650470653345,1792.1401097646924,0.056065693547921125,160,113,1,0.583941605839416,1.415929203539823,0.6690909090909091,0.8763636363636363,57,9,0.12140816212955384,-0.02037108649219503,0.14177924862174887,0.4358974358974359,0.6945486938059465
2024-09-16,2168.467608695652,2066.3673412096114,1795.4965124469538,0.0468459504756249,129,146,0,0.4690909090909091,0.8835616438356164,0.6666666666666666,0.8659420289855072,44,13,0.10274200701613743,-0.029567549732514426,0.13230955674865186,0.42124542124542125,0.6934910749025776
2024-09-17,2163.499891304348,2068.8050302121687,1798.8653689376958,0.041157264280994976,117,159,0,0.42391304347826086,0.7358490566037735,0.6630434782608695,0.8586956521739131,39,25,0.09313131280476655,-0.03255659385517357,0.12568790665994012,0.37362637362637363,0.5984706791812575
2024-09-18,2143.744782608696,2071.014589099637,1802.1110548279257,0.02385238315141125,75,201,0,0.2717391304347826,0.373134328358209,0.6268115942028986,0.8405797101449275,35,43,0.08264257202338476,-0.05206980820716357,0.13471238023054832,0.2967032967032967,0.4721733631075752
2024-09-19,2130.635072463768,2072.823609666559,1805.294334372754,0.013960811132928574,98,178,0,0.35507246376811596,0.550561797752809,0.572463768115942,0.8188405797101449,28,60,0.07081403747777476,-0.06273825315616845,0.1335522906339432,0.29304029304029305,0.3551823645865009
2024-09-20,2151.135144927536,2075.3137535907513,1808.5946372837034,0.021695816269562185,205,70,1,0.7427536231884058,2.9285714285714284,0.6159420289855072,0.8333333333333334,46,20,0.07880621187018254,-0.05538589918609973,0.13419211105628226,0.336996336996337,0.860411834334749
2024-09-23,2168.5909057971016,2078.1348640143856,1811.9940687066287,0.027202716922808623,179,97,0,0.6485507246376812,1.8453608247422681,0.6413043478260869,0.8478260869565217,50,12,0.08637375232972429,-0.03818360293583917,0.12455735526556345,0.326007326007326,0.7629777805638376
2024-09-24,2175.3647826086954,2081.2197582013578,1815.367774627248,0.01859959348170781,137,139,0,0.4963768115942029,0.9856115107913669,0.6666666666666666,0.8478260869565217,44,14,0.0937469026423868,-0.03671538509299634,0.13046228773538315,0.31086142322097376,0.5145513155095706
2024-09-25,2171.005072463768,2083.846259650633,1818.6716062395665,0.02522448161248314,111,165,0,0.40217391304347827,0.6727272727272727,0.6594202898550725,0.8586956521739131,32,16,0.08515798520202518,-0.036588114941579895,0.12174610014360507,0.3443223443223443,0.37592166180213366
2024-09-26,2174.9028260869563,2086.5098194690754,1821.933533438183,0.03259903371392636,131,145,0,0.4746376811594203,0.903448275862069,0.6413043478260869,0.855072463768116,49,19,0.0947050731644823,-0.031179658671077724,0.12588473183556004,0.3626373626373626,0.7504207702668825
2024-09-27,2185.0488768115943,2089.7245889466994,1825.2165119131503,0.027953342123483216,149,126,1,0.5398550724637681,1.1825396825396826,0.644927536231884,0.8659420289855072,46,18,0.08012819735601545,-0.03647317164726162,0.11660136900327707,0.32967032967032966,0.7493263376726529
2024-09-30,2175.0146014492757,2093.7291798767837,1828.4419190113058,0.025786444289070065,113,162,1,0.40942028985507245,0.6975308641975309,0.6340579710144928,0.8586956521739131,31,19,0.0758954646227943,-0.03423970178184419,0.1101351664046385,0.32967032967032966,0.38450021422824016
2024-10-01,2185.189420289855,2097.565130919944,1831.7325081279641,0.03141575748873149,150,125,1,0.5434782608695652,1.2,0.6521739130434783,0.8514492753623188,40,12,0.08720678700063296,-0.03509333014390574,0.1223001171445387,0.3467153284671533,0.44814535450886633
2024-10-03,2136.0916606498195,2100.51218391316,1834.8223111080192,0.007493989166768911,31,245,0,0.11231884057971014,0.12653061224489795,0.5415162454873647,0.8122743682310469,10,49,0.06711871940815209,-0.05405680404710269,0.12117552345525479,0.25547445255474455,0.1449259190902506
2024-10-04,2115.413104693141,2102.774182270759,1837.7621216885193,-0.0038978572735529626,75,201,1,0.27075812274368233,0.373134328358209,0.4729241877256318,0.7906137184115524,11,70,0.045899904337116576,-0.061479261000836116,0.10737916533795269,0.19343065693430658,0.2937744335921764
2024-10-07,2076.2693140794227,2104.2600733142517,1840.540764646749,-0.01524173856576061,28,249,0,0.10108303249097472,0.11244979919678715,0.34296028880866425,0.7364620938628159,3,130,0.03092334424138366,-0.07803014685816467,0.10895349109954833,0.14233576642335766,0.059118070382095225
2024-10-08,2130.1237184115525,2106.1571769865127,1843.5456712616203,0.010360534261657506,242,35,0,0.8736462093862816,6.914285714285715,0.44404332129963897,0.7833935018050542,17,11,0.052910051321876275,-0.05287073448725901,0.10578078580913527,0.20802919708029197,0.848738981202461
2024-10-09,2158.4110830324908,2108.115163482327,1846.6357249657563,0.015217215557562502,189,87,1,0.6823104693140795,2.1724137931034484,0.5054151624548736,0.7833935018050542,28,13,0.06375117021047082,-0.0565145669248603,0.12026573713533112,0.24817518248175183,0.64689036079095
2024-10-10,2166.2617689530684,2110.0219951983845,1849.7147914150844,0.019955440110506872,138,138,1,0.4981949458483754,1.0,0.5234657039711191,0.7870036101083032,23,19,0.07291460134152543,-0.05052788687388554,0.12344248821541097,0.26277372262773724,0.5244885663913195
2024-10-11,2174.5008664259926,2111.9752183877104,1852.8158655190775,0.012621400165816032,149,128,0,0.5379061371841155,1.1640625,0.516245487364621,0.7870036101083032,25,17,0.06556442450644163,-0.058291183955037365,0.123855608461479,0.23357664233576642,0.6334265242448737
2024-10-14,2180.9205054151626,2114.1620914996765,1855.9494068294232,0.0036272950341396104,154,122,1,0.555956678700361,1.2622950819672132,0.5595667870036101,0.7833935018050542,37,15,0.05816867889607839,-0.06120807613871793,0.11937675503479632,0.22545454545454546,0.6175809005948887
2024-10-15,2196.1294584837547,2117.0227810356523,1859.336997493054,0.012756404419958844,173,104,0,0.6245487364620939,1.6634615384615385,0.5631768953068592,0.7906137184115524,51,17,0.0657160443167828,-0.05890889900389218,0.12462494332067497,0.23550724637681159,0.5701335668088832
2024-10-16,2190.9783754512637,2121.0140870062155,1862.6365127665367,0.012700940849296405,131,145,1,0.4729241877256318,0.903448275862069,0.5595667870036101,0.7870036101083032,38,15,0.06742620505573882,-0.06366224202481507,0.1310884470805539,0.2463768115942029,0.602040787932878
2024-10-17,2154.077797833935,2124.405036369488,1865.6808610009894,0.004820077142142498,39,238,0,0.1407942238267148,0.1638655462184874,0.4548736462093863,0.7617328519855595,7,55,0.05817281658544138,-0.06990890333631805,0.12808171992175943,0.2318840579710145,0.20068761957922487
2024-10-18,2153.5006498194944,2126.931022992251,1868.6803727406532,0.010731813087675013,141,135,1,0.5090252707581228,1.0444444444444445,0.4729241877256318,0.7653429602888087,20,38,0.06671609140411294,-0.0620338417009908,0.12874993310510374,0.2753623188405797,0.5870831600602056
2024-10-21,2130.7798555956674,2129.097443547388,1871.5371043494586,-0.00946258043334347,51,226,0,0.18411552346570398,0.22566371681415928,0.4151624548736462,0.7436823104693141,15,75,0.04326555572542423,-0.09354213387053856,0.1368076895959628,0.17028985507246377,0.22539917569586876
2024-10-22,2074.1302166064984,2129.745864729335,1874.088737763318,-0.04355855635938055,11,266,0,0.039711191335740074,0.041353383458646614,0.259927797833935,0.6498194945848376,0,144,0.0009648651256393137,-0.12834765165518403,0.12931251678082334,0.08695652173913043,0.04321690366329513
2024-10-23,2081.363429602888,2130.588054200514,1876.6273419414076,-0.04321176556562656,164,113,0,0.592057761732852,1.4513274336283186,0.2779783393501805,0.6714801444043321,11,77,0.004173489780589845,-0.12256719944861982,0.12674068922920967,0.09782608695652174,0.6054107664731639
2024-10-24,2064.6002527075807,2131.389728119134,1879.078619708705,-0.04901177851023342,106,171,0,0.38267148014440433,0.6198830409356725,0.2490974729241877,0.6678700361010831,8,75,0.00032490689486430746,-0.126246740479118,0.1265716473739823,0.08695652173913043,0.659802626323287
2024-10-25,2030.3041155234657,2131.6056016383945,1881.372058143465,-0.06648513617670448,48,229,0,0.17328519855595667,0.2096069868995633,0.17689530685920576,0.5956678700361011,2,135,-0.01548054435009194,-0.14747557003257328,0.13199502568248134,0.07246376811594203,0.18545023434622798
2024-10-28,2033.3840287769785,2131.119814814667,1883.6789895655456,-0.06941027710827408,183,94,0,0.6606498194945848,1.946808510638298,0.21223021582733814,0.6223021582733813,11,56,-0.010527533549282597,-0.14313547213923883,0.13260793858995623,0.08333333333333333,0.7795091631388199
2024-10-29,2046.8786330935252,2130.6287970003473,1886.0103799114645,-0.058912693400021254,179,98,1,0.6438848920863309,1.8265306122448979,0.2302158273381295,0.6402877697841727,21,22,0.004018391084999573,-0.13757004024483344,0.141588431329833,0.10869565217391304,0.7461727245292211
2024-10-30,2069.309483394834,2130.455465056522,1888.428841238213,-0.053029698853132023,176,95,0,0.6494464944649446,1.8526315789473684,0.2915129151291513,0.6752767527675276,18,18,0.006779823405514489,-0.11969747697511247,0.12647730038062696,0.11152416356877323,0.5505555209359464
2024-10-31,2082.1503956834536,2130.222420955539,1890.9546721639986,-0.025252317566726745,152,119,0,0.5608856088560885,1.2773109243697478,0.30935251798561153,0.6546762589928058,24,24,0.034340944813144474,-0.09993566479399948,0.13427660960714397,0.18411552346570398,0.3414248363872422
2024-11-01,2098.0879496402877,2130.15819533296,1893.5386425512977,-0.008189962997968037,233,45,0,0.8381294964028777,5.177777777777778,0.3381294964028777,0.6690647482014388,21,4,0.050932246605852396,-0.08026851613810089,0.1312007627439533,0.20577617328519857,0.9565125179078094
2024-11-04,2070.8560071942447,2129.466204121534,1895.9708851812538,-0.0026072277081155004,51,227,0,0.18345323741007194,0.22466960352422907,0.2841726618705036,0.6402877697841727,11,40,0.07326622733950071,-0.073619117379795,0.1468853447192957,0.2563176895306859,0.2696169282531366
2024-11-05,2082.8754243542435,2128.900481106787,1898.4223976413707,-0.022181009323037126,179,91,1,0.6605166051660517,1.967032967032967,0.30996309963099633,0.6568265682656826,21,19,0.04880454857862133,-0.0900381865722659,0.13884273515088721,0.1962962962962963,0.8150147662864954
2024-11-06,2116.9338129496396,2128.5263034331956,1900.995370465518,-0.01921657575283442,236,35,0,0.8708487084870848,6.742857142857143,0.4064748201438849,0.6690647482014388,46,5,0.059232313078145686,-0.0795762787348474,0.1388085918129931,0.23465703971119134,0.9191413526565304
2024-11-07,2098.755467625899,2128.1496135183143,1903.4514769389855,-0.03116257799249922,81,197,0,0.29136690647482016,0.41116751269035534,0.37410071942446044,0.6438848920863309,37,22,0.05272836589068961,-0.09063613532262338,0.14336450121331298,0.21660649819494585,0.22837337699078905
2024-11-08,2077.828848920863,2127.581362657904,1905.8535215581217,-0.04445710691484783,60,218,0,0.2158273381294964,0.27522935779816515,0.3273381294964029,0.6330935251798561,11,34,0.039535927300740396,-0.10248827760671528,0.14202420490745568,0.17689530685920576,0.2412258356811981
2024-11-11,2060.813884892086,2126.285032297137,1908.2179289975634,-0.05507152609407595,85,193,0,0.3057553956834532,0.44041450777202074,0.30935251798561153,0.6115107913669064,14,53,0.01946227681538804,-0.11327279129009238,0.1327350681054804,0.1407942238267148,0.33092377207251317
2024-11-12,2038.1519064748202,2124.6412982654615,1910.4220664767054,-0.0719345352791747,60,217,1,0.2158273381294964,0.2764976958525346,0.2841726618705036,0.5863309352517986,5,76,0.007325092516295579,-0.13238564606138684,0.1397107385776824,0.10108303249097472,0.13386736875011454
2024-11-13,1983.959283154122,2121.9478634905877,1912.314111394349,-0.09448705410180191,21,257,0,0.07553956834532374,0.08171206225680934,0.17921146953405018,0.5053763440860215,1,125,-0.01610680664319358,-0.15380529896084158,0.137698492317648,0.05415162454873646,0.04061773913413863
2024-11-14,1992.8583154121864,2119.400972134598,1914.4185668290877,-0.07484385317181463,174,105,0,0.6236559139784946,1.6571428571428573,0.21863799283154123,0.5161290322580645,6,56,0.0013619852194906704,-0.12946541238216383,0.1308273976016545,0.10108303249097472,0.560913360846898
2024-11-18,1984.9220788530467,2116.6255947335567,1916.3996955754128,-0.07828117952069247,111,168,0,0.3978494623655914,0.6607142857142857,0.21505376344086022,0.4982078853046595,5,71,-0.007629619398958576,-0.14171062083076066,0.1340810014318021,0.10108303249097472,0.5633804295156921
2024-11-19,2000.6380645161291,2114.4702545640253,1918.480782339941,-0.06107707032135268,188,90,1,0.6738351254480287,2.088888888888889,0.25089605734767023,0.5125448028673835,13,38,0.008111230297324435,-0.11330018744235397,0.12141141773967841,0.1407942238267148,0.7029994041699184
2024-11-21,1985.6937275985665,2112.0185130576024,1920.4015022887952,-0.042637867333432666,83,196,0,0.2974910394265233,0.42346938775510207,0.23655913978494625,0.48028673835125446,18,76,0.04809710405779007,-0.0993616679001046,0.14745877195789467,0.19855595667870035,0.2900271585402649
2024-11-22,2006.5818637992834,2109.6289824503765,1922.4665883868179,-0.03592912450559993,206,72,1,0.7383512544802867,2.861111111111111,0.25806451612903225,0.5161290322580645,25,13,0.04718300501773505,-0.08897361551009099,0.13615662052782604,0.18772563176895307,0.6441502999634707
2024-11-25,2038.9560573476701,2107.930526954994,1924.5774772877883,-0.012420901007969887,215,64,0,0.7706093189964157,3.359375,0.3154121863799283,0.5519713261648745,36,11,0.06946218646530262,-0.07689727346203797,0.1463594599273406,0.2490974729241877,0.683830788666635
2024-11-26,2040.7706093189963,2105.7979851267755,1926.7219674130351,0.005155135979632242,165,114,0,0.5913978494623656,1.4473684210526316,0.34050179211469533,0.5627240143369175,26,9,0.09648810572151145,-0.05109770454100796,0.1475858102625194,0.3212996389891697,0.5299420176364732
2024-11-27,2039.9760357142854,2103.1367407501525,1928.8053320485355,0.0032418897975075023,186,92,1,0.6666666666666666,2.0217391304347827,0.3678571428571429,0.5821428571428572,39,5,0.09912573313065644,-0.043343044561475884,0.14246877769213231,0.31654676258992803,0.8132252743302816
2024-11-28,2033.7923214285713,2100.4432350048105,1930.890612195004,-0.006393301221370384,115,165,0,0.4107142857142857,0.696969696969697,0.3678571428571429,0.575,23,9,0.0800564639731488,-0.05209647252866418,0.13215293650181298,0.302158273381295,0.6567568380817442
2024-11-29,2049.7376785714287,2098.1679907501525,1932.955280363142,-0.00945813324708511,206,74,0,0.7357142857142858,2.7837837837837838,0.3892857142857143,0.5892857142857143,44,0,0.0744630213601476,-0.04981094777869466,0.12427396913884226,0.2730627306273063,0.47981134990218527
2024-12-02,2068.2311785714287,2096.6577186694067,1935.0231023007757,-0.006685020035479217,186,94,0,0.6642857142857143,1.9787234042553192,0.42857142857142855,0.5892857142857143,54,6,0.0668644126995753,-0.050119398522193846,0.11698381122176915,0.2697841726618705,0.6785262202256878
2024-12-03,2082.5801428571426,2095.6966200772745,1937.1957685001357,-0.007391399767490148,200,80,0,0.7142857142857143,2.5,0.48928571428571427,0.625,60,1,0.06993999751639289,-0.04782121087341704,0.11776120838980994,0.26258992805755393,0.7526845832782503
2024-12-04,2090.03225,2094.4745621787233,1939.4238474740164,0.00926005610198688,156,124,0,0.5571428571428572,1.2580645161290323,0.5035714285714286,0.6214285714285714,63,1,0.08128744867110899,-0.026963812814936577,0.10825126148604557,0.3597122302158273,0.6895277443353173
2024-12-05,2095.0976428571425,2093.0046969199243,1941.78184371069,0.005867954636167516,155,125,0,0.5535714285714286,1.24,0.55,0.6321428571428571,62,3,0.09009812667261397,-0.02915265096908537,0.11925077764169933,0.3837638376383764,0.738091505565819
2024-12-06,2102.5887500000003,2091.54917626775,1944.155608915914,-0.006776339846757629,152,128,0,0.5428571428571428,1.1875,0.5785714285714286,0.625,78,3,0.06634969175964694,-0.04094892341711371,0.10729861517676065,0.29136690647482016,0.7176460578263946
2024-12-09,2108.3414642857147,2090.2959041041895,1946.4613703418204,0.0045674671526449995,148,132,0,0.5285714285714286,1.121212121212121,0.5892857142857143,0.6357142857142857,86,8,0.08205764292899563,-0.04464746064345853,0.12670510357245415,0.3597122302158273,0.6148176830982677
2024-12-10,2109.751535714286,2088.992878296736,1948.7264563786005,0.015363482324351363,140,138,2,0.5,1.0144927536231885,0.5928571428571429,0.65,79,9,0.10653535553336241,-0.025190368785500114,0.13172572431886254,0.42805755395683454,0.46741723227095594
2024-12-11,2116.9153214285716,2087.6302071890755,1950.9315486573853,0.027222951547331453,153,127,0,0.5464285714285714,1.204724409448819,0.6321428571428571,0.6535714285714286,68,5,0.11305449374226471,-0.01516853945686396,0.12822303319912867,0.4460431654676259,0.6122957380311533
2024-12-12,2102.0401423487547,2086.170718007065,1953.0216426527113,0.03134616005361224,83,197,0,0.29642857142857143,0.4213197969543147,0.608540925266904,0.6156583629893239,40,10,0.12572954712790016,-0.011024890482511006,0.13675443761041117,0.4784172661870504,0.348454820645978
2024-12-13,2098.064234875445,2084.4282142987768,1955.1226061778348,0.05751375680448323,116,163,2,0.4128113879003559,0.7116564417177914,0.5729537366548043,0.6014234875444839,37,11,0.14881181173322866,0.008057923507638565,0.1407538882255901,0.6308243727598566,0.581607819175188
2024-12-16,2110.621565836299,2083.9188124025063,1957.3423156861206,0.05909263569485401,153,128,0,0.5444839857651246,1.1953125,0.594306049822064,0.604982206405694,48,10,0.1547143164066984,0.004941869350626283,0.1497724470560721,0.6093189964157706,0.5358018553274683
2024-12-17,2097.7088967971526,2083.5647282445866,1959.446400841748,0.05682178617776157,69,212,0,0.24555160142348753,0.32547169811320753,0.5409252669039146,0.5907473309608541,30,25,0.15504254252859215,6.256645186812951e-05,0.154979976076724,0.5627240143369175,0.3208814989786867
2024-12-18,2087.6841637010675,2083.7930252370197,1961.4672054289103,0.043509168764111816,81,199,1,0.28825622775800713,0.40703517587939697,0.505338078291815,0.5765124555160143,18,26,0.12918796446714056,-0.010346017269098451,0.13953398173623902,0.48028673835125446,0.16277188783925958
2024-12-19,2085.1274113475174,2082.8930990957388,1963.4787540528116,0.05007503542311276,98,183,0,0.3487544483985765,0.5355191256830601,0.4787234042553192,0.5567375886524822,20,41,0.13132660035808735,-0.003598391254872113,0.13492499161295946,0.5197132616487455,0.2835683602645758
2024-12-20,2041.0225886524822,2080.545329208139,1965.2742250184624,0.0171638772753524,36,246,0,0.1276595744680851,0.14634146341463414,0.33687943262411346,0.5035460992907801,9,113,0.09437811543913466,-0.03424483935014672,0.12862295478928137,0.3225806451612903,0.14622588382612323
2024-12-23,2040.0279078014185,2078.020651985106,1967.1465703410515,0.0005256859018054616,140,142,0,0.49645390070921985,0.9859154929577465,0.35106382978723405,0.5106382978723404,5,77,0.07713077934460758,-0.05308483048346282,0.1302156098280704,0.2724014336917563,0.7220410524633195
2024-12-24,2047.4009219858158,2075.4786530963024,1969.0223363315777,0.003248925987341611,139,143,0,0.4929078014184397,0.972027972027972,0.32978723404255317,0.5035460992907801,10,41,0.07386596232722319,-0.05426716620037331,0.1281331285275965,0.26523297491039427,0.49066398664341204
2024-12-26,2052.6890780141844,2072.914024548283,1970.86758228135,0.0062319566883772826,131,150,1,0.4645390070921986,0.8733333333333333,0.34397163120567376,0.4929078014184397,10,52,0.055558157923510675,-0.06135632599303922,0.11691448391654989,0.22857142857142856,0.5258658719850016
2024-12-27,2056.3117021276594,2070.117669421161,1972.7187775457198,0.01107260582204872,145,136,1,0.5141843971631206,1.0661764705882353,0.3546099290780142,0.48936170212765956,14,47,0.05934278953031411,-0.058017901345954186,0.1173606908762683,0.24642857142857144,0.43722752969198236
2024-12-30,2053.1270212765958,2067.3606423376677,1974.5650947416548,0.0016535494959186714,111,171,0,0.39361702127659576,0.6491228070175439,0.38652482269503546,0.48226950354609927,19,87,0.050084843699256934,-0.07731484073947477,0.1273996844387317,0.2,0.3980276474763003
2024-12-31,2062.2657801418436,2065.5244019838256,1976.5214454707225,-0.0028842996331316373,174,108,0,0.6170212765957447,1.6111111111111112,0.39361702127659576,0.48936170212765956,16,33,0.04210963530286419,-0.07197148830825757,0.11408112361112177,0.17142857142857143,0.7336585099891021
2025-01-01,2078.556524822695,2064.0255194838896,1978.4932303336418,-0.0019320351479620301,188,93,1,0.6666666666666666,2.021505376344086,0.46099290780141844,0.49645390070921985,25,18,0.04578326068101079,-0.0765743865965095,0.1223576472775203,0.18571428571428572,0.7836103015611109
2025-01-02,2096.5212411347516,2063.3403471946713,1980.604755009465,0.0031047325392952185,205,77,0,0.7269503546099291,2.6623376623376624,0.5141843971631206,0.5141843971631206,37,2,0.04334149396152004,-0.06945232956948193,0.11279382353100197,0.18571428571428572,0.7847250646111554
2025-01-03,2088.3424822695038,2063.6245925079315,1982.7661562267824,-0.0032242700528394286,112,170,0,0.3971631205673759,0.6588235294117647,0.5035460992907801,0.5070921985815603,23,17,0.03874982763302897,-0.07668735393225846,0.11543718156528743,0.16071428571428573,0.5991426593553607
2025-01-06,2043.2006382978723,2062.861336681831,1984.9475441197644,-0.02824523421526348,20,262,0,0.07092198581560284,0.07633587786259542,0.3333333333333333,0.4574468085106383,3,107,0.004745896601253578,-0.1123410165003363,0.11708691310158988,0.09642857142857143,0.020618612234120173
2025-01-07,2063.6553546099294,2062.842438719878,1987.0461082062468,-0.02119491099176596,218,64,0,0.7730496453900709,3.40625,0.3829787234042553,0.4858156028368794,9,24,0.013181766751648638,-0.10578034062529879,0.11896210737694743,0.12142857142857143,0.7597623534980874
2025-01-08,2035.36804964539,2062.9437174023165,1988.9304158702041,-0.03525698870683003,76,206,0,0.2695035460992908,0.36893203883495146,0.3333333333333333,0.4645390070921986,8,68,0.004865130146291626,-0.11242046289460751,0.11728559304089914,0.12142857142857143,0.3812830321814623
2025-01-09,2020.875283687943,2062.6935425005354,1990.6996363184946,-0.04536791659470685,76,206,0,0.2695035460992908,0.36893203883495146,0.3049645390070922,0.4397163120567376,10,105,0.0022516355073343352,-0.12441676570210762,0.12666840120944195,0.06785714285714285,0.24789636198458512
2025-01-10,1985.6305319148935,2061.468580476963,1992.384503530308,-0.05537934699181757,40,242,0,0.14184397163120568,0.1652892561983471,0.22695035460992907,0.3971631205673759,7,147,-0.009616710897283887,-0.13919386373890807,0.1295771528416242,0.0498220640569395,0.10078641334372544
2025-01-13,1913.1495759717313,2058.3453823285013,1993.7121081265846,-0.08813584247323647,10,272,0,0.03546099290780142,0.03676470588235294,0.13074204946996468,0.3392226148409894,1,212,-0.04086126339983798,-0.16974389517569977,0.1288826317758618,0.017793594306049824,0.04888801325886127
2025-01-14,1934.3070671378093,2055.3885157575883,1995.013427044363,-0.08353676544976829,216,67,0,0.7632508833922261,3.2238805970149254,0.14487632508833923,0.35335689045936397,1,42,-0.035977337110481566,-0.149401785065437,0.11342444795495543,0.014234875444839857,0.8617489821082163
2025-01-15,1938.3332155477028,2052.1934210757363,1996.2662966668775,-0.07597607155730213,143,140,0,0.5053003533568905,1.0214285714285714,0.15901060070671377,0.3498233215547703,5,38,-0.02656589745388227,-0.1446666846194241,0.11810078716554184,0.03202846975088968,0.6308581863802645
2025-01-16,1946.8667137809189,2049.71363520747,1997.5269121387673,-0.06745151032352803,208,75,0,0.734982332155477,2.7733333333333334,0.1696113074204947,0.3674911660777385,12,27,-0.017764237168971242,-0.12682498568431777,0.10906074851534653,0.042704626334519574,0.7940613175872616
2025-01-17,1948.8113074204946,2047.0323528687952,1998.7692544967656,-0.06537543134542956,145,137,1,0.5123674911660777,1.0583941605839415,0.20141342756183744,0.3674911660777385,11,21,-0.015768699331616072,-0.11915059559237041,0.10338189626075434,0.0425531914893617,0.5456146013900355
2025-01-20,1957.0221201413428,2043.8341190126291,1999.997290284039,-0.041156069990679445,191,92,0,0.6749116607773852,2.0760869565217392,0.2226148409893993,0.3745583038869258,12,19,0.008874754139847243,-0.08723135153383696,0.0961061056736842,0.08865248226950355,0.7266738577686035
2025-01-21,1919.2417667844525,2040.2438449958001,2000.9220403493048,-0.05920808267134925,42,241,0,0.14840989399293286,0.17427385892116182,0.16607773851590105,0.34275618374558303,6,57,-4.792388214464339e-05,-0.10754084469800312,0.10749292081585848,0.06028368794326241,0.11354434888794074
2025-01-22,1889.8625088339222,2036.4845181940616,2001.6757351695937,-0.07694556130173758,63,220,0,0.2226148409893993,0.2863636363636364,0.14840989399293286,0.28975265017667845,5,81,-0.009146675857646808,-0.13020641426331514,0.12105973840566833,0.06028368794326241,0.18566347768163616
2025-01-23,1909.5557243816254,2033.4593549838523,2002.490480769114,-0.06972968052766626,185,98,0,0.6537102473498233,1.8877551020408163,0.1696113074204947,0.31802120141342755,11,44,3.6204248551532784e-05,-0.12201684992152714,0.12205305417007868,0.07092198581560284,0.5369462301078768
2025-01-24,1878.7842049469962,2030.272000953296,2003.141943771461,-0.08633297033566267,40,242,1,0.1413427561837456,0.1652892561983471,0.13074204946996468,0.27208480565371024,5,101,-0.017046855693409645,-0.14716216033223553,0.1301153046388259,0.05673758865248227,0.1768480643700653
2025-01-27,1823.8927561837456,2027.0706704138884,2003.4990513956632,-0.11165128251554379,23,260,0,0.0812720848056537,0.08846153846153847,0.0636042402826855,0.21554770318021202,3,165,-0.03727613734097329,-0.17228330124995414,0.13500716390898085,0.03900709219858156,0.08678981645890556
2025-01-28,1788.5446996466433,2022.9843980985772,2003.6468866476278,-0.13272832392940825,84,199,0,0.2968197879858657,0.4221105527638191,0.07773851590106007,0.1872791519434629,2,152,-0.04552828633186087,-0.1903926433774718,0.14486435704561093,0.03900709219858156,0.5711045173070294
2025-01-29,1834.868445229682,2019.98332542611,2004.0463587245222,-0.11723909197696702,254,29,0,0.8975265017667845,8.758620689655173,0.10247349823321555,0.24028268551236748,4,10,-0.025128288357527864,-0.16816753171500587,0.143039243357478,0.03900709219858156,0.8906300573089033
2025-01-30,1843.543038869258,2016.8414249131727,2004.4553293293166,-0.12066569958936735,154,129,0,0.5441696113074205,1.193798449612403,0.12367491166077739,0.24381625441696114,9,14,-0.03298591899647278,-0.16642378978075856,0.13343787078428576,0.014184397163120567,0.5925171819742838
2025-01-31,1874.340918727915,2014.6143687357596,2005.093642473142,-0.10247436201605342,234,49,0,0.8268551236749117,4.775510204081633,0.1696113074204947,0.28975265017667845,25,11,-0.01330652779268994,-0.1521490740393068,0.13884254624661685,0.03900709219858156,0.8789303675534544
2025-02-01,1876.02222614841,2012.003175982742,2005.8465768380847,-0.0818218284665051,136,147,0,0.48056537102473496,0.9251700680272109,0.19434628975265017,0.2968197879858657,26,12,0.013844176068767679,-0.12624567601038506,0.14008985207915273,0.1099290780141844,0.28491484202534795
2025-02-03,1855.5113427561837,2008.3342816909123,2006.4968160797466,-0.10086180882325135,74,208,1,0.26148409893992935,0.3557692307692308,0.15901060070671377,0.2862190812720848,19,41,-0.0028209771069040096,-0.16245495707001703,0.15963397996311302,0.06382978723404255,0.13699587870692065
2025-02-04,1869.1532508833923,2004.9019345222002,2007.212931590669,-0.08166326418996128,199,83,1,0.7031802120141343,2.397590361445783,0.1696113074204947,0.2756183745583039,19,11,0.007917356735300154,-0.1415047667197808,0.14942212345508094,0.07801418439716312,0.8970069369975886
2025-02-05,1887.6564310954063,2001.8555424298227,2008.0005276866668,-0.06592136272230642,189,92,2,0.6678445229681979,2.0543478260869565,0.1978798586572438,0.31095406360424027,24,5,0.01859748658638987,-0.11179779842904877,0.13039528501543865,0.09574468085106383,0.7376728444262056
2025-02-06,1884.247879858657,1998.8646535984244,2008.6778408777816,-0.05105816536698071,114,169,0,0.4028268551236749,0.6745562130177515,0.21554770318021202,0.30742049469964666,29,9,0.03276233569250713,-0.09342829213302928,0.12619062782553642,0.13829787234042554,0.3102597618544585
2025-02-07,1887.479434628975,1995.6194887195752,2009.3382131438632,-0.013417738824586078,110,173,0,0.38869257950530034,0.6358381502890174,0.2226148409893993,0.303886925795053,19,19,0.07050205184277054,-0.06130254573733227,0.13180459758010282,0.29328621908127206,0.381349499898355
2025-02-10,1855.6700706713782,1991.368266561574,2009.796393236997,-0.04065383299394654,35,247,1,0.12367491166077739,0.1417004048582996,0.1519434628975265,0.254416961130742,5,40,0.029953569549031972,-0.10063761503259998,0.13059118458163194,0.12367491166077739,0.13296208589124686
2025-02-11,1807.0876678445231,1985.858417061322,2009.9332960743611,-0.06771051883671841,13,270,0,0.045936395759717315,0.04814814814814815,0.10247349823321555,0.19081272084805653,1,107,0.00432970238624182,-0.1268329222282916,0.1311626246145334,0.0636042402826855,0.09045997578247447
2025-02-12,1800.3226501766785,1980.0642250648557,2010.0213710352814,-0.07527174950751714,126,156,1,0.4452296819787986,0.8076923076923077,0.10954063604240283,0.19081272084805653,3,89,-0.0038276578158050077,-0.14532738725078176,0.14149972943497674,0.0706713780918728,0.601382817795771
2025-02-13,1789.6939929328623,1973.95615206637,2010.0751209999457,-0.08164839452735151,119,163,1,0.4204946996466431,0.7300613496932515,0.11307420494699646,0.20141342756183744,2,73,-0.009285799450199621,-0.15405368861757135,0.14476788916737174,0.0636042402826855,0.5054533562968722
2025-02-14,1749.9308480565371,1966.9029940275004,2009.8805196846731,-0.10581958678619785,33,250,0,0.1166077738515901,0.132,0.0636042402826855,0.1519434628975265,2,147,-0.03515683629419574,-0.19289017696914285,0.1577333406749471,0.028268551236749116,0.10464277558533305
2025-02-17,1748.3824381625443,1959.703813505037,2009.6149748384485,-0.0890243905582413,130,152,1,0.45936395759717313,0.8552631578947368,0.08480565371024736,0.14487632508833923,3,97,-0.015724226220963044,-0.1756962807897827,0.15997205456881966,0.045936395759717315,0.529894487357944
2025-02-18,1737.3844169611307,1952.2564711299742,2009.3582372936248,-0.08068210843913359,86,197,0,0.303886925795053,0.4365482233502538,0.07420494699646643,0.13780918727915195,2,118,-0.015207893895792256,-0.17198568800766148,0.15677779411186923,0.06713780918727916,0.3590913185640976
2025-02-19,1760.3987279151943,1945.1261392597066,2009.2506853776451,-0.078110837281134,211,72,0,0.7455830388692579,2.9305555555555554,0.10600706713780919,0.15901060070671377,2,36,-0.016387884523735827,-0.1516033644092119,0.13521547988547608,0.0636042402826855,0.8296360063275305
2025-02-20,1782.118480565371,1938.727706024039,2009.3625492619533,-0.051451211973730704,217,66,0,0.7667844522968198,3.287878787878788,0.13780918727915195,0.17314487632508835,16,20,0.016425394053554157,-0.12148829035653508,0.13791368441008922,0.12367491166077739,0.8470380506083902
2025-02-21,1767.9256537102476,1932.1249344007351,2009.356290123097,-0.030685522645860885,80,203,0,0.2826855123674912,0.39408866995073893,0.13427561837455831,0.17314487632508835,13,43,0.04206090029264256,-0.09156040047702677,0.13362130076966933,0.18374558303886926,0.3929978591522659
2025-02-24,1757.264295774648,1925.057788999502,2009.4375645649334,-0.017489305063594585,80,203,0,0.2826855123674912,0.39408866995073893,0.10915492957746478,0.13732394366197184,6,63,0.042518730022044135,-0.08423845666757263,0.12675718668961677,0.19434628975265017,0.20523437240583128
2025-02-25,1751.595774647887,1918.1355265565164,2009.409980660395,-0.04538345558140067,107,177,0,0.3767605633802817,0.6045197740112994,0.12323943661971831,0.15140845070422534,7,66,0.012407690311384672,-0.12550016741153872,0.13790785772292338,0.0989399293286219,0.48747968357060995
2025-02-27,1719.8054225352112,1910.7779517331992,2009.1400209212193,-0.06711946166981897,56,227,1,0.19718309859154928,0.24669603524229075,0.09859154929577464,0.14788732394366197,6,116,-0.011654974681484447,-0.14259766308445834,0.1309426884029739,0.0706713780918728,0.26339699124166677
2025-02-28,1687.3911267605633,1902.8232260414607,2008.6132628513183,-0.09974161589249808,45,239,0,0.15845070422535212,0.18828451882845187,0.08098591549295775,0.10211267605633803,2,167,-0.051870611378890236,-0.18684510922916303,0.1349744978502728,0.038869257950530034,0.1391950563505051
2025-03-03,1692.797570422535,1895.8587256768615,2008.0744669395933,-0.09766656981567146,130,154,0,0.45774647887323944,0.8441558441558441,0.07746478873239436,0.1056338028169014,5,113,-0.05160157113835861,-0.19098779560660678,0.13938622446824817,0.04240282685512368,0.5789776598271512
2025-03-04,1703.979823943662,1889.1377639997063,2007.503618088832,-0.0816656386413872,184,100,0,0.647887323943662,1.84,0.08098591549295775,0.11267605633802817,9,58,-0.02880151504458562,-0.16960577780075242,0.1408042627561668,0.053003533568904596,0.657250784542008
2025-03-05,1742.3344014084505,1883.036433588159,2007.0278686936604,-0.06784828874518722,261,23,0,0.9190140845070423,11.347826086956522,0.12323943661971831,0.13732394366197184,13,4,-0.02034676889447136,-0.151144499479634,0.13079773058516264,0.05653710247349823,0.891606796897508
2025-03-06,1759.697922535211,1877.1766104785795,2006.5837500037533,-0.06778696930878514,231,53,0,0.8133802816901409,4.3584905660377355,0.18309859154929578,0.15492957746478872,23,2,-0.01509213020154853,-0.15167737333515466,0.13658524313360612,0.07420494699646643,0.8765298446454209
2025-03-07,1762.1255633802816,1871.292887703632,2006.1387163815402,-0.06481223504814881,164,120,0,0.5774647887323944,1.3666666666666667,0.2112676056338028,0.16901408450704225,21,5,-0.013522662811673171,-0.142193968590421,0.12867130577874783,0.08480565371024736,0.6142564322816124
2025-03-10,1736.19911971831,1864.9543296724662,2005.5041415004268,-0.08014938448344078,49,235,0,0.17253521126760563,0.20851063829787234,0.17253521126760563,0.14788732394366197,13,22,-0.018912212711462983,-0.15556473180416744,0.13665251909270446,0.04946996466431095,0.11438108863941907
2025-03-11,1731.4977464788733,1858.3389689992068,2004.8515499745188,-0.0669150869839592,137,144,3,0.4823943661971831,0.9513888888888888,0.18661971830985916,0.1443661971830986,20,24,0.0006583477170047286,-0.1411547197685672,0.14181306748557193,0.07773851590106007,0.5945862560571128
2025-03-12,1727.4507746478873,1851.3168539957107,2004.1582108588284,-0.04406919189018976,114,170,0,0.4014084507042254,0.6705882352941176,0.2112676056338028,0.15140845070422534,20,34,0.0265105857122091,-0.11286012189448072,0.13937070760668982,0.1413427561837456,0.501058486387883
2025-03-13,1721.765352112676,1843.821736215269,2003.5031424164397,-0.04363512176903017,95,189,0,0.3345070422535211,0.5026455026455027,0.19014084507042253,0.14084507042253522,13,36,0.022187783589938014,-0.11246183556765091,0.1346496191575889,0.10954063604240283,0.5407579175048676
2025-03-17,1733.8708098591549,1836.7323027670623,2002.906601816289,-0.03119146809127249,163,119,2,0.573943661971831,1.3697478991596639,0.22183098591549297,0.14084507042253522,26,31,0.02686380468423294,-0.10893741377633734,0.13580121846057028,0.12367491166077739,0.5260792942466369
2025-03-18,1735.5567253521126,1830.579424508147,2002.4057552959907,-0.008214108986299817,15,0,269,0.0528169014084507,,0.2323943661971831,0.1443661971830986,30,27,0.05830044664299506,-0.0806495380698504,0.13894998471284545,0.22968197879858657,1.0
2025-03-19,1788.7635211267607,1825.0815878384838,2002.122876210448,0.02309625290371531,258,26,0,0.9084507042253521,9.923076923076923,0.40492957746478875,0.18661971830985916,109,1,0.10485896833155994,-0.02822967518729471,0.13308864351885466,0.3992932862190813,0.9452012819089994
2025-03-20,1797.310985915493,1820.3204465638858,2001.6880138606139,0.03449240615337179,187,97,0,0.6584507042253521,1.9278350515463918,0.45422535211267606,0.2147887323943662,88,1,0.12664676476863165,-0.012677045223012492,0.13932380999164415,0.45936395759717313,0.7494576995189837
2025-03-21,1819.0054225352114,1816.2830493408314,2001.8849733262311,0.03329171607015646,216,68,0,0.7605633802816901,3.176470588235294,0.5316901408450704,0.2323943661971831,125,2,0.12402538636076901,-0.02031169720545322,0.14433708356622224,0.4628975265017668,0.7694318950450773
2025-03-24,1845.822218309859,1813.4868830687305,2001.9461125427804,0.035746073248888566,214,70,0,0.7535211267605634,3.057142857142857,0.6161971830985915,0.25704225352112675,138,2,0.1098862234457069,-0.01501234685190531,0.1248985702976122,0.4628975265017668,0.9002257362998631
2025-03-25,1826.5871830985916,1811.7556352112674,2001.7571414729794,0.033180993366567435,57,226,1,0.2007042253521127,0.252212389380531,0.5352112676056338,0.23943661971830985,33,4,0.11002481222571894,-0.024672774558177242,0.13469758678389618,0.44876325088339225,0.12329167005716869
2025-03-26,1817.041971830986,1809.410333305131,2001.3715002291929,0.03401746464665223,65,219,0,0.22887323943661972,0.2968036529680365,0.5211267605633803,0.22183098591549297,21,5,0.10557990563300197,-0.024917547094457676,0.13049745272745966,0.44014084507042256,0.2593173859441443
2025-03-27,1827.2652112676058,1807.1889732195295,2000.9678097414132,0.04320028497153117,188,96,0,0.6619718309859155,1.9583333333333333,0.5492957746478874,0.24295774647887325,48,5,0.12136740284248432,-0.015265364015799207,0.13663276685828352,0.5211267605633803,0.723091315579838
2025-03-28,1828.2390492957747,1804.8164199298262,2000.4863831128923,0.0630499388708281,113,171,0,0.397887323943662,0.6608187134502924,0.5563380281690141,0.24647887323943662,37,8,0.13540485929595283,-0.0007421606890487074,0.13614701998500153,0.5880281690140845,0.40478469351443874
2025-04-01,1807.8384859154933,1801.9969634997262,1999.8493841821755,0.0713808181427169,101,183,0,0.35563380281690143,0.5519125683060109,0.5387323943661971,0.20774647887323944,19,15,0.1566864306527583,0.020448724231164218,0.13623770642159408,0.6690140845070423,0.3772380317356555
2025-04-02,1824.8432394366196,1799.3533858856317,1999.212649092594,0.07800440603250913,209,74,1,0.7359154929577465,2.824324324324324,0.602112676056338,0.21830985915492956,47,9,0.17307764570673798,0.029154584078006352,0.1439230616287316,0.7429577464788732,0.7544079428012941
2025-04-03,1819.629542253521,1797.361141395013,1998.4514725391555,0.06787035661150109,167,116,1,0.5880281690140845,1.4396551724137931,0.6232394366197183,0.2535211267605634,60,14,0.15962204970534827,0.027091853814670143,0.13253019589067813,0.7323943661971831,0.6734025548573142
2025-04-04,1769.7508802816901,1794.9589088239686,1997.383645322917,0.01573548616791176,27,256,1,0.09507042253521127,0.10546875,0.4859154929577465,0.20422535211267606,11,43,0.09952966002594203,-0.028599563900647197,0.12812922392658924,0.4225352112676056,0.1774346040193245
2025-04-07,1708.0006690140845,1790.9278077166175,1996.1245858003406,-0.029378481874119622,7,277,0,0.02464788732394366,0.02527075812274368,0.2640845070422535,0.15140845070422534,0,104,0.04382377394601785,-0.07658089557077044,0.1204046695167883,0.18309859154929578,0.04563215452695062
2025-04-08,1742.053098591549,1788.1931855895089,1995.0395682050628,-0.011391052491303455,261,23,0,0.9190140845070423,11.347826086956522,0.3908450704225352,0.18661971830985916,14,10,0.06196970763313413,-0.06353471654349394,0.12550442417662805,0.2535211267605634,0.9508046114440801
2025-04-09,1723.8562456140353,1786.1924553781146,1993.8776913448976,-0.007109135100976882,92,192,0,0.323943661971831,0.4791666666666667,0.34385964912280703,0.16842105263157894,18,55,0.07248952963972291,-0.06373409705540446,0.1362236266951274,0.28169014084507044,0.293419303694163
2025-04-11,1769.1845263157893,1785.8052519114976,1992.8911893441236,0.021765422400089607,259,26,0,0.9087719298245615,9.961538461538462,0.4631578947368421,0.20350877192982456,30,8,0.09362861264596646,-0.03033221637726664,0.1239608290232331,0.397887323943662,0.8287234800852672
2025-04-15,1824.8058245614036,1785.603999498132,1992.198941444872,0.05635764060099513,269,16,0,0.9438596491228071,16.8125,0.6210526315789474,0.256140350877193,71,0,0.12440814688319511,-0.0011504472615762235,0.12555859414477133,0.5845070422535211,0.9749670326496573
2025-04-16,1836.734105263158,1785.4678208260098,1991.553202963835,0.06677376392166945,203,81,1,0.712280701754386,2.506172839506173,0.6877192982456141,0.28421052631578947,81,3,0.14993584040547522,0.011216956244352306,0.1387188841611229,0.6514084507042254,0.7702598075192482
2025-04-17,1846.9447368421052,1784.9198971882936,1990.9500031186335,0.06521473591918614,187,98,0,0.656140350877193,1.9081632653061225,0.712280701754386,0.2982456140350877,82,1,0.15282739505210677,0.011521550401317972,0.1413058446507888,0.6584507042253521,0.8466726477663201
2025-04-21,1877.1109122807013,1784.9416709109396,1990.4558540035664,0.0815612563166841,231,54,0,0.8105263157894737,4.277777777777778,0.7824561403508772,0.312280701754386,107,1,0.18012724803954067,0.024296350464696737,0.15583089757484392,0.6866197183098591,0.893609764307368
2025-04-22,1893.9898947368422,1785.711241950553,1989.9222354625447,0.05882631905630453,184,101,0,0.6456140350877193,1.8217821782178218,0.8070175438596491,0.3263157894736842,106,1,0.1340586346276275,0.0006128233377979569,0.13344581128982952,0.5669014084507042,0.5933980506493475
2025-04-23,1909.1592631578949,1786.511362196043,1989.4433996092166,0.06223089833584372,188,97,0,0.6596491228070176,1.9381443298969072,0.8210526315789474,0.3473684210526316,104,0,0.1342823411875864,-0.005516496268910198,0.1397988374564966,0.5669014084507042,0.6768899183134659
2025-04-24,1908.5588070175438,1786.9294097144855,1988.8930408869514,0.04923206020876991,107,177,1,0.37543859649122807,0.6045197740112994,0.8280701754385965,0.3508771929824561,55,2,0.10534711120372679,-0.022306181251215505,0.1276532924549423,0.46830985915492956,0.4306171512720804
2025-04-25,1868.3738245614036,1786.6119286085404,1988.0717896053466,0.012217648063741482,30,255,0,0.10526315789473684,0.11764705882352941,0.7403508771929824,0.3157894736842105,9,5,0.07011322222563941,-0.05435235734015344,0.12446557956579285,0.29225352112676056,0.055997981428948775
2025-04-28,1886.319403508772,1786.5887279861365,1987.2953094170082,0.032701543601576955,192,91,2,0.6736842105263158,2.10989010989011,0.775438596491228,0.3333333333333333,26,3,0.08923970841790041,-0.037211396019822596,0.126451104437723,0.36619718309859156,0.7962828982210489
2025-04-29,1895.0005964912282,1787.3753385025336,1986.6039782082878,0.04290414083373384,135,147,3,0.47368421052631576,0.9183673469387755,0.7929824561403509,0.3263157894736842,34,4,0.0995539408065389,-0.025663833845459002,0.1252177746519979,0.4225352112676056,0.5620854606681974
2025-04-30,1881.447192982456,1788.862529005292,1985.810293952612,0.02965195275471988,65,220,0,0.22807017543859648,0.29545454545454547,0.7508771929824561,0.3157894736842105,17,15,0.08048076144950422,-0.03878733688468356,0.11926809833418778,0.3345070422535211,0.24900691816653314
2025-05-02,1881.0787017543862,1790.4776500368462,1985.0825477177941,0.028901938441236563,116,169,0,0.4070175438596491,0.6863905325443787,0.7157894736842105,0.28771929824561404,21,15,0.08520852672845605,-0.04110994975374244,0.1263184764821985,0.3380281690140845,0.4424781109052469
2025-05-05,1906.4901052631576,1792.8135722834525,1984.4773213210328,0.05456882355157244,226,59,0,0.7929824561403509,3.830508474576271,0.8070175438596491,0.32280701754385965,43,6,0.11412294641531774,-0.0252423964135019,0.13936534282881963,0.45774647887323944,0.8388182123287413
2025-05-06,1877.3800350877195,1795.362556024076,1983.758621130171,0.028789758219078365,47,238,0,0.1649122807017544,0.19747899159663865,0.6666666666666666,0.2771929824561403,17,27,0.07429959863030931,-0.05706244672305372,0.13136204535336304,0.31338028169014087,0.1284881585530934
2025-05-07,1892.15550877193,1798.2380174362636,1983.0209986740308,0.039857545085022705,210,75,0,0.7368421052631579,2.8,0.7052631578947368,0.3263157894736842,36,10,0.08494182606646865,-0.047273924927352495,0.13221575099382116,0.3485915492957746,0.7406427364266036
2025-05-08,1876.3516140350876,1801.0173613777424,1982.194132568382,0.060234881045195365,74,209,2,0.2596491228070175,0.35406698564593303,0.6140350877192983,0.3017543859649123,21,27,0.10246791491237724,-0.029007671312290383,0.13147558622466762,0.4154929577464789,0.24499585839284624
2025-05-09,1874.5757192982455,1803.3009012054035,1981.4454591502215,0.09752633784406761,108,177,0,0.37894736842105264,0.6101694915254238,0.5824561403508772,0.256140350877193,19,32,0.1514919921809666,0.005128446556471246,0.14636354562449536,0.5598591549295775,0.42846966514797274
2025-05-12,1942.4253684210526,1806.507038962517,1981.283660717601,0.1150207591212371,270,15,0,0.9473684210526315,18.0,0.8421052631578947,0.36140350877192984,73,0,0.17906530259553582,0.023962189463638327,0.1551031131318975,0.6725352112676056,0.9741463263787484
2025-05-13,1953.8558947368422,1810.225643783049,1981.0859808506264,0.133421594583649,167,118,0,0.5859649122807018,1.4152542372881356,0.8385964912280702,0.37543859649122807,67,1,0.210449331691063,0.034205050596913145,0.17624428109414986,0.7228070175438597,0.5550720340485246
2025-05-14,1973.9783859649121,1814.5599255868544,1981.0121777255056,0.11575607665730181,218,67,0,0.7649122807017544,3.253731343283582,0.8947368421052632,0.3894736842105263,93,5,0.18786219495469175,0.020565508683661138,0.16729668627103061,0.6701754385964912,0.8425853124149401
2025-05-15,1998.5555789473683,1819.499121672844,1980.9933896861764,0.09521547555763954,224,61,0,0.7859649122807018,3.6721311475409837,0.9017543859649123,0.43157894736842106,113,3,0.15440334406890013,0.013618722549952578,0.14078462151894755,0.5859649122807018,0.872380629418085
2025-05-16,2015.249684210526,1825.4080069063505,1981.0597642977054,0.09719184635153888,194,91,0,0.6807017543859649,2.131868131868132,0.9228070175438596,0.44912280701754387,110,2,0.16912197451112865,0.010055970617954026,0.15906600389317463,0.6,0.7377824651766604
2025-05-19,2020.356701754386,1832.0673184062266,1980.985205132485,0.0938912580615594,172,112,1,0.6035087719298246,1.5357142857142858,0.9122807017543859,0.47368421052631576,96,4,0.16869659471605994,0.009958570200195195,0.15873802451586475,0.5929824561403508,0.6370045634766324
2025-05-20,1997.989543859649,1838.1711578749694,1980.6725940605738,0.06439610509326776,49,236,0,0.17192982456140352,0.2076271186440678,0.8807017543859649,0.43508771929824563,24,9,0.11715340457217163,-0.020000893622265092,0.13715429819443672,0.45964912280701753,0.29743808118464865
2025-05-21,2015.14750877193,1844.3945115715346,1980.393730688683,0.06396951450045729,223,61,1,0.7824561403508772,3.6557377049180326,0.8982456140350877,0.4631578947368421,52,3,0.12965744109762803,-0.018125954917811275,0.1477833960154393,0.48771929824561405,0.8859886080279464
2025-05-22,2013.3339999999998,1849.8145035433654,1980.0762021538842,0.054565765597675675,117,168,0,0.4105263157894737,0.6964285714285714,0.8771929824561403,0.45964912280701753,43,6,0.1128671947227477,-0.02838578480913165,0.14125297953187935,0.4280701754385965,0.3953302006588939
2025-05-23,2013.195157894737,1854.884448250556,1979.7842936942739,0.054824797901148026,181,104,0,0.6350877192982456,1.7403846153846154,0.8736842105263158,0.4807017543859649,54,5,0.12128500363401183,-0.019976423784292072,0.14126142741830391,0.44912280701754387,0.7768030045873967
2025-05-26,2027.5843508771932,1860.193624000494,1979.6567405402345,0.08521342154489009,203,80,2,0.712280701754386,2.5375,0.8807017543859649,0.5052631578947369,82,3,0.15929476111585,0.009836530726287634,0.14945823038956238,0.5894736842105263,0.7939308969963598
2025-05-27,2033.6161754385969,1866.1419651149,1979.8677560328124,0.07808686676065357,130,155,0,0.45614035087719296,0.8387096774193549,0.8807017543859649,0.5052631578947369,59,3,0.1504510535883437,0.000597114541928036,0.14985393904641567,0.5649122807017544,0.5023400113992844
2025-05-28,2040.4220350877195,1872.320450887077,1980.1472145598993,0.07673952127812145,144,140,1,0.5052631578947369,1.0285714285714285,0.8736842105263158,0.49473684210526314,72,7,0.15820446534875907,0.0018561400648480716,0.156348325283911,0.5473684210526316,0.5034653577952627
2025-05-29,2054.366666666667,1878.8587687274526,1980.2830412998262,0.091907694422239,166,117,2,0.5824561403508772,1.4188034188034189,0.8701754385964913,0.5157894736842106,68,6,0.181983306374108,0.014079907820008408,0.1679033985540996,0.6350877192982456,0.5963528751353059
2025-05-30,2055.803087719298,1885.5395234395849,1980.4497625992285,0.09288520772786146,125,160,0,0.43859649122807015,0.78125,0.8456140350877193,0.5157894736842106,69,12,0.18604966438232984,0.011346415258366396,0.17470324912396346,0.6491228070175439,0.6797601285192343
2025-06-02,2048.6897902097903,1891.8359030465974,1980.4846657627315,0.07458716127299514,159,125,1,0.5578947368421052,1.272,0.8391608391608392,0.5174825174825175,61,9,0.1823748789993876,0.00163923544865301,0.18073564355073457,0.5649122807017544,0.6277157249551274
2025-06-03,2048.245944055944,1898.0896874206744,1980.5296257027917,0.09101295729942138,112,173,1,0.3916083916083916,0.6473988439306358,0.8181818181818182,0.5174825174825175,43,12,0.20275553666147295,0.008460599561179071,0.19429493710029389,0.6421052631578947,0.2022987469246344
2025-06-04,2063.9222727272727,1903.5928624526846,1980.7266542825448,0.09077835471716855,190,96,0,0.6643356643356644,1.9791666666666667,0.8076923076923077,0.5174825174825175,64,14,0.20435315126499914,-0.0006800530219093213,0.20503320428690847,0.6280701754385964,0.69370747422362
2025-06-05,2074.4553496503495,1909.1357497273816,1981.0013788329948,0.10557921774013379,159,127,0,0.5559440559440559,1.2519685039370079,0.8076923076923077,0.548951048951049,68,14,0.2182965107741636,0.02240931416332025,0.19588719661084333,0.6807017543859649,0.6117333020638008
2025-06-06,2074.171013986014,1914.2390615563977,1981.0838670531082,0.10647491730154668,162,121,3,0.5664335664335665,1.3388429752066116,0.8391608391608392,0.548951048951049,68,8,0.23131593424798755,0.032008302798844396,0.19930763144914315,0.7298245614035088,0.6939305507835298
2025-06-09,2090.7533566433567,1919.1376843230676,1981.1804862172771,0.07636225856279677,219,67,0,0.7657342657342657,3.2686567164179103,0.8846153846153846,0.6118881118881119,109,2,0.17759816824202906,0.006405840460923742,0.17119232778110532,0.6105263157894737,0.8995881805616208
2025-06-10,2091.977587412587,1924.4454924093475,1981.2504937514095,0.07069185247888932,143,143,0,0.5,1.0,0.8706293706293706,0.6223776223776224,65,4,0.17343680786184687,0.014332250182012675,0.1591045576798342,0.6105263157894737,0.6021140603565293
2025-06-11,2085.2015384615383,1929.8086837419585,1981.2074884400542,0.05634466582178832,117,169,0,0.4090909090909091,0.6923076923076923,0.8636363636363636,0.6363636363636364,48,12,0.14408518077690852,0.006308990815418008,0.13777618996149052,0.5649122807017544,0.31302573928198885
2025-06-12,2063.896503496503,1934.5413095865363,1981.0204748036904,0.032694074279159935,46,239,1,0.16083916083916083,0.19246861924686193,0.8216783216783217,0.5909090909090909,20,26,0.10699318344461264,-0.015240590094412853,0.1222337735390255,0.43508771929824563,0.12579476174479023
2025-06-13,2061.4855244755245,1939.2062390901317,1980.8006245872402,0.02294298350584345,73,211,2,0.25524475524475526,0.3459715639810427,0.7832167832167832,0.5629370629370629,13,42,0.08849261974929698,-0.03252423826527384,0.12101685801457082,0.35789473684210527,0.20910792531699698
2025-06-16,2073.3940909090907,1944.5173511900034,1980.611787166328,0.026251497623488662,192,93,1,0.6713286713286714,2.064516129032258,0.7902097902097902,0.5874125874125874,25,16,0.0851250059100246,-0.025978781248110438,0.11110378715813504,0.3298245614035088,0.8197532023312725
2025-06-17,2073.0860139860138,1949.4822066809916,1980.299003753112,0.03758601758310309,84,202,0,0.2937062937062937,0.4158415841584158,0.7517482517482518,0.5769230769230769,22,42,0.09611229477166967,-0.02072526302138673,0.1168375577930564,0.3508771929824561,0.17200195510122535
2025-06-18,2068.465839160839,1954.4589326191378,1980.0533831320665,0.026458772946801545,97,188,1,0.33916083916083917,0.5159574468085106,0.7377622377622378,0.5524475524475524,10,48,0.07846613911287442,-0.03089265419420823,0.10935879330708265,0.3017543859649123,0.19796847018458344
2025-06-19,2041.3298601398603,1959.890512216301,1979.7288254730586,0.013905223941909517,32,254,0,0.11188811188811189,0.12598425196850394,0.6503496503496503,0.4965034965034965,4,102,0.06391446991232949,-0.042631888659631155,0.10654635857196065,0.24210526315789474,0.10236446928023449
2025-06-20,2057.8040209790206,1966.8865792555998,1979.3896935633018,0.022158240799134754,220,66,0,0.7692307692307693,3.3333333333333335,0.6853146853146853,0.5314685314685315,20,35,0.07280421217359834,-0.03936163894410245,0.11216585111770079,0.27017543859649124,0.9142970934626223
2025-06-23,2064.3920279720282,1973.3333578432096,1979.1099606628686,0.018153462803612186,147,137,2,0.513986013986014,1.072992700729927,0.6958041958041958,0.5384615384615384,24,30,0.06630156937314577,-0.04041667316724182,0.10671824254038759,0.24561403508771928,0.6248195275857561
2025-06-24,2073.742552447553,1980.3310839798796,1978.8855183156174,0.019731539065036108,208,78,0,0.7272727272727273,2.6666666666666665,0.7237762237762237,0.5664335664335665,26,9,0.06961149283969724,-0.03657513997799777,0.10618663281769501,0.2771929824561403,0.7087623089805514
2025-06-25,2091.6813986013985,1986.781021425592,1978.7429108925662,0.02512194175136684,217,69,0,0.7587412587412588,3.1449275362318843,0.7832167832167832,0.5979020979020979,50,6,0.07224834002824464,-0.025835911643049346,0.09808425167129398,0.3087719298245614,0.6813595130139714
2025-06-26,2104.8886363636366,1992.3826776616365,1978.6488993298588,0.024592479286545732,170,114,2,0.5944055944055944,1.4912280701754386,0.7867132867132867,0.6013986013986014,58,8,0.07104258142904805,-0.028130399947752214,0.09917298137680026,0.3298245614035088,0.84362036813572
2025-06-27,2124.0224125874124,1998.1284438081216,1978.7269860278323,0.03318378363941288,176,109,1,0.6153846153846154,1.614678899082569,0.8041958041958042,0.6293706293706294,59,8,0.07571507733656935,-0.025810631440748733,0.10152570877731808,0.32280701754385965,0.6838855351294721
2025-06-30,2147.7454545454543,2004.1444581621886,1978.9243092859608,0.048350738510548386,173,113,0,0.6048951048951049,1.5309734513274336,0.8006993006993007,0.6398601398601399,74,5,0.08059508806442706,-0.019189575151731475,0.09978466321615853,0.34265734265734266,0.7016725889271046
2025-07-01,2131.0647902097903,2009.2235357207705,1978.949341266207,0.040434034005627284,116,169,1,0.40559440559440557,0.6863905325443787,0.7902097902097902,0.6223776223776224,55,15,0.08593463092177744,-0.015561642592624159,0.1014962735144016,0.36713286713286714,0.6281035883105305
2025-07-02,2128.6048780487804,2013.915835387009,1978.972971495867,0.03133965177672904,120,164,2,0.4195804195804196,0.7317073170731707,0.7770034843205574,0.6132404181184669,45,17,0.0757587009964944,-0.02242811065356065,0.09818681165005505,0.3146853146853147,0.4506617942708272
2025-07-03,2132.499790940766,2018.3826459426666,1978.8984819469215,0.0279805691167081,152,135,0,0.5296167247386759,1.125925925925926,0.794425087108014,0.627177700348432,47,13,0.07982033320292614,-0.028570010382326094,0.10839034358525224,0.3111888111888112,0.5260339324292622
2025-07-04,2126.6188501742163,2022.7438468057999,1978.6663849250651,0.025286167743425958,149,138,0,0.519163763066202,1.0797101449275361,0.8083623693379791,0.6376306620209059,43,15,0.07278049930579189,-0.03109733676524673,0.10387783607103862,0.2727272727272727,0.6397230810487873
2025-07-07,2123.9075609756096,2027.8545215340844,1978.4435846864646,0.015857539688699074,122,165,0,0.4250871080139373,0.7393939393939394,0.794425087108014,0.6376306620209059,37,16,0.05595217329252611,-0.038252711135563944,0.09420488442809005,0.23426573426573427,0.5402428982390872
2025-07-08,2119.5183972125437,2032.5185014081594,1978.223677216006,0.013164964082631458,126,160,1,0.43902439024390244,0.7875,0.7770034843205574,0.6445993031358885,28,23,0.054594315224570034,-0.041251549630849094,0.09584586485541913,0.21678321678321677,0.5704944665428753
2025-07-09,2135.2740069686406,2037.3239696177077,1978.181323337806,0.02401325127740206,164,122,1,0.5714285714285714,1.3442622950819672,0.7909407665505227,0.6689895470383276,40,24,0.06330048219958462,-0.03676816101117719,0.10006864321076181,0.24125874125874125,0.5463927523610568
2025-07-10,2127.816550522648,2042.2513567685119,1978.1672307281,0.03097056800951803,118,168,1,0.41114982578397213,0.7023809523809523,0.7770034843205574,0.6655052264808362,34,19,0.07382613614934952,-0.02204336339060764,0.09586949953995716,0.3041958041958042,0.4994529548878553
2025-07-11,2106.2026829268293,2046.7538363919605,1977.9425684180967,0.021691715959383906,65,221,1,0.2264808362369338,0.29411764705882354,0.7003484320557491,0.6411149825783972,20,42,0.07176395410218639,-0.026183310533515747,0.09794726463570214,0.2762237762237762,0.29768372628715517
2025-07-14,2109.774479166667,2050.8195238700305,1977.6484862849443,0.017546296874814127,163,123,1,0.5679442508710801,1.3252032520325203,0.6944444444444444,0.6354166666666666,31,22,0.06687222971670836,-0.029872568553531265,0.09674479827023963,0.28321678321678323,0.6289730909080392
2025-07-15,2126.932743055555,2055.810578029387,1977.4063260871783,0.025974189544604398,210,78,0,0.7291666666666666,2.6923076923076925,0.7430555555555556,0.6631944444444444,52,7,0.0794780545670224,-0.012497630128859849,0.09197568469588224,0.3706293706293706,0.767814949671699
2025-07-16,2130.206701388889,2060.5716018817266,1977.2023342318043,0.02984862551711176,152,135,1,0.5277777777777778,1.125925925925926,0.7708333333333334,0.6840277777777778,54,13,0.09186829870006652,-0.011899046547327097,0.10376734524739362,0.4230769230769231,0.6403672524196414
2025-07-17,2136.0521875,2065.765613351025,1977.0080810388695,0.046402264136600424,144,144,0,0.5,1.0,0.7534722222222222,0.6736111111111112,40,18,0.10986904170174783,0.006669729838059135,0.10319931186368869,0.541958041958042,0.4041689085116394
2025-07-18,2123.479756944444,2070.743694103949,1976.7002354395333,0.0319154473875396,73,213,2,0.2534722222222222,0.3427230046948357,0.7013888888888888,0.6597222222222222,23,29,0.09911855405893677,-0.010062972690737637,0.1091815267496744,0.4195804195804196,0.25030601913949824
2025-07-21,2128.5625,2074.4664367355276,1976.4679749322872,0.03108444091939755,148,139,1,0.5138888888888888,1.064748201438849,0.6666666666666666,0.6631944444444444,34,20,0.08848572461149273,-0.011180461329715063,0.0996661859412078,0.38461538461538464,0.6355646957043861
2025-07-22,2125.561909722222,2077.9005570352356,1976.1698373794488,0.02498832712551935,100,187,1,0.3472222222222222,0.5347593582887701,0.6076388888888888,0.6597222222222222,27,41,0.0800989749027925,-0.020706631007334386,0.10080560591012688,0.3146853146853147,0.4174942856010152
2025-07-23,2127.9879861111112,2080.980749038159,1976.1293190067556,0.0173576088279932,156,132,0,0.5416666666666666,1.1818181818181819,0.6111111111111112,0.6527777777777778,29,35,0.0696262707525781,-0.028786141892752526,0.09841241264533063,0.2727272727272727,0.6200306532129821
2025-07-24,2124.126493055556,2083.4921673203235,1976.1728859485677,0.009139607844125264,96,191,1,0.3333333333333333,0.5026178010471204,0.5902777777777778,0.6597222222222222,22,58,0.0655668950090873,-0.03929305177710907,0.10485994678619637,0.24825174825174826,0.3822811096684936
2025-07-25,2088.992222222222,2084.967018080557,1976.2365004892815,-0.0164923826404062,36,252,0,0.125,0.14285714285714285,0.4340277777777778,0.59375,7,109,0.03912679899652316,-0.0691857630424183,0.10831256203894146,0.17132867132867133,0.3549535185164362
2025-07-28,2072.035069444444,2086.000585434358,1975.9460572444461,-0.035251097815515275,77,211,0,0.2673611111111111,0.36492890995260663,0.375,0.5659722222222222,11,114,0.02194641272748843,-0.0876636067515546,0.10961001947904303,0.15034965034965034,0.3216994970187127
2025-07-29,2100.0979166666666,2088.0427528904984,1975.6544914126168,-0.014531174127312751,211,76,1,0.7326388888888888,2.776315789473684,0.4340277777777778,0.5972222222222222,21,36,0.04080114656845857,-0.07919676642586848,0.11999791299432705,0.17832167832167833,0.6606964779537668
2025-07-30,2112.3175347222223,2089.9861534095044,1975.384770241463,-0.007651651790579472,144,143,1,0.5,1.006993006993007,0.4583333333333333,0.6006944444444444,34,37,0.049466124104394917,-0.0795004993735611,0.128966623477956,0.1986062717770035,0.480674741143119
2025-07-31,2092.7497222222223,2091.574467853949,1974.9760145204439,-0.01864012783842184,68,220,0,0.2361111111111111,0.3090909090909091,0.3993055555555556,0.5763888888888888,12,79,0.029388338267622632,-0.08491510814078293,0.11430344640840556,0.156794425087108,0.21483367541526865
2025-08-01,2067.846006944444,2092.667484834943,1974.4106420280905,-0.027636754571679578,58,228,2,0.2013888888888889,0.2543859649122807,0.3506944444444444,0.5451388888888888,11,130,0.018478896314725334,-0.0990661159675665,0.11754501228229183,0.13240418118466898,0.41755509328444673
2025-08-04,2086.6535763888887,2093.848869345177,1973.8632626176159,-0.017540304140924334,203,82,3,0.7048611111111112,2.475609756097561,0.3611111111111111,0.5625,15,36,0.02248630311925461,-0.08674316762119712,0.10922947074045172,0.156794425087108,0.7619454836900017
2025-08-05,2089.4614930555554,2094.965775697516,1973.3556782056376,-0.01418100649492704,114,173,1,0.3958333333333333,0.6589595375722543,0.3680555555555556,0.5555555555555556,17,42,0.03376795843834503,-0.08911779662165473,0.12288575505999975,0.156794425087108,0.45497480314779243
2025-08-06,2063.8309342560556,2095.4339536808825,1972.9044438877481,-0.033458503442380105,73,214,1,0.2534722222222222,0.3411214953271028,0.3217993079584775,0.5363321799307958,10,81,0.016161817768118338,-0.0937639530194079,0.10992577078752624,0.10801393728222997,0.3820219995565732
2025-08-07,2064.452733564014,2095.6356750188297,1972.4592043064706,-0.029778796928273676,141,145,3,0.48788927335640137,0.9724137931034482,0.33217993079584773,0.5467128027681661,13,65,0.015269174636516699,-0.09701240925037577,0.11228158388689247,0.11149825783972125,0.5108457091527137
2025-08-08,2037.0524567474044,2095.260662399392,1971.9905673122294,-0.032831705485880436,49,240,0,0.1695501730103806,0.20416666666666666,0.2629757785467128,0.5017301038062284,2,109,0.011152865929361036,-0.09320193104713348,0.10435479697649451,0.08710801393728224,0.2420959316741555
2025-08-11,2053.0824913494807,2095.348516422186,1971.8853286859442,-0.026871112707543388,204,83,2,0.7058823529411765,2.4578313253012047,0.32525951557093424,0.5155709342560554,12,40,0.01784117080920048,-0.09499156959740848,0.11283274040660896,0.1111111111111111,0.8019027735147758
2025-08-12,2047.6961591695504,2095.337520724458,1971.7169923337774,-0.03725392076675316,118,171,0,0.4083044982698962,0.6900584795321637,0.30103806228373703,0.5155709342560554,16,65,0.004655040255951673,-0.10756107858212484,0.11221611883807651,0.08680555555555555,0.38005524592962836
2025-08-13,2067.462422145328,2095.408323712819,1971.7313031809663,-0.02945454974047912,195,93,1,0.6747404844290658,2.096774193548387,0.328719723183391,0.5294117647058824,25,27,0.013786911542262238,-0.10295615123027362,0.11674306277253585,0.09027777777777778,0.5274898941270755
2025-08-14,2063.7557785467125,2095.1943322907464,1971.8985614960827,-0.03384580647250102,111,178,0,0.38408304498269896,0.6235955056179775,0.3217993079584775,0.5224913494809689,21,51,0.012193241294329615,-0.10911614241005782,0.12130938370438743,0.0763888888888889,0.41873829316328937
2025-08-18,2089.17955017301,2095.4945030144863,1972.1775391030626,-0.016152829646367883,207,79,3,0.7162629757785467,2.6202531645569622,0.356401384083045,0.5605536332179931,44,19,0.02945790339962963,-0.09356904247528246,0.12302694587491209,0.13194444444444445,0.6240213662268119
2025-08-19,2105.6309342560553,2095.7920545667403,1972.4713006088755,-0.010773263995745852,206,82,1,0.71280276816609,2.5121951219512195,0.4117647058823529,0.5882352941176471,41,4,0.03185976444632215,-0.08375224981114775,0.11561201425746989,0.14583333333333334,0.8085006966684217
2025-08-20,2110.3930103806233,2096.160363026101,1972.6767182438043,-0.007136418502898922,146,142,1,0.5051903114186851,1.028169014084507,0.4186851211072664,0.5986159169550173,38,8,0.03875117022628993,-0.07538280803511463,0.11413397826140456,0.1597222222222222,0.5569099871827822
2025-08-21,2114.051384083045,2096.737359938531,1972.8362231858023,-0.0065491920626560285,132,155,2,0.45674740484429066,0.8516129032258064,0.42214532871972316,0.5847750865051903,31,10,0.034591956069666065,-0.07733530470706573,0.11192726077673179,0.1527777777777778,0.3962912892414546
2025-08-22,2103.8830103806226,2097.537090076213,1972.865198489504,-0.00953026231776477,111,178,0,0.38408304498269896,0.6235955056179775,0.3737024221453287,0.5640138408304498,25,16,0.04326720533503368,-0.07662390590984072,0.1198911112448744,0.16319444444444445,0.38089832670446905
2025-08-25,2102.8959861591693,2098.3652993098863,1973.0253983843286,0.006655727957740609,138,148,3,0.47750865051903113,0.9324324324324325,0.39100346020761245,0.5778546712802768,35,15,0.052082673721864634,-0.05358330103869171,0.10566597476055634,0.2152777777777778,0.511890939884336
2025-08-26,2065.476082474227,2098.2069391411887,1972.9384016749286,-0.0031654806749847886,38,251,0,0.1314878892733564,0.15139442231075698,0.3161512027491409,0.5326460481099656,9,57,0.04190919929249315,-0.06154513087549393,0.10345433016798708,0.1736111111111111,0.22595616718356729
2025-08-28,2045.5825773195877,2097.6568704078604,1972.581645496778,-0.025958475037967332,68,222,1,0.23367697594501718,0.3063063063063063,0.27491408934707906,0.5120274914089347,5,75,0.023202893335483286,-0.07845369730841942,0.1016565906439027,0.1388888888888889,0.13252583129960493
2025-08-29,2040.7078694158076,2097.1017110129596,1972.2914075057279,-0.03390099458499807,111,180,0,0.38144329896907214,0.6166666666666667,0.27491408934707906,0.4948453608247423,9,88,0.022018474691570516,-0.08132955998245407,0.10334803467402459,0.12152777777777778,0.49034297174503455
2025-09-01,2067.2908591065293,2097.6209309922933,1972.238717556656,-0.012165268902130877,240,51,0,0.8247422680412371,4.705882352941177,0.3230240549828179,0.5429553264604811,36,11,0.038654420115108404,-0.05803778386844536,0.09669220398355377,0.1597222222222222,0.8606549347193347
2025-09-02,2075.6333676975946,2097.977517926665,1972.3128149706836,0.003765928762102355,181,109,1,0.6219931271477663,1.6605504587155964,0.3436426116838488,0.5738831615120275,39,15,0.055272124938562775,-0.04455887647938736,0.09983100141795014,0.22916666666666666,0.7381866523134033
2025-09-03,2088.966219931271,2098.4690017658495,1972.566886537966,0.0011083025800500135,210,80,1,0.7216494845360825,2.625,0.3848797250859107,0.5910652920962199,47,3,0.05579098118427042,-0.04174925618048011,0.09754023736475054,0.2222222222222222,0.6850835125823359
2025-09-04,2079.8664604811,2098.5914799265206,1973.0464224246007,-0.004592107873892304,89,202,0,0.30584192439862545,0.4405940594059406,0.3539518900343643,0.584192439862543,34,16,0.05422843311869197,-0.04937808215270231,0.10360651527139428,0.2222222222222222,0.2623770357692576
2025-09-05,2073.067800687285,2098.219207968238,1973.4474698509762,0.004475592587509514,146,144,1,0.5017182130584192,1.0138888888888888,0.35051546391752575,0.570446735395189,25,17,0.06422988643100092,-0.04152879308242996,0.10575867951343088,0.2422145328719723,0.66909864292523
2025-09-08,2077.128487972508,2097.6640050004153,1973.9085018965736,0.006140007083916599,161,126,4,0.5532646048109966,1.2777777777777777,0.3642611683848797,0.5738831615120275,40,24,0.0643861240409492,-0.037061727711014326,0.10144785175196352,0.2560553633217993,0.7657132930900248
2025-09-09,2085.6938487972507,2096.8974337246123,1974.3337808179792,0.023878320800590824,154,136,1,0.5292096219931272,1.1323529411764706,0.38831615120274915,0.5807560137457045,35,24,0.07702001096685128,-0.023795592621566653,0.10081560358841793,0.2975778546712803,0.6010489893098724
2025-09-10,2104.7910309278354,2096.03834525226,1974.9292673346254,0.02518580709553797,203,85,3,0.697594501718213,2.388235294117647,0.45017182130584193,0.5910652920962199,42,7,0.08854238639475871,-0.021363420396997013,0.10990580679175573,0.29411764705882354,0.856050874548104
2025-09-11,2099.5982130584193,2095.4090137092326,1975.394349080921,0.025346560160526055,145,146,0,0.49828178694158076,0.9931506849315068,0.44329896907216493,0.6185567010309279,48,10,0.0821601973578265,-0.01844394520646575,0.10060414256429225,0.31833910034602075,0.4941074315155024
2025-09-12,2107.273402061856,2094.982384189494,1975.735935804492,0.019255963005710752,156,132,3,0.5360824742268041,1.1818181818181819,0.49140893470790376,0.6357388316151202,50,15,0.08434590086457261,-0.022338961766356524,0.10668486263092913,0.31141868512110726,0.765306693885405
2025-09-15,2115.498865979381,2094.642365690266,1976.109577087794,0.025072291969113758,174,116,1,0.5979381443298969,1.5,0.5051546391752577,0.6701030927835051,62,8,0.0963994926648986,-0.014767511205372718,0.11116700387027131,0.370242214532872,0.7089244684719532
2025-09-16,2130.9625429553266,2094.7292395458885,1976.5645096239991,0.01999971365738129,187,101,3,0.6426116838487973,1.8514851485148516,0.6013745704467354,0.6804123711340206,84,5,0.08266276840031081,-0.015528096928996149,0.09819086532930696,0.3494809688581315,0.7897060407644455
2025-09-17,2139.4787285223365,2095.040662896823,1977.0929416594681,0.016074894092606096,177,113,1,0.6082474226804123,1.5663716814159292,0.6254295532646048,0.6941580756013745,83,6,0.08145379094855194,-0.022669909253084253,0.1041237002016362,0.3494809688581315,0.694697400913525
2025-09-18,2134.371958762887,2095.33773412783,1977.5161130604256,0.011362314158697373,144,142,5,0.4948453608247423,1.0140845070422535,0.6426116838487973,0.6907216494845361,64,6,0.07328293725420797,-0.023674424244293668,0.09695736149850163,0.31833910034602075,0.6130097119464888
2025-09-19,2132.0727835051543,2095.2737096585606,1977.835321085094,0.008524579656764564,155,136,0,0.5326460481099656,1.1397058823529411,0.6529209621993127,0.7079037800687286,78,14,0.07663646122594843,-0.01945958683861604,0.09609604806456447,0.3494809688581315,0.7883725613937256
2025-09-22,2120.323367697594,2095.1238460020595,1978.0240372092965,0.007814292541864054,92,199,0,0.3161512027491409,0.4623115577889447,0.5876288659793815,0.6701030927835051,40,16,0.0811201417329217,-0.02288273748070466,0.10400287921362636,0.3217993079584775,0.5073063411839049
2025-09-23,2110.997182130584,2095.2197359861343,1978.1288618699493,0.003852399750028157,103,188,0,0.3539518900343643,0.5478723404255319,0.5567010309278351,0.6494845360824743,39,27,0.07595561995393534,-0.03334580483888958,0.10930142479282492,0.30103806228373703,0.3908049451159119
2025-09-24,2102.738384879725,2095.079014100396,1978.167065580062,0.018040539283738166,95,196,0,0.32646048109965636,0.4846938775510204,0.5326460481099656,0.6323024054982818,32,34,0.08178106659862228,-0.023621893652713388,0.10540296025133566,0.36082474226804123,0.31630839424025486
2025-09-25,2092.3626804123714,2094.3876128475317,1978.1159352321238,0.022868841185615496,75,214,2,0.25773195876288657,0.35046728971962615,0.4845360824742268,0.6013745704467354,16,58,0.09801741708356482,-0.02082779402641144,0.11884521110997626,0.36769759450171824,0.44372822394544015
2025-09-26,2055.080412371134,2092.8850870671768,1977.849629972551,0.007042920336971514,28,263,0,0.09621993127147767,0.10646387832699619,0.35738831615120276,0.5395189003436426,8,112,0.07118742865470096,-0.0345738543197579,0.10576128297445886,0.281786941580756,0.1467480582654976
2025-09-29,2046.3120890410955,2091.0902850979987,1977.5324327391852,-0.010147952801620064,139,151,1,0.47766323024054985,0.9205298013245033,0.3698630136986301,0.5513698630136986,18,85,0.06666199209477974,-0.0518426206159871,0.11850461271076684,0.2508591065292096,0.6742977164339462
2025-09-30,2037.1006506849315,2089.362702972808,1977.133359385467,-0.018564317577629663,142,149,1,0.4863013698630137,0.9530201342281879,0.3732876712328767,0.565068493150685,14,68,0.059514608131086666,-0.061080908218740015,0.12059551634982668,0.23024054982817868,0.5762572408997895
2025-10-01,2057.553253424657,2087.9425180413014,1976.9109249408461,-0.015037565570422351,223,68,1,0.7636986301369864,3.2794117647058822,0.4417808219178082,0.5993150684931506,24,19,0.061239620403321426,-0.05223643188903748,0.11347605229235891,0.23367697594501718,0.8134576726274927
2025-10-03,2075.8822260273973,2086.948924367405,1976.8000148966062,-0.0019156203195762611,212,79,1,0.726027397260274,2.6835443037974684,0.4931506849315068,0.6232876712328768,42,14,0.0766586969515839,-0.04268715341959339,0.11934585037117729,0.3024054982817869,0.5916698982972092
2025-10-06,2082.578458904109,2086.0407338232653,1976.6597993619453,0.004587721739574002,156,135,1,0.5342465753424658,1.1555555555555554,0.5068493150684932,0.6232876712328768,33,18,0.07604522184300344,-0.03697334479793635,0.11301856664093979,0.30927835051546393,0.6250654191660349
2025-10-07,2084.284178082192,2085.2438875237976,1976.5926757683703,0.00344499155979916,132,158,2,0.4520547945205479,0.8354430379746836,0.5616438356164384,0.6404109589041096,22,20,0.0756731966192754,-0.04003576395787811,0.11570896057715352,0.28865979381443296,0.46509116490973834
2025-10-08,2072.637328767123,2084.9167896546955,1976.5174415937006,-0.006260036696016935,81,209,2,0.2773972602739726,0.3875598086124402,0.5068493150684932,0.6232876712328768,9,35,0.061074364838968886,-0.04904704784752767,0.11012141268649656,0.24054982817869416,0.29272894800812765
2025-10-09,2073.9231164383564,2084.954550594574,1976.461420119155,-0.014665548282896235,165,125,2,0.565068493150685,1.32,0.541095890410959,0.6198630136986302,20,19,0.05722305150482909,-0.05020352781546811,0.1074265793202972,0.2268041237113402,0.8474786409794572
2025-10-10,2085.342671232877,2084.6594456858984,1976.683020532057,-0.006789652294843962,189,101,2,0.6472602739726028,1.8712871287128714,0.5582191780821918,0.6267123287671232,32,12,0.058379466532461066,-0.04717855077430544,0.1055580173067665,0.2268041237113402,0.7509253329879838
2025-10-13,2075.8979863481227,2083.931054718416,1976.8623709247902,-0.01488910536384791,102,189,1,0.3493150684931507,0.5396825396825397,0.5460750853242321,0.621160409556314,31,31,0.0497560415590379,-0.04771594261878109,0.097471984177819,0.19931271477663232,0.5302814655902973
2025-10-14,2065.2423549488053,2083.380907372948,1976.9515780896054,-0.023756340331248293,79,214,0,0.2696245733788396,0.3691588785046729,0.5017064846416383,0.6006825938566553,16,51,0.04332046510552723,-0.06415322138074853,0.10747368648627575,0.16838487972508592,0.4212718043832626
2025-10-15,2069.523163265306,2083.414450499365,1977.035748515861,-0.0288317501840335,217,75,1,0.7406143344709898,2.8933333333333335,0.5374149659863946,0.6156462585034014,44,20,0.0438682589017938,-0.06167442744464502,0.10554268634643882,0.17869415807560138,0.8030604598080624
2025-10-16,2077.5719322033897,2083.232817615655,1977.1420496662395,-0.028935457732596204,191,103,0,0.6496598639455783,1.854368932038835,0.576271186440678,0.6406779661016949,42,15,0.04776222691532128,-0.06102970074672942,0.1087919276620507,0.18900343642611683,0.5829369248083316
2025-10-17,2077.7992881355935,2082.9995735172556,1977.2654110005346,-0.02650553498654651,101,194,0,0.3423728813559322,0.520618556701031,0.5525423728813559,0.6372881355932203,37,29,0.03914893617021287,-0.06407465007776059,0.10322358624797345,0.16151202749140894,0.42183404522841284
2025-10-20,2083.3269830508475,2083.3894944931517,1977.3707170150797,-0.02286310337594022,174,121,0,0.5898305084745763,1.43801652892562,0.576271186440678,0.6372881355932203,58,22,0.043083280391960965,-0.06073211314475868,0.10381539353671965,0.18213058419243985,0.826243241684918
2025-10-21,2091.3680677966104,2083.9278011778038,1977.4347747299494,-0.013656077342780848,211,83,1,0.7152542372881356,2.5421686746987953,0.6169491525423729,0.6474576271186441,46,1,0.04840425531914905,-0.0475233806719777,0.09592763599112675,0.19931271477663232,0.7726932872062673
2025-10-23,2076.4197627118647,2084.7151472970927,1977.3342673378347,-0.016379661570093185,116,179,0,0.39322033898305087,0.6480446927374302,0.6203389830508474,0.6542372881355932,39,17,0.044746480737831495,-0.050911039657020374,0.09565752039485187,0.18213058419243985,0.6317325200735885
2025-10-24,2071.0204067796612,2085.0739056056964,1977.2476569603855,-0.015084129499009391,118,176,1,0.4,0.6704545454545454,0.5966101694915255,0.6542372881355932,38,24,0.052886253663190885,-0.04559537333471031,0.0984816269979012,0.21649484536082475,0.5481088983649752
2025-10-27,2077.1174576271187,2085.662331574848,1977.4172410570318,-0.007286128226225208,173,121,1,0.5864406779661017,1.4297520661157024,0.6033898305084746,0.6576271186440678,69,20,0.06791931765654935,-0.03587560003204282,0.10379491768859217,0.26804123711340205,0.7225171468694616
2025-10-28,2074.421389830509,2085.8015109285516,1977.4710712331348,0.00941129959827669,124,170,1,0.42033898305084744,0.7294117647058823,0.5728813559322034,0.6610169491525424,53,25,0.09323221142204874,-0.016370190887063263,0.109602402309112,0.3642611683848797,0.6456329626504747
2025-10-29,2084.0288474576273,2086.2069723067693,1977.7143752221957,0.018431576795407523,206,89,0,0.6983050847457627,2.3146067415730336,0.6237288135593221,0.6745762711864407,74,12,0.09414567173572469,-0.0073480746862205374,0.10149374642194522,0.4143835616438356,0.7150004464623099
2025-10-30,2083.8655254237283,2086.100691811784,1978.0293264308746,0.022956585244363392,117,177,1,0.39661016949152544,0.6610169491525424,0.6203389830508474,0.6745762711864407,43,24,0.09829303640003001,-0.009877913660249902,0.10817095006027991,0.4143835616438356,0.5924634404428616
2025-10-31,2072.8259661016946,2085.4445924486968,1978.465303601809,0.007422754503008333,91,202,2,0.30847457627118646,0.4504950495049505,0.5864406779661017,0.6508474576271186,40,41,0.08695377951992267,-0.02560797326194557,0.11256175278186824,0.3356164383561644,0.6459125347808715
2025-11-03,2084.227491525424,2084.921282071593,1979.3206931795771,0.0040201054729376295,196,99,0,0.6644067796610169,1.97979797979798,0.6203389830508474,0.6677966101694915,55,23,0.08560106472098764,-0.030606482304417648,0.11620754702540528,0.3287671232876712,0.6570795445501525
2025-11-04,2081.3605762711863,2084.267465915356,1980.0559607252442,-0.0005847955584653564,94,200,1,0.31864406779661014,0.47,0.559322033898305,0.6474576271186441,45,46,0.07992599499377899,-0.03604300298313724,0.11596899797691623,0.3047945205479452,0.6226722802382733
2025-11-06,2060.5461355932202,2083.4007284196077,1980.6670253254717,-0.011389062364237534,59,236,0,0.2,0.25,0.46779661016949153,0.5966101694915255,14,79,0.07317945675764853,-0.05146903320980216,0.12464848996745069,0.2602739726027397,0.2023117535644917
2025-11-07,2056.4650169491524,2082.4721090354074,1981.2150168413127,-0.007802769733762593,154,141,0,0.5220338983050847,1.0921985815602837,0.4711864406779661,0.5898305084745763,28,59,0.08120699290157836,-0.04917341895283329,0.13038041185441165,0.2842465753424658,0.54379711544724
2025-11-10,2069.120813559322,2082.545003657109,1981.816564372007,-0.0023155645650363432,157,137,1,0.5322033898305085,1.145985401459854,0.47796610169491527,0.6,34,51,0.08160266115405503,-0.04925501165176147,0.1308576728058165,0.2808219178082192,0.6497586336486909
2025-11-11,2075.292813559322,2083.1392083819037,1982.4079178390969,-0.004819283570125843,165,130,0,0.559322033898305,1.2692307692307692,0.49830508474576274,0.6,41,41,0.07897623667381666,-0.05290704221486477,0.13188327888868143,0.2979452054794521,0.6621891629522523
2025-11-12,2077.5455555555554,2083.875962104699,1983.1994367829525,0.0007936657862128715,198,95,2,0.6711864406779661,2.0842105263157893,0.531986531986532,0.6262626262626263,56,17,0.08336636870588389,-0.04013677509901559,0.12350314380489948,0.32081911262798635,0.7423322001730696
2025-11-13,2064.3971864406776,2083.818088651382,1984.0721101709862,-0.00040923454145824767,105,189,1,0.3559322033898305,0.5555555555555556,0.5254237288135594,0.6135593220338983,33,35,0.09423122955397756,-0.03724611891759222,0.13147734847156978,0.3539518900343643,0.5926668308059675
2025-11-14,2074.8265656565654,2083.8019526105613,1984.898464377361,0.0025626204554733967,156,138,1,0.5288135593220339,1.1304347826086956,0.5016835016835017,0.6161616161616161,37,35,0.08503521943895183,-0.046417561546868026,0.13145278098581986,0.3333333333333333,0.6730983218339252
2025-11-17,2088.81468013468,2083.7989218146295,1985.9486167532991,0.005411484318315285,196,100,1,0.6599326599326599,1.96,0.5387205387205387,0.6296296296296297,44,21,0.08700984499781172,-0.043581471615555895,0.13059131661336762,0.3050847457627119,0.8727392724761335
2025-11-18,2076.528653198653,2083.7321656689805,1987.2117962383738,-0.0006115292002436545,72,225,0,0.24242424242424243,0.32,0.5050505050505051,0.6161616161616161,33,51,0.08643145136776545,-0.04852143084675693,0.1349528822145224,0.29491525423728815,0.5787294559942988
2025-11-19,2081.0043771043775,2083.8908971973224,1988.6740946256625,-0.0011148542525325489,139,158,0,0.468013468013468,0.879746835443038,0.5016835016835017,0.6094276094276094,33,44,0.07356537738185423,-0.05097336468395055,0.12453874206580479,0.2711864406779661,0.4957918139506203
2025-11-20,2088.225925925926,2084.112845956391,1989.9408820291437,-0.0015024337031189772,146,150,1,0.49158249158249157,0.9733333333333334,0.5117845117845118,0.6161616161616161,33,40,0.06768035267270073,-0.0580153019101195,0.12569565458282023,0.25084745762711863,0.43215149548479587
2025-11-21,2061.63468013468,2083.6316625831396,1991.031340235471,-0.007120469012428909,48,247,2,0.16161616161616163,0.19433198380566802,0.42424242424242425,0.5723905723905723,11,77,0.05619530435306124,-0.06589230104465271,0.12208760539771396,0.22033898305084745,0.3872234817762782
2025-11-24,2051.4089898989896,2082.5640217625623,1991.9166805913262,-0.009469446470190213,94,203,0,0.3164983164983165,0.4630541871921182,0.40404040404040403,0.5488215488215489,12,88,0.058626423533294024,-0.07507520595769153,0.13370162949098555,0.2271186440677966,0.2211325153881201
2025-11-25,2052.6234006734007,2081.624525514862,1992.799686463951,-0.011792331176928128,156,140,1,0.5252525252525253,1.1142857142857143,0.4107744107744108,0.5521885521885522,14,52,0.052079921462381176,-0.07467106301805501,0.1267509844804362,0.2033898305084746,0.6421074334828967
2025-11-26,2073.4977777777776,2080.94901302918,1993.889618639059,-0.00044523839623855643,250,46,1,0.8417508417508418,5.434782608695652,0.46464646464646464,0.5723905723905723,37,7,0.057839969519633896,-0.05801721807844675,0.11585718759808064,0.24745762711864408,0.8970195179995527
2025-11-27,2065.2228282828282,2079.9434922752494,1994.8699665260563,-0.009023876611756632,103,194,0,0.3468013468013468,0.5309278350515464,0.468013468013468,0.569023569023569,28,22,0.05211916524650688,-0.06631971413595808,0.11843887938246496,0.2033898305084746,0.5423660719507147
2025-11-28,2065.145167785235,2078.6271447718477,1995.7574102095052,-0.008983476817529534,116,180,1,0.39057239057239057,0.6444444444444445,0.4563758389261745,0.5704697986577181,24,37,0.056863505246744245,-0.0683047207123971,0.12516822595914134,0.2135593220338983,0.36136137398843154
2025-12-01,2066.635536912752,2077.1702809396556,1996.6693484947757,-0.0029864683722506946,120,177,1,0.40268456375838924,0.6779661016949152,0.4597315436241611,0.5604026845637584,26,44,0.05991880210503787,-0.07143442831673696,0.13135323042177482,0.2271186440677966,0.5237892917587311
2025-12-02,2059.2027852348997,2075.666897469096,1997.5279652478055,-0.012006705790167271,99,199,0,0.33221476510067116,0.49748743718592964,0.436241610738255,0.5503355704697986,27,52,0.04741713816774539,-0.08172778248039134,0.12914492064813674,0.18983050847457628,0.23429760497945984
2025-12-03,2043.8936241610736,2073.9033142822145,1998.469083015254,-0.01800118275384832,87,211,0,0.29194630872483224,0.41232227488151657,0.39932885906040266,0.540268456375839,16,76,0.04242242552751076,-0.08328532101901862,0.1257077465465294,0.17288135593220338,0.22510793195077491
2025-12-04,2038.782214765101,2072.272491223565,1999.6275557498566,-0.010562209917155618,149,148,1,0.5,1.0067567567567568,0.4228187919463087,0.5469798657718121,26,61,0.05573927849681253,-0.07484044323142433,0.13057972172823687,0.21694915254237288,0.4872505645016837
2025-12-05,2030.2309395973157,2070.657166372899,2000.7770971969603,-0.012756879954493927,145,153,0,0.4865771812080537,0.9477124183006536,0.4395973154362416,0.5369127516778524,23,66,0.05203767853707736,-0.078376337931692,0.13041401646876938,0.21016949152542372,0.7971415559806087
2025-12-08,1995.9227181208053,2068.520853037721,2001.8082408229,-0.035376424111553284,24,274,0,0.08053691275167785,0.08759124087591241,0.34563758389261745,0.5,6,144,0.020922581112290135,-0.09621783586334413,0.11714041697563427,0.11864406779661017,0.26138505835955794
2025-12-09,2006.8550335570467,2066.810700100614,2003.0928617504023,-0.03297740904566526,206,92,0,0.6912751677852349,2.239130434782609,0.35570469798657717,0.5167785234899329,11,41,0.024559411727118886,-0.0873418065622022,0.11190121828932108,0.11186440677966102,0.6759114083696305
2025-12-10,1990.831241610738,2065.525716685406,2004.3051057676432,-0.0417388267193155,110,188,0,0.3691275167785235,0.5851063829787234,0.34563758389261745,0.5100671140939598,14,50,0.016115528156594092,-0.09544319898102249,0.11155872713761658,0.10437710437710437,0.3554713738567191
2025-12-11,2006.2873825503357,2064.7252225555912,2005.649620595589,-0.028148557977126343,201,96,1,0.674496644295302,2.09375,0.37919463087248323,0.5100671140939598,14,20,0.024773242944380127,-0.08822801382354277,0.1130012567679229,0.1152542372881356,0.705012100804796
2025-12-12,2019.3863087248321,2064.3709357163893,2006.9445584996374,-0.026720429480422414,205,93,0,0.6879194630872483,2.204301075268817,0.40604026845637586,0.5268456375838926,23,20,0.028344142449438624,-0.08039706878093293,0.10874121123037156,0.11447811447811448,0.8279276153841219
2025-12-15,2024.5357718120806,2063.710586084138,2008.156644955871,-0.030772911036059503,156,140,2,0.5234899328859061,1.1142857142857143,0.39932885906040266,0.5302013422818792,28,18,0.027369077799956787,-0.08179227110564193,0.10916134890559871,0.11447811447811448,0.7103053387287894
2025-12-16,2013.8469798657718,2062.469881160905,2009.3862515866488,-0.03018579745399963,66,231,1,0.2214765100671141,0.2857142857142857,0.3959731543624161,0.5167785234899329,14,37,0.020726677077089684,-0.08071049761056785,0.10143717468765753,0.1111111111111111,0.20407334092947635
2025-12-17,1998.8537248322148,2060.795386479467,2010.5941987319363,-0.03947644376725035,91,207,0,0.3053691275167785,0.4396135265700483,0.3422818791946309,0.4899328859060403,15,67,0.017196716502301486,-0.08458037786914631,0.1017770943714478,0.10437710437710437,0.4915191136630214
2025-12-18,1996.1889261744968,2059.033481441313,2011.81716448957,-0.044074253943868436,135,161,2,0.45302013422818793,0.8385093167701864,0.31543624161073824,0.47651006711409394,25,58,0.01600606744719052,-0.08852895583969873,0.10453502328688925,0.08754208754208755,0.5094928123779829
2025-12-19,2021.9986287625418,2058.020707441222,2013.3281305207063,-0.01922554551204425,238,60,0,0.7986577181208053,3.966666666666667,0.3979933110367893,0.5150501672240803,35,13,0.03580507809032117,-0.06270656326820978,0.09851164135853095,0.1447811447811448,0.8590049172270258
2025-12-22,2040.7712040133779,2057.3576691927224,2015.0950309069701,-0.005185599720968104,232,67,0,0.7759197324414716,3.462686567164179,0.4414715719063545,0.5451505016722408,58,9,0.043905898897541915,-0.04423387799162639,0.0881397768891683,0.16498316498316498,0.9309715972235094
2025-12-23,2038.9549832775922,2056.4299154336168,2016.8258179712457,-0.006658999108810848,153,145,1,0.5117056856187291,1.0551724137931036,0.47157190635451507,0.5351170568561873,42,9,0.04665710144246969,-0.04347899084029154,0.09013609228276123,0.18518518518518517,0.6464929581560203
2025-12-24,2034.772508361204,2055.607405873878,2018.479781393333,-0.018676301383875327,106,193,0,0.35451505016722407,0.5492227979274611,0.43812709030100333,0.5217391304347826,37,20,0.032637729359967255,-0.05296638484125564,0.0856041142012229,0.15824915824915825,0.5780840440149553
2025-12-26,2027.6939130434782,2054.8564370357717,2019.9065789515082,-0.01817184796013227,100,198,1,0.33444816053511706,0.5050505050505051,0.39464882943143814,0.5117056856187291,27,29,0.03263214901821576,-0.055264742818635464,0.08789689183685123,0.13468013468013468,0.6201476092404777
2025-12-29,2017.8355518394646,2053.8226848072545,2021.19726709803,-0.022908615182974157,84,213,2,0.2809364548494983,0.39436619718309857,0.38127090301003347,0.48494983277591974,19,39,0.030017184633341215,-0.058744012284123556,0.08876119691746477,0.12751677852348994,0.4932218712790507
2025-12-30,2012.5021070234113,2052.521288303655,2022.4491498162452,-0.0261939896621578,124,173,2,0.41471571906354515,0.7167630057803468,0.3745819397993311,0.48494983277591974,29,52,0.03380433176839868,-0.06208154158053345,0.09588587334893213,0.12416107382550336,0.6461131275445503
2025-12-31,2035.287959866221,2051.671061738268,2023.9445940169849,-0.011613632974933452,245,54,0,0.8193979933110368,4.537037037037037,0.4414715719063545,0.5250836120401338,48,9,0.041145236774723246,-0.041514082983437936,0.08265931975816118,0.174496644295302,0.7522012245827928
2026-01-01,2035.4286956521737,2050.7130959902943,2025.4642487628514,-0.004141569996028771,154,144,1,0.5150501672240803,1.0694444444444444,0.44816053511705684,0.5217391304347826,64,14,0.05504971285294625,-0.04450819870706721,0.09955791156001345,0.21476510067114093,0.5162160587834301
2026-01-02,2049.062341137124,2049.8669814571044,2027.0723065952977,0.005042287644836829,221,77,1,0.7391304347826086,2.8701298701298703,0.5183946488294314,0.5451505016722408,88,16,0.06943977766119808,-0.03472154177073326,0.10416131943193133,0.2986577181208054,0.7687662369265479
2026-01-05,2051.88491638796,2049.3762845306264,2028.722904416674,0.010665770266972352,141,158,0,0.47157190635451507,0.8924050632911392,0.5451505016722408,0.5418060200668896,66,17,0.06951241535598546,-0.03288329405923522,0.10239570941522068,0.29194630872483224,0.46360774526579684
2026-01-06,2049.211973244147,2048.9401158599157,2030.2996102335992,0.026699057353039457,119,179,1,0.3979933110367893,0.664804469273743,0.5284280936454849,0.5418060200668896,61,24,0.09050407483356972,-0.014003629213824935,0.10450770404739465,0.3825503355704698,0.47726577113535407
2026-01-07,2057.7610702341135,2048.552988112056,2031.910631958009,0.025366075688505685,161,136,2,0.5384615384615384,1.1838235294117647,0.5418060200668896,0.5384615384615384,55,16,0.0816017597393469,-0.019402481596533013,0.10100424133587992,0.3691275167785235,0.534356960307594
2026-01-08,2025.5894314381271,2047.5763489442086,2033.0947615095658,0.017459134205301652,28,270,1,0.09364548494983277,0.1037037037037037,0.41471571906354515,0.4916387959866221,10,60,0.06856751818248205,-0.03442976797827772,0.10299728616075977,0.3087248322147651,0.05282453535262939
2026-01-09,1996.6208695652178,2045.8281893863602,2034.0913109278147,-0.0048181098426837154,59,240,0,0.19732441471571907,0.24583333333333332,0.3511705685618729,0.44816053511705684,3,98,0.04412561134664357,-0.05276644807849348,0.09689205942513705,0.18120805369127516,0.3205313331473393
2026-01-12,1992.339397993311,2043.9976668377517,2034.9579808051049,-0.013393628853807682,128,170,1,0.4280936454849498,0.7529411764705882,0.32441471571906355,0.43812709030100333,7,89,0.041868427978877645,-0.06441112244676458,0.10627955042564223,0.15436241610738255,0.6345004047737812
2026-01-13,1988.9872240802674,2042.3208919973235,2035.673805833957,-0.01755886372903903,141,157,1,0.47157190635451507,0.8980891719745223,0.3277591973244147,0.44481605351170567,13,64,0.039702550589067444,-0.06549161352345376,0.1051941641125212,0.14429530201342283,0.43310459804123735
2026-01-14,1982.6694983277594,2040.28973213337,2036.4542174101027,-0.015481554383089513,138,161,0,0.46153846153846156,0.8571428571428571,0.33444816053511706,0.43478260869565216,17,66,0.04578644298741335,-0.059362528481728245,0.1051489714691416,0.1912751677852349,0.8073275377006249
2026-01-15,1920.8990234374999,2037.0805010766965,2036.9735026681356,-0.03899970289284593,0,0,256,0.0,,0.3359375,0.4375,16,60,0.05406010949002373,-0.05772752806493142,0.11178763755495516,0.2235294117647059,
2026-01-16,1977.114481605351,2035.411867996939,2037.7227490198243,-0.009555430510127194,102,154,0,0.3984375,0.6623376623376623,0.2976588628762542,0.3779264214046823,19,66,0.05100833400788959,-0.05679549239774562,0.10780382640563521,0.20469798657718122,0.5246368190719929
2026-01-19,1976.5573578595317,2033.8137148151468,2038.464340562643,-0.022473442986862935,88,211,0,0.29431438127090304,0.41706161137440756,0.2809364548494983,0.3612040133779264,13,86,0.03791756440171663,-0.08188846621324411,0.11980603061496074,0.1605351170568562,0.28063820033519116
2026-01-20,1928.1593645484948,2030.9944858349297,2039.065944955808,-0.05518102139202119,13,286,0,0.043478260869565216,0.045454545454545456,0.19063545150501673,0.31438127090301005,1,147,0.010274723749288768,-0.11370842645561799,0.12398315020490676,0.0802675585284281,0.10351612076435925
2026-01-21,1913.6154515050168,2027.7609385938442,2039.50980601615,-0.06147243700843941,97,202,0,0.32441471571906355,0.4801980198019802,0.16722408026755853,0.28762541806020064,1,131,0.003957286752123329,-0.12187461226099885,0.1258318990131222,0.056856187290969896,0.4151056030926344
2026-01-22,1937.5014715719062,2024.9600569141708,2040.0991656627418,-0.047804379305104394,232,67,0,0.7759197324414716,3.462686567164179,0.21070234113712374,0.3110367892976589,11,33,0.014880417434744421,-0.11327005714261566,0.1281504745773601,0.09698996655518395,0.7702032939655186
2026-01-23,1903.9705685618728,2021.7515245565946,2040.7702641041428,-0.06101677560194585,44,255,0,0.14715719063545152,0.17254901960784313,0.15719063545150502,0.2842809364548495,5,120,0.0007934253696574592,-0.12740197233683503,0.1281953977064925,0.07692307692307693,0.2562271117698626
2026-01-27,1907.1827090301003,2018.3986474240655,2041.766174304223,-0.05483739381462127,161,137,1,0.5384615384615384,1.1751824817518248,0.19063545150501673,0.2809364548494983,15,66,0.008463728056542557,-0.11583920261790386,0.12430293067444641,0.10367892976588629,0.7299453620776614
2026-01-28,1938.5678595317722,2015.3937110120075,2042.7487481089242,-0.036737475818592547,231,67,1,0.7725752508361204,3.4477611940298507,0.23411371237458195,0.30434782608695654,25,27,0.019229975898495517,-0.09589533018314307,0.1151253060816386,0.13043478260869565,0.8700884997211448
2026-01-29,1932.7284280936456,2012.5177065099074,2043.793109021322,-0.050390673848095924,113,184,2,0.3779264214046823,0.6141304347826086,0.2140468227424749,0.31438127090301005,24,47,0.011093307464575378,-0.10793054583964767,0.11902385330422305,0.12040133779264214,0.6137704871075913
2026-01-30,1957.979933110368,2010.0572176300268,2044.7370860552949,-0.03805034423816567,199,100,0,0.6655518394648829,1.99,0.25752508361204013,0.32441471571906355,19,18,0.017115064110416748,-0.09974585789614106,0.1168609220065578,0.11036789297658862,0.4286147935573125
2026-02-02,1945.994280936455,2007.2125847302375,2045.3430283371702,-0.05030010953374486,88,211,0,0.29431438127090304,0.41706161137440756,0.2140468227424749,0.3010033444816054,14,40,-0.002348599942827032,-0.12049950844629335,0.11815090850346632,0.07023411371237458,0.17337253930399377
2026-02-03,2008.7499665551838,2006.1548904586475,2046.2031076436301,-0.021022109713983772,271,27,1,0.9063545150501672,10.037037037037036,0.36454849498327757,0.36454849498327757,38,5,0.02532290756743154,-0.09072845556297868,0.11605136313041022,0.12374581939799331,0.942606137398997
2026-02-04,2017.6447826086953,2005.479606312842,2047.0566078724632,-0.015404551138493039,209,90,0,0.6989966555183946,2.3222222222222224,0.38461538461538464,0.3712374581939799,39,10,0.03018488871671888,-0.06985163920007327,0.10003652791679216,0.14046822742474915,0.7723496152719209
2026-02-05,2011.9307692307693,2004.6657536839891,2047.7307071572134,-0.022271925378649526,103,196,0,0.34448160535117056,0.5255102040816326,0.38461538461538464,0.3612040133779264,32,16,0.028213627170875114,-0.082311667673611,0.11052529484448612,0.13712374581939799,0.3659283314147338
2026-02-06,2019.1494983277591,2003.5787880949888,2048.356505175168,-0.003179288463109553,139,160,0,0.46488294314381273,0.86875,0.411371237458194,0.3779264214046823,38,22,0.04301830697848379,-0.07818762011670484,0.12120592709518863,0.1939799331103679,0.47938756092222035
2026-02-09,2053.3747491638796,2003.34182651261,2049.077582605198,0.028424965632569243,257,42,0,0.8595317725752508,6.119047619047619,0.4782608695652174,0.4013377926421405,85,2,0.07705248161797726,-0.04046209440020849,0.11751457601818574,0.3177257525083612,0.7939479628812129
2026-02-10,2069.3978929765885,2003.426881016437,2049.881778034993,0.03867739355096389,184,114,1,0.6153846153846154,1.6140350877192982,0.5016722408026756,0.4080267558528428,77,5,0.09668077595247988,-0.029823693459122124,0.126504469411602,0.36454849498327757,0.6071730148172488
2026-02-11,2082.6828428093645,2003.7478271343693,2050.9533231262335,0.04710719988280632,152,147,0,0.5083612040133779,1.034013605442177,0.5317725752508361,0.41471571906354515,78,14,0.0948638067486044,-0.03051274045715282,0.12537654720575722,0.3712374581939799,0.526033084772156
2026-02-12,2064.7544816053514,2003.858861061778,2051.845498516716,0.04140124380126142,92,207,0,0.3076923076923077,0.4444444444444444,0.5016722408026756,0.40468227424749165,45,18,0.09662646509482267,-0.04421089948264001,0.14083736457746268,0.35451505016722407,0.47297770776261916
2026-02-13,2039.4926755852841,2003.7708420902625,2052.5679589121864,0.061738618584727956,43,256,0,0.14381270903010032,0.16796875,0.42474916387959866,0.3779264214046823,15,36,0.0779011749557379,-0.06114138946313341,0.1390425644188713,0.296875,0.19283751979780625
2026-02-16,2046.6431103678926,2003.9280600023183,2053.3939384991136,0.03516671867482679,176,123,0,0.5886287625418061,1.4308943089430894,0.431438127090301,0.3712374581939799,35,17,0.08859488504220074,-0.05719551442569732,0.14579039946789807,0.3010033444816054,0.7440575369603516
2026-02-17,2063.0554180602007,2004.5845495715757,2054.3038220806425,0.04376197829864159,208,89,2,0.6956521739130435,2.337078651685393,0.47157190635451507,0.38127090301003347,38,8,0.10135325461183964,-0.04507490289663076,0.1464281575084704,0.34448160535117056,0.5755245921704515
2026-02-18,2072.090869565217,2006.1079126004643,2055.1318259021527,0.07464710005981567,178,118,3,0.5953177257525084,1.5084745762711864,0.5050167224080268,0.4013377926421405,64,7,0.13355310414411067,-0.012118966941051676,0.14567207108516234,0.48494983277591974,0.7478976815815622
2026-02-19,2039.9292976588629,2006.7693978825005,2055.9445722150085,0.06600795685178173,39,259,1,0.13043478260869565,0.15057915057915058,0.4080267558528428,0.36789297658862874,12,32,0.12155365202317255,-0.01012474737198137,0.1316783993951539,0.451505016722408,0.18604973232112
2026-02-20,2050.6228093645486,2007.9652292375768,2056.7369087179713,0.05838516225789836,163,135,1,0.5451505016722408,1.2074074074074075,0.43478260869565216,0.36789297658862874,40,22,0.10866017778449635,-0.027288136517240248,0.1359483143017366,0.40468227424749165,0.680935568599271
2026-02-23,2058.2133110367895,2009.0037478073057,2057.64621720298,0.0810110959810797,188,111,0,0.6287625418060201,1.6936936936936937,0.44481605351170567,0.3779264214046823,43,23,0.14201607902745517,-0.007880570232818539,0.1498966492602737,0.5284280936454849,0.6050452034230087
2026-02-24,2055.0366555183946,2009.7167547431768,2058.548521884081,0.07752479392154599,115,184,0,0.38461538461538464,0.625,0.4214046822742475,0.35785953177257523,44,41,0.1404122431842704,-0.015867581573328016,0.1562798247575984,0.4816053511705686,0.5104752675022002
2026-02-25,2067.9529765886286,2010.5850988387078,2059.176159924919,0.06674262983401946,193,105,1,0.6454849498327759,1.838095238095238,0.44816053511705684,0.3879598662207358,50,24,0.12252402747077738,-0.029781552203638095,0.1523055796744155,0.46488294314381273,0.6486603411742456
2026-02-26,2079.4176923076925,2011.8965130875467,2059.8039689127727,0.07589750431659681,163,135,1,0.5451505016722408,1.2074074074074075,0.44481605351170567,0.391304347826087,54,23,0.12644289254721983,-0.024449195155826504,0.15089208770304632,0.4782608695652174,0.6526093434016781
2026-02-27,2063.255618729097,2013.184550965484,2060.250355076594,0.05376749977794337,74,224,1,0.24749163879598662,0.33035714285714285,0.4013377926421405,0.36454849498327757,29,54,0.10793234484554871,-0.04187931912324505,0.14981166396879375,0.4180602006688963,0.18508741896961356
2026-03-02,2029.1529096989966,2013.843830635974,2060.403341730352,0.04273323389343364,29,270,0,0.09698996655518395,0.10740740740740741,0.33444816053511706,0.32441471571906355,7,118,0.09584842924766966,-0.05272292839662671,0.14857135764429638,0.35451505016722407,0.16529628824161557
2026-03-04,1987.7403010033445,2013.1586640807902,2060.265794814316,-0.010459074499883592,29,270,0,0.09698996655518395,0.10740740740740741,0.25418060200668896,0.30434782608695654,7,159,0.04238688523111476,-0.10742120379659068,0.14980808902770543,0.1806020066889632,0.11166378003463946
2026-03-05,2012.4983946488294,2012.5932078934993,2060.226503278788,-0.0025506907877074214,229,69,1,0.7658862876254181,3.318840579710145,0.29431438127090304,0.3110367892976589,12,38,0.04232294515500386,-0.09839732771461529,0.14072027286961913,0.17725752508361203,0.8206878795954048
2026-03-06,2010.4171237458193,2012.0224507028636,2060.288641178219,-0.0007523347761756449,122,177,0,0.4080267558528428,0.6892655367231638,0.27424749163879597,0.31438127090301005,20,76,0.04162960381471007,-0.09742582053717994,0.13905542435189,0.18729096989966554,0.4078777277228215
2026-03-09,1969.040066889632,2010.7078018734321,2060.0581039688077,-0.024817098228549828,39,260,0,0.13043478260869565,0.15,0.21070234113712374,0.2809364548494983,6,147,0.024752998160976338,-0.11398885344996935,0.13874185161094568,0.14381270903010032,0.08667426948659457
2026-03-10,2002.3871906354516,2010.2016674252718,2060.0033699219853,-0.024831102334919586,252,46,1,0.842809364548495,5.478260869565218,0.2909698996655518,0.3010033444816054,15,18,0.02499168661756996,-0.1122333008331908,0.13722498745076075,0.12374581939799331,0.8450145792539204
2026-03-11,1979.4485284280936,2009.4339269570444,2059.8346367746517,-0.04346644251150422,91,208,0,0.30434782608695654,0.4375,0.2408026755852843,0.3010033444816054,19,67,0.008607496511414065,-0.12526150530442373,0.1338690018158378,0.10702341137123746,0.32983164883639354
2026-03-12,1971.2726755852843,2008.6093383282819,2059.553078398192,-0.05349358286055561,114,184,1,0.38127090301003347,0.6195652173913043,0.24749163879598662,0.29431438127090304,21,76,0.009999157757970337,-0.12729446192454105,0.1372936196825114,0.13043478260869565,0.6243353733118215
2026-03-13,1919.5995652173913,2006.295570435305,2058.982995347086,-0.07030129619822978,22,277,0,0.07357859531772576,0.07942238267148015,0.16722408026755853,0.23745819397993312,3,158,-0.017595742121231484,-0.1428874185956267,0.1252916764743952,0.07357859531772576,0.2124536536134835
2026-03-16,1919.8652842809363,2003.9843022078805,2058.3802115930525,-0.05865546502637853,147,149,3,0.4916387959866221,0.9865771812080537,0.15719063545150502,0.2408026755852843,6,98,-0.008329581885676137,-0.1360584429863985,0.12772886110072235,0.09698996655518395,0.5848944344280832
2026-03-17,1935.621906354515,2001.715493512228,2057.7864877914913,-0.054245512298146226,210,89,0,0.7023411371237458,2.359550561797753,0.1806020066889632,0.2608695652173913,9,48,-0.002045259228286555,-0.1251640190711292,0.12311875984284265,0.10033444816053512,0.7230272670085568
2026-03-18,1965.3665886287624,1999.9851269570445,2057.334305296039,-0.047351529472383636,250,49,0,0.8361204013377926,5.1020408163265305,0.21739130434782608,0.2842809364548495,11,11,0.0076871597427604485,-0.11009772227964332,0.11778488202240377,0.10702341137123746,0.7512652860966428
2026-03-19,1913.9311705685616,1997.2795109035328,2056.6605121978328,-0.0763285535975754,13,285,1,0.043478260869565216,0.0456140350877193,0.16387959866220736,0.24749163879598662,3,108,-0.02401720979817505,-0.14276848106559026,0.1187512712674152,0.06020066889632107,0.13666657363034015
2026-03-20,1930.4416722408025,1994.7331229436663,2056.071490838757,-0.053672264790605495,190,107,2,0.6354515050167224,1.7757009345794392,0.1806020066889632,0.25418060200668896,9,52,-0.010642407803083806,-0.12462954340094745,0.11398713559786365,0.10367892976588629,0.6955982233850723
2026-03-23,1861.781304347826,1991.4569604018602,2055.06078599686,-0.09208982956511691,13,286,0,0.043478260869565216,0.045454545454545456,0.12709030100334448,0.17725752508361203,0,183,-0.03912734591919647,-0.1667975432453711,0.12767019732617463,0.033444816053511704,0.059955956022639464
2026-03-24,1907.109431438127,1989.6667316393184,2054.224056405799,-0.07341507257211666,273,26,0,0.9130434782608695,10.5,0.15719063545150502,0.23745819397993312,9,15,-0.022449171261498556,-0.14566807127171627,0.12321890001021771,0.05351170568561873,0.8744846741149656
2026-03-25,1941.1683612040138,1988.6433109035324,2053.5590431418887,-0.055409373846743826,269,30,0,0.8996655518394648,8.966666666666667,0.20735785953177258,0.27759197324414714,11,3,-0.0008713173715079591,-0.1184505979227058,0.11757928055119785,0.0903010033444816,0.955615952249873
2026-03-27,1899.5117056856188,1986.8538005356395,2052.6028348871,-0.08145314366909673,27,272,0,0.0903010033444816,0.09926470588235294,0.14715719063545152,0.22408026755852842,5,47,-0.02678762652199262,-0.15008374420880613,0.1232961176868135,0.056856187290969896,0.13973552712250872
2026-03-30,1861.1853511705683,1984.4241175924958,2051.44887370589,-0.10494877577719108,33,266,0,0.11036789297658862,0.12406015037593984,0.13712374581939799,0.19732441471571907,4,136,-0.04542678345228232,-0.1837708882994778,0.13834410484719548,0.046822742474916385,0.1542533961548909
2026-04-01,1914.7826421404682,1984.3017899665551,2050.5967792242845,-0.07196053423573556,271,28,0,0.9063545150501672,9.678571428571429,0.22073578595317725,0.23076923076923078,15,13,-0.01595484437771636,-0.1347415306498899,0.11878668627217354,0.06688963210702341,0.8502635790944041
2026-04-02,1913.9658193979933,1983.038816722408,2049.847125803792,-0.056766096704900404,159,140,0,0.5317725752508361,1.1357142857142857,0.22073578595317725,0.20735785953177258,26,25,0.009220123850257523,-0.11587780235123009,0.1250979262014876,0.11036789297658862,0.49533240355048846
2026-04-06,1930.3872333333331,1982.1154142318837,2049.191634348081,-0.02885340083966781,237,62,0,0.7926421404682275,3.8225806451612905,0.27,0.22,31,7,0.04172891719152312,-0.0773002030116886,0.11902912020321173,0.16722408026755853,0.8407870165941604
2026-04-07,1931.6770333333334,1982.1857676075808,2048.483049060202,-0.04015971467624391,178,120,2,0.5933333333333334,1.4833333333333334,0.2833333333333333,0.22666666666666666,30,7,0.030218430107652152,-0.08727287277789257,0.11749130288554473,0.14381270903010032,0.6494125162741959
2026-04-08,1999.8783333333333,1983.911025244147,2048.117010656939,-0.005242091448589559,275,25,0,0.9166666666666666,11.0,0.49666666666666665,0.31333333333333335,105,3,0.06007772557133087,-0.05107420671245329,0.11115193228378416,0.2408026755852843,0.9300986453620813
2026-04-09,2010.6041666666667,1985.3730791460423,2047.8277022944678,0.02110881361733319,143,155,2,0.4766666666666667,0.9225806451612903,0.5033333333333333,0.32,75,2,0.08485837023756693,-0.03459465456610968,0.11945302480367662,0.3712374581939799,0.48386362802208266
2026-04-10,2048.3587333333335,1988.2608424414714,2047.8628466604353,0.022958368347978153,258,40,2,0.86,6.45,0.62,0.34,149,4,0.08257585926924103,-0.033916246446547296,0.11649210571578833,0.35451505016722407,0.873407552078376
2026-04-13,2036.0450666666663,1990.8380895942028,2047.7540518888738,0.028592073714347466,104,194,2,0.3466666666666667,0.5360824742268041,0.5666666666666667,0.3333333333333333,70,4,0.08854136926419713,-0.02818352534050388,0.11672489460470101,0.36789297658862874,0.5408229198560184
2026-04-15,2076.2949,1993.5926304035672,2047.8135662490135,0.05327635578549961,277,23,0,0.9233333333333333,12.043478260869565,0.71,0.36,184,2,0.10984973793269225,-0.002125620946013629,0.11197535887870587,0.5117056856187291,0.9492661232965443
2026-04-16,2090.2476333333334,1996.7430145083613,2047.8960916534425,0.08889774263759875,202,98,0,0.6733333333333333,2.061224489795918,0.7533333333333333,0.39,158,2,0.1620852288719168,0.03362197095661932,0.12846325791529747,0.7190635451505016,0.6076342734371905
2026-04-17,2116.8005000000003,1999.9194258461541,2048.0216871604352,0.1025776221547876,245,54,1,0.8166666666666667,4.537037037037037,0.8,0.4033333333333333,192,1,0.19248648953391911,0.03756944468279122,0.1549170448511279,0.7725752508361204,0.8848574741612109
2026-04-20,2118.2644666666665,2003.3648295607582,2048.0885663119507,0.09435859333506635,118,182,0,0.3933333333333333,0.6483516483516484,0.7833333333333333,0.41,89,2,0.17638282254765084,0.03794890753345044,0.13843391501420038,0.7491638795986622,0.42083497230274813
2026-04-21,2126.5975,2005.7217802296543,2048.1014417490132,0.08203604981589119,195,105,0,0.65,1.8571428571428572,0.8233333333333334,0.4166666666666667,115,2,0.16693195901768212,0.02973694200846211,0.13719501700922002,0.6889632107023411,0.8661562168653565
2026-04-22,2138.6776,2008.1424365774803,2048.056102476286,0.11742659970612945,198,99,3,0.66,2.0,0.8066666666666666,0.43333333333333335,136,1,0.2109875586876683,0.059183085577466966,0.15180447311020134,0.8461538461538461,0.7483055195277966
2026-04-23,2137.6658333333335,2010.6571378595318,2048.089107691904,0.10734546610361506,104,193,3,0.3466666666666667,0.538860103626943,0.7866666666666666,0.44666666666666666,63,3,0.20245319681973695,0.042560439110637255,0.1598927577090997,0.7658862876254181,0.23062209668115724
2026-04-24,2118.1142,2012.6364318929764,2048.03665430166,0.1376815284660764,76,221,3,0.25333333333333335,0.3438914027149321,0.73,0.43,34,8,0.2436327482812439,0.060485497720268414,0.18314725056097547,0.8361204013377926,0.4037922805151458
2026-04-27,2143.8786000000005,2014.446508909699,2048.093548346956,0.12415080365017572,246,54,0,0.82,4.555555555555555,0.77,0.45666666666666667,73,0,0.24528538075183778,0.05546133166630338,0.1898240490855344,0.8160535117056856,0.8253156025227167
2026-04-28,2146.7566,2015.9936830501672,2048.194237096085,0.10590953515668766,117,182,1,0.39,0.6428571428571429,0.7633333333333333,0.44666666666666666,59,2,0.21229075064047898,0.0233925210613787,0.18889822957910027,0.6989966555183946,0.5859396022214393
2026-04-29,2157.6082666666666,2017.4921915273133,2048.3627406245405,0.13587521477678344,156,144,0,0.52,1.0833333333333333,0.7866666666666666,0.44333333333333336,64,0,0.24604559223574196,0.05348375230889455,0.19256183992684742,0.8060200668896321,0.39616859228562873
2026-04-30,2147.3011666666666,2019.1431252285395,2048.501654471811,0.1537277387854732,83,216,1,0.27666666666666667,0.38425925925925924,0.7533333333333333,0.43,36,9,0.2820457133990496,0.06574432857270303,0.2163013848263466,0.8461538461538461,0.32200195306970253
2026-05-01,2179.948488372093,2021.9522414842756,2048.725026878828,0.1384835230881376,0,0,258,0.0,,0.7441860465116279,0.4689922480620155,32,8,0.22227595082814638,0.04255846961879374,0.17971748120935266,0.751937984496124,
2026-05-04,2168.2981666666665,2024.3853426102512,2048.9274349595485,0.13288238728770474,176,82,0,0.6821705426356589,2.1463414634146343,0.6833333333333333,0.43666666666666665,66,10,0.2427412541097997,0.055720514459307945,0.18702073965049174,0.8060200668896321,0.653489672970409
2026-05-05,2163.9793666666665,2026.4038215823807,2049.2163183782473,0.12100791452602677,143,157,0,0.4766666666666667,0.910828025477707,0.6633333333333333,0.44666666666666666,58,8,0.23263607804404127,0.03722506015337523,0.19541101789066603,0.7733333333333333,0.4333760660081583
2026-05-06,2192.8576333333335,2028.8191568577429,2049.631734149081,0.13520924848876148,235,65,0,0.7833333333333333,3.6153846153846154,0.7333333333333333,0.4666666666666667,84,4,0.24746135020007165,0.060604795225144996,0.18685655497492665,0.82,0.710905813146492
2026-05-07,2218.7585999999997,2032.3957429045656,2050.0908634338034,0.1094467913464734,202,98,0,0.6733333333333333,2.061224489795918,0.7466666666666667,0.4866666666666667,85,3,0.20196541409374946,0.028536255671248206,0.17342915842250126,0.7233333333333334,0.5834863969580748
2026-05-08,2217.4268666666667,2035.7318240506079,2050.526964260192,0.10286594618118516,127,172,1,0.42333333333333334,0.7383720930232558,0.74,0.47333333333333333,58,7,0.19981756430676104,0.022473059552279212,0.17734450475448182,0.6933333333333334,0.3828284512449076
2026-05-11,2196.6405999999997,2038.500369829872,2050.829906322692,0.07239057507537483,79,221,0,0.2633333333333333,0.3574660633484163,0.6866666666666666,0.44333333333333336,37,28,0.16210626410590798,-0.007007202508528463,0.16911346661443644,0.5666666666666667,0.18874312358226283
2026-05-12,2139.226334317525,2040.1841634058549,2050.9086392095574,0.050677300488138455,17,283,0,0.056666666666666664,0.06007067137809187,0.5866666666666667,0.38,3,79,0.13357531831514147,-0.029708110205723923,0.1632834285208654,0.45666666666666667,
2026-05-13,2145.394433733622,2041.7329925487547,2050.9927988782256,0.033280211656649517,170,129,1,0.5666666666666667,1.317829457364341,0.59,0.38666666666666666,11,44,0.10447734573784684,-0.04149186709341143,0.14596921283125827,0.38666666666666666,
2026-05-14,2140.0378073395277,2042.9453948493913,2051.065178366312,0.023820227427691743,183,117,0,0.61,1.564102564102564,0.5868852459016394,0.3836065573770492,27,32,0.10585730472201205,-0.04371632486745349,0.14957362958946555,0.39,
2026-05-15,2140.4951148361456,2044.4901847715323,2051.1277140099373,0.011193598469078747,114,191,0,0.3737704918032787,0.5968586387434555,0.5672131147540984,0.3836065573770492,22,49,0.0794246045020111,-0.07438575781982526,0.15381036232183637,0.30666666666666664,
2026-05-18,2117.7049039516573,2046.2612246565855,2051.095606064418,-0.00026416093165637644,77,228,0,0.25245901639344265,0.33771929824561403,0.5261437908496732,0.34967320261437906,13,75,0.0761968953683866,-0.07635446477955407,0.15255136014794068,0.25,
2026-05-19,2127.985785185122,2049.066134340221,2051.2905738792324,0.0006528199083852826,192,114,0,0.6274509803921569,1.6842105263157894,0.5392156862745098,0.34967320261437906,19,39,0.07812877971950477,-0.08500777112219704,0.1631365508417018,0.28,
2026-05-20,2141.355193412382,2051.643270315492,2051.637174499072,0.0012519855317987272,161,142,3,0.5261437908496732,1.1338028169014085,0.5588235294117647,0.35294117647058826,16,29,0.06923078612758077,-0.08178471543709505,0.1510155015646758,0.24666666666666667,
2026-05-21,2153.7807164580504,2054.5105421697367,2051.905588498029,0.007538541746531235,183,122,1,0.5980392156862745,1.5,0.5570032573289903,0.3745928338762215,20,22,0.07551447228475701,-0.07427603313493578,0.1497905054196928,0.27,
2026-05-22,2151.966450632201,2058.169069844588,2052.1038330775787,0.015982259423123146,148,159,0,0.4820846905537459,0.9308176100628931,0.5537459283387622,0.38762214983713356,17,14,0.08864347312401902,-0.06033624413707163,0.14897971726109066,0.29333333333333333,
2026-05-25,2169.1523460176945,2061.504372952233,2052.485846196556,0.011788795325301527,232,75,0,0.755700325732899,3.0933333333333333,0.6026058631921825,0.3941368078175896,33,9,0.07621849317761784,-0.058800870790262014,0.13501936396787984,0.27666666666666667,
2026-05-26,2174.761140779874,2065.4106251992685,2053.020421865733,0.013045047016449818,161,146,0,0.5244299674267101,1.1027397260273972,0.5993485342019544,0.39087947882736157,32,9,0.08051877491013848,-0.05055786372334058,0.13107663863347907,0.2866666666666667,
2026-05-27,2198.0352490887967,2069.9458766693388,2053.5773302292328,0.018736942681716107,174,133,0,0.5667752442996743,1.3082706766917294,0.5993485342019544,0.4006514657980456,43,14,0.08605527655072685,-0.05015479213243721,0.13621006868316407,0.3,
2026-05-29,2177.9959928469084,2075.1138052219294,2054.0200027281894,0.014294606949750932,82,225,0,0.2671009771986971,0.36444444444444446,0.5407166123778502,0.3713355048859935,19,45,0.07794054621271523,-0.051063004927726974,0.1290035511404422,0.28,
2026-06-01,2153.6694780529906,2079.78988909737,2054.469195447174,-0.012054876736434461,96,211,0,0.3127035830618892,0.4549763033175355,0.495114006514658,0.36482084690553745,24,63,0.06963755120567093,-0.06333478815274415,0.13297233935841507,0.25193798449612403,
2026-06-02,2136.900921675592,2083.815469403792,2054.831436387732,-0.014480132609871355,157,148,2,0.511400651465798,1.0608108108108107,0.4755700325732899,0.3745928338762215,24,50,0.06903475327626096,-0.0771414464244606,0.14617619970072154,0.24666666666666667,
2026-06-03,2132.5322943821016,2087.1587835188584,2055.3088355759055,-0.014532057361066775,126,181,0,0.41042345276872966,0.6961325966850829,0.4560260586319218,0.36807817589576547,19,59,0.05927594994870522,-0.07709463168792166,0.13637058163662688,0.22333333333333333,
2026-06-04,2148.188140664116,2091.8439229207697,2055.784363822479,-0.020370448126774243,170,137,0,0.5537459283387622,1.2408759124087592,0.44625407166123776,0.3778501628664495,24,41,0.04997310006980306,-0.08809662355476708,0.13806972362457015,0.2,
2026-06-05,2149.183713248188,2096.2187637409174,2056.291801592872,-0.0313575738937133,138,168,1,0.4495114006514658,0.8214285714285714,0.43322475570032576,0.36807817589576547,23,39,0.044493144017369646,-0.08982687851786897,0.13432002253523861,0.19333333333333333,
2026-06-08,2109.6363199960915,2101.175864053883,2056.5026710821257,-0.0486106433952479,54,253,0,0.1758957654723127,0.2134387351778656,0.38762214983713356,0.34527687296416937,10,79,0.023086587323988342,-0.10162679347017396,0.1247133807941623,0.13666666666666666,
2026-06-09,2132.9762918056026,2105.6932012612324,2056.8487736484203,-0.028982578303613726,232,74,1,0.755700325732899,3.135135135135135,0.4234527687296417,0.36807817589576547,30,26,0.04350809218371114,-0.079230926066754,0.12273901825046514,0.19,
2026-06-10,2115.666161931687,2109.1831572757856,2056.9812067072135,-0.011013407982075174,79,228,0,0.25732899022801303,0.34649122807017546,0.38436482084690554,0.3583061889250814,17,55,0.061859259227608786,-0.06352352949675899,0.12538278872436778,0.23333333333333334,
2026-06-11,2098.5026369125912,2113.162975900325,2056.945565220496,-0.021856958367988844,75,232,0,0.24429967426710097,0.3232758620689655,0.3517915309446254,0.3257328990228013,12,84,0.05370246427744678,-0.07280598515160228,0.12650844942904904,0.21,
2026-06-12,2140.4368394422995,2118.74800566576,2057.095784365805,0.0001864603052352809,273,33,1,0.8892508143322475,8.272727272727273,0.4234527687296417,0.3713355048859935,38,11,0.06152022443762525,-0.05957732996562184,0.12109755440324708,0.24262295081967214,
2026-06-15,2175.0216271155045,2123.9527853652603,2057.400635580967,0.016130152337209047,247,60,0,0.8045602605863192,4.116666666666666,0.5211726384364821,0.38762214983713356,85,6,0.0922755254821455,-0.03868666940016971,0.1309621948823152,0.3770491803278688,
2026-06-16,2172.029154581822,2129.1140520689373,2057.741366301973,0.025652417637979097,140,166,1,0.4560260586319218,0.8433734939759037,0.501628664495114,0.3941368078175896,41,7,0.10044765752520757,-0.028914072417113634,0.1293617299423212,0.4411764705882353,
