date,index_close,fwd_return_1d,fwd_return_5d,fwd_return_10d,fwd_return_20d,fwd_drawdown_1d,fwd_drawdown_5d,fwd_drawdown_10d,fwd_drawdown_20d,stress_pct_net_new_lows_share,stress_pct_above200_deterioration_20d,stress_pct_market_drawdown_252,stress_pct_downside_semivariance_20d,stress_pct_above50_failure_days,stress_index
2018-01-01,640.5710144927536,-0.006396391504560506,0.014333980400940582,0.01648355709202698,0.0036909600843866297,0.006396391504560506,0.006396391504560506,0.006396391504560506,0.006396391504560506,,,,,,
2018-01-02,636.4736714975845,0.005844627762949806,0.01708454759599709,0.014089482318982105,0.004052424020390966,-0.0,-0.0,-0.0,-0.0,,,,,,
2018-01-03,640.1936231884059,0.0041736316488789615,0.012644800697373615,0.010384916761293495,-0.0005488395389997569,-0.0,-0.0,-0.0,0.0017817898441678803,,,,,,
2018-01-04,642.8655555555555,0.0074057001873479855,0.011062785984582879,0.0018581506700412476,-0.03202215454388435,-0.0,-0.0,-0.0,0.03202215454388435,,,,,,
2018-01-05,647.6264251207729,0.0032835623387881263,0.007224970977259604,-0.0006952925909230467,-0.043106124800547096,-0.0,0.000430632349254112,0.005506768044170274,0.043106124800547096,,,,,,
2018-01-08,649.7529468599034,-0.003702038812819719,0.0021192001181276066,0.00012713862407465193,-0.06281294910660906,0.003702038812819719,0.003702038812819719,0.008761561250407612,0.06281294910660906,,,,,,
2018-01-09,647.3475362318841,0.0014539450245649732,-0.0029447554621632177,0.00785009418590632,-0.05207958945890745,-0.0,0.0029447554621632177,0.0050783225849012625,0.05933055430862599,,,,,,
2018-01-10,648.2887439613528,0.0026048511067076063,-0.002231664977219827,0.0034333421984908963,-0.04033554607169487,-0.0,0.0043923143032006395,0.006522783840355206,0.060696250322025413,,,,,,
2018-01-11,649.9774396135266,0.003581766829067856,-0.009103920589439984,-0.0066028304364037504,-0.04647186029307859,-0.0,0.009103920589439984,0.009103920589439984,0.06313663988246143,,,,,,
2018-01-12,652.3055072463768,-0.0018022289428412108,-0.00786345036749636,-0.010409603277086843,-0.03620210761233744,0.0018022289428412108,0.012640412408636892,0.012640412408636892,0.06648028981468423,,,,,,
2018-01-15,651.1299033816426,-0.008736578236464454,-0.0019878488445467246,-0.01258514898582097,-0.03427636298716086,0.008736578236464454,0.01085775162001934,0.01258514898582097,0.06479483600062996,,,,,,
2018-01-16,645.4412560386473,0.0021701814449821555,0.01082673172545534,-0.009897606151716198,-0.029324759933951006,-0.0,0.002139868512227694,0.009897606151716198,0.05655233163393991,,,,,,
2018-01-17,646.8419806763284,-0.004300716621797096,0.005677677850521645,-0.010821377198840687,-0.040094666307092464,0.004300716621797096,0.004300716621797096,0.012041655020406217,0.05859535053642562,,,,,,
2018-01-18,644.0600966183575,0.0048381178459955265,0.002524069077479929,-0.0338174672644691,-0.04180144808945341,-0.0,-0.0,0.0338174672644691,0.0545291483292204,,,,,,
2018-01-19,647.1761352657004,0.004109268165092939,-0.0025663331428860126,-0.04244034066404401,-0.04772624858791086,-0.0,0.0025663331428860126,0.04244034066404401,0.05908142328684507,,,,,,
2018-01-22,649.8355555555556,0.003991347941165957,-0.010618407931211271,-0.06293208663177918,-0.05180234782606408,-0.0,0.010618407931211271,0.06293208663177918,0.06293208663177918,,,,,,
2018-01-23,652.4292753623188,-0.0029347767977663253,-0.020502364279381236,-0.05946289432380536,-0.05826728875186071,0.0029347767977663253,0.020502364279381236,0.06665738176945613,0.06665738176945613,,,,,,
2018-01-24,650.514541062802,-0.00742303509871145,-0.016405907591214075,-0.043619128874360036,-0.04926562064070683,0.00742303509871145,0.017619296183246536,0.06391016704708097,0.06391016704708097,,,,,,
2018-01-25,645.6857487922706,-0.00026403415609888015,-0.03625003874010757,-0.04013402803854316,-0.03250841448084951,0.00026403415609888015,0.03625003874010757,0.05690957371148253,0.05690957371148253,,,,,,
2018-01-29,645.5152657004832,-0.003996697365819979,-0.039976600796722495,-0.026063818344098877,-0.030397342147281403,0.003996697365819979,0.039976600796722495,0.056660499862649094,0.056660499862649094,,,,,,
2018-01-30,642.9353365384615,-0.006038560373826107,-0.052875128383155445,-0.021967680533729772,-0.025379017733793696,0.006038560373826107,0.052875128383155445,0.052875128383155445,0.052875128383155445,,,,,,
2018-01-31,639.0529326923078,0.0012351510848269687,-0.0397760327576091,-0.01962135825843847,-0.021558494650399607,-0.0,0.047121111687133954,0.047121111687133954,0.047121111687133954,,,,,,
2018-02-01,639.8422596153846,-0.02744839679912081,-0.02766712558887141,-0.0295935318793642,-0.0307684759141732,0.02744839679912081,0.04829660916276013,0.04829660916276013,0.04829660916276013,,,,,,
2018-02-02,622.2796153846155,-0.0041297444198656885,-0.004030079849090873,-0.008263429066948103,-0.010759447119678578,0.0041297444198656885,0.021436613023949946,0.021436613023949946,0.021436613023949946,,,,,,
2018-02-05,619.7097596153847,-0.017378637937129904,0.014492128487878508,-0.00552018652031816,-0.016876852167845846,0.017378637937129904,0.017378637937129904,0.017378637937129904,0.017378637937129904,,,,,,
2018-02-06,608.9400480769231,0.007708302723056226,0.03263291755464448,0.011877195501988735,0.002868319501896144,-0.0,-0.0,-0.0,-0.0,,,,,,
2018-02-07,613.6339423076923,0.013861229908271877,0.02098955575650918,0.0012711944746561787,-0.008972151912157389,-0.0,-0.0,-0.0,0.008972151912157389,,,,,,
2018-02-08,622.1396634615385,-0.0038060338448924202,-0.001981220980170506,-0.0059040199744909705,-0.016223758038003244,0.0038060338448924202,0.0038060338448924202,0.01241790795645159,0.022521210148744975,,,,,,
2018-02-09,619.7717788461539,0.014390610439497076,-0.0042504789875740245,0.00794445660169707,-0.008266677609685025,-0.0,0.0042504789875740245,0.00864477642320749,0.01878667904011233,,,,,,
2018-02-12,628.6906730769231,0.00019224936807771265,-0.01972643694931908,-0.004449494622753014,-0.023622731203545633,-0.0,0.01972643694931908,0.022708596299727435,0.03270662123462975,,,,,,
2018-02-14,628.8115384615385,-0.003654023768892456,-0.02009980671718925,-0.00348795958187309,-0.021190894753611356,0.003654023768892456,0.02009980671718925,0.02289644384094547,0.03289254703132627,,,,,,
2018-02-15,626.5138461538462,-0.008949169887583208,-0.019312990197282387,-0.0019759063585064185,-0.031640749532738766,0.008949169887583208,0.019312990197282387,0.019312990197282387,0.031640749532738766,,,,,,
2018-02-16,620.9070673076923,-0.0060711426606251395,-0.003930586354470411,-0.0012107751477424822,-0.031243741090446364,0.0060711426606251395,0.010457405407272136,0.010457405407272136,0.031243741090446364,,,,,,
2018-02-19,617.1374519230769,-0.0013750676880593948,0.012246991167891297,-0.002516815579748255,-0.025650745398461905,0.0013750676880593948,0.004413055033323565,0.004413055033323565,0.025650745398461905,,,,,,
2018-02-20,616.2888461538462,-0.0001887070935143731,0.015584366346699241,-0.011419704546631992,-0.02309222018475554,0.0001887070935143731,0.003042170535669353,0.011419704546631992,0.024309104374353296,,,,,,
2018-02-21,616.1725480769231,-0.0028540020125795706,0.01695259093649537,-0.008903131763556837,-0.029080297632864016,0.0028540020125795706,0.0028540020125795706,0.011233117222019584,0.029080297632864016,,,,,,
2018-02-22,614.4139903846153,0.006595793944057737,0.017678508704080276,-0.010230341633055695,-0.033383145640105805,-0.0,-0.0,0.010230341633055695,0.033383145640105805,,,,,,
2018-02-23,618.4665384615384,0.010071669196704214,0.0027305438451057373,-0.01038102785934969,-0.03242861318841772,-0.0,-0.0,0.01671588106998234,0.0397169746035968,,,,,,
2018-02-26,624.6955288461538,0.0019173956051052876,-0.014585182150658405,-0.016083360650683387,-0.031159413141610637,-0.0,0.014585182150658405,0.026520445116523628,0.04929218917692957,,,,,,
2018-02-27,625.8933173076923,0.0011582675561951916,-0.02658968746286572,-0.01925892908218374,-0.031171777554311553,-0.0,0.02658968746286572,0.028383418479777767,0.05111158365616253,,,,,,
2018-02-28,626.6182692307692,-0.002142222522299897,-0.025424708025220788,-0.01776489841940121,-0.023570867021747266,0.002142222522299897,0.02771585264614862,0.029507508446275588,0.05220937878278453,,,,,,
2018-03-01,625.2759134615385,-0.008189384701630553,-0.027424034307922396,-0.029723574173439182,-0.014166712241785118,0.008189384701630553,0.027424034307922396,0.029723574173439182,0.05017464150757045,,,,,,
2018-03-05,620.1552884615385,-0.0073708275610250285,-0.013075867475002112,-0.030069373192473492,-0.01044493058149687,0.0073708275610250285,0.01939347019441351,0.030069373192473492,0.04233192925981066,,,,,,
2018-03-06,615.5842307692308,-0.010288147157266003,-0.0015203531273203508,-0.023192300562098422,0.011375345836480033,0.010288147157266003,0.012111917488630608,0.023192300562098422,0.035220707460051015,,,,,,
2018-03-07,609.2510096153845,0.0023564558027233673,0.007531005462203089,-0.011807352110705938,0.023006062121981863,-0.0,0.0018427285943137806,0.013038293284826308,0.025191736596032133,,,,,,
2018-03-08,610.6866826923077,-0.00418931246736387,0.007859638622992993,-0.020358419561158025,0.02353741187050118,0.00418931246736387,0.00418931246736387,0.020358419561158025,0.027483428913214092,,,,,,
2018-03-09,608.1283253588517,0.006442546044093556,-0.002364380723597681,-0.023392113317810548,0.026889466232427717,-0.0,0.002364380723597681,0.023392113317810548,0.023392113317810548,,,,,,
2018-03-12,612.0462200956937,0.004251484900521296,-0.017218654562630165,-0.022278862824726242,0.02222251854379298,-0.0,0.017218654562630165,0.029643678597622625,0.029643678597622625,,,,,,
2018-03-13,614.6483253588517,-0.0013162698551706375,-0.02170494661824751,-0.015322489617512036,0.01933906230567861,0.0013162698551706375,0.02170494661824751,0.03375166878792479,0.03375166878792479,,,,,,
2018-03-14,613.8392822966507,0.0026834011458667373,-0.01919380889329303,-0.012146782494771302,0.024582677219657123,-0.0,0.020415549134980004,0.03247814894115708,0.03247814894115708,,,,,,
2018-03-15,615.4864593301436,-0.01429110377313103,-0.02799800399061947,-0.005910976499417631,0.025775690185239952,0.01429110377313103,0.02799800399061947,0.03506745005137335,0.03506745005137335,,,,,,
2018-03-16,606.6904784688995,-0.008542858339357973,-0.021077567989667978,0.016033432862600394,0.040595106174071915,0.008542858339357973,0.021077567989667978,0.021077567989667978,0.021077567989667978,,,,,,
2018-03-19,601.5076076555024,-0.0003328160525518653,-0.005148864786239993,0.02023283116192487,0.0446284375854884,0.0003328160525518653,0.012642714569905622,0.012642714569905622,0.012642714569905622,,,,,,
2018-03-20,601.3074162679426,0.0012472025669743037,0.006524061405271064,0.035388384447082366,0.049475862054592756,-0.0,0.012313996813164252,0.012313996813164252,0.012313996813164252,,,,,,
2018-03-21,602.0573684210526,-0.0063171744669136,0.007184932622183116,0.03522937992611741,0.04961481493137443,0.0063171744669136,0.013544306885822532,0.013544306885822532,0.013544306885822532,,,,,,
2018-03-22,598.254066985646,-0.007273077719776255,0.022723232649605185,0.04480805256550613,0.059946866729345905,0.007273077719776255,0.007273077719776255,0.007273077719776255,0.007273077719776255,,,,,,
2018-03-23,593.9029186602871,0.007589805528604776,0.037910052562649454,0.05148594460061018,0.06845039750810855,-0.0,-0.0,-0.0,-0.0,,,,,,
2018-03-26,598.4105263157895,0.01139661847413942,0.02551305924047731,0.045515413011411265,0.05807758062503088,-0.0,-0.0,-0.0,-0.0,,,,,,
2018-03-27,605.2303827751196,0.001904609063810847,0.02867723102566666,0.03520091761791799,0.04694929706620865,-0.0,-0.0,-0.0,-0.0,,,,,,
2018-03-28,606.3831100478468,0.009012822413630994,0.027844387257582426,0.03718109033160477,0.047701313617148244,-0.0,-0.0,-0.0,-0.0,,,,,,
2018-04-02,611.8483333333334,0.007468315171476947,0.02159413144324973,0.03187507953068058,0.04411255045698792,-0.0,-0.0,-0.0,-0.0,,,,,,
2018-04-03,616.4178095238095,-0.0044450370473829715,0.013080027507625713,0.02417407982557318,0.028880226105144846,0.0044450370473829715,0.0044450370473829715,0.0044450370473829715,0.0044450370473829715,,,,,,
2018-04-04,613.6778095238095,0.01451723465252508,0.01950472847781004,0.023911802951665173,0.024926838451136968,-0.0,-0.0,-0.0,-0.0,,,,,,
2018-04-05,622.5867142857143,0.0010934411048957315,0.006341820733940962,0.01360598382126299,0.00475917640388368,-0.0,-0.0,-0.0,-0.0,,,,,,
2018-04-06,623.2674761904763,0.0028770801376492017,0.00908377103554936,0.013895891368812974,0.007744974125226456,-0.0,-0.0,-0.0,-0.0,,,,,,
2018-04-09,625.0606666666666,-0.0009280622970387897,0.010063632680530787,0.014489564974797808,0.00858781402856601,0.0009280622970387897,0.0009280622970387897,0.0009280622970387897,0.0009280622970387897,,,,,,
2018-04-10,624.4805714285714,0.0018685243324512157,0.010950815351913334,0.01613378951436406,0.0065972543123842264,-0.0,-0.0,-0.0,-0.0,,,,,,
2018-04-11,625.6474285714287,0.0014187208435356702,0.004322760209690468,0.012015286869312192,-0.0020364428588870442,-0.0,-0.0,-0.0,0.0020364428588870442,,,,,,
2018-04-12,626.5350476190475,0.0038210912991150092,0.007218385381245751,0.011348888170737537,-0.0020777920225798496,-0.0,-0.0,-0.0,0.003450268734253803,,,,,,
2018-04-13,628.9290952380952,0.0038509148317198427,0.004768801631132691,0.010143092063296333,-0.012783029292953163,-0.0,0.0009176596559336003,0.0009176596559336003,0.012783029292953163,,,,,,
2018-04-16,631.3510476190477,-5.0534107807420625e-05,0.0043818351152009605,0.011859450013923523,-0.016332849915510095,5.0534107807420625e-05,0.004750281557946989,0.004750281557946989,0.016570133950081,,,,,,
2018-04-17,631.319142857143,-0.004699984959686265,0.005126831180848779,0.004595064815908323,-0.013742954849943367,0.004699984959686265,0.004699984959686265,0.004699984959686265,0.016520434687701147,,,,,,
2018-04-18,628.3519523809524,0.004305973199278279,0.007659416837288102,0.0009913309882214616,-0.010917069452508144,-0.0,-0.0,-0.0,0.011876268009034519,,,,,,
2018-04-19,631.0576190476189,0.001379769864800151,0.004100900906339522,-0.008728053660483459,-0.023881903471194343,-0.0,-0.0,0.008728053660483459,0.023881903471194343,,,,,,
2018-04-20,631.9283333333334,0.003464301821446414,0.0053487831463707725,-0.006066616203841635,-0.03864211545989815,-0.0,-0.0,0.010093896271390013,0.03864211545989815,,,,,,
2018-04-23,634.1175238095237,0.0006911742663298082,0.00744499217059702,-0.005817458503260653,-0.042058900302993196,-0.0,0.0015025005128985747,0.013511390557916503,0.042058900302993196,,,,,,
2018-04-24,634.5558095238097,-0.0021921596149149236,-0.0005290539944253769,-0.009385117688623934,-0.0443895062102686,0.0021921596149149236,0.0021921596149149236,0.01419275515711338,0.0443895062102686,,,,,,
2018-04-25,633.1647619047619,0.0007592998437175869,-0.006617400420864006,-0.013884898687319791,-0.04087433798168838,-0.0,0.006617400420864006,0.013884898687319791,0.0422900531419641,,,,,,
2018-04-26,633.6455238095238,0.002624270322087785,-0.012776559163768408,-0.013276012215332145,-0.03361733870131378,-0.0,0.012776559163768408,0.01463308762988702,0.043016690419369064,,,,,,
2018-04-27,635.3083809523808,0.005556581595620003,-0.011354665705653244,-0.022695914604950684,-0.024784888868367938,-0.0,0.015360519330844369,0.022695914604950684,0.0455215000199376,,,,,,
2018-04-30,638.838523809524,-0.00722941463186666,-0.01316444150988616,-0.027861873434147033,-0.03468571572114265,0.00722941463186666,0.020801515607677734,0.028096376392603983,0.05079583043900593,,,,,,
2018-05-02,634.2200952380953,-0.008270375118387019,-0.008860751510178622,-0.01825414070614817,-0.02833701564621338,0.008270375118387019,0.01367093382483564,0.02101891622121288,0.04388366904624219,,,,,,
2018-05-03,628.9748571428571,-0.005445595826678362,-0.007315910576181639,-0.011896606965589918,-0.021433592015791092,0.005445595826678362,0.007315910576181639,0.012854855580569868,0.035910285459211155,,,,,,
2018-05-04,625.5497142857143,0.004068345525276795,-0.000505916929140815,-0.015287277993359716,-0.021733798478503985,-0.0,0.0018805554946568215,0.015287277993359716,0.030631496381392287,,,,,,
2018-05-07,628.0946666666667,0.0037158487179820288,-0.011471503992270704,-0.03277432852857798,-0.036526795930367784,-0.0,0.011471503992270704,0.03277432852857798,0.036526795930367784,,,,,,
2018-05-08,630.4285714285714,-0.0028998413777474585,-0.014893496487650149,-0.03645350857315521,-0.049796057104010805,0.0028998413777474585,0.015131127728680527,0.03645350857315521,0.049796057104010805,,,,,,
2018-05-09,628.6004285714287,-0.006724613993187911,-0.009477365779109292,-0.0353360212396262,-0.03750925430788865,0.006724613993187911,0.012266858294189609,0.0353360212396262,0.04703260281400656,,,,,,
2018-05-10,624.3733333333333,0.0013772285201769652,-0.004614455331974798,-0.02736946149434405,-0.022148150068945438,-0.0,0.005579766074021775,0.02880511049555201,0.04058087957144074,,,,,,
2018-05-11,625.233238095238,-0.006947426400418344,-0.014788842990249962,-0.02061501163223034,-0.020486678571303263,0.006947426400418344,0.014788842990249962,0.03014082820749997,0.04190040166344,,,,,,
2018-05-14,620.8894761904761,0.0002412821114778918,-0.02155003585869375,-0.002137486473898109,-0.010691267113792646,-0.0,0.02155003585869375,0.02335566356070251,0.03519750735484761,,,,,,
2018-05-15,621.0392857142857,0.002582230631065885,-0.02188597071345466,-0.0070194163776925445,-0.004504430936621229,-0.0,0.02188597071345466,0.02359125352471747,0.03543024078301915,,,,,,
2018-05-16,622.6429523809524,-0.0018481890790885691,-0.026106072256346202,-0.01027035137924348,-0.006048257267674995,0.0018481890790885691,0.026106072256346202,0.026106072256346202,0.03791456725714992,,,,,,
2018-05-17,621.4921904761904,-0.00885840346153055,-0.022860494894928696,-0.009651808826314778,-0.004176430673457521,0.00885840346153055,0.024302799345599424,0.024302799345599424,0.03613315908808101,,,,,,
2018-05-18,615.9867619047619,-0.01376243243322639,-0.0059136243033052205,-0.006546600182038564,0.0040301577291161905,0.01376243243322639,0.015582431347859749,0.015582431347859749,0.027518525831028207,,,,,,
2018-05-21,607.5092857142857,-0.00010213443729467642,0.019840104344867937,-0.0038796193199476248,0.013144188645600297,0.00010213443729467642,0.0018453960531271685,0.0038796193199476248,0.013948052528297561,,,,,,
2018-05-22,607.447238095238,-0.0017434396810632746,0.015199203661975913,-0.013847332380503619,0.006968582618343877,0.0017434396810632746,0.0017434396810632746,0.013847332380503619,0.013847332380503619,,,,,,
2018-05-23,606.3881904761905,0.0014782295672297607,0.016260211123598767,-0.002252839450950672,0.011221065118051321,-0.0,-0.0,0.012125031961295885,0.012125031961295885,,,,,,
2018-05-24,607.2845714285714,0.00833131027612688,0.013517707553123204,0.005368237186363256,0.006827263977387865,-0.0,-0.0,0.013583182466586519,0.013583182466586519,,,,,,
2018-05-25,612.3440476190476,0.011787957672410254,-0.0006367413277238443,0.00013103433527295039,0.0001382764483928156,-0.0,0.0006367413277238443,0.02173342483703322,0.02173342483703322,,,,,,
2018-05-28,619.5623333333333,-0.004652285649570209,-0.023258277021820706,-0.008572103394954067,-0.013817522927188186,0.004652285649570209,0.023258277021820706,0.03313083759818458,0.03313083759818458,,,,,,
2018-05-29,616.6799523809524,-0.0007001393560711611,-0.028611661571152136,0.0025327639659347145,-0.012404369253668501,0.0007001393560711611,0.028611661571152136,0.028611661571152136,0.028611661571152136,,,,,,
2018-05-30,616.2481904761904,-0.0012243830021484436,-0.018216840895582287,0.004265906469965941,-0.021442076289013956,0.0012243830021484436,0.027931077861949705,0.027931077861949705,0.027931077861949705,,,,,,
2018-05-31,615.4936666666666,-0.0057507071172523405,-0.008040777488175,0.005528740499205931,-0.02973741847278799,0.0057507071172523405,0.026739434168484233,0.026739434168484233,0.02973741847278799,,,,,,
2018-06-01,611.9541428571429,-0.011114822873827146,0.0007682648489766297,0.01064645600195524,-0.01566850779899842,0.011114822873827146,0.021110125198456675,0.021110125198456675,0.024125449751126293,,,,,,
2018-06-04,605.152380952381,-0.010107647031050826,0.015035882343683582,0.017090111090715565,-0.009104693457991253,0.010107647031050826,0.010107647031050826,0.010107647031050826,0.01315686308000863,,,,,,
2018-06-05,599.0357142857143,0.009993362348218238,0.03206176593334509,0.0211082073621478,0.0008719089192084084,-0.0,-0.0,-0.0,0.003080351151125149,,,,,,
2018-06-06,605.0220952380952,0.009127805171066594,0.02289991140819425,0.013504327651092884,-0.002393754698839956,-0.0,-0.0,-0.0,0.0129443558608614,,,,,,
2018-06-07,610.544619047619,0.003078672070845112,0.013679511898705421,0.0014512362108312082,-0.012469529196989959,-0.0,-0.0,-0.0,0.021872512994710602,,,,,,
2018-06-08,612.4242857142857,0.0029833814247981483,0.009870607911881768,7.241164278637413e-06,-0.013639795992604342,-0.0,-0.0,0.001622440896539068,0.02487460431597488,,,,,,
2018-06-11,614.2513809523809,0.00649648712924189,0.0020237991412568324,-0.005290772581844849,-0.008661200775874067,-0.0,-0.0,0.005290772581844849,0.027775121957852478,,,,,,
2018-06-12,618.2418571428572,0.0010274142212336468,-0.010613278131945458,-0.014899396564869494,-0.007503350656621888,-0.0,0.010613278131945458,0.014899396564869494,0.03405040109463753,,,,,,
2018-06-13,618.8770476190476,3.1547153992672605e-05,-0.00918524251719477,-0.02559878075453592,-0.009769932921168789,-0.0,0.011628744815380787,0.02559878075453592,0.035041812859001986,,,,,,
2018-06-14,618.8965714285714,-0.0006903992266421577,-0.01206325623072868,-0.03507225358321009,-0.010549306977201356,0.0006903992266421577,0.01206325623072868,0.03507225358321009,0.03507225358321009,,,,,,
2018-06-15,618.4692857142857,-0.004809912817548834,-0.009766960906009148,-0.02603775399861763,-0.012580501277161926,0.004809912817548834,0.011380714240396772,0.03440560796169678,0.03440560796169678,,,,,,
2018-06-18,615.4945023696682,-0.006196997690140038,-0.0072997983973737135,-0.025754654639809527,-0.020479809110085734,0.006196997690140038,0.0072997983973737135,0.029738735870991517,0.029738735870991517,,,,,,
2018-06-19,611.6802843601895,0.0024722514797634876,-0.004332096174518463,-0.01981797648577921,-0.008295894821742533,-0.0,0.004332096174518463,0.02368853598362486,0.02368853598362486,,,,,,
2018-06-20,613.1925118483412,-0.002873238513499299,-0.0165656981927077,-0.015686250089112508,-0.014428834642983057,0.002873238513499299,0.0165656981927077,0.02609627091899258,0.02609627091899258,,,,,,
2018-06-21,611.4306635071091,0.0016323304204486355,-0.023289949986772696,-0.013900592364829323,-0.016444116548462562,-0.0,0.023289949986772696,0.023289949986772696,0.023289949986772696,,,,,,
2018-06-22,612.4287203791469,-0.002330399839160946,-0.016431276730066835,-0.013646938337160686,-0.015884626549192205,0.002330399839160946,0.0248816653080276,0.0248816653080276,0.0248816653080276,,,,,,
2018-06-25,611.0015165876778,-0.0032259986168309274,-0.01859056360887401,-0.003388355210876548,-0.005395113037468424,0.0032259986168309274,0.022603941690947704,0.022603941690947704,0.022603941690947704,,,,,,
2018-06-26,609.0304265402843,-0.009844954399588768,-0.015553258523009594,0.00750790922516642,0.008213020076037303,0.009844954399588768,0.019440658611909134,0.019440658611909134,0.019440658611909134,,,,,,
2018-06-27,603.0345497630332,-0.009691112775678246,0.0008942621809906459,0.01624469214603841,0.01901730464847695,0.009691112775678246,0.009691112775678246,0.009691112775678246,0.009691112775678246,,,,,,
2018-06-28,597.1904739336493,0.008666013423519692,0.009613249727302486,0.02541428277616986,0.03137710963234963,-0.0,-0.0,-0.0,-0.0,,,,,,
2018-06-29,602.3657345971563,-0.004520643211123887,0.002830852920627125,0.0138170168060463,0.027679653537989957,0.004520643211123887,0.004661147817628719,0.004661147817628719,0.004661147817628719,,,,,,
2018-07-02,599.642654028436,-0.0001411426621220624,0.015490179566542306,0.005414288664395528,0.03460691095674462,0.0001411426621220624,0.0001411426621220624,0.0001411426621220624,0.0001411426621220624,,,,,,
2018-07-03,599.5580188679245,0.006697937081010075,0.023425510773266156,0.011755042826358864,0.03862994989233437,-0.0,-0.0,-0.0,-0.0,,,,,,
2018-07-04,603.573820754717,-0.001064336520716025,0.015336714920913375,0.001277453907601478,0.031030657408916307,0.001064336520716025,0.001064336520716025,0.0011341252359666765,0.0036409702741492245,,,,,,
2018-07-05,602.9314150943396,0.001889979976758216,0.01565058011385556,-0.0025793790807896455,0.03272517775966577,-0.0,-0.0,0.0025793790807896455,0.0025793790807896455,,,,,,
2018-07-06,604.0709433962264,0.008045881153531997,0.010955151462904489,-0.0022686483157047244,0.04151713093801268,-0.0,-0.0,0.004460927992963382,0.004460927992963382,,,,,,
2018-07-09,608.9312264150944,0.007672040914246114,-0.009922194330276635,-0.0020135805527502493,0.04051521598410823,-0.0,0.009922194330276635,0.01240698402753615,0.01240698402753615,,,,,,
2018-07-10,613.6029716981132,-0.0012586499029124676,-0.011403338908456018,0.0006998563926046142,0.031114283852709423,0.0012586499029124676,0.017460279267607515,0.01992615069836101,0.01992615069836101,,,,,,
2018-07-11,612.8306603773585,-0.0007555412903778036,-0.013846895130160797,0.00272829223499671,0.03119120454144908,0.0007555412903778036,0.016222047242882343,0.018691026253828347,0.018691026253828347,,,,,,
2018-07-12,612.367641509434,-0.0027418323898102948,-0.0179490462089843,0.005815041741018323,0.02869561257439801,0.0027418323898102948,0.0179490462089843,0.0179490462089843,0.0179490462089843,,,,,,
2018-07-13,610.6886320754717,-0.012771384979174738,-0.013080500909930182,0.013673706893988502,0.031057460956174676,0.012771384979174738,0.015249024087329754,0.015249024087329754,0.015249024087329754,,,,,,
2018-07-16,602.8892924528302,0.006164575570172914,0.007987870985731949,0.029035416167726202,0.038804924945956554,-0.0,0.0025096913424684786,0.0025096913424684786,0.0025096913424684786,,,,,,
2018-07-17,606.6058490566038,-0.003727281181930664,0.0122428041459266,0.026562661838481993,0.037853230981359065,0.003727281181930664,0.008621121358527217,0.008621121358527217,0.008621121358527217,,,,,,
2018-07-18,604.344858490566,-0.004912149137640043,0.016807924939145513,0.02971524364720235,0.038655098534936316,0.004912149137640043,0.004912149137640043,0.004912149137640043,0.004912149137640043,,,,,,
2018-07-19,601.3762264150944,0.0022021031006236313,0.02419842662772842,0.03539585617141072,0.0503280969105937,-0.0,-0.0,-0.0,-0.0,,,,,,
2018-07-20,602.7005188679244,0.00830358580261148,0.02710880454645559,0.043885339655611366,0.052383006453911474,-0.0,-0.0,-0.0,-0.0,,,,,,
2018-07-23,607.7050943396226,0.010411812209062399,0.02088075242553411,0.042614604475693874,0.04782847824784864,-0.0,-0.0,-0.0,-0.0,,,,,,
2018-07-24,614.0324056603773,0.0007658160134902392,0.014146662869722881,0.03039315661515607,0.03502558328787808,-0.0,-0.0,-0.0,-0.0,,,,,,
2018-07-25,614.5026415094339,0.002320483753696756,0.012693959588119252,0.02838546845328449,0.03211740747203895,-0.0,-0.0,-0.0,-0.0,,,,,,
2018-07-26,615.9285849056603,0.005049975929885653,0.0109328712606509,0.02274828858571687,0.04235188134215506,-0.0,-0.0,-0.0,-0.0,,,,,,
2018-07-27,619.0390094339624,0.002189562382411081,0.016333746760708312,0.017149260106047448,0.04146477704720142,-0.0,-0.0,-0.0,-0.0,,,,,,
2018-07-30,620.3944339622641,0.0037467794758083706,0.02128931513158805,0.009493850867265063,0.034580344676310215,-0.0,-0.0,-0.0,-0.0,,,,,,
2018-07-31,622.7189150943396,-0.0006677200205641443,0.016019866100491553,0.01099842178426469,0.03177064806873986,0.0006677200205641443,0.0006677200205641443,0.0006677200205641443,0.0006677200205641443,,,,,,
2018-08-01,622.3031132075472,0.0005774350393161765,0.01549481826824306,0.008681870976357864,0.04012677699641154,-0.0,-0.0,-0.0,-0.0,,,,,,
2018-08-02,622.6624528301887,0.010419422255796507,0.011687637884731261,0.014421769847909216,0.03465164707797408,-0.0,-0.0,-0.0,-0.0,,,,,,
2018-08-03,629.1502358490565,0.007076164753725855,0.0008024070320780119,0.008140421630122407,0.011911511624903337,-0.0,-0.0,0.004555143570765363,0.004555143570765363,,,,,,
2018-08-06,633.6022065727699,-0.001432157007918211,-0.011549581582377844,0.005000768020870794,0.0009856453083261218,0.001432157007918211,0.011549581582377844,0.011549581582377844,0.011549581582377844,,,,,,
2018-08-07,632.6947887323943,-0.0011841442213161857,-0.004942269815549127,0.004495785558145116,0.007365617476894126,0.0011841442213161857,0.010131935096311606,0.010131935096311606,0.010131935096311606,,,,,,
2018-08-08,631.94558685446,-0.0031738187478400626,-0.006708992669704927,0.0036289301368359617,0.016497156371028554,0.0031738187478400626,0.00895839891129846,0.00895839891129846,0.00895839891129846,,,,,,
2018-08-09,629.9399061032865,-0.0004521632587354274,0.00270254558896732,0.019167563490667394,0.011598393765855697,0.0004521632587354274,0.005802997826754641,0.005802997826754641,0.005802997826754641,,,,,,
2018-08-10,629.6550704225353,-0.005353255113296096,0.0073321312443737074,0.02390555437126185,0.0010344735283558393,0.005353255113296096,0.005353255113296096,0.005353255113296096,0.005353255113296096,,,,,,
2018-08-13,626.2843661971831,0.0052427848364493546,0.01674373271017826,0.02485056623920312,0.011112188084175134,-0.0,-0.0,-0.0,-0.0,,,,,,
2018-08-14,629.5678403755869,-0.0029575396193602943,0.00948493246913884,0.0205462499613156,0.01421647385362701,0.0029575396193602943,0.0029575396193602943,0.0029575396193602943,0.0029575396193602943,,,,,,
2018-08-16,627.705868544601,0.006271215660873963,0.010407748313685738,0.031174255158979314,0.012850580790694899,-0.0,-0.0,-0.0,-0.0,,,,,,
2018-08-17,631.6423474178404,0.0041628567661233795,0.016420640372493356,0.019942274339299626,-0.005851576135600611,-0.0,-0.0,-0.0,0.005851576135600611,,,,,,
2018-08-20,634.2717840375587,0.0039398255616640565,0.01645278911774084,0.0037406396111794304,-0.015753380702234532,-0.0,5.188753299512072e-05,5.188753299512072e-05,0.015753380702234532,,,,,,
2018-08-21,636.7707042253521,-0.001933907120553302,0.007973330219027464,-0.003995143924567901,-0.03211369633868544,0.001933907120553302,0.003976048158489842,0.003995143924567901,0.03211369633868544,,,,,,
2018-08-23,635.539248826291,-0.0020460980014308516,0.010957387412530606,0.0028569875155370905,-0.049192117063576624,0.0020460980014308516,0.0020460980014308516,0.002065230768503401,0.049192117063576624,,,,,,
2018-08-24,634.2388732394367,0.01225949139584559,0.020552600551561273,0.012821697190851244,-0.04631687473092583,-0.0,-0.0,1.917199485290677e-05,0.04724268221981798,,,,,,
2018-08-27,642.0143192488263,0.004194617805388878,0.003464740705694025,-0.00742681576215698,-0.060138699318203814,-0.0,0.0002592339763971552,0.012129956295857336,0.060138699318203814,,,,,,
2018-08-28,644.707323943662,-0.004435247613176485,-0.012506384598142795,-0.022337100082390093,-0.07504770152282214,0.004435247613176485,0.012506384598142795,0.022337100082390093,0.07504770152282214,,,,,,
2018-08-29,641.8478873239435,0.0010208201671233486,-0.01187380041195596,-0.013405250099477906,-0.08417371181963074,-0.0,0.01187380041195596,0.017981605341385154,0.08417371181963074,,,,,,
2018-08-30,642.5030985915494,0.007425696271828874,-0.008012602704972505,-0.006202341253939703,-0.08735892338639584,-0.0,0.012881470913788329,0.01898304723106159,0.08735892338639584,,,,,,
2018-08-31,647.2741314553991,-0.004689510847912137,-0.007575213033146788,-0.01776971668620586,-0.10207338026879798,0.004689510847912137,0.02015748383306859,0.026214085664700737,0.10207338026879798,,,,,,
2018-09-03,644.2387323943661,-0.011788124208176654,-0.010853950344275609,-0.025289519930536297,-0.11693892197642519,0.011788124208176654,0.015540851979098269,0.025289519930536297,0.11693892197642519,,,,,,
2018-09-04,636.6443661971831,-0.0037974930911599536,-0.009955219285389227,-0.019421371960156475,-0.12111527399821032,0.0037974930911599536,0.009955219285389227,0.019421371960156475,0.12111527399821032,,,,,,
2018-09-05,634.2267136150234,0.004932404838275062,-0.0015498523246932905,-0.028231340683330997,-0.12497418939860216,-0.0,0.006181199255697822,0.028231340683330997,0.12497418939860216,,,,,,
2018-09-06,637.3549765258215,0.007869893038725984,0.0018248835176426503,-0.051900824571267434,-0.13773712432689234,-0.0,0.01105905635092097,0.051900824571267434,0.13773712432689234,,,,,,
2018-09-07,642.3708920187794,-0.007977781838114373,-0.010272318655216717,-0.05838991412388084,-0.12429537237771893,0.007977781838114373,0.018781143796820943,0.05930400146172121,0.14447005349729547,,,,,,
2018-09-10,637.2461971830986,-0.010890241933012468,-0.014593971831849295,-0.053106294219022354,-0.12624292690280348,0.010890241933012468,0.014593971831849295,0.053106294219022354,0.1375899341368454,,,,,,
2018-09-11,630.3064319248825,0.0046601522606897205,-0.009561337890125143,-0.05391490404808663,-0.09802609541492646,-0.0,0.009561337890125143,0.05391490404808663,0.1280946741961595,,,,,,
2018-09-12,633.2437558685446,0.008329050543249616,-0.02672290491494267,-0.07173002058574551,-0.0982023657746437,-0.0,0.02672290491494267,0.07173002058574551,0.13213903841823915,,,,,,
2018-09-14,638.5180751173709,-0.00430030362999434,-0.05362784352118155,-0.08166308445006476,-0.09686051782492144,0.00430030362999434,0.05362784352118155,0.08166308445006476,0.13930778735950322,,,,,,
2018-09-17,635.7722535211267,-0.01230945412658091,-0.048617004834385136,-0.08582881735042114,-0.1084537443183845,0.01230945412658091,0.049540579424719344,0.08582881735042114,0.13559056432547067,,,,,,
2018-09-18,627.9462441314554,-0.005838692421191172,-0.0390826941243364,-0.09402730751326016,-0.10733019521740406,0.005838692421191172,0.0390826941243364,0.09402730751326016,0.12481754605626172,,,,,,
2018-09-19,624.2798591549296,-0.012747833917330142,-0.04478173950063469,-0.10370805474451128,-0.10979430102970233,0.012747833917330142,0.04478173950063469,0.10370805474451128,0.11967761441534364,,,,,,
2018-09-21,616.3216431924883,-0.01954485231211589,-0.04624285920020499,-0.09955337393088914,-0.10583512865768141,0.01954485231211589,0.04624285920020499,0.09955337393088914,0.10831050482502513,,,,,,
2018-09-24,604.2757276995305,0.0009717138578890783,-0.02962390718804997,-0.09053514862177736,-0.08512763718752425,-0.0,0.02962390718804997,0.09053514862177736,0.09053514862177736,,,,,,
2018-09-25,604.8629107981221,-0.0024112863039623678,-0.0391133883043161,-0.0699923028038899,-0.09193038934685838,0.0024112863039623678,0.0391133883043161,0.09141803031275053,0.09193038934685838,,,,,,
2018-09-26,603.4044131455398,-0.011734902603490416,-0.05717933588349089,-0.07723848224702223,-0.08932501925032832,0.011734902603490416,0.05717933588349089,0.08922188351452043,0.08973548097916051,,,,,,
2018-09-27,596.3235211267606,-0.014257953277436175,-0.0616888492197285,-0.04662497227319373,-0.06347028435307445,0.014257953277436175,0.0616888492197285,0.0784070803625081,0.07892677640964474,,,,,,
2018-09-28,587.8211682242991,-0.0024606949805844325,-0.055895271920039735,-0.0285179374276463,-0.04619330206236705,0.0024606949805844325,0.055895271920039735,0.0650769917934998,0.06560420481932594,,,,,,
2018-10-01,586.3747196261683,-0.008816967300821044,-0.0627707564983584,-0.01654886471133077,-0.028265874175714134,0.008816967300821044,0.0627707564983584,0.0627707564983584,0.06329927003479074,,,,,,
2018-10-03,581.2046728971962,-0.021167282264198284,-0.03213585674284869,-0.02474911416742398,-0.01261889590930143,0.021167282264198284,0.054433729611584436,0.054433729611584436,0.05496694448613004,,,,,,
2018-10-04,568.9021495327103,-0.016461776765316016,-0.021275675350548418,-0.014683541584051163,0.02328366934091819,0.016461776765316016,0.03398583511219044,0.03398583511219044,0.03453058077187676,,,,,,
2018-10-05,559.5370093457943,-0.008171515169467902,0.016054244835530307,-0.00679047303438185,0.03490266581227908,0.008171515169467902,0.017817363812502207,0.017817363812502207,0.01837122704508176,,,,,,
2018-10-08,554.9647441860465,-0.009725319236704832,0.028998196575152235,-0.006976265494175071,0.04033852555893591,0.009725319236704832,0.009725319236704832,0.009725319236704832,0.010283745659267485,,,,,,
2018-10-09,549.5675348837209,0.02358150197085207,0.049317594502637396,0.005945816846091967,0.060553947463142466,-0.0,-0.0,-0.0,0.0005639106334942579,,,,,,
2018-10-10,562.5271627906977,-0.010184025015350318,0.007632003548107669,-0.023589145131927225,0.04156081475838169,0.010184025015350318,0.010184025015350318,0.023589145131927225,0.023589145131927225,,,,,,
2018-10-11,556.7983720930232,0.021051752273066437,0.006735434688269759,-0.013098223940610554,0.04392175752998839,-0.0,-0.0,0.013543042803269345,0.013543042803269345,,,,,,
2018-10-12,568.5199534883722,0.004463814200871941,-0.022483758112353702,-0.01766913500980416,0.026999687930489902,-0.0,0.022483758112353702,0.03388152951044909,0.03388152951044909,,,,,,
2018-10-15,571.0577209302326,0.009829414059149943,-0.0349606658097773,-0.01819422644605384,0.023417658382306916,-0.0,0.0349606658097773,0.03817493788148818,0.03817493788148818,,,,,,
2018-10-16,576.6708837209303,-0.01708168715636771,-0.041333317847494166,-0.011914175543601524,0.018539998623122278,0.01708168715636771,0.044354105005604105,0.04753709019791563,0.04753709019791563,,,,,,
2018-10-17,566.8203720930233,-0.0110647415636701,-0.03098467354162815,0.012438048951646685,0.03685446116081015,0.0110647415636701,0.03098467354162815,0.03098467354162815,0.03098467354162815,,,,,,
2018-10-19,560.5486511627906,-0.0085829531133782,-0.019700964072076776,0.03853301200916448,0.05236768621841059,0.0085829531133782,0.020142806931016666,0.020142806931016666,0.020142806931016666,,,,,,
2018-10-22,555.737488372093,-0.008357049287784912,0.0049253637906334635,0.04197819061808539,0.05311104484134033,0.008357049287784912,0.011659930454030687,0.011659930454030687,0.011659930454030687,,,,,,
2018-10-23,551.0931627906976,0.0031609900423708037,0.017373840391482487,0.04764719050411914,0.059430420356807234,-0.0,0.003330716125066635,0.003330716125066635,0.003330716125066635,,,,,,
2018-10-24,552.8351627906977,-0.006471250608701684,0.030687561017388898,0.05428535981019489,0.050224977306862595,0.006471250608701684,0.006471250608701684,0.006471250608701684,0.006471250608701684,,,,,,
2018-10-25,549.2576279069767,0.000450925769658328,0.04481118234938508,0.06672392012593065,0.06072474519385196,-0.0,-0.0,-0.0,-0.0,,,,,,
2018-10-26,549.5053023255814,0.016322672976725405,0.059404298022305735,0.05777675433747276,0.061993173059255335,-0.0,-0.0,-0.0,-0.0,,,,,,
2018-10-29,558.4746976744185,0.003926891901413487,0.036871222642532064,0.045472278773140085,0.04439162369416927,-0.0,-0.0,-0.0,-0.0,,,,,,
2018-10-30,560.6677674418605,0.016288716187847996,0.0297563677290813,0.04238301092662544,0.04618056589644515,-0.0,-0.0,-0.0,-0.0,,,,,,
2018-10-31,569.8003255813953,0.0071431795732277426,0.022895200917640635,0.030821385564840487,0.03722470080933116,-0.0,-0.0,-0.0,-0.0,,,,,,
2018-11-01,573.8705116279069,0.014424451638713531,0.020972916586968537,0.024116450615863316,0.03275669180122076,-0.0,-0.0,-0.0,-0.0,,,,,,
2018-11-02,582.1482790697675,-0.005294074702238194,-0.0015362819349243884,0.01332136200705003,0.022058556250276418,0.005294074702238194,0.00824029811396032,0.00824029811396032,0.00824029811396032,,,,,,
2018-11-05,579.0663425925927,-0.0029619039525076163,0.008295201894684467,0.01068434476219804,0.018293976262714562,0.0029619039525076163,0.0029619039525076163,0.0029619039525076163,0.0029619039525076163,,,,,,
2018-11-06,577.3512037037036,0.009517283032520973,0.01226177724483457,0.011247326351362608,0.007442433861025499,-0.0,-0.0,-0.0,-0.0,,,,,,
2018-11-07,582.8460185185185,0.005250497359937434,0.007748774889244858,-0.0038513126124252173,0.00021525919192511012,-0.0,0.0027315676572347014,0.0038513126124252173,0.0038513126124252173,,,,,,
2018-11-09,585.90625,-0.007940374103902692,0.003078959272889703,-0.005623924634005184,-0.020722566931964836,0.007940374103902692,0.007940374103902692,0.009054270548750298,0.020722566931964836,,,,,,
2018-11-12,581.2539351851852,0.004500407603771572,0.01488050459236212,0.0039861139928563105,-0.0011601673744146002,-0.0,-0.0,0.0011228119921132818,0.012884500582831637,,,,,,
2018-11-13,583.8698148148148,0.0009603865904912467,0.0023694874903938956,-0.001033652542408059,0.016608931404990424,-0.0,-0.0,0.005598026196225403,0.017307019544247737,,,,,,
2018-11-14,584.4305555555555,0.005016516552199368,-0.0010021625989209415,0.0036431474131988217,0.021708611579806192,-0.0,0.0010021625989209415,0.006552120218319524,0.01824987919548149,,,,,,
2018-11-15,587.3623611111111,0.0005922585330668806,-0.011510892189320665,0.006211857198695991,0.016889141955794607,-0.0,0.011510892189320665,0.011510892189320665,0.02315026207479498,,,,,,
2018-11-16,587.7102314814815,0.00373152522804876,-0.008676170331798572,0.008436776091392373,0.021701139095930966,-0.0,0.01209598677100665,0.01209598677100665,0.0237284672206739,,,,,,
2018-11-19,589.903287037037,-0.007882648058050057,-0.010734653538232886,0.008622333023672768,0.018880684380859547,0.007882648058050057,0.015768670806129426,0.015768670806129426,0.02735790573329222,,,,,,
2018-11-20,585.2532870370371,-0.0024065237344610413,-0.003395095396730663,0.007529187070080656,0.03714718010269524,0.0024065237344610413,0.00794867939023891,0.00794867939023891,0.01962999400939991,,,,,,
2018-11-21,583.8448611111112,-0.005555525158930319,0.004649970038178131,-0.0037625735971688057,0.03705147763679273,0.005555525158930319,0.005555525158930319,0.005555525158930319,0.01726501895282473,,,,,,
2018-11-22,580.6012962962963,0.0034616889833560816,0.01792912966665794,0.004082293994699837,0.029196423758638623,-0.0,-0.0,-0.0,0.011774909600423822,,,,,,
2018-11-26,582.6111574074074,0.0016472774508695665,0.01726272072862267,-0.015184036173036763,0.017642794440514198,-0.0,-0.0,0.015184036173036763,0.015184036173036763,,,,,,
2018-11-27,583.5708796296296,-0.0005219303155200583,0.019567031869799578,-0.005125849148255646,0.01626702649897105,0.0005219303155200583,0.0005219303155200583,0.016803633377550864,0.016803633377550864,,,,,,
2018-11-28,583.2662962962962,0.00564652191775683,0.010961497797524977,0.017660839118654348,0.02074913053500116,-0.0,-0.0,0.016290205414082437,0.016290205414082437,,,,,,
2018-11-29,586.5597222222221,0.007588741318848458,-0.008373606615473483,0.01799988792148821,0.02139886611274644,-0.0,0.008373606615473483,0.02181355660635731,0.02181355660635731,,,,,,
2018-11-30,591.0109722222222,0.0028047514628299908,-0.01360294667713513,0.010611368451594716,0.017451656323044018,-0.0,0.015842126137126766,0.02918085198800524,0.02918085198800524,,,,,,
2018-12-03,592.6686111111111,0.00391621637286832,-0.031896142697944496,0.013153390791587505,0.014425024539820752,-0.0,0.031896142697944496,0.031896142697944496,0.031896142697944496,,,,,,
2018-12-04,594.9896296296296,-0.008957905895651819,-0.024218987321285357,0.010170656569177705,0.00224358096499655,0.008957905895651819,0.03567265722651869,0.03567265722651869,0.03567265722651869,,,,,,
2018-12-05,589.6597685185186,-0.01358693113283882,0.006626702733709022,0.02939666007963937,0.0051943010764758935,0.01358693113283882,0.02695622263654729,0.02695622263654729,0.02695622263654729,,,,,,
2018-12-06,581.6481018518518,0.0022752238431043015,0.02659620065874435,0.040968197090658354,0.018913211095005655,-0.0,0.013553441175574,0.013553441175574,0.013553441175574,,,,,,
2018-12-07,582.9714814814815,-0.015792733015972504,0.024548243577126705,0.02501202333129826,0.01681884572207637,0.015792733015972504,0.015792733015972504,0.015792733015972504,0.015792733015972504,,,,,,
2018-12-10,573.7647685185185,0.01187736715241483,0.046533781628633974,0.03333295947598858,0.03572941195171375,-0.0,-0.0,-0.0,-0.0,,,,,,
2018-12-11,580.5795833333333,0.02237020652813504,0.03524319846730428,0.021503097280104688,0.02619979284748908,-0.0,-0.0,-0.0,-0.0,,,,,,
2018-12-12,593.5672685185185,0.005981567972614954,0.022620060926352936,0.0030346961361127356,0.007418267438719539,-0.0,-0.0,0.0011409359278056197,0.0015471428126846432,,,,,,
2018-12-13,597.1177314814814,0.0002757846857392998,0.013999658699975548,0.003338878748010421,-0.0018446638299428608,-0.0,-0.0,0.00708015348111668,0.0074839450592245615,,,,,,
2018-12-14,597.2824074074074,0.005327137575283025,0.0004526675606335573,0.0067684651934301066,-0.004347856417570184,-0.0,-0.0,0.007353910071078107,0.007757590320355168,,,,,,
2018-12-17,600.464212962963,0.0009606764889540376,-0.012613851921819408,0.0012551246038270403,-0.0045759349614307165,-0.0,0.012613851921819408,0.012613851921819408,0.013015393105966444,,,,,,
2018-12-18,601.0410648148148,0.009904034565950237,-0.013272341424258594,-0.007847263779274471,-0.007078073715767963,-0.0,0.013561500196379916,0.013561500196379916,0.013962655999578466,,,,,,
2018-12-19,606.9937962962963,-0.0024985763934070038,-0.01915214216754013,-0.02351120801313933,-0.015150484331327596,0.0024985763934070038,0.023235410454039318,0.02351120801313933,0.023632632159734324,,,,,,
2018-12-20,605.4771759259258,-0.01308785609635843,-0.010513593234965146,-0.021186993087102035,-0.017912792534997002,0.01308785609635843,0.0207887764066097,0.021186993087102035,0.021186993087102035,,,,,,
2018-12-21,597.5527777777778,-0.007803045446163948,0.006312939969660203,-0.007993250247537498,-0.007314943511885774,0.007803045446163948,0.007803045446163948,0.008206543045167214,0.008206543045167214,,,,,,
2018-12-24,592.8900462962963,0.00029313411041731463,0.0140461526148008,0.002319148396215276,-0.0005534721829081324,-0.0,-0.0,0.00040667087028578575,0.0005534721829081324,,,,,,
2018-12-26,593.0638425925927,0.003886128367136532,0.005498049636933011,0.0045978280241048,-0.0031062797795410324,-0.0,-0.0,0.0006995999041076173,0.0031062797795410324,,,,,,
2018-12-27,595.3685648148147,0.0062866442596523076,-0.004444181440363404,0.004370308743549156,-0.005735864984349193,-0.0,0.004444181440363404,0.004567976528077833,0.006965339941543913,,,,,,
2018-12-28,599.1114351851852,0.003694900943967294,-0.010786807963367284,-0.005166292952209273,-0.0255908306182141,-0.0,0.010786807963367284,0.010786807963367284,0.0255908306182141,,,,,,
2018-12-31,601.3250925925926,-0.00017830990847211847,-0.01421644266805211,-0.011041587013618348,-0.04063079208864506,0.00017830990847211847,0.0144283974081314,0.0144283974081314,0.04063079208864506,,,,,,
2019-01-01,601.2178703703704,-0.008139035072791456,-0.01156456655187399,-0.005823750033304487,-0.03859665712482063,0.008139035072791456,0.014252628884611207,0.014252628884611207,0.04045969654496062,,,,,,
2019-01-02,596.324537037037,-0.006040164246879476,-0.0008952992133134385,0.0007752738418447258,-0.028884579224120466,0.006040164246879476,0.006163760877784363,0.006163760877784363,0.032585879084919056,,,,,,
2019-01-03,592.7226388888889,-0.00012434771150615642,0.008853838247528056,0.008562027286355578,-0.01818460308202674,0.00012434771150615642,0.00012434771150615642,0.00012434771150615642,0.026707029683876504,,,,,,
2019-01-04,592.6489351851852,0.00021505767771912154,0.005681803534773211,0.003345072581770747,-0.010654377626752365,-0.0,-0.0,-0.0,0.026585987879121364,,,,,,
2019-01-07,592.7763888888888,0.0025113304701589456,0.003220641722840867,0.0006837722987480532,-0.014070714005109286,-0.0,-0.0,-0.0,0.02679528302549916,,,,,,
2019-01-08,594.2650462962963,0.0025672077827225692,0.005807983328301791,-0.002865973960209822,-0.013792558112358577,-0.0,-0.0,0.002865973960209822,0.029233199271587185,,,,,,
2019-01-09,595.7906481481482,0.003658770270877021,0.001672070058165831,-0.0076688477605000305,-0.010038714506198754,-0.0,0.0018549114396539945,0.0076688477605000305,0.03171897784751965,0.4015748031496063,0.10775862068965517,0.5511811023622047,0.351931330472103,1.0,0.40189531769492576
2019-01-10,597.9705092592592,-0.003268153243343064,-0.0002892499885608357,-0.010062198812448964,-0.007473039787435298,0.003268153243343064,0.0054935819561890975,0.011286323964787237,0.03524878092665751,0.40625,0.17167381974248927,0.5078125,0.3547008547008547,1.0,0.4158274007447504
2019-01-11,596.01625,-0.002232725602264507,-0.0023235291170520256,-0.02053060478480917,-0.013743255664092624,0.002232725602264507,0.0023235291170520256,0.02053060478480917,0.03208548797490385,0.4108527131782946,0.2222222222222222,0.5503875968992249,0.3702127659574468,1.0,0.4403510568824211
2019-01-14,594.6855092592593,0.005096842736749707,-0.00252872530586723,-0.029919564550419664,-0.02119685576106345,-0.0,0.00252872530586723,0.029919564550419664,0.029919564550419664,0.5384615384615384,0.225531914893617,0.576923076923077,0.3813559322033898,1.0,0.48756334333964646
2019-01-15,597.7165277777777,-0.0015553793189929666,-0.008623869995353362,-0.032964886349491906,-0.029624317919191956,0.0015553793189929666,0.008623869995353362,0.03483883920262276,0.03483883920262276,0.25954198473282447,0.2076271186440678,0.5038167938931298,0.3839662447257384,1.0,0.382231671244905
2019-01-16,596.7868518518519,0.0016935601736334238,-0.00932532522158025,-0.029636876370960796,-0.035969865163720915,-0.0,0.00932532522158025,0.033335308933737595,0.035969865163720915,0.34090909090909094,0.2109704641350211,0.5303030303030303,0.39075630252100846,1.0,0.4141016382626183
2019-01-17,597.7975462962962,-0.005296370697778108,-0.009775776467119357,-0.02651956909417552,-0.04600862409522222,0.005296370697778108,0.011000255800090786,0.034969645907775515,0.04600862409522222,0.5488721804511278,0.23529411764705885,0.49624060150375937,0.39330543933054396,1.0,0.4830089861034245
2019-01-18,594.6313888888889,-0.002437940467008959,-0.018249478863267,-0.013952777156218343,-0.05178394831905664,0.002437940467008959,0.018249478863267,0.029831272688542354,0.05178394831905664,0.6567164179104478,1.0,0.5895522388059702,0.39583333333333337,1.0,0.755067052322795
2019-01-21,593.1817129629629,-0.0010448987237295926,-0.027460278746324507,-0.014744404488506446,-0.048611360971221984,0.0010448987237295926,0.027460278746324507,0.027460278746324507,0.049466604488896726,0.7407407407407408,0.9875,0.6074074074074074,0.19502074688796683,1.0,0.7567960279105526
2019-01-22,592.5618981481482,-0.002261835906031795,-0.024552756131040354,-0.010957989464610574,-0.040992435780072056,0.002261835906031795,0.02644301029029883,0.02644301029029883,0.048472354466485346,0.7941176470588236,0.23651452282157678,0.6544117647058825,0.10330578512396695,1.0,0.5508237493739612
2019-01-23,591.2216203703704,0.0012380987357705209,-0.02050274592304835,-0.0023881813448568545,-0.03500880591950739,-0.0,0.02423599222169237,0.02423599222169237,0.04631527611496811,0.7664233576642335,0.9876033057851239,0.6569343065693432,0.10699588477366255,1.0,0.7619057550843964
2019-01-24,591.9536111111112,-0.013808404969170684,-0.016909092132000536,0.002615476469236544,-0.030572888046939473,0.013808404969170684,0.02544259051830755,0.02544259051830755,0.047494571881336434,0.746376811594203,1.0,0.6521739130434783,0.11065573770491804,1.0,0.7588213592830235
2019-01-25,583.779675925926,-0.011797084468939456,0.004376571862751533,0.0069296183769227415,-0.011451555202880104,0.011797084468939456,0.011797084468939456,0.011797084468939456,0.03415783209054091,0.856115107913669,1.0,0.7553956834532375,0.37142857142857144,1.0,0.8410610325066683
2019-01-28,576.8927777777777,0.0019415957968953457,0.013074915070231174,0.00899173766483985,0.0038198734536010193,-0.0,-0.0,-0.0,0.022627688372670707,0.9071428571428573,1.0,0.85,0.540650406504065,1.0000000000000002,0.8921302738764813
2019-01-29,578.0128703703704,0.0018807251344366005,0.013936957382244763,0.003454443776802929,0.005092719484812047,-0.0,-0.0,-0.0,0.024521672992351307,0.8723404255319148,0.9959349593495935,0.8368794326241136,0.5384615384615384,1.0,0.8775458879731741
2019-01-30,579.0999537037037,0.0049115169860893815,0.018493736968422825,-0.006526411235698526,0.011318010331965445,-0.0,-0.0,0.006526411235698526,0.02635283568634883,0.8028169014084505,0.9919028340080972,0.8239436619718309,0.4959677419354838,1.0,0.8470052955277372
2019-01-31,581.944212962963,0.007544394409066957,0.019860389761491515,-0.02001997614159745,0.013764444615928628,-0.0,-0.0,0.02001997614159745,0.031111547777067483,0.7762237762237761,0.9838709677419354,0.7412587412587412,0.40963855421686746,1.0,0.8132318546350438
2019-02-01,586.3346296296296,-0.0032388122444299006,0.0025419216115687426,-0.038366490251584895,0.020960726825504317,0.0032388122444299006,0.0032388122444299006,0.038366490251584895,0.038366490251584895,0.7222222222222221,0.9799196787148594,0.6458333333333333,0.40800000000000003,1.0,0.7801677756380649
2019-02-04,584.4356018518519,0.0027941645821796257,-0.004030479231743822,-0.034373777359907765,0.023872509477923742,-0.0,0.004030479231743822,0.03524181964413431,0.03524181964413431,0.806896551724138,0.9840000000000001,0.6620689655172414,0.45418326693227085,1.0,0.8165215163955094
2019-02-05,586.0686111111112,0.0063833222661797695,-0.010338427383597137,-0.030367209881411616,0.017606489949271165,-0.0,0.010338427383597137,0.03793000155935489,0.03793000155935489,0.7876712328767123,0.9880478087649402,0.6438356164383562,0.45634920634920634,1.0,0.8090499419855991
2019-02-06,589.8096759259258,0.006259944651009208,-0.024565834129323783,-0.03269871503590005,0.00914097446217954,-0.0,0.024565834129323783,0.04403225177236614,0.04403225177236614,0.42857142857142855,0.9722222222222221,0.5442176870748299,0.458498023715415,1.0,0.6745709989428078
2019-02-07,593.5018518518518,-0.009564933180650992,-0.03910375018331236,-0.03310178756969773,0.014282850376453604,0.009564933180650992,0.03910375018331236,0.0499793285926905,0.0499793285926905,0.3783783783783784,0.9802371541501976,0.4391891891891892,0.46062992125984253,1.0,0.6452239534996672
2019-02-08,587.8250462962963,-0.009773316118796727,-0.04080468954095595,-0.01825467564399541,0.031980414933550305,0.009773316118796727,0.04080468954095595,0.04080468954095595,0.04080468954095595,0.8120805369127517,0.9803149606299213,0.6174496644295302,0.5490196078431372,1.0,0.8218220528097984
2019-02-11,582.0800462962962,-0.0035570072812786124,-0.030466091075516233,-0.005125774590789334,0.04019906578650079,0.0035570072812786124,0.031337646144346976,0.031337646144346976,0.031337646144346976,0.92,0.9843137254901961,0.6933333333333332,0.64453125,1.0,0.8805633565244126
2019-02-12,580.0095833333334,-0.008084476892822656,-0.02023801171229045,0.001632635859225351,0.04075403607236039,0.008084476892822656,0.027879807541494106,0.027879807541494106,0.027879807541494106,0.8543046357615894,1.0,0.7218543046357617,0.6575875486381324,1.0,0.869969102046981
2019-02-14,575.3205092592593,-0.008737400239785864,-0.008337703548980002,0.017961646660239028,0.048253698844033854,0.008737400239785864,0.01995666988521627,0.01995666988521627,0.01995666988521627,0.9013157894736843,1.0,0.8289473684210528,0.7286821705426356,1.0,0.9097882995763107
2019-02-15,570.2937037037037,-0.011318160947607847,0.006246212964989395,0.03447460145616965,0.05613960772649307,0.011318160947607847,0.011318160947607847,0.011318160947607847,0.011318160947607847,0.8627450980392157,1.0,0.869281045751634,0.7644787644787645,1.0,0.907839506904679
2019-02-18,563.8390277777778,0.0008997511520516532,0.023509303737284437,0.06169420727924768,0.06738830683140051,-0.0,-0.0,-0.0,-0.0,0.948051948051948,0.9922779922779923,0.9090909090909091,0.8076923076923077,1.0,0.9441533261133719
2019-02-19,564.3463425925926,0.006954948944948747,0.026136596411400648,0.0603197028748681,0.06243809927266719,-0.0,-0.0,-0.0,-0.0,0.8,0.9884615384615385,0.896774193548387,0.8007662835249043,1.0,0.8928977688591845
2019-02-20,568.2713425925926,0.003963449581214418,0.02232240874106406,0.049476152538957985,0.055094556175522946,-0.0,-0.0,-0.0,-0.0,0.5192307692307693,0.9885057471264368,0.8717948717948718,0.7977099236641222,1.0,0.7987920679240039
2019-02-21,570.5236574074074,0.005840638120712782,0.026520470026277776,0.04325404106088038,0.04332317832439658,-0.0,-0.0,-0.0,-0.0,0.4076433121019108,0.9694656488549619,0.8471337579617834,0.7946768060836501,1.0,0.7533870395319046
2019-02-22,573.8558796296296,0.005643596634753223,0.028053162464088066,0.0490068523625149,0.043613512135701304,-0.0,-0.0,-0.0,-0.0,0.2468354430379747,0.9353612167300379,0.8164556962025317,0.7954545454545454,1.0,0.6873650040897084
2019-02-25,577.0944907407408,0.003469006335296676,0.037307822608483754,0.05116916712641184,0.041753304248189016,-0.0,-0.0,-0.0,-0.0,0.25157232704402516,0.9128787878787878,0.761006289308176,0.6905660377358491,1.0,0.6612870563946562
2019-02-26,579.0964351851852,0.0032120601674878735,0.03331243285057006,0.04555836227302712,0.046139088169204756,-0.0,-0.0,-0.0,-0.0,0.4125,0.22264150943396227,0.7125,0.5300751879699248,1.0,0.484780095950572
2019-02-27,580.9565277777778,0.008086121698561932,0.026560841830056692,0.039057633320399576,0.05465061172662167,-0.0,-0.0,-0.0,-0.0,0.4844720496894409,0.9097744360902256,0.670807453416149,0.5318352059925094,1.0,0.7022342499184501
2019-02-28,585.6542129629629,0.007342453607792621,0.016301254113495034,0.029757557451381533,0.04458878726236093,-0.0,-0.0,-0.0,-0.0,0.2530864197530864,0.20599250936329588,0.6049382716049382,0.5335820895522388,1.0,0.4130189760204483
2019-03-01,589.9543518518518,0.014696523130242056,0.020381912787665435,0.02094300453566178,0.033269287783879165,-0.0,-0.0,-0.0,-0.0,0.25766871165644173,0.20522388059701493,0.49079754601226994,0.5353159851301115,1.0,0.39723933060173994
2019-03-05,598.6246296296296,-0.00039604674047577504,0.013362807274576838,0.0053632199489386245,0.016539224326875157,0.00039604674047577504,0.005718973709178288,0.005718973709178288,0.005718973709178288,0.14634146341463414,0.12639405204460966,0.3353658536585366,0.537037037037037,0.9999999999999999,0.3153039727613906
2019-03-06,598.3875462962963,-0.0033428571273833585,0.011851139145470757,0.0019978845927841604,0.01958372543001574,0.0033428571273833585,0.005325035931826316,0.005325035931826316,0.005325035931826316,0.2181818181818182,0.1037037037037037,0.33939393939393936,0.5129151291512916,1.0,0.32940228061904525
2019-03-07,596.3872222222222,-0.0019888271695216453,0.012173454296254604,0.0053535314956632,0.02298034678562999,0.0019888271695216453,0.0019888271695216453,0.0019888271695216453,0.0019888271695216453,0.1927710843373494,0.08487084870848709,0.3795180722891567,0.5404411764705883,1.0,0.32514608925196037
2019-03-08,595.2011111111111,0.011387140854351774,0.013240467118801336,6.627078429133348e-05,0.0286506801622608,-0.0,-0.0,-0.0,-0.0,0.2275449101796407,0.1213235294117647,0.39520958083832336,0.5421245421245421,1.0,0.3494975583554345
2019-03-11,601.97875,0.007716526846147431,0.0005498840590612009,-0.005141377498790511,0.01596501845264764,-0.0,-0.0,0.011193409143502975,0.011193409143502975,0.07738095238095238,0.07326007326007326,0.27976190476190477,0.5437956204379563,1.0000000000000002,0.2701231644151861
2019-03-12,606.6239351851852,-0.0018871903141529645,-0.007894099988880576,-0.008957514330412697,0.003179081963753161,0.0018871903141529645,0.007894099988880576,0.01876513432684568,0.01876513432684568,0.053254437869822494,0.058394160583941604,0.25443786982248523,0.4072727272727273,1.0,0.23774617791174651
2019-03-13,605.4791203703704,-0.0030253818735073157,-0.009737849938092347,0.0005554217890955115,0.01194636726460363,0.0030253818735073157,0.009737849938092347,0.016909856129393885,0.016909856129393885,0.08823529411764706,0.05454545454545455,0.2647058823529412,0.2898550724637681,1.0,0.23520625722521427
2019-03-14,603.6473148148148,-0.0009367439381989806,-0.006737899291513472,0.015006846498392346,0.022234756803893863,0.0009367439381989806,0.006737899291513472,0.013926607561964066,0.013926607561964066,0.39766081871345027,0.050724637681159424,0.27485380116959063,0.26714801444043323,1.0,0.3320435122896025
2019-03-15,603.0818518518519,-0.0012802297581372413,-0.013002043208925174,0.014402642353688044,0.02918846577598755,0.0012802297581372413,0.013002043208925174,0.013002043208925174,0.013002043208925174,0.058139534883720936,0.04693140794223827,0.27906976744186046,0.21582733812949642,1.0,0.21657023749749654
2019-03-18,602.3097685185186,-0.0007879389612104326,-0.005688133743780188,0.012073429362321253,0.023684779316004434,0.0007879389612104326,0.011736839301728419,0.011736839301728419,0.011736839301728419,0.16763005780346824,0.03597122302158273,0.28901734104046245,0.0931899641577061,1.0,0.23515501192717983
2019-03-19,601.8351851851852,-0.0037421036274850605,-0.0010718758365616532,0.011116384761423959,0.013450446235750535,0.0037421036274850605,0.010957534208639763,0.010957534208639763,0.010957534208639763,0.09770114942528735,0.02867383512544803,0.30459770114942525,0.0,1.0,0.20171595982564156
2019-03-20,599.5830555555556,-5.096133933735203e-06,0.010394491727816257,0.017550776411447755,0.015742757363981674,5.096133933735203e-06,0.007242532889753628,0.007242532889753628,0.007242532889753628,0.34285714285714286,0.05,0.3257142857142857,0.007117437722419929,1.0,0.2905506620814612
2019-03-22,599.58,-0.007237473638954883,0.021892253589858468,0.01753295207880079,0.019184281356157795,0.007237473638954883,0.007237473638954883,0.007237473638954883,0.007237473638954883,0.3465909090909091,0.06761565836298933,0.3295454545454546,0.010638297872340425,1.0,0.297890172532334
2019-03-25,595.2405555555555,0.0061205413684291,0.027765696346232716,0.02858251519227073,0.02246977927103133,-0.0,-0.0,-0.0,-0.0,0.4632768361581921,0.08865248226950355,0.42372881355932207,0.07773851590106007,1.0000000000000002,0.36374411082275215
2019-03-26,598.88375,0.0038510689137793985,0.017863171213049478,0.021215472705432115,0.012018468567755125,-0.0,-0.0,-0.0,-0.0,0.12921348314606743,0.10247349823321555,0.34831460674157305,0.08098591549295774,1.0,0.24972500622311955
2019-03-27,601.1900925925926,0.007693613269852184,0.01220133891834596,0.012246292635946787,0.0023410925617772804,-0.0,-0.0,-0.0,-0.0,0.4189944134078212,0.09507042253521127,0.30726256983240224,0.08421052631578947,1.0,0.3346224712886339
2019-03-28,605.8154166666666,0.011374323847113788,0.00708266399136237,0.011384622208272965,-0.007917674940943642,-0.0,-0.0,-0.0,0.007917674940943642,0.027777777777777776,0.0912280701754386,0.25,0.08741258741258742,0.9999999999999999,0.19986925530464839
2019-04-01,612.7061574074074,-0.0015314573258149444,-0.004265911103390474,0.007121045863322628,-0.019222220619353858,0.0015314573258149444,0.00682340252370095,0.00682340252370095,0.019222220619353858,0.022099447513812157,0.06993006993006992,0.1988950276243094,0.09059233449477352,1.0,0.184503798824286
2019-04-02,611.7678240740739,-0.003573432640756491,0.0007947520032451916,0.014575892061945428,-0.023809383835607156,0.003573432640756491,0.005300062016688756,0.005300062016688756,0.023809383835607156,0.14285714285714288,0.09407665505226481,0.20329670329670332,0.09722222222222221,1.0,0.23171291007475442
2019-04-03,609.581712962963,-0.0017328214968295175,0.003293469679610972,0.011472833508729963,-0.024916442893776036,0.0017328214968295175,0.0017328214968295175,0.0017328214968295175,0.024916442893776036,0.23497267759562845,0.10416666666666666,0.22404371584699453,0.10380622837370242,1.0,0.26810436968750023
2019-04-04,608.5254166666666,0.0025977337901450515,4.4411833765023445e-05,0.002308400407216471,-0.030819439232609436,-0.0,-0.0,-0.0,0.030819439232609436,0.36413043478260865,0.12802768166089964,0.23913043478260868,0.10689655172413794,1.0,0.31910800062789235
2019-04-05,610.1062037037037,-2.2612942160771254e-05,0.004271703178625685,-0.0017768342272238558,-0.036799780667142845,2.2612942160771254e-05,0.002546706291393419,0.002546706291393419,0.036799780667142845,0.23783783783783785,0.12758620689655173,0.2162162162162162,0.10652920962199312,1.0,0.27500221078940706
2019-04-08,610.0924074074074,0.0035431032153900865,0.01143574082045462,0.0016228754793476963,-0.037078126086870444,-0.0,0.002524150427700267,0.002524150427700267,0.037078126086870444,0.24193548387096772,0.140893470790378,0.22043010752688172,0.10273972602739725,1.0,0.2803764488651994
2019-04-09,612.2540277777778,-0.0010856211568561758,0.013770196167710802,-0.005942873644995572,-0.047151632045617786,0.0010856211568561758,0.006045832634045012,0.006045832634045012,0.047151632045617786,0.32085561497326204,0.14383561643835616,0.19786096256684493,0.09897610921501707,1.0000000000000002,0.30266437291586556
2019-04-10,611.5893518518518,-0.00496560224003717,0.008152513772197612,-0.009005938887032383,-0.04515174918789422,0.00496560224003717,0.00496560224003717,0.009005938887032383,0.04611607547596952,0.324468085106383,0.2627986348122867,0.2074468085106383,0.10544217687074829,1.0,0.3407576634537004
2019-04-11,608.5524423963134,0.0068358182914687315,0.0022638880300325237,-0.009785365623198095,-0.040017674170072626,-0.0,-0.0,0.009785365623198095,0.041355829837210645,0.38095238095238093,0.91156462585034,0.25396825396825395,0.12203389830508474,1.0,0.557164497577309
2019-04-12,612.712396313364,0.007110790915765053,-0.0060228097502949,-0.019085021390845003,-0.04617662396077882,-0.0,0.0060228097502949,0.019085021390845003,0.047864455408884066,0.16842105263157894,0.25084745762711863,0.1894736842105263,0.12162162162162161,1.0,0.2865024739546678
2019-04-15,617.0692660550458,0.005859341873916124,-0.009701916735854077,-0.02615700127693643,-0.04477979314742042,-0.0,0.013040869767781516,0.02615700127693643,0.05458708894843656,0.17277486910994763,0.2162162162162162,0.17801047120418848,0.11447811447811448,1.0,0.2752007576058837
2019-04-16,620.6848858447488,-0.0066209818745662785,-0.01944530415988388,-0.03783381430396615,-0.02632009315972139,0.0066209818745662785,0.01944530415988388,0.03783381430396615,0.06009431767044182,0.17708333333333337,0.21885521885521886,0.15625000000000003,0.11073825503355705,1.0,0.2736144019594446
2019-04-18,616.5753424657535,-0.010777604976671795,-0.01701969932607561,-0.035976523735466115,-0.02407494630822804,0.010777604976671795,0.01701969932607561,0.035976523735466115,0.053829741538917286,0.28497409326424866,0.2751677852348993,0.18652849740932642,0.14715719063545152,1.0,0.33358833917885083
2019-04-22,609.9301369863015,-0.0014886801168189079,-0.012022037107326744,-0.03305154344348171,-0.009632512743805721,0.0014886801168189079,0.012022037107326744,0.03305154344348171,0.04352119076441885,0.5670103092783505,0.9297658862876255,0.24742268041237112,0.29666666666666663,1.0000000000000002,0.6421985840361264
2019-04-23,609.0221461187214,0.003383071223163947,-0.013141359548973774,-0.035085287179050684,-0.012261590085461571,-0.0,0.013141359548973774,0.035085287179050684,0.042095176900465714,0.33846153846153837,0.9,0.26666666666666666,0.29235880398671094,1.0,0.5626566839073752
2019-04-24,611.0825114155251,-0.004037150331394068,-0.01661629444625834,-0.03863829642239047,0.0008750098167731313,0.004037150331394068,0.01661629444625834,0.03863829642239047,0.04532491072247191,0.17857142857142858,0.27906976744186046,0.2295918367346939,0.29139072847682124,1.0,0.32454525221142017
2019-04-25,608.6154794520548,-0.004163653427320058,-0.018753171263258706,-0.041455120946344404,0.01633980381701705,0.004163653427320058,0.018753171263258706,0.041455120946344404,0.041455120946344404,0.25380710659898476,0.2317880794701987,0.27918781725888325,0.24092409240924093,0.9999999999999999,0.33625605804893793
2019-04-26,606.0814155251143,-0.005748206741367445,-0.01928505016468174,-0.03647429557778292,0.022500480856777028,0.005748206741367445,0.01928505016468174,0.03744738545381332,0.03744738545381332,0.18181818181818182,0.30033003300330036,0.3080808080808081,0.27631578947368424,1.0,0.3418186630998031
2019-04-30,602.5975342465753,-0.002619936248596799,-0.021285400207291305,-0.03053106619243362,0.024498885570429563,0.002619936248596799,0.021285400207291305,0.03188244560118181,0.03188244560118181,0.10050251256281406,0.9177631578947368,0.3467336683417085,0.30819672131147535,1.0,0.505581437894483
2019-05-02,601.0187671232876,-0.00015004963793985304,-0.022236140750662936,-0.02761870616793649,0.02836363614261983,0.00015004963793985304,0.022236140750662936,0.0293393766489789,0.0293393766489789,0.205,0.9344262295081966,0.38,0.32352941176470584,1.0,0.5508051998988959
2019-05-03,600.9285844748857,-0.006201361424206575,-0.02239410908657624,-0.01912299199655676,0.03247249918239192,0.006201361424206575,0.02239410908657624,0.02919370751628203,0.02919370751628203,0.26865671641791045,0.9575163398692811,0.38308457711442784,0.3257328990228013,1.0,0.5786736054761545
2019-05-06,597.2020091324201,-0.004703440488536881,-0.02313581967170497,0.011966457889928561,0.04484275377322744,0.004703440488536881,0.02313581967170497,0.02313581967170497,0.02313581967170497,0.5247524752475248,0.9739413680781759,0.46039603960396036,0.37337662337662336,1.0,0.6829620731318369
2019-05-07,594.3931050228312,-0.007776167686944557,-0.017527259491647018,0.0123457340202493,0.0456776871293989,0.007776167686944557,0.018519484476280712,0.018519484476280712,0.018519484476280712,0.625615763546798,0.9740259740259741,0.5073891625615764,0.37540453074433655,1.0,0.722650412941166
2019-05-08,589.77100456621,-0.003588808751326278,-0.009446743705571081,0.02421952332710231,0.04437725810304083,0.003588808751326278,0.010827513348768747,0.010827513348768747,0.010827513348768747,0.7696078431372548,0.9902912621359223,0.6029411764705882,0.43548387096774194,1.0,0.7952219576002355
2019-05-09,587.6544292237443,-0.00031158622095794897,-0.005504974812022501,0.02365359009488377,0.048445518877307414,0.00031158622095794897,0.007264776490889524,0.007264776490889524,0.007264776490889524,0.624390243902439,0.996774193548387,0.6585365853658537,0.48231511254019294,1.0,0.7646240682300467
2019-05-10,587.4713242009133,-0.006955357463478973,0.0033460488735017613,0.04110139408728153,0.0553025730120158,0.006955357463478973,0.006955357463478973,0.006955357463478973,0.006955357463478973,0.6990291262135923,0.9871382636655949,0.6601941747572816,0.48397435897435903,1.0,0.7861829146193078
2019-05-13,583.3852511415525,0.0010109472057162616,0.03593363158206575,0.060294437982310045,0.06660260452748723,-0.0,-0.0,-0.0,-0.0,0.8743961352657004,0.9967948717948718,0.7053140096618357,0.5623003194888179,1.0000000000000002,0.8614699208776372
2019-05-14,583.9750228310502,0.00038454762835060663,0.030405926068177047,0.06120726843496538,0.06167407391305679,-0.0,-0.0,-0.0,-0.0,0.8076923076923077,0.9936102236421724,0.701923076923077,0.5573248407643312,1.0,0.8380514825576598
2019-05-15,584.1995890410958,0.00037627097951076216,0.03398733669163412,0.056762986253447334,0.05847824729319773,-0.0,-0.0,-0.0,-0.0,0.7990430622009569,0.9936305732484075,0.6985645933014354,0.5206349206349207,0.9999999999999999,0.8303483781999759
2019-05-16,584.4194063926941,0.008585658716823374,0.029319970606584755,0.05757241800686552,0.05161630576652376,-0.0,-0.0,-0.0,-0.0,0.7857142857142857,1.0,0.6952380952380952,0.5221518987341773,0.9999999999999999,0.8276161161980955
2019-05-17,589.4370319634703,0.02529764682979363,0.037629435284236346,0.052601387083147655,0.03168591096635742,-0.0,-0.0,-0.0,-0.0,0.7345971563981043,1.0,0.5924170616113744,0.5236593059936908,1.0,0.7958924519959254
2019-05-20,604.348401826484,-0.004330412089551983,0.023515798365423057,0.03248753516183722,0.0027360310323281123,0.004330412089551983,0.004622889061995927,0.004622889061995927,0.004622889061995927,0.02358490566037736,0.949526813880126,0.30660377358490565,0.5251572327044025,0.9999999999999999,0.5103368372654605
2019-05-21,601.7313242009131,0.0038616121092289735,0.029892435192332423,0.03292546408703778,0.0031295540205296124,-0.0,0.00029374902678092063,0.00029374902678092063,0.00029374902678092063,0.18309859154929575,0.9496855345911949,0.3568075117370892,0.4608150470219436,1.0,0.5613133449644743
2019-05-22,604.0549771689498,-0.0041393764697097435,0.022027010151484783,0.01968106867408448,0.008500995252480825,0.0041393764697097435,0.0041393764697097435,0.0041393764697097435,0.0041393764697097435,0.5093457943925234,0.9028213166144201,0.3130841121495327,0.3,1.0,0.6261739440693801
2019-05-23,601.5545662100456,0.01672774003732358,0.027447682165956167,0.0242190610400983,0.010606613230788708,-0.0,-0.0,-0.0,-0.0,0.5627906976744186,0.878125,0.3627906976744186,0.32087227414330216,1.0,0.6461213180823344
2019-05-24,611.6172146118721,0.011351744536548303,0.014428996797695826,0.013640533962769652,-0.008633223827509418,-0.0,-0.0,-0.0,0.013084556050479756,0.027777777777777776,0.8722741433021807,0.19907407407407407,0.3229813664596273,1.0,0.4484950592865537
2019-05-27,618.5601369863012,0.0018727392168012003,0.008765606559998584,0.005949447926164142,-0.014858560538330456,-0.0,0.0019393986638727156,0.004230328099569802,0.024162019514017752,0.009216589861751152,0.2577639751552795,0.14746543778801843,0.2972136222910217,1.0,0.2523595679086761
2019-05-28,619.7185388127854,-0.0038050120853212466,0.0029449957986522612,0.00043988153113549977,-0.013061460512785561,0.0038050120853212466,0.0038050120853212466,0.006091659227240642,0.025986093554328238,0.11009174311926608,0.2755417956656347,0.14220183486238533,0.27777777777777773,1.0,0.28673221921479214
2019-05-29,617.3605022831051,0.0011425131072442252,-0.0022953810947252684,0.0016231274770812654,-0.005056953690387056,-0.0,0.0022953810947252684,0.0022953810947252684,0.02226580311896409,0.273972602739726,0.2222222222222222,0.16894977168949774,0.2553846153846154,1.0,0.3250296836668623
2019-05-30,618.0658447488585,0.0038448859684676595,-0.003142370343423795,-0.005631871764929963,-0.00538363824929744,-0.0,0.0034339708452689743,0.005631871764929963,0.023381602438953486,0.07272727272727272,0.19692307692307692,0.15454545454545454,0.2515337423312884,1.0,0.25051576953699417
2019-05-31,620.4422374429224,0.005705534092084186,-0.0007772479270753418,-0.019870272235483988,-0.007831576902172843,-0.0,0.007250977631583222,0.019870272235483988,0.02712220661577014,0.05429864253393665,0.21472392638036808,0.14027149321266968,0.25076452599388377,1.0000000000000002,0.2475553618480938
2019-06-03,623.982191780822,-0.003908099473041604,-0.0027916877969678122,-0.028815363979038944,-0.009678373036345889,0.003908099473041604,0.01288300728638625,0.028815363979038944,0.032641503496836144,0.036036036036036036,0.17431192660550457,0.12162162162162163,0.16463414634146342,1.0,0.21669684453241264
2019-06-04,621.543607305936,-0.009010120259583254,-0.0024977583795828817,-0.028846137598944388,-0.005600726722135518,0.009010120259583254,0.009010120259583254,0.028846137598944388,0.028846137598944388,0.06278026905829596,0.14939024390243902,0.13452914798206278,0.1641337386018237,1.0,0.21988503539458581
2019-06-06,615.9434246575344,0.0002926052999141504,0.003927523735538285,-0.01096428458374854,0.006055799507875603,-0.0,-0.0,0.02001636721512945,0.02001636721512945,0.47767857142857145,0.12462006079027356,0.19642857142857142,0.1909090909090909,1.0,0.3581995080215358
2019-06-07,616.1236529680365,0.0062265861949670764,-0.002497349016994388,-0.013290562856237198,-0.0070586749647570945,-0.0,0.002497349016994388,0.020303031740352084,0.020303031740352084,0.6222222222222222,0.1272727272727273,0.19555555555555554,0.16918429003021146,1.0,0.402540347155347
2019-06-10,619.9599999999999,0.003678024889512743,-0.019107875865315704,-0.021974020418462414,-0.03226945726703767,-0.0,0.019107875865315704,0.026365451180971666,0.03226945726703767,0.4778761061946903,0.14199395770392748,0.1504424778761062,0.1686746987951807,1.0,0.3537038638757129
2019-06-11,622.2402283105022,-0.003614499120536574,-0.026096529545145408,-0.02068494446454716,-0.035549265138348995,0.003614499120536574,0.026096529545145408,0.029933380352520467,0.035815750933181456,0.4801762114537445,0.10542168674698797,0.13215859030837004,0.12912912912912913,1.0000000000000002,0.336235489933943
2019-06-12,619.9911415525114,-0.0026267866840932186,-0.026414355898147335,-0.013495405664214144,-0.039349544195338204,0.0026267866840932186,0.026414355898147335,0.026414355898147335,0.039349544195338204,0.5307017543859649,0.11411411411411411,0.15350877192982457,0.1437125748502994,1.0,0.3599478229903352
2019-06-13,618.3625570776255,-0.006109004928320005,-0.01483354920271085,-0.006669256114616995,-0.03292355464968122,0.006109004928320005,0.023850218650818822,0.023850218650818822,0.036819474416357134,0.8034934497816595,0.10778443113772454,0.17467248908296945,0.15223880597014924,1.0,0.44974754425430374
2019-06-14,614.5849771689498,-0.010529212608189176,-0.010820235744342543,0.00024963945301936796,-0.02561591898918769,0.010529212608189176,0.01785026105525722,0.01785026105525722,0.030899233055051822,0.7913043478260868,0.11641791044776119,0.2217391304347826,0.20238095238095238,1.0,0.4615208058341035
2019-06-17,608.1138812785388,-0.0034729736244127896,-0.0029219773333128973,0.012282757059893568,-0.017261299482136727,0.0034729736244127896,0.0073989536026281,0.0073989536026281,0.02058678306264783,0.8528138528138528,0.21428571428571427,0.31601731601731603,0.3916913946587537,1.0,0.5468785185033043
2019-06-18,606.0019178082191,-0.003939662321547188,0.005556592870616717,0.019704791687293444,-0.008466684260150958,0.003939662321547188,0.003939662321547188,0.003939662321547188,0.017173452385409682,0.853448275862069,0.8664688427299703,0.33620689655172414,0.4023668639053255,1.0,0.7416940856441886
2019-06-19,603.6144748858447,0.0092369732805202,0.013269454322994978,0.023935868225182677,-0.008318181711587047,-0.0,-0.0,-0.0,0.01328613294121006,0.9399141630901288,0.8520710059171599,0.3690987124463519,0.39528023598820056,1.0,0.7693136360739793
2019-06-20,609.1900456621005,-0.0020601499318428917,0.008287222003435568,0.017208765898267808,-0.02557031608881044,0.0020601499318428917,0.004683365036980636,0.004683365036980636,0.02557031608881044,0.5170940170940171,0.3126843657817109,0.2863247863247863,0.3970588235294118,1.0,0.46416331013461876
2019-06-21,607.9350228310503,-0.0026286304780379632,0.011190964066770892,0.006315828811285673,-0.03662401736186527,0.0026286304780379632,0.0026286304780379632,0.0026286304780379632,0.03662401736186527,0.7829787234042552,0.32352941176470584,0.32340425531914896,0.3870967741935484,1.0,0.5569309107758778
2019-06-24,606.33698630137,0.005000911228290494,0.015249292480182586,-0.01052675190998531,-0.037644735366570536,-0.0,-0.0,0.01052675190998531,0.037644735366570536,0.7203389830508474,0.8768328445747801,0.33474576271186435,0.39473684210526316,1.0,0.7009183584589327
2019-06-25,609.3692237442923,0.0037003605644760906,0.014070017457980422,-0.015178282606586269,-0.040886983175397296,-0.0,-0.0,0.01545039707406659,0.04243344072468602,0.5696202531645569,0.9122807017543859,0.28270042194092826,0.3965014577259475,1.0,0.6553146044657947
2019-06-26,611.624109589041,0.004274568616173369,0.010526729940077306,-0.026207823744127223,-0.05290113499741078,-0.0,-0.0,0.026207823744127223,0.05290113499741078,0.3025210084033613,0.8775510204081632,0.23949579831932774,0.3982558139534884,1.0,0.5532735852047749
2019-06-27,614.2385388127854,0.000813792984505568,0.008848216758222449,-0.02643057078085731,-0.052327823890107816,-0.0,-0.0,0.03035264788423686,0.05693234240947542,0.08368200836820083,0.8837209302325582,0.21757322175732216,0.3739130434782609,1.0000000000000002,0.4786931191931457
2019-06-28,614.7384018264842,0.001374234175118616,-0.004821181585601297,-0.025859102989881033,-0.048080380669436984,-0.0,0.004821181585601297,0.031141098461284877,0.05769918020591769,0.4,0.8695652173913043,0.2125,0.3757225433526012,1.0,0.575386129849746
2019-07-01,615.583196347032,0.003833540336549701,-0.025388881904264804,-0.02918557718777992,-0.057684937431585204,-0.0,0.025388881904264804,0.03247071027665105,0.05899234508435103,0.19917012448132781,0.8439306358381503,0.2074688796680498,0.37752161383285304,1.0000000000000002,0.5030048863889711
2019-07-02,617.9430593607304,0.00019330592517419198,-0.028842485786025662,-0.027627089896115398,-0.06925000404567982,-0.0,0.029110824720020023,0.036165608295005924,0.06925000404567982,0.15289256198347106,0.835734870317003,0.17355371900826447,0.3793103448275862,1.0000000000000002,0.4808785819475808
2019-07-03,618.0625114155251,0.002606440449267833,-0.036351887184995935,-0.031500068449283436,-0.06674385566180219,-0.0,0.036351887184995935,0.036351887184995935,0.0694298887619722,0.205761316872428,0.8563218390804598,0.17283950617283952,0.335243553008596,1.0,0.4983989936930388
2019-07-04,619.6734545454547,-0.012746742859289228,-0.03496937096488362,-0.04205536112274977,-0.07456984675799938,0.012746742859289228,0.038857049049881076,0.04205536112274977,0.07456984675799938,0.2254098360655738,0.3123209169054441,0.1557377049180328,0.19714285714285712,0.9999999999999999,0.3267259172020435
2019-07-05,611.7746363636363,-0.019321508915716157,-0.021139840413604394,-0.04267034756262744,-0.06153097672181995,0.019321508915716157,0.02644742471269501,0.04267034756262744,0.06262132178501245,0.8122448979591838,0.8371428571428571,0.25306122448979596,0.47008547008547014,1.0,0.7155569443321546
2019-07-08,599.9542272727273,0.000276384721167533,-0.003895600217380335,-0.027406484721978375,-0.0517872083120281,-0.0,0.007266311907279666,0.027406484721978375,0.0517872083120281,0.9024390243902438,0.9344729344729344,0.4634146341463415,0.8181818181818182,0.9999999999999999,0.8466483514515173
2019-07-09,600.1200454545453,-0.0075406125183589134,0.0012514920310264799,-0.026104928551794915,-0.0406292195629645,0.0075406125183589134,0.0075406125183589134,0.027675220435062653,0.052049207427513844,0.8218623481781377,0.9261363636363638,0.4574898785425101,0.8186968838526912,1.0,0.817561399701496
2019-07-10,595.5947727272727,0.004044848980221172,0.005034844847606745,-0.02741171258524222,-0.033081369769027646,-0.0,-0.0,0.02741171258524222,0.04484676700181678,0.8588709677419354,0.9376770538243626,0.5483870967741935,0.8418079096045197,1.0,0.8493029957300439
2019-07-11,598.0038636363637,0.001401252728300273,-0.007342761923474939,-0.02660031460727108,-0.02723211350489163,-0.0,0.007342761923474939,0.03132983710579562,0.04869465346263746,0.8192771084337349,0.9039548022598871,0.5140562248995983,0.83943661971831,1.0,0.8213061751381701
2019-07-12,598.8418181818182,-0.0020452358036574525,-0.02199548826067299,-0.022811153651138727,-0.021705762335174184,0.0020452358036574525,0.02199548826067299,0.0326852894830324,0.05002580739184437,0.8,0.9154929577464789,0.48800000000000004,0.8089887640449439,1.0,0.8108842302310407
2019-07-15,597.6170454545454,0.00544503454059031,-0.023602831700902827,-0.02935613601747844,-0.031187576416183194,-0.0,0.023602831700902827,0.03070284824387759,0.048078904284630464,0.7848605577689243,0.8370786516853933,0.5219123505976095,0.7703081232492996,1.0,0.7836047075458756
2019-07-16,600.871090909091,-0.0037904817581505545,-0.027322227033419244,-0.042805505703688906,-0.030512292607913882,0.0037904817581505545,0.02889055616527647,0.042805505703688906,0.053234077434851645,0.8015873015873015,0.8207282913165267,0.4444444444444444,0.7681564245810055,1.0000000000000002,0.7722387949615327
2019-07-17,598.5935000000001,-0.008320565398114654,-0.03228401243915957,-0.03639007713308562,-0.023970736856860908,0.008320565398114654,0.03228401243915957,0.03916347237315465,0.0496317238204681,0.7391304347826088,0.30446927374301674,0.5019762845849802,0.766016713091922,1.0,0.6100321845179518
2019-07-18,593.6128636363637,-0.013380545003198296,-0.01940000228186689,-0.03394192557239828,-0.00887305953350137,0.013380545003198296,0.024164509422003988,0.03394192557239828,0.04165777466075826,0.8582677165354332,0.8523676880222841,0.5787401574803149,0.7861111111111111,1.0,0.8220782309311321
2019-07-19,585.67,-0.0036853673415216948,-0.0008340098442032318,-0.019701290053194542,-0.0002613706064452659,0.0036853673415216948,0.010930216674919224,0.020840234261614743,0.0286607257888013,0.9490196078431373,0.8888888888888888,0.7294117647058823,0.8642659279778394,1.0,0.8940021954630553
2019-07-22,583.511590909091,0.0016149870046204828,-0.0058923811983170316,-0.025067742286026262,-0.0034358337672771855,-0.0,0.007271648027557309,0.025067742286026262,0.025067742286026262,0.92578125,0.9196675900277009,0.7578125,0.8646408839779006,1.0,0.8998679966062235
2019-07-23,584.4539545454545,-0.00887230637268488,-0.01591819932622407,-0.014913609727556731,-0.012256278715959912,0.00887230637268488,0.01591819932622407,0.026639706510824812,0.026639706510824812,0.8443579766536965,0.9419889502762432,0.7392996108949417,0.8650137741046833,1.0,0.8775364584381051
2019-07-24,579.2685,0.0048824901186113046,-0.004243047285263479,-0.00582945245912414,0.001011663653172512,-0.0,0.007108965876791107,0.017926449086610674,0.017926449086610674,0.9573643410852714,0.9641873278236914,0.8062015503875969,0.8681318681318682,1.0000000000000002,0.930705517900371
2019-07-25,582.0967727272728,0.005299415615757086,-0.01482961791186077,-0.0006490642098015975,0.006269682783597963,-0.0,0.01482961791186077,0.02269811587873294,0.02269811587873294,0.9073359073359073,0.9615384615384616,0.7722007722007721,0.8684931506849314,1.0,0.908810199314399
2019-07-26,585.1815454545455,-0.008729303431398217,-0.01888302884093307,0.001131195183095457,0.009397698142648014,0.008729303431398217,0.020022923732914588,0.02784994307128008,0.02784994307128008,0.7038461538461539,0.9753424657534246,0.7269230769230769,0.8688524590163935,0.9948051948051948,0.840229550737918
2019-07-29,580.0733181818182,-0.008486544765148318,-0.01928901934261773,-0.0018868304500380129,0.015928448963110187,0.008486544765148318,0.01928901934261773,0.01928901934261773,0.01928901934261773,0.9233716475095786,0.9781420765027323,0.7969348659003832,0.8746594005449592,0.9948186528497408,0.9226709512628783
2019-07-30,575.1505000000001,0.002886438182069462,0.0010208395257176317,0.01284296260480744,0.02253283530695449,-0.0,0.010894934930470224,0.010894934930470224,0.010894934930470224,0.9885496183206108,0.9863760217983653,0.8778625954198473,0.875,0.9974160206718345,0.9585220156106721
2019-07-31,576.8106363636364,-0.005801100313841734,-0.0015931650484947157,0.012888348263657257,0.028715944600673726,0.005801100313841734,0.013741708520379481,0.013741708520379481,0.013741708520379481,0.8555133079847909,0.9809782608695652,0.8555133079847909,0.8753387533875338,0.9999999999999999,0.9112794936658617
2019-08-01,573.4645,0.001163185261765065,0.014394011391209771,0.02594964702691449,0.027307354932230243,-0.0,0.007986941253952717,0.007986941253952717,0.007986941253952717,0.9204545454545454,0.9945799457994579,0.8901515151515151,0.8837837837837839,1.0,0.9423089763927831
2019-08-02,574.1315454545455,-0.009139495589148505,0.02039942699226205,0.019830608007026962,0.02293677493063262,0.009139495589148505,0.009139495589148505,0.009139495589148505,0.009139495589148505,0.9245283018867926,0.9891891891891892,0.8830188679245283,0.8598382749326144,0.9999999999999999,0.9380735167535834
2019-08-05,568.8842727272727,0.012047026020790108,0.017744462166534358,0.02218811445368707,0.035893595432809455,-0.0,-0.0,-0.0,-0.0,0.9774436090225563,0.9730458221024259,0.9210526315789472,0.7580645161290321,1.0,0.9437751441661689
2019-08-06,575.7376363636364,0.00026756189766996563,0.011810066896000837,0.002697561389374048,0.033565929766700364,-0.0,-0.0,-0.0,-0.0,0.6704119850187266,0.9489247311827956,0.8614232209737829,0.7587131367292226,0.9821428571428572,0.827346350901886
2019-08-07,575.8916818181818,0.010118695774307795,0.014504621568276255,0.00688122991494633,0.04278918912932017,-0.0,-0.0,-0.0,-0.0,0.7686567164179106,0.9410187667560322,0.8582089552238807,0.7406417112299465,0.9821882951653944,0.8538622000539863
2019-08-08,581.7189545454545,0.007090271723685593,0.011391663895823356,0.006923240621102611,0.040561104150441674,-0.0,0.004710412721169566,0.007612319538417345,0.007612319538417345,0.3754646840148698,0.9224598930481284,0.762081784386617,0.7413333333333333,0.982233502538071,0.7080166212668242
2019-08-09,585.8435000000001,-0.011717603452427006,-0.0005574473781426725,0.008257162497109727,0.02855492498349821,0.011717603452427006,0.011717603452427006,0.014599079819268446,0.014599079819268446,0.37777777777777777,0.9173333333333333,0.6888888888888889,0.7420212765957447,0.9822784810126584,0.6962996647362989
2019-08-13,578.9788181818182,0.006145852093505821,0.0043661768276226365,0.017848957369414276,0.047937429845835045,-0.0,-0.0,0.002915640688236021,0.002915640688236021,0.7970479704797048,0.9335106382978724,0.8081180811808117,0.8143236074270558,0.9823232323232324,0.8621198233376649
2019-08-14,582.5371363636364,0.0029313776874309028,-0.009006142362846692,0.009567004027186021,0.043636103829117534,-0.0,0.009006142362846692,0.009006142362846692,0.009006142362846692,0.6691176470588236,0.9416445623342176,0.7426470588235294,0.8148148148148148,0.982367758186398,0.8136745744201873
2019-08-16,584.2447727272727,0.00701919610003543,-0.00751439815182442,0.01562620042391516,0.024349764708089694,-0.0,0.011902628949353788,0.011902628949353788,0.011902628949353788,0.553113553113553,0.917989417989418,0.7142857142857143,0.7915567282321899,0.9824120603015075,0.7625120988164508
2019-08-19,588.345701357466,-0.004808020648431999,-0.004418093834695713,0.0013233669988095276,0.022238595217513257,0.004808020648431999,0.01878993481223523,0.01878993481223523,0.01878993481223523,0.48175182481751827,0.899736147757256,0.6277372262773723,0.7473684210526315,0.9824561403508771,0.7159196698609196
2019-08-20,585.5169230769231,-0.006848958309183528,0.008819526297063174,0.0030457675021893227,0.015326282281714176,0.006848958309183528,0.014049464278152013,0.014049464278152013,0.014049464278152013,0.8,0.9263157894736841,0.6909090909090909,0.6089238845144357,0.9825,0.8184896645958903
2019-08-21,581.5067420814479,-0.007250162026422258,0.013424168249450918,0.013407983115169886,0.0718742742105909,0.007250162026422258,0.007250162026422258,0.007250162026422258,0.007250162026422258,0.894927536231884,0.8923884514435696,0.7644927536231885,0.6387434554973822,0.9825436408977556,0.8537282506221621
2019-08-22,577.2907239819004,0.004441091461323765,0.018741938960466387,0.030785323078430515,0.11485289386775688,-0.0,-0.0,-0.0,-0.0,0.9566787003610109,0.9083769633507853,0.8339350180505416,0.6840731070496084,0.9825870646766169,0.8941452647892202
2019-08-23,579.8545248868778,0.010160841559183398,0.023315802801217478,0.0356625569605733,0.10994280933811695,-0.0,-0.0,-0.0,-0.0,0.762589928057554,0.8616187989556137,0.7805755395683452,0.6067708333333334,0.9826302729528537,0.800918663798012
2019-08-26,585.7463348416289,0.00842441487419765,0.005766939714302088,0.03340658172572342,0.08520486935123506,-0.0,-0.0,-0.0,-0.0,0.31899641577060933,0.8333333333333335,0.6738351254480287,0.6077922077922078,0.9826732673267327,0.6345203270518126
2019-08-27,590.6809049773756,-0.0023158333721464697,-0.005723282157381382,0.020131533145886893,0.08485960940349035,0.0023158333721464697,0.005723282157381382,0.005723282157381382,0.005723282157381382,0.2,0.8285714285714285,0.5714285714285715,0.6088082901554404,0.982716049382716,0.5796623163612726
2019-08-28,589.3129864253393,-0.002040876342166098,-1.5970740375070847e-05,0.029560842263063325,0.08766114543963699,0.002040876342166098,0.0034153581856992687,0.0034153581856992687,0.0034153581856992687,0.2811387900355872,0.7927461139896372,0.604982206405694,0.5581395348837208,0.9827586206896552,0.5941657220046591
2019-08-29,588.1102714932126,0.008950748532168706,0.01182182028380363,0.03374624929898595,0.08494285334616869,-0.0,0.0013772927276772817,0.0013772927276772817,0.0013772927276772817,0.375886524822695,0.2816537467700258,0.624113475177305,0.43298969072164945,0.9828009828009828,0.4632000212892551
2019-08-30,593.3742986425339,-0.007162426835342628,0.012065438768323444,0.008589345450652264,0.06687388043059128,0.007162426835342628,0.010236417659505559,0.010236417659505559,0.010236417659505559,0.07420494699646643,0.28350515463917525,0.5265017667844524,0.43444730077120824,0.9828431372549019,0.35250351152002246
2019-09-03,589.124298642534,-0.003096166893004182,0.02748115981946353,0.020887586276340908,0.06955495175244897,0.003096166893004182,0.003096166893004182,0.003096166893004182,0.003096166893004182,0.7288732394366196,0.2544987146529563,0.6056338028169014,0.49999999999999994,0.9828850855745721,0.5737100268016605
2019-09-04,587.3002714932127,0.0034110373596922816,0.026003641480580875,0.012243224763418548,0.06280041619253107,-0.0,-0.0,-0.0,-0.0,0.5298245614035088,0.2487179487179487,0.656140350877193,0.5115089514066496,0.9829268292682927,0.5172544527902453
2019-09-05,589.3035746606334,0.009772943889823527,0.02957728537458415,0.05769274770828048,0.05472398155831759,-0.0,-0.0,-0.0,-0.0,0.5559440559440559,0.16112531969309465,0.6013986013986014,0.3801020408163265,0.9829683698296837,0.4759427207065654
2019-09-06,595.0628054298643,0.009193675742656948,0.021668270614121354,0.08155681780398205,0.053433584529469114,-0.0,-0.0,0.0009613854267538358,0.0009613854267538358,0.4320557491289199,0.19897959183673472,0.5017421602787456,0.3816793893129771,0.9830097087378641,0.4324331320881614
2019-09-09,600.5336199095022,0.00796041650137247,-0.0034346527255209036,0.0717224465423747,0.03924532460115393,-0.0,0.0034346527255209036,0.010062549353510142,0.010062549353510142,0.2013888888888889,0.15012722646310434,0.39583333333333326,0.383248730964467,0.9830508474576272,0.32846249592373683
2019-09-11,605.3141176470588,-0.0045297150232459504,-0.006417220870776008,0.05012382206721755,0.03665743138054056,0.0045297150232459504,0.011305076112458456,0.01788062860388928,0.01788062860388928,0.25259515570934254,0.13451776649746192,0.3252595155709342,0.38481012658227853,0.9830917874396136,0.32985637180685745
2019-09-12,602.57221719457,0.006905989601441842,-0.01341166459926535,0.0634507160640303,0.045628868790258625,-0.0,0.01341166459926535,0.01341166459926535,0.01341166459926535,0.32758620689655177,0.1670886075949367,0.3551724137931035,0.4040404040404041,0.983132530120482,0.37023434585288223
2019-09-13,606.7335746606335,0.0020160622730784894,0.027307772551982135,0.056432122116129024,0.03951485687140033,-0.0,0.020178303049671498,0.020178303049671498,0.020178303049671498,0.28522336769759454,0.10606060606060608,0.29896907216494845,0.20151133501259444,0.983173076923077,0.30591785552773315
2019-09-16,607.9567873303168,-0.015602740281686955,0.05861838809368303,0.049525310570075476,0.039236000853899,0.015602740281686955,0.022149710127801647,0.022149710127801647,0.022149710127801647,0.4828767123287671,0.11083123425692695,0.29109589041095885,0.20351758793969846,0.9832134292565948,0.3697098764475925
2019-09-17,598.4709954751131,0.004943744651245252,0.07541612747567816,0.057788172404197535,0.07058103278660033,-0.0,0.006650739608913714,0.006650739608913714,0.006650739608913714,0.4914675767918089,0.21105527638190952,0.385665529010239,0.5714285714285714,0.9832535885167464,0.46041007643400356
2019-09-18,601.4296832579187,-0.011537446072847346,0.05690622273822643,0.047671620392232494,0.07449266922389963,0.011537446072847346,0.011537446072847346,0.011537446072847346,0.011537446072847346,0.5408163265306122,0.22305764411027568,0.31292517006802717,0.5725,0.9832935560859188,0.4688780634471434
2019-09-19,594.4907207207208,0.04846399681641356,0.07790724652352132,0.049945695058545736,0.08870496618575929,-0.0,-0.0,-0.0,-0.0,0.5694915254237288,0.1875,0.43728813559322033,0.6708229426433916,0.9833333333333333,0.49834693264333735
2019-09-20,623.3021171171172,0.03255582896296194,0.02835016958140746,-0.002806832283189342,0.04205414314257183,-0.0,-0.0,0.002806832283189342,0.002806832283189342,0.030405405405405404,0.08728179551122196,0.06418918918918919,0.6144278606965174,0.9833729216152018,0.2332110048475165
2019-09-23,643.5942342342341,1.7287485708061823e-05,-0.008589570732832397,-0.026002548189391406,0.01154122206966246,-0.0,0.012336125833858569,0.034247699014655186,0.034247699014655186,0.0,0.03233830845771144,0.0,0.5707196029776676,0.9834123222748815,0.19247273023456302
2019-09-24,643.6053603603602,-0.012353199763802336,-0.016391752570103946,-0.030303668683995033,0.012311152231197608,0.012353199763802336,0.016391752570103946,0.03426439415513893,0.03426439415513893,0.03355704697986577,0.05459057071960298,0.0033557046979865775,0.5717821782178217,0.983451536643026,0.21035837787887499
2019-09-25,635.6547747747748,0.008103582770861983,-0.008737390458416372,-0.012823621751735681,0.045954234839192365,-0.0,0.008737390458416372,0.022185253256626347,0.022185253256626347,0.44147157190635455,0.09405940594059406,0.013377926421404682,0.725925925925926,0.9834905660377359,0.37272769935583555
2019-09-26,640.8058558558558,0.00026058123604211225,-0.025940591414667202,-0.0167585079445266,0.03744279732736788,-0.0,0.025940591414667202,0.030045360958084077,0.030045360958084077,0.14,0.08395061728395062,0.006666666666666666,0.7266009852216748,0.9835294117647058,0.27223859054363997
2019-09-27,640.9728378378378,-0.004534984370955786,-0.030298047091565472,-0.016013584678627235,0.04186858609859834,0.004534984370955786,0.030298047091565472,0.030298047091565472,0.030298047091565472,0.11295681063122924,0.10098522167487685,0.006644518272425249,0.7174447174447175,0.9835680751173709,0.26743748335141165
2019-09-30,638.066036036036,-0.007852628431099351,-0.017563843331192652,-0.009803774728012526,0.05110223088366017,0.007852628431099351,0.02588043006647478,0.02588043006647478,0.02588043006647478,0.5496688741721855,0.1031941031941032,0.016556291390728478,0.7524509803921567,0.9836065573770492,0.4137628665167017
2019-10-01,633.0555405405406,-0.0046674099514347756,-0.014143757080363972,0.012093971851969698,0.054683963772933275,0.0046674099514347756,0.018170487723882967,0.018170487723882967,0.018170487723882967,0.7194719471947195,0.14950980392156862,0.0429042904290429,0.7799511002444988,0.983644859813084,0.48899535078576756
2019-10-03,630.1008108108108,-0.009391890529743652,-0.004122248992332045,0.025600625529615728,0.05813701495397172,0.009391890529743652,0.01356639771213497,0.01356639771213497,0.01356639771213497,0.549342105263158,0.15647921760391198,0.04605263157894737,0.7609756097560976,0.9836829836829837,0.43469573289190605
2019-10-04,624.182972972973,-0.004214085411256785,0.009426615449950937,0.03691550078221173,0.060930394089224515,0.004214085411256785,0.004214085411256785,0.004214085411256785,0.004214085411256785,0.701639344262295,0.2073170731707317,0.09180327868852459,0.7980535279805353,0.9837209302325581,0.5097233593046709
2019-10-07,621.5526126126126,0.008537541993792086,0.014730776162814596,0.04498724708320623,0.05686375576518432,-0.0,-0.0,-0.0,-0.0,0.7614379084967321,0.22627737226277372,0.10784313725490197,0.8300970873786407,0.9837587006960556,0.5407139269234834
2019-10-09,626.859144144144,-0.004398735207335913,0.007898801922653798,0.038546066203009044,0.049846879030450264,0.004398735207335913,0.004398735207335913,0.004398735207335913,0.004398735207335913,0.5472312703583061,0.22815533980582525,0.07166123778501628,0.8305084745762712,0.9837962962962963,0.4672062270231462
2019-10-10,624.1017567567567,0.005450427890635545,0.026614153047943345,0.04394656300014943,0.044176250247034865,-0.0,-0.0,-0.0,-0.0,0.6461038961038961,0.27360774818401934,0.10064935064935066,0.8333333333333333,0.9838337182448036,0.5168748439255952
2019-10-11,627.5033783783783,0.004085280716484396,0.02984590678110144,0.05954139289194571,0.038679097699023446,-0.0,-0.0,-0.0,-0.0,0.546925566343042,0.3212560386473429,0.06472491909385113,0.8337349397590361,0.9838709677419355,0.49362144858067836
2019-10-14,630.0669058295963,0.0010183985016327668,0.027232178061807666,0.055125120033926,0.03212437393143075,-0.0,-0.0,-0.0,-0.0,0.5483870967741935,0.3060240963855422,0.04838709677419355,0.8221153846153847,0.9839080459770115,0.4857804624205685
2019-10-15,630.7085650224216,0.0017472655293369055,0.029817239834595277,0.05882415638667249,0.033203312449487044,-0.0,-0.0,-0.0,-0.0,0.48553054662379425,0.7716346153846154,0.04501607717041801,0.8225419664268585,0.9839449541284404,0.6010259026481312
2019-10-16,631.8105803571428,0.014088266876437938,0.030407084740941226,0.06150902624875476,0.033532880312723945,-0.0,-0.0,-0.0,-0.0,0.2852564102564103,0.31894484412470026,0.04487179487179487,0.8229665071770335,0.9839816933638444,0.4048051748966911
2019-10-17,640.7116964285714,0.008615558786399635,0.016883081049240634,0.04208106470887363,0.020416400790917555,-0.0,-0.0,-0.0,-0.0,0.05750798722044728,0.215311004784689,0.012779552715654952,0.5918854415274463,0.9840182648401826,0.2688402402797076
2019-10-18,646.2317857142856,0.0015369319610558652,0.0288348828842373,0.03172422930958563,0.013872455095446323,-0.0,-0.0,-0.0,-0.0,0.003184713375796178,0.1646778042959427,0.006369426751592356,0.5928571428571429,0.9840546697038723,0.23581271920144564
2019-10-22,647.225,0.0035374924816387043,0.027153493210023028,0.023159932789987847,0.011887770867936132,-0.0,-0.0,-0.0,-0.0,0.025396825396825397,0.15,0.009523809523809523,0.41330166270783847,0.984090909090909,0.21744870552564743
2019-10-23,649.5145535714286,0.0023210328922851353,0.02816705278378917,0.01136521877671548,0.0035606949860769177,-0.0,-0.0,-0.0,-0.0,0.034810126582278486,0.34441805225653205,0.012658227848101267,0.4146919431279621,0.9841269841269842,0.2778323122852067
2019-10-24,651.0220982142857,0.0007784462550131099,0.030184130105853413,0.01088137849171944,-0.0032831615395984004,-0.0,-0.0,-0.0,0.0032831615395984004,0.02839116719242902,0.8838862559241706,0.015772870662460567,0.41607565011820336,0.9841628959276018,0.4338070223211127
2019-10-25,651.5288839285714,0.02047018938352907,0.02477962720515814,0.00022001820306316588,0.005686076164121312,-0.0,-0.0,-0.0,0.0040584485105673584,0.056603773584905655,0.8534278959810875,0.018867924528301886,0.41745283018867924,0.9841986455981941,0.4345998008793359
2019-10-27,664.8658035714286,-9.984560525577724e-05,0.002808367478023488,-0.019689929372159853,-0.015565171113343657,9.984560525577724e-05,9.984560525577724e-05,0.0198439615298307,0.024036604056914435,0.006269592476489029,0.8160377358490567,0.021943573667711602,0.20941176470588235,0.9842342342342343,0.3829090560554822
2019-10-29,664.7994196428572,0.004527748601937942,-0.0038879879652208293,-0.02179906976506807,-0.011483122561067982,-0.0,0.0038879879652208293,0.02179906976506807,0.023939148670446997,0.00625,0.7670588235294118,0.025,0.2112676056338028,0.9842696629213483,0.3693028019837045
2019-10-30,667.8094642857143,0.004287405009929746,-0.01634154096027729,-0.024197449390103376,-0.011718817894218692,-0.0,0.01634154096027729,0.02620815443241531,0.0283385872734766,0.012461059190031152,0.2699530516431925,0.024922118380062305,0.21311475409836067,0.9843049327354261,0.2264776104079241
2019-10-31,670.6726339285714,-0.004471789948084504,-0.018737185955437496,-0.026355071171552225,-0.019263643036405154,0.004471789948084504,0.020540878903089532,0.03036537079945112,0.03248670860617209,0.037267080745341616,0.23185011709601874,0.02795031055900621,0.1658878504672897,0.9843400447427293,0.2180694727027292
2019-11-01,667.6735267857142,-0.0014086760618075012,-0.023965746732373505,-0.020789806716244752,-0.018088663012765238,0.0014086760618075012,0.023965746732373505,0.02600989162327838,0.028140758217817474,0.061919504643962855,0.14953271028037382,0.04024767801857585,0.12121212121212122,0.984375,0.1984200102722909
2019-11-04,666.7329910714286,-0.006776781158178147,-0.022435290310515277,-0.017302854490570008,-0.016473919101396506,0.006776781158178147,0.022588891100722375,0.024635919591660227,0.026769792121351,0.06481481481481481,0.11421911421911421,0.0462962962962963,0.10232558139534884,0.9844097995545656,0.18768190707172794
2019-11-05,662.2146875,-0.00803101928869776,-0.01798099167909828,-0.01101700874008471,-0.005837149947797604,0.00803101928869776,0.01798099167909828,0.01798099167909828,0.02012942366217152,0.23384615384615387,0.11395348837209303,0.06461538461538462,0.0765661252900232,0.9844444444444445,0.241433426130453
2019-11-06,656.8964285714285,0.001841519374113476,-0.00798641882010076,-0.007716820438098959,-0.000918822819426679,-0.0,0.01003052775225477,0.01003052775225477,0.012196353523875825,0.2116564417177914,0.10440835266821345,0.08895705521472394,0.1087962962962963,0.9844789356984479,0.2391083056768774
2019-11-07,658.1061160714287,-0.009776362461085486,-0.007763348520989366,-0.01401206940071642,-0.008324618187050326,0.009776362461085486,0.011850224707980805,0.01401206940071642,0.01401206940071642,0.21406727828746178,0.11342592592592593,0.0856269113149847,0.11085450346420324,0.9845132743362832,0.2422615021482367
2019-11-08,651.6722321428572,0.00015715064910626353,0.0032539227035282003,0.005464855593350526,0.0004486397563192579,-0.0,0.0020943372469370836,0.00427752558013883,0.00427752558013883,0.40548780487804875,0.13856812933025403,0.1371951219512195,0.21428571428571427,0.9845474613686533,0.3312200213576331
2019-11-11,651.7746428571429,-0.0022511341288536935,0.005250226168225236,0.0042076057182340865,-0.009074606198790303,0.0022511341288536935,0.0022511341288536935,0.004433979426500034,0.009074606198790303,0.11246200607902734,0.14055299539170507,0.13677811550151975,0.21609195402298853,0.9845814977973568,0.23805221187823694
2019-11-13,650.3074107142858,0.0020648201681541245,0.007091495052545804,0.010545836632482652,-0.004553203752675761,-0.0,-0.0,0.0021877702619490513,0.006838867277467631,0.3212121212121212,0.20919540229885059,0.1606060606060606,0.24541284403669725,0.9846153846153846,0.33211874368379785
2019-11-14,651.6501785714287,0.0020667996440904,0.00027176884179458405,0.012788070176784627,0.0010891305890730063,-0.0,-0.0,0.004243827689100588,0.0088853408147066,0.0755287009063444,0.20412844036697247,0.14199395770392748,0.2471395881006865,0.9846491228070176,0.2493085967300494
2019-11-15,652.9970089285715,0.001218557320836533,-0.006297611432124373,0.007283382191164645,0.0072193915239575635,-0.0,0.006297611432124373,0.006297611432124373,0.010929551266130044,0.24397590361445787,0.21739130434782608,0.12650602409638556,0.24885844748858446,0.9846827133479212,0.3050333618737807
2019-11-18,653.7927232142857,0.002147292067842921,0.0022037620185568763,0.002758492223637221,0.004578572678636039,-0.0,0.0075070210175421925,0.0075070210175421925,0.01213332343686635,0.32732732732732733,0.24200913242009134,0.11711711711711711,0.2505694760820046,0.9847161572052403,0.3377201853809476
2019-11-19,655.1966071428571,-0.0004236051283407205,-0.0010371750464214236,0.0008435308812704267,0.006616607174345868,0.0004236051283407205,0.009633626874812284,0.009633626874812284,0.014250016557189382,0.29041916167664666,0.2847380410022779,0.10179640718562874,0.25227272727272726,0.9847494553376908,0.33625478575543283
2019-11-20,654.9190625,-0.004720866884655228,0.003430017626905535,0.005237561048131001,0.006623501118288244,0.004720866884655228,0.009213924812274121,0.009213924812274121,0.013832270849717165,0.417910447761194,0.2772727272727273,0.11044776119402984,0.253968253968254,0.9847826086956522,0.37644868532411024
2019-11-21,651.8272767857143,-0.004514369665879592,0.012512900718454123,0.006850864509941212,0.013771039668634799,0.004514369665879592,0.004514369665879592,0.004514369665879592,0.009154621715560474,0.24404761904761904,0.3197278911564626,0.14583333333333334,0.27601809954751133,0.9848156182212581,0.34112604397847274
2019-11-22,648.8846874999999,0.009784233482492688,0.013667063478494779,0.005768276707210029,0.016876003653796934,-0.0,-0.0,-0.0,0.004661294857790543,0.37091988130563797,0.31221719457013575,0.18397626112759644,0.29571106094808125,0.9848484848484849,0.38773411146454895
2019-11-25,655.2335267857143,-0.001093462384014976,0.0005535103998841606,-0.004988951935143593,0.012591884668163855,0.001093462384014976,0.001093462384014976,0.004988951935143593,0.01430555940694811,0.21597633136094674,0.21670428893905191,0.10059171597633138,0.2972972972972973,0.9848812095032398,0.29781910857131516
2019-11-26,654.5170535714286,0.004046331325809671,0.0018826585741857915,-0.013226559768509838,0.009569692266284902,-0.0,-0.0,0.013226559768509838,0.013226559768509838,0.33333333333333337,0.25,0.11799410029498525,0.30112359550561796,0.9849137931034483,0.3482358036078094
2019-11-27,657.1654464285714,0.0042882357440703345,0.001801364708522879,-0.014941470082617925,0.006755406369862493,-0.0,0.002387893459640411,0.017203280919827035,0.017203280919827035,0.29411764705882354,0.3730337078651685,0.08823529411764706,0.3004484304932735,0.9849462365591398,0.36699272292801977
2019-11-28,659.9835267857143,-0.0033796162796541074,-0.0055920632759298705,-0.01155122175330281,0.00672175868025926,0.0033796162796541074,0.006647622630732486,0.021399749493206333,0.021399749493206333,0.1436950146627566,0.7802690582959642,0.07038123167155426,0.3020134228187919,0.9849785407725322,0.43509509500239774
2019-11-29,657.7530357142857,-0.0032790884116568053,-0.007792289062031332,-6.3527968731103e-05,0.015237481935930663,0.0032790884116568053,0.007792289062031332,0.018081240869551318,0.018081240869551318,0.4298245614035088,0.8031319910514542,0.08771929824561403,0.32142857142857145,0.9850107066381156,0.5384270828063266
2019-12-02,655.5962053571429,0.00023349793042104494,-0.005539396221610038,0.0018150735886193203,0.016277713409039052,-0.0,0.005539396221610038,0.014850849707072289,0.014850849707072289,0.3381924198250729,0.8504464285714286,0.10787172011661808,0.311804008908686,0.985042735042735,0.5247500110106373
2019-12-03,655.7492857142857,0.00396486189734957,-0.015080826295764238,0.005768210629280013,0.018759074951336885,-0.0,0.015080826295764238,0.015080826295764238,0.015080826295764238,0.3401162790697675,0.868596881959911,0.10755813953488373,0.3044444444444444,0.9850746268656717,0.5297296810243789
2019-12-04,658.3492410714285,-0.0031235456810502216,-0.016712729070809562,0.001378718945511892,0.018009533178323656,0.0031235456810502216,0.01897047288798559,0.01897047288798559,0.01897047288798559,0.1710144927536232,0.82,0.08405797101449275,0.2261640798226164,0.9851063829787234,0.44836301444811366
2019-12-05,656.2928571428572,-0.0055847373232769115,-0.005992669866457856,0.006873088560202856,0.02155614327227595,0.0055847373232769115,0.015896580903560165,0.015896580903560165,0.015896580903560165,0.48843930635838156,0.8492239467849224,0.10982658959537574,0.1261061946902655,0.9851380042462846,0.550426989575049
2019-12-06,652.6276339285714,-0.0010159479614653133,0.007789458807968552,0.011044021971892581,0.010030947011664848,0.0010159479614653133,0.010369755943333225,0.010369755943333225,0.010369755943333225,0.6311239193083573,0.8539823008849559,0.1585014409221902,0.16777041942604856,0.9851694915254237,0.6099248551409833
2019-12-09,651.9645982142857,-0.009363320628372751,0.00739543606080173,0.017668986326834668,0.014898787709427985,0.009363320628372751,0.009363320628372751,0.009363320628372751,0.009363320628372751,0.7097701149425286,0.8256070640176599,0.16666666666666663,0.07929515418502202,0.985200845665962,0.6174035509044619
2019-12-10,645.8600446428571,0.002301402511117434,0.021168271957415552,0.023101809498892623,0.02192612079753853,-0.0,-0.0,-0.0,-0.0,0.6819484240687679,0.8942731277533039,0.2320916905444126,0.1648351648351648,0.9852320675105486,0.6487311447507902
2019-12-11,647.3464285714286,0.007744666412883072,0.018398944592484368,0.022025976927787516,0.031494094021196295,-0.0,-0.0,-0.0,-0.0,0.5657142857142857,0.8241758241758242,0.22,0.14912280701754385,0.9852631578947368,0.5873114206457257
2019-12-12,652.3599107142857,0.008203047424933052,0.012943323491318992,0.018486522352705537,0.02765563652075831,-0.0,-0.0,-0.0,-0.0,0.3390313390313391,0.8114035087719297,0.15954415954415954,0.15098468271334792,0.9852941176470589,0.502040637140123
2019-12-13,657.7112500000001,-0.0014065279949435627,0.003229407824699271,0.015301982008496307,0.024762209751727937,0.0014065279949435627,0.0014065279949435627,0.0014065279949435627,0.0014065279949435627,0.14204545454545456,0.7658643326039387,0.09090909090909091,0.15283842794759825,0.9853249475890985,0.41549119620861047
2019-12-16,656.7861607142858,0.00418039411338067,0.01019813064292352,0.01443643662558669,0.03155034560199432,-0.0,-0.0,-0.0,-0.0,0.2464589235127479,0.3646288209606987,0.1019830028328612,0.15468409586056647,0.9853556485355648,0.33379017532499594
2019-12-17,659.5317857142857,-0.000416759400202249,0.0018934563426760143,0.012916360036801189,0.03319935029666632,0.000416759400202249,0.000416759400202249,0.000416759400202249,0.0005423219610881658,0.2966101694915254,0.7559912854030502,0.0790960451977401,0.1565217391304348,0.9853862212943632,0.46081237423845145
2019-12-18,659.256919642857,0.002346120886238756,0.0035615044129433393,0.016607916583572635,0.03725575771693723,-0.0,-0.0,-0.0,0.0001256149120812955,0.34647887323943666,0.7652173913043478,0.08169014084507042,0.1540130151843818,0.9854166666666667,0.4795778009984233
2019-12-19,660.8036160714286,-0.001465409980718313,0.005472368229133329,0.014582825659855025,0.03771638712901049,0.001465409980718313,0.001465409980718313,0.001465409980718313,0.0024659503806275795,0.4915730337078652,0.34490238611713664,0.06179775280898877,0.12554112554112554,0.9854469854469855,0.3970111410439116
2019-12-20,659.8352678571428,0.00552999226673867,0.012033712418751952,-0.0010020087535375088,0.03657061320094135,-0.0,-0.0,0.0010020087535375088,0.0010020087535375088,0.17086834733893558,0.33549783549783546,0.07563025210084033,0.1123110151187905,0.9854771784232367,0.29198561275679286
2019-12-23,663.4841517857142,-0.004074809354970954,0.004195519526418057,-0.002722101837263735,0.028076149681958595,0.004074809354970954,0.004074809354970954,0.006496077760496544,0.006496077760496544,0.24860335195530722,0.7602591792656587,0.05027932960893854,0.11422413793103449,0.9855072463768118,0.4372287694920561
2019-12-24,660.7805803571428,0.0012474424018942276,0.01100207175158463,-0.0011491414543877143,0.030923316140238688,-0.0,-0.0,0.0024311749800779436,0.0024311749800779436,0.49582172701949867,0.7543103448275862,0.06685236768802229,0.12903225806451613,0.9855371900826446,0.5190129948236663
2019-12-26,661.6048660714285,0.004254670512024106,0.013000112213611636,0.009264066968111662,0.03595761361931826,-0.0,-0.0,0.003674034235880308,0.003674034235880308,0.35,0.7548387096774194,0.0638888888888889,0.13090128755364808,0.9855670103092783,0.47221735990981967
2019-12-27,664.4197767857142,0.005050660810859364,0.009060872997203484,0.009002685815490352,0.039162526541182574,-0.0,-0.0,0.007895113640708162,0.007895113640708162,0.24930747922437674,0.33476394849785407,0.04986149584487535,0.13276231263383298,0.98559670781893,0.3155015356307039
2019-12-30,667.7755357142858,-0.0022578293657808945,-0.012880718312371475,0.009317649242166492,0.03466098664997297,0.0022578293657808945,0.012880718312371475,0.012880718312371475,0.012880718312371475,0.3011049723756906,0.3361884368308351,0.03314917127071824,0.12393162393162392,0.9856262833675564,0.3289305726265819
2019-12-31,666.2678125,0.002675685633974245,-0.00688871960606241,0.016870361077856444,0.03442342971398715,-0.0,0.010646927893042779,0.010646927893042779,0.010646927893042779,0.5013774104683195,0.25854700854700857,0.046831955922865015,0.10874200426439233,0.9856557377049181,0.37069513100153234
2020-01-01,668.0505357142857,0.003226204818230549,-0.012018979530793672,0.020024348564306127,0.034784980712804225,-0.0,0.01328706152737058,0.01328706152737058,0.01328706152737058,0.2142857142857143,0.2302771855010661,0.030219780219780223,0.11063829787234043,0.9856850715746421,0.26816733471211784
2020-01-02,670.2058035714286,0.0003494395711336473,-0.003688099537655476,0.020310525618130182,0.02297861597683526,-0.0,0.016460162490066876,0.016460162490066876,0.016460162490066876,0.07123287671232877,0.16382978723404257,0.03013698630136986,0.11252653927813164,0.9857142857142857,0.2031559939073893
2020-01-03,670.4399999999999,-0.01680373017293546,-5.766468928714019e-05,0.022801057621008036,0.019693623377398328,0.01680373017293546,0.01680373017293546,0.01680373017293546,0.01680373017293546,0.08743169398907105,0.14861995753715498,0.03005464480874317,0.09533898305084745,0.9857433808553973,0.2018253716957037
2020-01-06,659.1741071428571,0.0037986522637230014,0.022488029528292097,0.03761030781212993,0.03559784633097429,-0.0,-0.0,-0.0,-0.0,0.5068119891008175,0.2351694915254237,0.11171662125340599,0.5200845665961945,0.9857723577235773,0.4250941139954597
2020-01-07,661.6780803571429,-0.0025039825352060063,0.023923885623869046,0.0308823163292411,0.04326398471850745,0.0025039825352060063,0.0025039825352060063,0.0025039825352060063,0.0025039825352060063,0.17391304347826086,0.1839323467230444,0.07880434782608696,0.5189873417721519,0.9858012170385395,0.2983631953353248
2020-01-08,660.02125,0.011685635662704419,0.03243314135719122,0.03210935578643426,0.04998662110175589,-0.0,-0.0,-0.0,-0.0,0.17615176151761516,0.11814345991561181,0.09485094850948508,0.3978947368421053,0.9858299595141701,0.2676913693911453
2020-01-09,667.7340178571428,0.003994586702548597,0.02408746211367041,0.026448525737565953,0.040586493151612,-0.0,-0.0,-0.0,-0.0,0.024324324324324326,0.10105263157894737,0.04594594594594595,0.39915966386554624,0.9858585858585859,0.20682122594808805
2020-01-10,670.4013392857142,0.005364390600246738,0.022860040527429293,0.029890743750911497,0.04481257562267826,-0.0,-0.0,-0.0,-0.0,0.018867924528301886,0.09873949579831934,0.032345013477088944,0.40041928721174,0.9858870967741935,0.20249965494805333
2020-01-13,673.9976339285713,0.005208263302641125,0.014789687357820824,0.025109377039859604,0.04151250530963768,-0.0,-0.0,-0.0,-0.0,0.02956989247311828,0.10482180293501048,0.026881720430107524,0.401673640167364,0.9859154929577465,0.20703372453687843
2020-01-14,677.5079910714285,0.005785646044370152,0.006795847624095908,0.017261854910910035,0.03399281202468707,-0.0,-0.0,-0.0,-0.0,0.013404825737265416,0.11297071129707113,0.029490616621983917,0.3945720250521921,0.9859437751004017,0.20377044724820303
2020-01-15,681.4278125000001,0.00350766900094146,-0.0003136140809383292,0.014470862552716346,0.03191421269271566,-0.0,0.0003136140809383292,0.0003136140809383292,0.0003136140809383292,0.0,0.10020876826722339,0.03208556149732621,0.39583333333333337,0.9859719438877755,0.19629865271747887
2020-01-16,683.8180357142857,0.002791247462710089,0.00230552927483596,0.0026149787654976553,0.031366753530139846,-0.0,0.0038079261374096562,0.0038079261374096562,0.0038079261374096562,0.0026666666666666666,0.075,0.034666666666666665,0.39293139293139295,0.9860000000000001,0.18984112148895854
2020-01-17,685.7267410714286,-0.0025679221061021273,0.006873573064655858,-0.0030381609604877013,0.020974098191836044,0.0025679221061021273,0.006580804945014451,0.006580804945014451,0.006580804945014451,0.010638297872340425,0.08108108108108109,0.03723404255319149,0.39419087136929465,0.9860279441117764,0.19471289870079178
2020-01-20,683.9658482142859,-0.002710100330693521,0.010169289075954158,-0.0019395156987203066,0.01638709639520286,0.002710100330693521,0.0040232141394385135,0.0040232141394385135,0.0040232141394385135,0.06896551724137931,0.09336099585062241,0.050397877984084884,0.41200828157349895,0.9860557768924302,0.22112980993912698
2020-01-21,682.1122321428572,-0.0013166821494736691,0.01039536199072777,0.012010748650102876,0.019745127300871967,0.0013166821494736691,0.0013166821494736691,0.0013166821494736691,0.0013166821494736691,0.07142857142857142,0.11387163561076605,0.07142857142857142,0.4235537190082645,0.9860834990059643,0.23247568400023527
2020-01-22,681.2141071428571,0.006136823984697726,0.014789114708271711,0.0173210960787189,0.03186609569730936,-0.0,-0.0,-0.0,-0.0,0.1108179419525066,0.10743801652892562,0.07915567282321899,0.3876288659793814,0.986111111111111,0.240053876194799
2020-01-23,685.3945982142858,0.007361504930781804,0.00030873768688621794,0.013773674041654305,0.02662426148023811,-0.0,-0.0,0.004020038248300661,0.004020038248300661,0.002631578947368421,0.0865979381443299,0.047368421052631574,0.38888888888888895,0.9861386138613862,0.19465929857601788
2020-01-24,690.4401339285714,0.0006968898397430312,-0.009844070090125556,0.014488752289801843,0.0062796382664549455,-0.0,0.009844070090125556,0.011298370171356042,0.011298370171356042,0.007874015748031496,0.0925925925925926,0.03937007874015748,0.3901437371663244,0.9861660079051383,0.19703537501952034
2020-01-27,690.9212946428571,-0.0024869097853752464,-0.011986906457778779,0.01600134447813195,0.0028205093910260715,0.0024869097853752464,0.011986906457778779,0.011986906457778779,0.011986906457778779,0.04712041884816754,0.11293634496919917,0.041884816753926704,0.39139344262295084,0.9861932938856016,0.21608172098560502
2020-01-28,689.2030357142856,0.003026140182099679,0.0015987668987238468,0.016447050514090344,-0.0010286855651336912,-0.0,0.00952368120839353,0.00952368120839353,0.00952368120839353,0.08877284595300262,0.1557377049180328,0.057441253263707574,0.39263803680981596,0.9862204724409449,0.2444195887940266
2020-01-29,691.2886607142857,-0.008220090506433908,0.0024950813265030014,0.017194530453153334,-0.007837006791017842,0.008220090506433908,0.012511958450270089,0.012511958450270089,0.012511958450270089,0.03125,0.12883435582822086,0.04427083333333334,0.3938775510204082,0.9862475442043221,0.21630047299588817
2020-01-30,685.6062053571428,-0.002862886135894138,0.013460780504531478,0.028676785579289543,-0.021868225454025114,0.002862886135894138,0.004327439891404716,0.004327439891404716,0.021868225454025114,0.2883116883116883,0.3,0.09610389610389608,0.4826883910386966,0.9862745098039215,0.3671712801336788
2020-01-31,683.6433928571429,-0.0014687586442702072,0.024574737821488668,0.024085434579379283,-0.026350478254248744,0.0014687586442702072,0.0014687586442702072,0.0014687586442702072,0.026350478254248744,0.5310880829015544,0.30957230142566194,0.10621761658031087,0.4959349593495935,0.9863013698630136,0.4508961362989029
2020-02-03,682.6392857142857,0.011229393268773036,0.028327813789964296,0.01836222591935721,-0.010478630734701011,-0.0,-0.0,-0.0,0.02491831860583149,0.7364341085271318,0.7804878048780488,0.11369509043927647,0.06896551724137931,0.986328125,0.6036707666343344
2020-02-04,690.3049107142857,0.003923731942988562,0.014824582563476518,0.007642585477561248,-0.035407037392249596,-0.0,-0.0,-0.0,0.035746302584973244,0.10567010309278349,0.3427991886409736,0.05927835051546391,0.0708502024291498,0.98635477582846,0.2658484931481001
2020-02-05,693.0134821428572,0.0026284017614066624,0.014662864088270666,0.014297353780093891,-0.03540882720922145,-0.0,-0.0,-0.0,0.039514988306118326,0.07197943444730077,0.26113360323886636,0.046272493573264774,0.05454545454545454,0.9863813229571984,0.22729634101000556
2020-02-06,694.835,0.008072060273302428,0.01501390617916476,0.012675992450417395,-0.04107610594087596,-0.0,-0.0,-0.0,0.04203291069102755,0.05128205128205128,0.23434343434343433,0.04871794871794871,0.0564516129032258,0.9864077669902912,0.21344984636944475
2020-02-07,700.4437500000001,0.00218891850446834,-0.0004775671544954285,-0.008091872881604734,-0.07995830449319752,-0.0,0.0004775671544954285,0.008091872881604734,0.07995830449319752,0.028132992327365727,0.30241935483870963,0.05115089514066496,0.05835010060362174,0.9864341085271319,0.22649209633182593
2020-02-10,701.9769642857143,-0.0020493142962820787,-0.009691061290930558,-0.01297324571344538,-0.08765938086592695,0.0020493142962820787,0.009691061290930558,0.01297324571344538,0.08765938086592695,0.04591836734693878,0.3843058350100604,0.053571428571428575,0.060240963855421686,0.9864603481624757,0.25667904033765776
2020-02-11,700.5383928571429,0.003763750584690584,-0.007077082295122605,-0.017192962555585445,-0.14857150686398113,-0.0,0.007657439494878182,0.017192962555585445,0.14857150686398113,0.06870229007633588,0.7831325301204819,0.07124681933842239,0.07214428857715431,0.9864864864864864,0.3844476023832892
2020-02-12,703.1750446428571,0.002975280299097438,-0.0003602283291455066,-0.0246084072365389,-0.13164243992538693,-0.0,0.011378364752578363,0.0246084072365389,0.15176405539643822,0.07106598984771573,0.8657314629258518,0.055837563451776644,0.07400000000000001,0.9865125240847784,0.40720396773469053
2020-02-13,705.2671875,-0.007313464343712273,-0.002303331722368296,-0.049135949932855416,-0.17342382588665584,0.007313464343712273,0.014311065620077335,0.049135949932855416,0.17342382588665584,0.09620253164556963,0.904,0.05822784810126583,0.07584830339321356,0.9865384615384616,0.4270114283217822
2020-02-14,700.1092410714285,-0.007049155020259046,-0.00761794380685632,-0.0492497121144424,-0.17129252851930565,0.007049155020259046,0.00761794380685632,0.0492497121144424,0.17129252851930565,0.30303030303030304,0.9181636726546907,0.11111111111111112,0.13346613545816732,0.9865642994241842,0.5123703300749612
2020-02-17,695.1740625000001,0.0005848355425370766,-0.0033143035412700472,-0.02832082329843022,-0.204510894913973,-0.0,0.0033143035412700472,0.04250014722032325,0.204510894913973,0.778337531486146,0.9123505976095617,0.146095717884131,0.20278330019880716,0.9865900383141762,0.6766508618735207
2020-02-18,695.5806249999999,0.01055393984188191,-0.010187981443560035,-0.04272310786607736,-0.23803110017414797,-0.0,0.010187981443560035,0.0430597998614467,0.23803110017414797,0.7010050251256281,0.9224652087475149,0.1457286432160804,0.17063492063492064,0.9866156787762905,0.6508848381201844
2020-02-19,702.9217410714285,0.0010256933321741712,-0.024256916936051476,-0.04900553156731591,-0.20806173365544967,-0.0,0.024256916936051476,0.05305381295303979,0.24598888808936326,0.03508771929824561,0.8988095238095238,0.08270676691729323,0.1702970297029703,0.9866412213740459,0.42102371616669343
2020-02-20,703.6427232142858,-0.012601388044625406,-0.04694073830208978,-0.05307926601600066,-0.2975105251073227,0.012601388044625406,0.04694073830208978,0.054024094132085865,0.2975105251073227,0.11,0.9089108910891089,0.0775,0.17193675889328064,0.9866666666666666,0.4473927503777235
2020-02-24,694.7758482142856,-0.002743048101523149,-0.04195135134475214,-0.07245270972864482,-0.2778929406767172,0.002743048101523149,0.04195135134475214,0.07245270972864482,0.28854520718687593,0.7406483790523691,0.9762845849802372,0.1596009975062344,0.47337278106508873,0.9866920152091254,0.7179487897491874
2020-02-25,692.8700446428572,-0.006315732909355054,-0.025089674554385044,-0.07566779201083196,-0.25002807615244804,0.006315732909355054,0.03931614933201333,0.07566779201083196,0.2865882845351657,0.7786069651741293,0.9664694280078896,0.18905472636815923,0.48818897637795283,0.9867172675521821,0.7334887143754966
2020-02-26,688.4940625,-0.0038098160276957005,-0.03287000542786611,-0.1336768453042606,-0.21940224481913073,0.0038098160276957005,0.033210162941674004,0.1336768453042606,0.28205392890682035,0.8411910669975187,0.984251968503937,0.24069478908188585,0.5324165029469548,0.9867424242424242,0.7718730530168694
2020-02-27,685.8710267857142,-0.022245891580381594,-0.025363863767858708,-0.10973442203413009,-0.2156246706888807,0.022245891580381594,0.02951278519604017,0.13036369095579792,0.2793082258345765,0.900990099009901,0.9921414538310412,0.26980198019801976,0.5725490196078432,0.9867674858223063,0.8025820201080023
2020-02-28,670.6132142857142,-0.0074322302029539156,-0.0064408667546811404,-0.130710458498272,-0.19935123107239017,0.0074322302029539156,0.0074322302029539156,0.130710458498272,0.2629110243982453,0.9703703703703703,1.0,0.4049382716049382,0.8806262230919765,0.9867924528301887,0.8847141169466688
2020-03-02,665.6290624999999,0.014808695667920535,-0.031836961960862276,-0.1283647430454984,-0.16963621661777017,-0.0,0.031836961960862276,0.1283647430454984,0.2573917892251629,0.9310344827586207,1.0,0.4433497536945813,0.888671875,0.9868173258003766,0.8788819671791736
2020-03-03,675.4861607142857,-0.014245890360712332,-0.05187976384733484,-0.18132535495268276,-0.19163676543665165,0.014245890360712332,0.05187976384733484,0.18132535495268276,0.26822837255442344,0.6412776412776412,0.931640625,0.35872235872235875,0.8869395711500974,0.9868421052631579,0.7530961428244844
2020-03-04,665.8632589285714,0.003921869147173629,-0.10423297844359825,-0.20402455539556374,-0.18866231420420176,-0.0,0.10423297844359825,0.20402455539556374,0.2576529782733036,0.8627450980392156,0.9805068226120858,0.43872549019607837,0.9046692607003891,0.9868667917448404,0.8525492883845858
2020-03-05,668.4746875,-0.0032623577410003657,-0.08656621187106872,-0.16725249974405354,-0.15054986863491193,0.0032623577410003657,0.10773233546814642,0.20713407181714938,0.2605529926772925,0.7897310513447432,0.990272373540856,0.4156479217603912,0.9048543689320389,0.9868913857677903,0.8285404813642379
2020-03-06,666.2938839285715,-0.032802985437236254,-0.12507518434024356,-0.25813275633211796,-0.1324393492143715,0.032802985437236254,0.12507518434024356,0.25813275633211796,0.25813275633211796,0.9439024390243902,1.0,0.43658536585365854,0.9050387596899224,0.9906542056074765,0.8844059607525372
2020-03-09,644.437455357143,-0.006199759355456913,-0.09970198953281462,-0.22148760834390524,-0.07616715332142132,0.006199759355456913,0.09970198953281462,0.2329719462551747,0.2329719462551747,0.9927007299270073,1.0,0.6885644768856447,0.9864603481624757,0.9944029850746269,0.9483551160911073
2020-03-11,640.4420982142857,-0.06867716866620399,-0.13652866605887404,-0.1886337862454528,-0.0726408774841304,0.06867716866620399,0.13652866605887404,0.22818689071019094,0.22818689071019094,0.9854368932038835,0.9980657640232107,0.7548543689320388,0.9864864864864864,0.9962756052141526,0.9556920444622208
2020-03-12,596.4583482142856,0.02372171988120053,-0.11140349505005998,-0.0989531435818285,-0.00172334543211361,-0.0,0.11140349505005998,0.17127221268219606,0.17127221268219606,1.0,1.0,0.9903147699757869,1.0,0.9981412639405204,0.9983219919221537
2020-03-13,610.6073660714285,-0.045283293383600265,-0.08833293548102894,-0.1189423148277784,-0.01734766251515185,0.045283293383600265,0.13199408814628,0.19047552550318558,0.19047552550318558,0.9468599033816425,0.998073217726397,0.9661835748792271,1.0,0.9999999999999999,0.977302366195359
2020-03-16,582.9570535714286,-0.004753857296826647,-0.1520788639324847,-0.07896192154289439,0.04109914301693007,0.004753857296826647,0.1520788639324847,0.1520788639324847,0.1520788639324847,0.9975903614457832,1.0,1.0,1.0,1.0,0.9992277831092984
2020-03-17,580.1857589285714,-0.046851143195286604,-0.1352725624128539,-0.04734947702376635,0.04332316870770958,0.046851143195286604,0.14802871401793194,0.14802871401793194,0.14802871401793194,0.9927884615384616,0.998080614203455,1.0,0.9980842911877394,1.0,0.9968976224452402
2020-03-18,553.0033928571429,-0.041577664048173535,-0.06034377533850066,-0.012595248364352218,0.07210385021963939,0.041577664048173535,0.10615085996307838,0.10615085996307838,0.10615085996307838,1.0,1.0,1.0,1.0,1.0,1.0
2020-03-19,530.0108035714285,0.050300524534456104,0.0140112541506483,0.01929989335160509,0.12687438817369157,-0.0,0.06737446895034649,0.06737446895034649,0.06737446895034649,1.0,0.9980879541108986,1.0,1.0,1.0,0.9994421590341626
2020-03-20,556.670625,-0.11203935515214736,-0.03357517293103063,0.020057257576886034,0.07828726267789787,0.11203935515214736,0.11203935515214736,0.11203935515214736,0.11203935515214736,0.9331742243436755,0.9961832061068704,0.9952267303102624,1.0,1.0,0.9767501103823489
2020-03-23,494.3016071428571,0.014972513528286324,0.08623082888190714,0.16942843640905725,0.20344878121091248,-0.0,-0.0,-0.0,-0.0,1.0,1.0,1.0,1.0,1.0,1.0
2020-03-24,501.7025446428572,0.03573937566342167,0.10167722402150203,0.1866642799523719,0.20829214624768788,-0.0,-0.0,-0.0,-0.0,0.9904988123515439,0.994296577946768,0.997624703087886,0.9981024667931689,1.0,0.9947034293601066
2020-03-25,519.6330803571428,0.034262328475080484,0.050814889233931515,0.1429599936440198,0.16958519103103797,-0.0,-0.0,-0.0,-0.0,0.9028436018957346,0.9886148007590133,0.9952606635071091,0.9962121212121212,1.0,0.9643697207183248
2020-03-26,537.4369196428571,0.001011082114537487,0.005215562627445047,0.10790759376956416,0.14348262152545144,-0.0,0.0009513213173972801,0.0009513213173972801,0.0009513213173972801,0.7423167848699763,0.9829545454545454,0.9905437352245863,0.9943289224952742,1.0,0.9103347447302589
2020-03-27,537.9803125000001,-0.0019604212850364844,0.055495708518350506,0.11530987587125785,0.15339685409026926,0.0019604212850364844,0.0019604212850364844,0.0019604212850364844,0.0019604212850364844,0.7240566037735848,0.9829867674858223,0.9882075471698113,0.9924528301886794,1.0,0.9039130519143536
2020-03-30,536.9256444444445,0.02940560277868376,0.07659293523531097,0.13035407261439946,0.12484575766212003,-0.0,-0.0,-0.0,-0.0,0.9035294117647058,0.9773584905660379,0.9905882352941177,0.9905838041431261,1.0,0.9599204154493679
2020-03-31,552.7142666666666,-0.012078734513497058,0.07714333570466114,0.09517933758982244,0.0845741392116528,0.012078734513497058,0.02256918603954572,0.02256918603954572,0.02256918603954572,0.7746478873239436,0.9717514124293786,0.9835680751173709,0.9887218045112782,1.0,0.9156971332994623
2020-04-01,546.0381777777777,-0.010618712130751273,0.08768918803316916,0.08577951285294749,0.1025322690094359,0.010618712130751273,0.010618712130751273,0.010618712130751273,0.010618712130751273,0.819672131147541,0.975563909774436,0.9836065573770492,0.9906191369606003,1.0,0.9314732570432468
2020-04-03,540.2399555555555,0.051080922970936804,0.10215921336683409,0.10553762982194193,0.10590512084383241,-0.0,-0.0,-0.0,-0.0,0.8714953271028036,0.9718574108818011,0.983644859813084,0.9887640449438203,1.0,0.9467814518807783
2020-04-07,567.8359111111112,0.0179883734800379,0.056669266270036545,0.0570850358335131,0.050469196578541764,-0.0,-0.0,-0.0,-0.0,0.5361305361305361,0.9662921348314607,0.972027972027972,0.9887850467289719,1.0,0.8359320100714773
2020-04-08,578.0503555555555,0.029931879060440147,0.049936364636591124,0.02909142940488163,0.03969288950066874,-0.0,-0.0,-0.0,-0.0,0.44883720930232557,0.9626168224299064,0.9697674418604652,0.9832089552238807,1.0,0.8058702526238463
2020-04-09,595.3524888888888,-0.002406417531469973,0.01674429139308775,0.01822576668119158,0.008595468111477711,0.002406417531469973,0.002406417531469973,0.004157910260595421,0.004157910260595421,0.3294663573085847,0.9365671641791046,0.9559164733178653,0.9795158286778398,1.0,0.7574782835933134
2020-04-13,593.9198222222224,0.002543478371491048,-0.0017557177190249407,0.023294951297578637,0.017239139499263256,-0.0,0.0017557177190249407,0.0017557177190249407,0.0017557177190249407,0.5393518518518519,0.9068901303538175,0.9606481481481481,0.9776951672862453,1.0,0.8165765539260577
2020-04-15,595.4304444444444,0.007699154710485878,0.0030652708012914864,0.03211010372701417,0.01246231950965826,-0.0,0.004288288920396344,0.004288288920396344,0.004288288920396344,0.4503464203233256,0.34014869888475835,0.951501154734411,0.9758812615955472,1.0,0.6211056457304961
2020-04-16,600.0147555555556,0.011501939359713553,0.00039347180498983114,0.03414923425586869,-8.399793427293911e-05,-0.0,0.01189585559821782,0.01189585559821782,0.01189585559821782,0.4516129032258065,0.7309833024118738,0.9400921658986175,0.9759259259259259,1.0,0.7338206696919565
2020-04-17,606.9160888888889,-0.002627784093455543,-0.01985352249316985,-0.004873088075437626,-0.03233820644581886,0.002627784093455543,0.02313173514303135,0.02313173514303135,0.03233820644581886,0.5379310344827587,0.17777777777777778,0.9241379310344827,0.9722735674676525,0.942857142857143,0.5906035639068389
2020-04-20,605.3212444444445,-0.020557972963924143,0.0014570775569084926,-0.009683526719476476,-0.032608507306460255,0.020557972963924143,0.020557972963924143,0.020557972963924143,0.032608507306460255,0.5068807339449541,0.18853974121996306,0.9288990825688075,0.970479704797048,0.9429590017825312,0.5843067556247733
2020-04-21,592.8770666666667,0.007385229720472841,0.025094728275691258,0.01542924319180572,-0.0009602140492456224,-0.0,-0.0,-0.0,0.012303468719841115,0.540045766590389,0.11992619926199262,0.9633867276887872,0.9686924493554327,0.9483985765124555,0.5805395908511132
2020-04-22,597.2556000000001,0.005015012742357605,0.028956074715377422,0.0003324093291603436,-0.001954197759812537,-0.0,0.003999850873450783,0.003999850873450783,0.01954435886039052,0.4497716894977169,0.10313075506445672,0.9429223744292237,0.9669117647058825,0.941385435168739,0.5425907209649371
2020-04-23,600.2508444444445,-0.008969879555539961,0.033742485734112204,-0.006258568639896267,-0.009907561609057924,0.008969879555539961,0.008969879555539961,0.008969879555539961,0.02443682063587649,0.4510250569476082,0.13786764705882354,0.9339407744874716,0.9669724770642202,0.9414893617021276,0.5517902322581778
2020-04-24,594.8666666666667,0.019057342448354442,0.015283873136837212,0.010301766969255333,0.004482647838917941,-0.0,-0.0,-0.0,0.015606933393104039,0.5818181818181818,0.08073394495412846,0.9522727272727272,0.8058608058608059,0.9415929203539822,0.5603630008978288
2020-04-27,606.2032444444444,0.002560050816840187,-0.011124395169848866,-0.009457920713500267,-0.014441141229274645,-0.0,0.011124395169848866,0.01601626385224819,0.03401602088276512,0.2448979591836735,0.07692307692307691,0.9138321995464852,0.8062157221206582,0.941696113074205,0.4455293357295644
2020-04-28,607.7551555555556,0.01117986768209489,-0.009428870149536195,-0.005917953362944206,-0.005730962856313915,-0.0,0.01364950256649422,0.018528879795233544,0.036482674199719844,0.5407239819004525,0.11517367458866545,0.9095022624434389,0.8065693430656934,0.9417989417989417,0.550893234621817
2020-04-29,614.5497777777776,0.00969005674976553,-0.027818160648047874,-0.01903651959844832,-0.003897487374677766,-0.0,0.027818160648047874,0.029380279836295653,0.047135572419049865,0.399548532731377,0.12773722627737227,0.8984198645598194,0.8069216757741348,0.9419014084507041,0.5076973502072594
2020-04-30,620.5048,-0.026665815746577337,-0.03869537619478014,-0.03310279702017527,0.004715802001495906,0.026665815746577337,0.03869537619478014,0.03869537619478014,0.05628027015710091,0.509009009009009,0.08925318761384333,0.8761261261261261,0.8072727272727274,0.9420035149384886,0.528236674635946
2020-05-04,603.9585333333332,-0.007449076526004239,-0.004907106573247222,-0.02759961371888131,0.03971817932754362,0.007449076526004239,0.012359126642027651,0.02759961371888131,0.03042578272665797,0.5101123595505618,0.13454545454545455,0.9235955056179774,0.9092558983666063,0.9421052631578947,0.5612971889176693
2020-05-05,599.4595999999999,0.00427903917313377,0.001685221526558811,-0.0231491459604245,0.04959503896880202,-0.0,0.004946899952334882,0.0231491459604245,0.0231491459604245,0.6233183856502242,0.18874773139745915,0.9372197309417041,0.911231884057971,0.9422066549912433,0.61569726107487
2020-05-06,602.0247111111111,-0.007592010250446757,0.0035443358692697213,-0.016140422733477933,0.047955211288484456,0.007592010250446757,0.00918662917934121,0.02731131892998706,0.02731131892998706,0.639821029082774,0.16666666666666669,0.9239373601789709,0.9023508137432188,0.9423076923076923,0.6114776653820017
2020-05-07,597.4541333333333,-0.001606817906914415,0.009032920276985656,-0.002285847252021189,0.06875082851548298,0.001606817906914415,0.001606817906914415,0.0198701631619439,0.0198701631619439,0.640625,0.16817359855334538,0.9397321428571429,0.8989169675090254,0.9424083769633508,0.6141567601494221
2020-05-08,596.4941333333333,0.007545273054003543,0.005817697154588908,-0.0036719742721880166,0.0689227976387663,-0.0,-0.0,0.018292738354584115,0.018292738354584115,0.7282850779510022,0.23646209386281591,0.9420935412026726,0.899099099099099,0.9425087108013938,0.6625625761430605
2020-05-11,600.9948444444444,-0.0008735885624902018,-0.022804410819867282,-0.005759783186160217,0.05373712209326409,0.0008735885624902018,0.022804410819867282,0.025644516529038097,0.025644516529038097,0.6844444444444444,0.28828828828828823,0.9222222222222222,0.8992805755395683,0.9426086956521739,0.6606665985941981
2020-05-12,600.4698222222222,0.006142967606624472,-0.02479258648653715,-0.00503080143688972,0.055809040195266224,-0.0,0.02479258648653715,0.02479258648653715,0.02479258648653715,0.6385809312638581,0.3147482014388489,0.9246119733924613,0.8994614003590664,0.9427083333333333,0.6540826268935126
2020-05-13,604.1584888888889,-0.0021643327438877202,-0.019615235619557025,0.00018810369552779704,0.035376883446183394,0.0021643327438877202,0.030746678244693126,0.030746678244693126,0.030746678244693126,0.5376106194690266,0.36445242369838415,0.9092920353982301,0.8924731182795699,0.9428076256499134,0.6330805952529547
2020-05-14,602.8508888888889,-0.004788138139189768,-0.011217441276246798,0.015432819392596997,0.04072788959422069,0.004788138139189768,0.028644341386795946,0.028644341386795946,0.028644341386795946,0.5386313465783664,0.7240143369175627,0.9139072847682118,0.8944543828264758,0.9429065743944637,0.7392577261815516
2020-05-15,599.9643555555556,-0.02112599578137908,-0.009434782718203083,0.03911336066038906,0.04123822763396756,0.02112599578137908,0.023970979609307275,0.023970979609307275,0.023970979609307275,0.618942731277533,0.7191413237924865,0.9295154185022027,0.9017857142857143,0.9430051813471502,0.7668266341414433
2020-05-18,587.2895111111111,-0.002906384085865188,0.01744239108570622,0.06922847213571903,0.06562426829576551,0.002906384085865188,0.002906384085865188,0.002906384085865188,0.002906384085865188,0.8263736263736264,0.8071428571428573,0.9648351648351648,0.9180035650623886,0.943103448275862,0.866278834097836
2020-05-19,585.5826222222222,0.01148455452799202,0.02026418664974039,0.07446805684655655,0.07012025022904056,-0.0,-0.0,-0.0,-0.0,0.7478070175438596,0.7950089126559715,0.9649122807017544,0.9181494661921709,0.9432013769363167,0.8376011286838818
2020-05-20,592.3077777777778,0.006382942801884228,0.02019955841276211,0.06514713634240432,0.060886363508461105,-0.0,-0.0,-0.0,-0.0,0.5382932166301969,0.7277580071174377,0.9606126914660831,0.8987566607460036,0.9432989690721649,0.7478582994607882
2020-05-21,596.0884444444446,-0.002993888304420489,0.026952599875186056,0.07119942678155833,0.05966698454144348,0.002993888304420489,0.002993888304420489,0.002993888304420489,0.002993888304420489,0.5393013100436681,0.7211367673179396,0.9388646288209607,0.898936170212766,0.9433962264150944,0.7429989973359981
2020-05-22,594.3038222222222,0.0054339583584481765,0.049010547242727576,0.07286232047715835,0.07172575254437774,-0.0,-0.0,-0.0,-0.0,0.7712418300653596,0.7677304964539008,0.9477124183006537,0.9008849557522123,0.9434931506849314,0.8325051531521951
2020-05-26,597.5332444444443,-0.00014102423162243305,0.05089829311589056,0.05984157980461613,0.07827067994654802,0.00014102423162243305,0.00014102423162243305,0.00014102423162243305,0.00014102423162243305,0.6173913043478261,0.7256637168141593,0.9260869565217391,0.8727915194346291,0.9435897435897437,0.7642816427016934
2020-05-27,597.4489777777777,0.011420482433386336,0.053127288898384695,0.061147462373728034,0.0712129987929424,-0.0,-0.0,-0.0,-0.0,0.5379609544468547,0.7809187279151943,0.9284164859002169,0.8730158730158729,0.9436860068259386,0.755337271964864
2020-05-28,604.2721333333334,0.013044527473015544,0.04405763319440381,0.035182161855993765,0.0660084496146438,-0.0,-0.0,-0.0,-0.0,0.43506493506493504,0.710758377425044,0.8896103896103896,0.8732394366197183,0.9437819420783646,0.6960719322930475
2020-05-29,612.1545777777777,0.01842083749652801,0.04308555907229805,0.02491062896386831,0.05371729638657752,-0.0,-0.0,-0.0,-0.0,0.2678185745140389,0.32570422535211263,0.8682505399568035,0.8734622144112478,0.9438775510204082,0.5269476557736699
2020-06-01,623.4309777777779,0.007243286024998241,0.022737400779357264,0.002044884662274038,0.027379739516027346,-0.0,-0.0,-0.0,-0.0,0.2693965517241379,0.29349736379613356,0.8318965517241379,0.8736842105263157,0.9439728353140916,0.5126060209438962
2020-06-02,627.9466666666667,0.0019797151916653988,0.008510135326425416,-0.0033708453654947013,0.019287271388936045,-0.0,-0.0,0.0051610186286168425,0.0051610186286168425,0.2709677419354839,0.17543859649122806,0.8,0.6619964973730298,0.9440677966101694,0.44830064390652913
2020-06-03,629.1898222222223,0.0027100106373123545,0.00761557843946159,-0.004046473592036137,0.01739132461773929,-0.0,-0.0,0.007126625132242603,0.007126625132242603,0.23390557939914164,0.11558669001751314,0.7854077253218884,0.6258741258741258,0.9441624365482234,0.41240767856706506
2020-06-04,630.8949333333333,0.012101328229613184,-0.008500940040306548,-0.004000173017010833,0.024249151258572077,-0.0,0.008500940040306548,0.009810050428541106,0.009810050428541106,0.3169164882226981,0.13636363636363635,0.7687366167023555,0.6265270506108203,0.9442567567567568,0.44264461572587716
2020-06-05,638.5295999999998,-0.0014461697973312537,-0.017424198763325016,-0.010765915245832702,0.017881081785402042,0.0014461697973312537,0.020355934426010136,0.021649392256486877,0.021649392256486877,0.31837606837606836,0.12390924956369982,0.6837606837606838,0.5836236933797909,0.9443507588532885,0.42147943494392703
2020-06-08,637.6061777777778,-0.006768441320692653,-0.020232482063641033,-0.00105937911238696,0.027718468362811777,0.006768441320692653,0.020232482063641033,0.020232482063641033,0.020232482063641033,0.3603411513859275,0.08536585365853659,0.6993603411513858,0.5826086956521739,0.9444444444444445,0.4259265080367628
2020-06-09,633.2905777777778,0.0010909508417338287,-0.011780725126847136,0.017388542300189158,0.039094007609496106,-0.0,0.013555792327875071,0.013555792327875071,0.013555792327875071,0.36170212765957444,0.08695652173913043,0.7425531914893617,0.6180555555555555,0.9445378151260505,0.4376389878665661
2020-06-10,633.9814666666666,-0.013328044710455123,-0.011573910011950517,0.009485520887642096,0.036415575555205804,0.013328044710455123,0.014630781705991636,0.014630781705991636,0.014630781705991636,0.3184713375796179,0.0920138888888889,0.7324840764331211,0.6169844020797227,0.9446308724832215,0.4236215100512943
2020-06-11,625.5317333333334,0.002992653929840605,0.004539355814899837,0.029778611817828482,0.05026720733379242,-0.0,0.0013203344724176391,0.0013203344724176391,0.0013203344724176391,0.4470338983050847,0.18024263431542462,0.8220338983050847,0.7335640138408305,0.9447236180904524,0.5181704502158794
2020-06-12,627.4037333333334,-0.004300119632341892,0.0067763560929468,0.0281065164206864,0.043254798753012524,0.004300119632341892,0.004300119632341892,0.004300119632341892,0.004300119632341892,0.3953488372093023,0.143598615916955,0.8076109936575052,0.7322970639032814,0.9448160535117057,0.48859615895640457
2020-06-15,624.7058222222222,0.0017994603113102858,0.019569033061677343,0.025283153720496276,0.05032612327893227,-0.0,-0.0,-0.0,-0.0,0.31856540084388185,0.16407599309153714,0.829113924050633,0.7310344827586208,0.9449081803005008,0.47306846717590667
2020-06-16,625.8299555555556,0.0013004597485974934,0.02951699907976435,0.022734752088142685,0.03810605564564451,-0.0,-0.0,-0.0,-0.0,0.2694736842105263,0.14482758620689656,0.8168421052631578,0.28055077452667815,0.945,0.3954842174132219
2020-06-17,626.6438222222222,0.002756625312440475,0.021306024914667265,0.02152489814167713,0.03861474099126738,-0.0,-0.0,-0.0,-0.0,0.36554621848739494,0.12048192771084336,0.8109243697478992,0.2697594501718213,0.9450915141430949,0.4169838589697807
2020-06-18,628.3712444444444,0.005226209870414111,0.02512520376312577,0.02836278030404249,0.04169835057874138,-0.0,-0.0,-0.0,-0.0,0.32075471698113206,0.13058419243986255,0.7882599580712788,0.27101200686106347,0.9451827242524918,0.4023167677734964
2020-06-19,631.6552444444444,0.008351813292243992,0.021186592433017237,0.028958764636940026,0.04213092894626147,-0.0,-0.0,-0.0,-0.0,0.2698744769874477,0.12178387650085762,0.7468619246861924,0.2722602739726027,0.945273631840796,0.3773545741093124
2020-06-22,636.9307111111111,0.011574048068441645,0.005604447049220473,0.028808366456885226,0.04239421542521149,-0.0,-0.0,-0.0,-0.0,0.27139874739039666,0.08047945205479452,0.6889352818371607,0.26324786324786326,0.9453642384105961,0.35596885782229065
2020-06-23,644.3025777777779,-0.006685471725913716,-0.006587795051158918,0.02133448963385587,0.03130364974137745,0.006685471725913716,0.006685471725913716,0.006685471725913716,0.006685471725913716,0.2729166666666667,0.05982905982905983,0.5916666666666667,0.2645051194539249,0.9454545454545454,0.3359069724415367
2020-06-24,639.9951111111112,0.006506438590850205,0.00021430719262438558,0.026677009338265778,0.03399602358073528,-0.0,-0.0,-0.0,-0.0,0.5488565488565489,0.04778156996587031,0.654885654885655,0.3219761499148211,0.9455445544554455,0.4373173391666708
2020-06-25,644.1592,0.0013640520335138628,0.003158225482147614,0.019896116777756934,0.039598699617527267,-0.0,0.006366680093299215,0.006366680093299215,0.006366680093299215,0.45643153526970953,0.08006814310051107,0.5933609958506224,0.3231292517006803,0.9456342668863261,0.4079780288556209
2020-06-26,645.0378666666668,-0.007034487966666836,0.0076109226869158775,0.014734156520147534,0.03581570956178837,0.007034487966666836,0.0077202013704347205,0.0077202013704347205,0.0077202013704347205,0.40372670807453415,0.09693877551020408,0.5817805383022775,0.3242784380305603,0.9457236842105264,0.39441042377149016
2020-06-29,640.5003555555556,-0.0006905712186958679,0.023074599039167865,0.02442541796142983,0.038269178166125295,0.0006905712186958679,0.0006905712186958679,0.0006905712186958679,0.0006905712186958679,0.32438016528925623,0.1969439728353141,0.6466942148760331,0.41016949152542376,0.9458128078817734,0.41834096789590725
2020-06-30,640.0580444444445,0.00011596170513983317,0.028107450810364032,0.015029609120172926,0.04305102606666367,-0.0,-0.0,-0.0,-0.0,0.45979381443298967,0.2271186440677966,0.6556701030927834,0.41116751269035534,0.9459016393442623,0.4720264836672597
2020-07-01,640.1322666666667,0.009468876432203732,0.026457032213342613,0.01672973696547153,0.04336395478267807,-0.0,-0.0,-0.0,-0.0,0.5164609053497943,0.2233502538071066,0.6522633744855968,0.41216216216216217,0.9459901800327333,0.4887031744636673
2020-07-02,646.1936,0.005808785478531586,0.016685195685420817,0.012967768311058725,0.031916681866789975,-0.0,-0.0,-0.0,-0.0,0.36960985626283366,0.1875,0.5667351129363449,0.4131534569983137,0.946078431372549,0.4183991471556874
2020-07-03,649.9472,0.008204427135688253,0.007069428956006929,0.012801450128051561,0.03643872062906728,-0.0,-0.0,0.00041439263579134966,0.00041439263579134966,0.1598360655737705,0.17706576728499157,0.5327868852459017,0.4141414141414142,0.9461663947797716,0.3431326560526141
2020-07-06,655.2796444444446,0.004225371600467431,0.0013203523218450197,0.013205422322832172,0.03408621065733963,-0.0,0.0011257619478084457,0.008548682726940315,0.008548682726940315,0.16155419222903888,0.19023569023569023,0.46830265848670755,0.4067226890756303,0.9462540716612378,0.3369040111947798
2020-07-07,658.0484444444445,-0.0014895222168714861,-0.012720306306391427,0.00976091594742412,0.03999637986801363,0.0014895222168714861,0.012720306306391427,0.012720306306391427,0.012720306306391427,0.18979591836734694,0.1546218487394958,0.44081632653061226,0.32214765100671144,0.9463414634146341,0.3212123966704593
2020-07-08,657.0682666666668,-0.00014123342232152947,-0.00947657324427531,0.0071288381602963025,0.04422330952116171,0.00014123342232152947,0.0112475375465807,0.0112475375465807,0.0112475375465807,0.32790224032586557,0.1912751677852349,0.4480651731160896,0.32663316582914576,0.9464285714285714,0.37781113064234334
2020-07-09,656.9754666666665,-0.0037041126108681155,-0.0036564193027872616,0.019318225175734893,0.04937136837445277,0.0037041126108681155,0.011107872927167306,0.011107872927167306,0.011107872927167306,0.19105691056910568,0.11222780569514239,0.4491869918699187,0.07859531772575251,0.946515397082658,0.2811241516108391
2020-07-10,654.5419555555555,0.00244887111557035,0.0056917835128673655,0.02077544439219059,0.05838029973666381,-0.0,0.007431286638853063,0.007431286638853063,0.007431286638853063,0.1926977687626775,0.1806020066889632,0.48275862068965514,0.08681135225375627,0.9466019417475728,0.30766904671118595
2020-07-13,656.1448444444445,-0.009856021627744904,0.011869398213497195,0.013513682852817066,0.07125208600621291,0.009856021627744904,0.009856021627744904,0.009856021627744904,0.009856021627744904,0.23279352226720648,0.15692821368948245,0.4595141700404858,0.07166666666666666,0.9466882067851374,0.30828353818827714
2020-07-14,649.6778666666668,0.0017911098779070933,0.022770874755571047,0.02760650201207393,0.07584326235661942,-0.0,-0.0,-0.0,-0.0,0.41414141414141414,0.185,0.5454545454545454,0.18635607321131445,0.9467741935483871,0.4014237701700305
2020-07-15,650.8415111111111,0.005733773451860769,0.016764279325486964,0.026195966193237386,0.07471974402506865,-0.0,-0.0,-0.0,-0.0,0.23387096774193547,0.24958402662229617,0.530241935483871,0.18770764119601333,0.9468599033816425,0.3603712472146327
2020-07-16,654.5732888888889,0.005643642721884445,0.02305895769654609,0.018706334148543613,0.07657616337537343,-0.0,-0.0,-0.0,-0.0,0.2796780684104628,0.2142857142857143,0.4808853118712274,0.18905472636815918,0.9469453376205789,0.35747332355399114
2020-07-17,658.2674666666667,0.00860656573369889,0.01499829383773621,0.023338503808448596,0.06523440860040819,-0.0,-0.0,-0.0,-0.0,0.28112449799196787,0.22553897180762852,0.42971887550200805,0.1903973509933775,0.9470304975922953,0.3536667737624692
2020-07-20,663.9328888888888,0.0008113939226790379,0.0016249969039709988,0.020608642506706243,0.06574406114674258,-0.0,0.0032842007458585565,0.0032842007458585565,0.0032842007458585565,0.07014028056112225,0.21523178807947022,0.38276553106212424,0.19173553719008266,0.9471153846153847,0.2761278312320318
2020-07-21,664.4716,-0.004092274222103898,0.004727967305149017,0.029943190950523668,0.07245917909308197,0.004092274222103898,0.004092274222103898,0.004092274222103898,0.004092274222103898,0.11800000000000001,0.2859504132231405,0.376,0.19306930693069307,0.9472,0.31124704337452064
2020-07-22,661.7523999999999,0.011960163146619296,0.00927617842161732,0.03683190268747061,0.08471721783286679,-0.0,-0.0,-0.0,-0.0,0.19560878243512975,0.2755775577557756,0.40918163672654695,0.1416803953871499,0.9472843450479234,0.3319066904014984
2020-07-23,669.6670666666668,-0.002279806171013421,-0.0042545187794479356,0.029483572898479915,0.07502414632704024,0.002279806171013421,0.006951646751961582,0.006951646751961582,0.006951646751961582,0.16334661354581673,0.24217462932454695,0.33266932270916333,0.1430921052631579,0.9473684210526316,0.30045050024985226
2020-07-24,668.1403555555556,-0.004682515809386278,0.008216969448468392,0.03683949839414935,0.0821296199439494,0.004682515809386278,0.004682515809386278,0.004682515809386278,0.004682515809386278,0.08151093439363817,0.31085526315789475,0.34194831013916505,0.1444991789819376,0.947452229299363,0.29584283904268344
2020-07-27,665.0117777777778,0.003911843833676487,0.018952847284576357,0.056968548259629825,0.0977595183186426,-0.0,-0.0,-0.0,-0.0,0.1369047619047619,0.3284072249589491,0.371031746031746,0.11475409836065573,0.9475357710651828,0.3195248950057089
2020-07-28,667.6132,0.00041600934992502836,0.025096567892905597,0.04694088666245011,0.09484743826202258,-0.0,0.001191175435782843,0.001191175435782843,0.001191175435782843,0.08316831683168317,0.2262295081967213,0.34257425742574255,0.11129296235679215,0.9476190476190476,0.26778870931183196
2020-07-29,667.8909333333334,-0.0016065164598397796,0.02730246175922524,0.04728509897757083,0.09937820363675298,0.0016065164598397796,0.0016065164598397796,0.0016065164598397796,0.0016065164598397796,0.2924901185770751,0.30278232405891986,0.341897233201581,0.11274509803921569,0.94770206022187,0.35728717023153694
2020-07-30,666.8179555555556,0.010216414888247982,0.03388224432268849,0.05680717522503542,0.10582343233339553,-0.0,-0.0,-0.0,-0.0,0.16962524654832348,0.39869281045751637,0.3510848126232742,0.12234910277324634,0.9477848101265823,0.348451034475695
2020-07-31,673.6304444444445,0.00591600340047993,0.028389255302198046,0.0409404167204106,0.09086853585307608,-0.0,-0.0,-0.0,-0.0,0.061023622047244104,0.43230016313213704,0.2992125984251969,0.12377850162866448,0.9478672985781991,0.31580281695344947
2020-08-03,677.6156444444446,0.009964875532192607,0.037308596836803654,0.04422402158890182,0.04943292554086631,-0.0,-0.0,-0.0,-0.0,0.04911591355599214,0.4315960912052117,0.27504911591355596,0.1252032520325203,0.9479495268138801,0.30831465349313886
2020-08-04,684.3679999999999,0.0025687933977041055,0.021309522881776566,0.041279935161589565,0.04614781593466555,-0.0,-0.0,-0.0,-0.0,0.06470588235294118,0.43414634146341463,0.2352941176470588,0.12662337662337664,0.9480314960629922,0.30823348850365273
2020-08-05,686.126,0.004788106622463761,0.01945156169890394,0.046184260940734356,0.05399808012764962,-0.0,-0.0,-0.0,-0.0,0.12720156555772993,0.349025974025974,0.21135029354207435,0.1166936790923825,0.9481132075471698,0.29862296205962297
2020-08-06,689.4112444444446,0.0048491617936408105,0.022173638272863005,0.04423632841497627,0.05443633440084583,-0.0,-0.0,-0.0,-0.0,0.060546875,0.2852512155591572,0.1796875,0.11326860841423947,0.9481946624803768,0.25347115946386434
2020-08-07,692.754311111111,0.014640431765708062,0.012204679651699024,0.043680937714993595,0.04290559227839319,-0.0,-0.0,-0.0,-0.0,0.14814814814814814,0.21197411003236244,0.15009746588693956,0.09208400646203554,0.9482758620689655,0.253149985242973
2020-08-10,702.8965333333333,-0.005612458720018809,0.006666699546486132,0.03859241613781017,0.032677007316167295,0.005612458720018809,0.005612458720018809,0.005612458720018809,0.005612458720018809,0.009727626459143969,0.20193861066235866,0.06809338521400778,0.0935483870967742,0.9483568075117371,0.19366752960914937
2020-08-11,698.9515555555556,0.0007449252563043185,0.019553731589091017,0.0457586022380827,0.03677352638633624,-0.0,-0.0,-0.0,-0.0,0.10291262135922329,0.1096774193548387,0.09902912621359222,0.02576489533011272,0.9484375,0.1931088083178789
2020-08-12,699.4722222222222,0.0074710297446487495,0.02622262817203458,0.049741092191647684,0.030146988897725713,-0.0,-0.0,-0.0,-0.0,0.18410852713178297,0.08212560386473429,0.09496124031007752,0.027331189710610933,0.9485179407176286,0.21067567515682856
2020-08-13,704.698,-0.004950836307814788,0.02158409228728697,0.046381457523623215,0.03064145698061793,0.004950836307814788,0.004950836307814788,0.004950836307814788,0.004950836307814788,0.18568665377176014,0.11254019292604502,0.056092843326885876,0.02889245585874799,0.9485981308411214,0.21438427578360159
2020-08-14,701.2091555555555,0.009089125159423173,0.03109673240606381,0.047964435169083774,0.037339110097086126,-0.0,-0.0,-0.0,-0.0,0.11583011583011583,0.13964686998394865,0.08687258687258687,0.06250000000000001,0.9486780715396579,0.20862018592214449
2020-08-17,707.5825333333333,0.007117379381326172,0.03171428696877232,0.004988301211495294,0.0433313063449805,-0.0,-0.0,-0.0,-0.0,0.11753371868978806,0.1650641025641026,0.04624277456647399,0.064,0.9487577639751552,0.21063761688909738
2020-08-18,712.6186666666666,0.007290793517742422,0.025702294873805487,0.004674901156451083,0.04591491977273665,-0.0,-0.0,0.0021140318034614802,0.0021140318034614802,0.13653846153846155,0.08800000000000001,0.04807692307692309,0.06549520766773162,0.9488372093023255,0.19471123514368285
2020-08-19,717.8142222222223,0.0029172512603072853,0.022917506761184425,0.007468874727563968,0.03736537451677968,-0.0,-0.0,0.009336752983078234,0.009336752983078234,0.05182341650671785,0.052715654952076675,0.04990403071017274,0.038277511961722493,0.9489164086687307,0.1542670030473319
2020-08-20,719.9082666666666,0.004314719671527634,0.02427344496018513,0.009767909531889218,0.028820423000599504,-0.0,-0.0,0.012218360216644686,0.012218360216644686,0.10536398467432952,0.03987240829346093,0.05172413793103448,0.03980891719745223,0.9489953632148377,0.16814699902841945
2020-08-21,723.0144690265487,0.00969349871026104,0.016358991579441096,-0.0007428950827615965,0.025582359304796132,-0.0,-0.0,0.016462050753950574,0.016462050753950574,0.06500956022944551,0.03821656050955414,0.05353728489483747,0.03497615262321145,0.9490740740740741,0.15443087416639115
2020-08-24,730.0230088495575,0.001248718066832577,-0.025904444762318013,-0.005695601787311766,-0.01449602752246859,-0.0,0.025904444762318013,0.025904444762318013,0.025904444762318013,0.0534351145038168,0.025437201907790145,0.05534351145038168,0.019047619047619046,0.9491525423728813,0.1453517378703646
2020-08-25,730.9346017699114,0.004555992745861603,-0.02050048422670403,-0.00859192153190691,-0.02751683775929481,-0.0,0.027119298471189768,0.027119298471189768,0.02751683775929481,0.09714285714285714,0.03968253968253968,0.057142857142857134,0.020602218700475437,0.9492307692307693,0.16398330656772292
2020-08-26,734.2647345132743,0.004246677927103315,-0.015102519930991098,-0.018665653311726094,-0.031967262657490836,-0.0,0.031531633324360375,0.031531633324360375,0.031967262657490836,0.09885931558935361,0.026941362916006337,0.058935361216730035,0.02215189873417722,0.9493087557603687,0.16128293525330897
2020-08-27,737.3829203539822,-0.003445514734182531,-0.014161780235218191,-0.015042316002288225,-0.051229491719519515,0.003445514734182531,0.035627014794128775,0.035627014794128775,0.051229491719519515,0.11385199240986717,0.015822784810126583,0.06072106261859583,0.018957345971563982,0.9493865030674847,0.16273668829816446
2020-08-28,734.842256637168,-0.03229276525845182,-0.016826620125263037,-0.010139013038437006,-0.03052813393519216,0.03229276525845182,0.03229276525845182,0.03229276525845182,0.04794918661430869,0.3731060606060606,0.017377567140600316,0.08712121212121213,0.02996845425867508,0.9494640122511484,0.25159794756512843
2020-08-31,711.112168141593,0.006803315385005337,0.02074626340952279,0.038152688033545656,0.017596890325418668,-0.0,-0.0,-0.0,0.016178882200915234,0.5897920604914934,0.06782334384858044,0.2892249527410208,0.8488188976377953,0.9495412844036697,0.4651525601339965
2020-09-01,715.9500884955752,0.01009204181435508,0.012157803554803559,0.04104812270000546,0.010694805442016841,-0.0,-0.0,-0.0,0.022826898992810762,0.4509433962264151,0.06614173228346457,0.25849056603773585,0.8490566037735848,0.9496183206106871,0.41556240535617034
2020-09-02,723.1754867256637,0.005205899301299333,-0.0036177708369050654,0.029674861962659005,0.0024491295335480334,-0.0,0.0036177708369050654,0.0036177708369050654,0.032590040753153526,0.16760828625235405,0.05345911949685535,0.18267419962335216,0.8492935635792779,0.9496951219512195,0.3096524222971668
2020-09-03,726.9402654867257,-0.006139321985409896,-0.0008931848546916976,0.01886821049556109,-0.0003746458212230408,0.006139321985409896,0.008777972895242292,0.008777972895242292,0.037600197214047504,0.2030075187969925,0.07692307692307693,0.14285714285714285,0.8495297805642634,0.9497716894977168,0.32186817535135437
2020-09-04,722.4773451327434,0.004689065180596641,0.006802062813862975,0.026344825829122565,0.0006750974128679754,-0.0,0.00265495050584319,0.00265495050584319,0.03165521679707284,0.41838649155722324,0.14733542319749218,0.19136960600375233,0.8575899843505478,0.9498480243161095,0.41974015946670973
2020-09-07,725.8650884955753,-0.0016678298601406905,0.01705264593953215,-0.00885083657577701,-0.0009088984011472734,0.0016678298601406905,0.007309739839877483,0.00885083657577701,0.03617465665472985,0.2359550561797753,0.22222222222222224,0.1554307116104869,0.8578125,0.9499241274658573,0.3777341988681318
2020-09-08,724.6544690265487,-0.005651335445742811,0.028543295367319033,-0.01908892678848284,0.002839472223738815,0.005651335445742811,0.005651335445742811,0.01908892678848284,0.03456447445718891,0.23738317757009345,0.309375,0.17383177570093458,0.8471138845553823,0.95,0.4051139958454011
2020-09-09,720.559203539823,0.007954613421557122,0.03341351524055991,-0.01355461509184308,0.01043647027037875,-0.0,-0.0,0.01355461509184308,0.0290774655230287,0.27798507462686567,0.3837753510140406,0.2126865671641791,0.8582554517133956,0.9500756429652043,0.44705251441613136
2020-09-10,726.2909734513274,0.001515519268222798,0.01977906170861088,-0.03673982781712615,-0.0006243688382528978,-0.0,-0.0,0.03673982781712615,0.03673982781712615,0.14711359404096835,0.35669781931464173,0.15083798882681562,0.8584758942457232,0.9501510574018127,0.38790955798377713
2020-09-11,727.3916814159293,0.014918135182004244,0.019410730010465338,-0.02059796392152058,-0.005019040149562004,-0.0,-0.0,0.03819745810159891,0.03819745810159891,0.1486988847583643,0.3094867807153966,0.13940520446096655,0.8462732919254659,0.9502262443438912,0.37145290230688843
2020-09-14,738.2430088495574,0.009611315841271617,-0.02546916584773251,-0.019800360722528665,-0.02005285798110379,-0.0,0.02546916584773251,0.05233485484430522,0.05233485484430522,0.016697588126159554,0.2717391304347826,0.061224489795918366,0.8465116279069766,0.9503012048192773,0.3063710999740429
2020-09-15,745.3384955752213,-0.0009430293891532493,-0.04631037154229978,-0.02915649776041651,-0.030811623977587188,0.0009430293891532493,0.04631037154229978,0.06135645442321469,0.06135645442321469,0.011111111111111112,0.4108527131782946,0.06296296296296296,0.846749226006192,0.950375939849624,0.34546714510181714
2020-09-16,744.6356194690266,-0.005343945322190846,-0.04544950268186654,-0.026441096539169706,-0.04018962167990092,0.005343945322190846,0.04544950268186654,0.06047045044600741,0.06047045044600741,0.07024029574861368,0.7476780185758514,0.07578558225508318,0.846986089644513,0.9504504504504504,0.4646585738107673
2020-09-17,740.6563274336283,0.0011537841377593505,-0.05542268090015623,-0.018886501824828428,-0.02782507318611227,-0.0,0.05542268090015623,0.05542268090015623,0.05542268090015623,0.15498154981549817,0.7820710973724885,0.11070110701107011,0.8595679012345678,0.9505247376311844,0.5086492635910137
2020-09-18,741.5108849557523,-0.029763972697218533,-0.03924688327694492,-0.02501082264970489,-0.027438152105368263,0.029763972697218533,0.05651126323878586,0.05651126323878586,0.05651126323878586,0.11786372007366483,0.7824074074074073,0.10497237569060774,0.859784283513097,0.9505988023952096,0.496022015765472
2020-09-21,719.440575221239,-0.011980117048909222,0.005816958198285427,0.008012858677287182,0.0034637433801760764,0.011980117048909222,0.02756781833377575,0.02756781833377575,0.02756781833377575,0.5661764705882354,0.8967642526964561,0.30147058823529416,0.936923076923077,0.9506726457399104,0.7120470275103405
2020-09-22,710.821592920354,-4.12087022819696e-05,0.017986851560527484,0.02235513453877913,0.014721725846525535,4.12087022819696e-05,0.015776708094484948,0.015776708094484948,0.015776708094484948,0.5669724770642202,0.9384615384615386,0.3596330275229358,0.946236559139785,0.9507462686567163,0.7343819537578188
2020-09-23,710.7923008849557,-0.015736147858435134,0.019913463139039855,0.024320743681572887,0.019776216015530146,0.015736147858435134,0.015736147858435134,0.015736147858435134,0.015736147858435134,0.46336996336996333,0.9508448540706606,0.3608058608058608,0.946319018404908,0.9508196721311475,0.7049888501166215
2020-09-24,699.6071681415928,0.018298448396009137,0.03867992416983479,0.03749294325854957,0.041307014425762345,-0.0,-0.0,-0.0,-0.0,0.603290676416819,0.9662576687116565,0.4552102376599634,0.9555895865237365,0.9508928571428571,0.7697072197609265
2020-09-25,712.4088938053097,0.015744661900875867,0.014817605459138683,0.01590656665809731,0.013147675616205445,-0.0,-0.0,-0.0,-0.0,0.38321167883211676,0.9494640122511484,0.33941605839416056,0.9541284403669724,0.9509658246656761,0.6766280920291785
2020-09-28,723.6255309734513,-2.555959461014723e-05,0.0021832008906823575,-0.00025759778769274266,0.004373256464097253,2.555959461014723e-05,0.0009126865013519003,0.0009126865013519003,0.01232202977729202,0.13296903460837886,0.8302752293577982,0.2750455373406193,0.900763358778626,0.9510385756676557,0.5455054309562952
2020-09-29,723.6070353982301,0.0018512835066262223,0.004291099606596349,-0.0017048331820241902,-0.0017802076353503615,-0.0,0.0008871495819254838,0.0017048331820241902,0.01229678448350835,0.1781818181818182,0.8702290076335878,0.27636363636363637,0.9009146341463414,0.951111111111111,0.5718770133766693
2020-09-30,724.9466371681416,0.0023743584666653383,0.004321229890395406,-0.014121924304587696,-0.007338109223602118,-0.0,0.0027333728404946855,0.014121924304587696,0.014121924304587696,0.4301270417422867,0.8917682926829268,0.2540834845735027,0.9010654490106544,0.9511834319526628,0.6555646973593673
2020-10-01,726.6679203539824,-0.005095632449111487,-0.0011427783320581142,-0.009110639470264248,-0.013146408317786684,0.005095632449111487,0.005095632449111487,0.016457207461379575,0.016457207461379575,0.38586956521739135,0.8767123287671232,0.2391304347826087,0.9012158054711246,0.9512555391432792,0.6347577886657899
2020-10-05,722.9650877192983,0.0030987155478863215,0.0010730610043625521,-0.0024895963073765515,-0.011906782640272784,-0.0,-0.0,0.011419765942164206,0.011906782640272784,0.15732368896925858,0.8328267477203647,0.28571428571428575,0.8952959028831563,0.9513274336283186,0.5550389196571924
2020-10-06,725.205350877193,0.0020776934204114195,-0.002435481532923278,-0.004512953637397454,-0.008918873288549234,-0.0,0.002435481532923278,0.01447363182208905,0.01495914405589005,0.10108303249097475,0.7966616084977238,0.2509025270758123,0.8954545454545455,0.95139911634757,0.521235776886026
2020-10-07,726.7121052631578,0.0018813405921747073,-0.0059703135783731875,-0.00746649420966361,-0.00629437888800588,-0.0,0.0059703135783731875,0.016517007963729458,0.017001513543475233,0.18198198198198198,0.7636363636363636,0.236036036036036,0.8910741301059002,0.9514705882352942,0.534761121171686
2020-10-08,728.0792982456142,-0.0030790578045769568,-0.018363799993549756,-0.00443662563125391,0.0028679916325096144,0.0030790578045769568,0.018363799993549756,0.018363799993549756,0.018847395764940544,0.10251798561151078,0.42511346444780634,0.22482014388489208,0.8731117824773413,0.9515418502202644,0.406676951634687
2020-10-09,725.8375000000001,-0.002888562023255603,-0.007976977054739653,0.0036762381778072672,0.009829467435712447,0.002888562023255603,0.015331950149740758,0.015331950149740758,0.015817039539402722,0.2926391382405745,0.7643504531722054,0.2495511669658887,0.8823529411764706,0.9516129032258065,0.5714357755299098
2020-10-12,723.7408733624453,-0.00041692646635926867,-0.0035588384609657187,-0.002715693679358311,0.0160405066688325,0.00041692646635926867,0.012479435750666124,0.012479435750666124,0.012965930410326565,0.39247311827956993,0.8205128205128205,0.27956989247311825,0.8900602409638555,0.951683748169839,0.6252861333561085
2020-10-13,723.4391266375545,-0.0014731308893545236,-0.0020825441021765645,0.004632047456967436,0.017349383307148525,0.0014731308893545236,0.012067540561350731,0.012067540561350731,0.012554238138112073,0.3935599284436494,0.8614457831325302,0.2862254025044723,0.8902255639097745,0.9517543859649122,0.6386096737626246
2020-10-14,722.373406113537,-0.010610039649140646,-0.0015051669499696052,-7.550317364191095e-05,0.022764962489310037,0.010610039649140646,0.010610039649140646,0.010610039649140646,0.011097455252883748,0.6125,0.8240601503759397,0.3017857142857143,0.8903903903903904,0.9518248175182481,0.7002435208952179
2020-10-15,714.7089956331877,0.007469495020296035,0.014187714717737832,0.006880987870838462,0.034843386956403766,-0.0,-0.0,-0.0,0.000492642560846579,0.6131907308377896,0.8738738738738739,0.3404634581105169,0.911544227886057,0.9518950437317786,0.7234001164261
2020-10-16,720.0475109170305,0.001552238668384831,0.011746920145007334,-0.004072875346410876,0.03486214640858276,-0.0,-0.0,0.004072875346410876,0.00790310537489991,0.33629893238434166,0.8740629685157422,0.3096085409252669,0.9071856287425148,0.9519650655021833,0.6295430616345346
2020-10-19,721.1651965065502,0.0010640228456095802,0.0008461561145316487,-0.00944068983945967,0.05946356947935372,-0.0,-0.0,0.00944068983945967,0.00944068983945967,0.33747779751332146,0.8622754491017963,0.30550621669627,0.9073243647234679,0.9520348837209304,0.6258873093776813
2020-10-20,721.9325327510917,-0.0008954011415863716,0.006728604174082831,-0.004425893503336442,0.044189313557043475,0.0008954011415863716,0.0008954011415863716,0.01049354731099894,0.01049354731099894,0.33865248226950356,0.4125560538116592,0.30319148936170215,0.6164179104477612,0.9521044992743106,0.4595906842814596
2020-10-21,721.286113537118,0.0049397449437114105,0.0014318189028186268,0.001180932749191621,0.052142243246718456,-0.0,-0.0,0.00960674806259465,0.00960674806259465,0.33982300884955746,0.2880597014925373,0.30619469026548674,0.5171385991058122,0.9521739130434783,0.4121178379009005
2020-10-22,724.8490829694323,0.005044868849073403,-0.007204511295951788,0.00733716953819763,0.043640103610786296,-0.0,0.007204511295951788,0.014474990246426067,0.014474990246426067,0.13427561837455831,0.2414307004470939,0.2579505300353357,0.5163690476190476,0.9522431259044862,0.3252731056676148
2020-10-23,728.5058515283843,-0.009238685821263304,-0.015636119247243174,0.006130691376211583,0.04596001482726142,0.009238685821263304,0.015636119247243174,0.01942187826684072,0.01942187826684072,0.291005291005291,0.12797619047619047,0.21340388007054675,0.13818722139673106,0.9523121387283237,0.2900182832425157
2020-10-26,721.7754148471616,0.0069477514113820416,-0.01027814903533908,0.0188072751464321,0.06060679945140124,-0.0,0.01027814903533908,0.01027814903533908,0.01027814903533908,0.3433098591549295,0.20950965824665677,0.30633802816901406,0.287833827893175,0.9523809523809522,0.36267636083039245
2020-10-27,726.7901310043668,-0.0061520735970463925,-0.011079945112486667,0.012658700150341096,0.057515567344212704,0.0061520735970463925,0.017107044951018002,0.017107044951018002,0.017107044951018002,0.444639718804921,0.30860534124629074,0.23374340949033393,0.28888888888888886,0.9524495677233429,0.41323563374653866
2020-10-28,722.318864628821,-0.003726837546857653,-0.00025052744369746804,0.02284219032081425,0.05266057847899108,0.003726837546857653,0.011022784334441482,0.011022784334441482,0.011022784334441482,0.2912280701754386,0.33037037037037037,0.30350877192982456,0.334319526627219,0.9525179856115108,0.3864485992539541
2020-10-29,719.6268995633187,-0.003490770569125501,0.014647206801001289,0.027771305072206154,0.06165525124130333,0.003490770569125501,0.007323239310812024,0.007323239310812024,0.007323239310812024,0.3450087565674256,0.3742603550295858,0.3239929947460595,0.3500738552437223,0.9525862068965516,0.4214915760686405
2020-10-30,717.114847161572,-0.003845893874836692,0.022112565331846135,0.03909424775285264,0.07942233342853111,0.003845893874836692,0.003845893874836692,0.003845893874836692,0.003845893874836692,0.24825174825174823,0.4534711964549484,0.3409090909090909,0.3746312684365782,0.9526542324246772,0.4191208118667481
2020-11-02,714.3568995633188,0.0061320002423161935,0.029387473009131027,0.06956096279348079,0.09228112646345776,-0.0,-0.0,-0.0,-0.0,0.44851657940663175,0.7271386430678466,0.35602094240837695,0.35346097201767307,0.9527220630372493,0.5628756639163591
2020-11-03,718.7373362445414,0.004731307967605902,0.024004615080364555,0.048831329323592465,0.08945053749950271,-0.0,-0.0,-0.0,-0.0,0.29268292682926833,0.43004418262150224,0.3344947735191638,0.35441176470588237,0.9527896995708156,0.4231306777065712
2020-11-04,722.1379039301311,0.011119094575918975,0.02309850457381568,0.05090119960394168,0.09481308472815853,-0.0,-0.0,-0.0,-0.0,0.29391304347826086,0.4161764705882353,0.3026086956521739,0.355359765051395,0.9528571428571427,0.41478703280987655
2020-11-05,730.167423580786,0.0038411361538546185,0.01293464189645066,0.03603851338994213,0.0868500339157725,-0.0,-0.0,-0.0,-0.0,0.07291666666666666,0.3509544787077827,0.19444444444444442,0.3563049853372434,0.9529243937232524,0.3087267855259557
2020-11-06,732.972096069869,0.003244253923176066,0.016614297678155587,0.03958663003965235,0.09131256657333542,-0.0,-0.0,-0.0,-0.0,0.07452339688041594,0.3225806451612903,0.16811091854419413,0.33528550512445093,0.9529914529914529,0.29445747821217205
2020-11-09,735.3500436681223,0.0008707494918500647,0.039026596726414065,0.041027901276972534,0.08767532273492895,-0.0,-0.0,-0.0,-0.0,0.07612456747404844,0.25329428989751096,0.13494809688581313,0.3304093567251462,0.9530583214793742,0.269168237297121
2020-11-10,735.9903493449782,0.0038422518237168912,0.02424472885923401,0.0442961356942988,0.08938685177130234,-0.0,-0.0,-0.0,-0.0,0.25215889464594127,0.1681286549707602,0.1312607944732297,0.32700729927007294,0.9531250000000001,0.299775052394257
2020-11-11,738.8182096069869,0.001074240066027743,0.027174993322571117,0.02915248162458406,0.08582566387001722,-0.0,-0.0,-0.0,-0.0,0.40862068965517245,0.16642335766423358,0.11896551724137933,0.3206997084548105,0.9531914893617022,0.3468085750355068
2020-11-12,739.6118777292576,0.00748775824355441,0.02280884722259624,0.03296837146734366,0.0896898479504653,-0.0,-0.0,-0.0,-0.0,0.25301204819277107,0.10787172011661808,0.11187607573149741,0.148471615720524,0.953257790368272,0.2579997164906709
2020-11-13,745.1499126637556,0.025361796720603458,0.022596900726227442,0.03881080639498502,0.08875984217706412,-0.0,-0.0,-0.0,-0.0,0.07731958762886598,0.10917030567685587,0.061855670103092786,0.1497093023255814,0.9533239038189534,0.19467933044715585
2020-11-14,764.0482532751091,-0.01336828848631788,0.0019261340921048475,0.021242513947626218,0.06057974915848452,0.01336828848631788,0.01336828848631788,0.01336828848631788,0.01336828848631788,0.06689536878216124,0.09302325581395349,0.06003430531732418,0.1509433962264151,0.9533898305084746,0.18650943396899944
2020-11-17,753.8342358078602,0.006714146786350739,0.01957677327507179,0.038728065266801615,0.07992293720070043,-0.0,-0.0,-0.0,-0.0,0.08047945205479452,0.08272859216255442,0.14212328767123286,0.4463768115942029,0.9534555712270805,0.2359331503867669
2020-11-18,758.8955895196507,-0.0031809612555225852,0.0019251717719650507,0.04178497954019478,0.07300179777450677,0.0031809612555225852,0.0031809612555225852,0.0031809612555225852,0.0031809612555225852,0.039316239316239315,0.08405797101449275,0.11282051282051282,0.4457308248914616,0.9535211267605633,0.2186348260372184
2020-11-19,756.4815720524017,0.0072789865839486545,0.009932964768866848,0.04904404601675849,0.07686290496315173,-0.0,-0.0,-0.0,-0.0,0.1672354948805461,0.08538350217076701,0.12969283276450513,0.4609826589595376,0.9535864978902953,0.2644124377499013
2020-11-20,761.9879912663755,0.0046351404980937705,0.01585561784633094,0.0497562541100689,0.03588080477835365,-0.0,0.0021409751841383606,0.0021409751841383606,0.0021409751841383606,0.08347529812606473,0.07658959537572255,0.08347529812606473,0.4617604617604617,0.9536516853932585,0.2281276225335641
2020-11-23,765.5199126637555,0.004012913334694002,0.019279245443602377,0.04480900214176442,0.03683143448018256,-0.0,0.006744852343979035,0.006744852343979035,0.006744852343979035,0.03401360544217687,0.07215007215007214,0.061224489795918366,0.3054755043227666,0.9537166900420757,0.18875874422414113
2020-11-24,768.5918777292577,-0.01071476824231532,0.01878357029477251,0.043178093393044126,0.05213333474236381,0.01071476824231532,0.01071476824231532,0.01071476824231532,0.01071476824231532,0.042444821731748725,0.05043227665706052,0.06281833616298811,0.3064748201438849,0.953781512605042,0.18549333993821474
2020-11-25,760.3565938864627,0.004786021451897771,0.03978321823947706,0.055067818673449453,0.06924658310746645,-0.0,-0.0,-0.0,-0.0,0.36271186440677966,0.04748201438848921,0.13559322033898305,0.4497126436781609,0.9538461538461539,0.3155591452094641
2020-11-26,763.9956768558952,0.013186075665966746,0.03872641315044367,0.05491114544247688,0.0713706912422798,-0.0,-0.0,-0.0,-0.0,0.14720812182741116,0.03735632183908046,0.1116751269035533,0.430416068866571,0.9539106145251397,0.23760877229117125
2020-11-27,774.0697816593886,0.008020952942080495,0.03337151034869401,0.048082899671999746,0.05740480840843576,-0.0,-0.0,-0.0,-0.0,0.0,0.02152080344332855,0.06418918918918919,0.4154727793696275,0.9539748953974896,0.17684653976993928
2020-12-01,780.278558951965,0.003524662197953221,0.025046871907071333,0.03851899492393818,0.052421151353460704,-0.0,-0.0,-0.0,-0.0,0.01011804384485666,0.01002865329512894,0.0657672849915683,0.3791130185979971,0.9540389972144847,0.1725916486582865
2020-12-02,783.0287772925765,0.009676846021542396,0.02394475510751848,0.039658957249140814,0.048871309754045855,-0.0,-0.0,-0.0,-0.0,0.005050505050505051,0.02002861230329042,0.06734006734006734,0.38,0.9541029207232267,0.1742371307302816
2020-12-03,790.6060262008733,0.003764786484614868,0.014699795270644689,0.029964742098786967,0.04666283860073528,-0.0,-0.0,-0.0,0.0016155866943704522,0.0,0.01857142857142857,0.06890756302521009,0.38088445078459343,0.9541666666666667,0.17254431639744086
2020-12-04,793.5824890829695,0.007962839897058371,0.015581323519968215,0.026518294491086447,0.05301182702573848,-0.0,-0.0,-0.0,0.005360193196085716,0.0016778523489932888,0.034236804564907276,0.07046979865771813,0.3817663817663818,0.9542302357836339,0.17800214080202928
2020-12-07,799.9016593886462,-9.946637545155124e-05,0.014236302410099988,-0.013217782011194723,0.05203800161460914,9.946637545155124e-05,9.946637545155124e-05,0.013217782011194723,0.013217782011194723,0.0033500837520938024,0.03418803418803419,0.07202680067001675,0.38264580369843526,0.9542936288088643,0.17887243511519402
2020-12-08,799.8220960698691,0.002445685792790142,0.013142933641465904,-0.007635431591064612,0.05309788868987564,-0.0,-0.0,0.013119620596851234,0.013119620596851234,0.12374581939799331,0.03982930298719772,0.07357859531772576,0.38352272727272735,0.9543568464730291,0.2194490173652388
2020-12-09,801.7782096069868,0.0005607078284126654,0.01534672848631602,0.008584575736432232,0.054374389763887754,-0.0,-0.0,0.015527331415797874,0.015527331415797874,0.028380634390651086,0.053977272727272735,0.07345575959933222,0.3843971631205674,0.9544198895027626,0.193109371892982
2020-12-10,802.2277729257642,0.0046368148609745585,0.015043805960432532,0.01343872325841966,0.0646294140726893,-0.0,-0.0,0.016079023609799292,0.016079023609799292,0.09833333333333333,0.062411347517730496,0.075,0.3852691218130312,0.9544827586206897,0.2183334966414902
2020-12-11,805.9475545851528,0.0066279085959140005,0.010769173002523447,0.015602779315502469,0.0635130776385755,-0.0,-0.0,0.020620226299033706,0.020620226299033706,0.20798668885191346,0.06657223796033994,0.07653910149750415,0.38613861386138615,0.9545454545454546,0.2550326923064621
2020-12-14,811.2893013100437,-0.001177380873885303,-0.02706872585417852,0.008894247525031984,0.05797252472949266,0.001177380873885303,0.02706872585417852,0.02706872585417852,0.02706872585417852,0.024916943521594685,0.08062234794908062,0.07807308970099668,0.3870056497175141,0.9546079779917469,0.2008070123744531
2020-12-15,810.3341048034935,0.0046262119172255645,-0.020508819182944116,0.013386521091548031,0.05497274265706675,-0.0,0.025921864888228008,0.025921864888228008,0.025921864888228008,0.026533996683250415,0.10734463276836159,0.09452736318407959,0.38928067700987307,0.9546703296703298,0.21188771980614446
2020-12-16,814.0828820960697,0.00026219662193360804,-0.006659944391572248,0.008860936983874357,0.05315998961083457,-0.0,0.0304074057028193,0.0304074057028193,0.0304074057028193,0.021523178807947022,0.15514809590973203,0.07947019867549669,0.0943661971830986,0.9547325102880658,0.1863528327104564
2020-12-17,814.2963318777294,0.0004060086491477488,-0.0015812940215857996,0.016212299139407582,0.04118781045236042,-0.0,0.030661562966520006,0.030661562966520006,0.030661562966520006,0.046280991735537194,0.16760563380281693,0.0809917355371901,0.09563994374120956,0.9547945205479452,0.1983121871823847
2020-12-18,814.626943231441,-0.031054963032077776,0.004782106975641964,0.025809118723779445,0.029276079274800804,0.031054963032077776,0.031054963032077776,0.031054963032077776,0.031054963032077776,0.06105610561056105,0.19549929676511954,0.0825082508250825,0.09129213483146068,0.9548563611491108,0.2108963324052544
2020-12-21,789.3287336244541,0.00555709599688603,0.03696352901265709,0.06612987388321989,0.07358399940516591,-0.0,-0.0,-0.0,-0.0,0.642504118616145,0.30337078651685395,0.33772652388797364,0.8092566619915849,0.9549180327868854,0.55393625289402
2020-12-22,793.7151091703057,0.018830467038099874,0.034605048966564356,0.061200613377716984,0.07174623389558876,-0.0,-0.0,-0.0,-0.0,0.3273026315789474,0.30014025245441794,0.27960526315789475,0.8081232492997199,0.9549795361527967,0.4430761118182163
2020-12-23,808.6611353711791,0.005376237826932639,0.015624942624446803,0.04540007365670995,0.04829817359439348,-0.0,-0.0,-0.0,-0.0,0.047619047619047616,0.33613445378151263,0.14285714285714285,0.8083916083916084,0.9550408719346051,0.3433402059714596
2020-12-24,813.0086899563319,0.006782075678893662,0.017821774626664455,0.050511875695533615,0.03635098675742077,-0.0,-0.0,-0.0,-0.0,0.1360655737704918,0.30349650349650353,0.10163934426229508,0.8002793296089385,0.9551020408163267,0.354966929475173
2020-12-28,818.5225764192139,-2.1339972056444445e-05,0.02092693689722247,0.04717424892767985,0.022942443908016807,2.1339972056444445e-05,2.1339972056444445e-05,2.1339972056444445e-05,2.1339972056444445e-05,0.02291325695581015,0.33798882681564246,0.08346972176759411,0.8005578800557881,0.9551630434782608,0.32606558851834794
2020-12-29,818.5051091703056,0.003270047050840885,0.028126683392938112,0.04864561109834553,0.016590475116341263,-0.0,-0.0,-0.0,-0.0,0.05555555555555555,0.38912133891213385,0.08496732026143791,0.8008356545961003,0.9552238805970148,0.3517111301927611
2020-12-30,821.1816593886462,0.00013974962058105334,0.025706006787534985,0.04103688049918497,0.008388433751341351,-0.0,-0.0,-0.0,-0.0,0.03588907014681893,0.43732590529247917,0.08482871125611746,0.8011126564673157,0.9552845528455284,0.35949189375073237
2020-12-31,821.2964192139738,0.007550901524951081,0.029317053749509325,0.043909969157293505,-0.002156405401876005,-0.0,-0.0,-0.0,0.002156405401876005,0.05863192182410423,0.43810848400556324,0.08631921824104234,0.8013888888888888,0.9553450608930987,0.3672740298780727
2021-01-01,827.4979475982534,0.009853558127005835,0.03211770654136359,0.02457706065366816,0.007569986716941868,-0.0,-0.0,-0.0,0.00963455733316787,0.0065040650406504065,0.4541666666666667,0.0878048780487805,0.8016643550624133,0.9554054054054055,0.3555181760612663
2021-01-04,835.6517467248908,0.007030675792369712,0.025709295231476137,0.0033797326303111053,0.02045291499917279,-0.0,-0.0,-0.0,0.019297961871143632,0.0,0.45631067961165045,0.08928571428571429,0.8019390581717453,0.9554655870445344,0.354323069415712
2021-01-05,841.526943231441,0.0009078942431899328,0.01995758697526706,0.006991761233362093,0.026794890130747318,-0.0,-0.0,0.00362545377198753,0.02614482189710554,0.001620745542949757,0.46814404432132967,0.09076175040518639,0.8022130013831259,0.9555256064690026,0.3585577619556321
2021-01-06,842.29096069869,0.0036607893537188296,0.014946654899355982,0.009937442916005956,0.041984918765892054,-0.0,-0.0,0.004529235947934196,0.027028177413617738,0.0032362459546925564,0.45228215767634855,0.09223300970873786,0.7914364640883979,0.955585464333782,0.3533756245516509
2021-01-07,845.3744104803493,0.010292331131127597,0.014177279347142413,0.0027722400358611843,0.03351329874738762,-0.0,-0.0,0.008160152701518486,0.03057703069888562,0.0032310177705977385,0.4696132596685083,0.09369951534733442,0.7917241379310345,0.9556451612903225,0.35869339221911556
2021-01-08,854.0752838427948,0.003583384752190444,-0.0073059941127879835,-0.013479989389683977,0.032066589319118544,-0.0,0.0073059941127879835,0.018264499555278757,0.040453006096023314,0.0016129032258064516,0.4703448275862069,0.09516129032258064,0.7920110192837465,0.9557046979865771,0.35865052188085506
2021-01-11,857.1357641921397,0.0013837086846926194,-0.02176987447123191,-0.023140184209530235,0.03090233517719354,-0.0,0.02176987447123191,0.023140184209530235,0.043879154953414656,0.001610305958132045,0.48760330578512395,0.0966183574879227,0.7922971114167813,0.9557640750670242,0.3639462914764249
2021-01-12,858.3217903930131,-0.0040094489251367715,-0.012712122452420593,-0.03056813058935115,0.03085474103061303,0.0040094489251367715,0.023121589611575177,0.03056813058935115,0.04520031956337667,0.03536977491961415,0.48830811554332876,0.09807073954983923,0.7925824175824177,0.9558232931726907,0.37523142361578515
2021-01-13,854.8803930131004,0.002899968998957503,-0.004935443610922241,-0.031361469857041246,0.04593106103444944,-0.0,0.01918907831586636,0.031361469857041246,0.04135668816715887,0.10914927768860354,0.48901098901098905,0.1348314606741573,0.8052126200274349,0.9558823529411765,0.4061627237121067
2021-01-14,857.359519650655,-0.011108647638710667,-0.011245607196626262,-0.04412868534664638,0.04582325289218647,0.011108647638710667,0.02202517499015577,0.04412868534664638,0.04412868534664638,0.043269230769230775,0.48971193415637865,0.1153846153846154,0.8054794520547945,0.9559412550066755,0.3823575681481438
2021-01-15,847.8354148471616,-0.011039157461917748,-0.006219434428213488,-0.016599116445058737,0.060469306940532874,0.011039157461917748,0.011039157461917748,0.03339096618560766,0.03339096618560766,0.2656,0.4904109589041096,0.1856,0.8207934336525308,0.956,0.46626905566198934
2021-01-18,838.4760262008734,0.010655847287090348,-0.0014008050892500012,0.017015673940418363,0.07244926736232471,-0.0,0.0014008050892500012,0.022601308122904062,0.022601308122904062,0.39776357827476033,0.49110807113543087,0.27795527156549515,0.848360655737705,0.9560585885486019,0.5261063451156941
2021-01-19,847.4106986899562,0.0038357792205951924,-0.018085918548179536,0.01966563149745193,0.059272421266794106,-0.0,0.018085918548179536,0.0329065086787621,0.0329065086787621,0.06539074960127592,0.4193989071038252,0.19457735247208935,0.29195088676671216,0.9561170212765957,0.31890377544110304
2021-01-20,850.6611790393011,-0.003459882554238014,-0.02655709730232436,0.03173213952475584,0.058724800364861496,0.003459882554238014,0.02655709730232436,0.03660189112594181,0.03660189112594181,0.044585987261146494,0.4392905866302865,0.1735668789808917,0.29291553133514986,0.9561752988047809,0.3149909142570985
2021-01-21,847.7179912663755,-0.006081778658573955,-0.03325707414233392,0.030656072719391414,0.04920674557575322,0.006081778658573955,0.03325707414233392,0.03325707414233392,0.03325707414233392,0.17329093799682035,0.4931880108991826,0.1891891891891892,0.30068027210884357,0.9562334217506633,0.37526460683475676
2021-01-22,842.5623580786025,-0.0062438979287449126,-0.010444641781531705,0.04616893546905865,0.04305251021753964,0.0062438979287449126,0.027341580927134235,0.027341580927134235,0.027341580927134235,0.19206349206349205,0.745578231292517,0.24444444444444444,0.39402173913043476,0.9562913907284769,0.4745355720584333
2021-01-25,837.3014847161571,-0.00623071497518235,0.018442313115738518,0.055322696781209046,0.053755498567355176,0.00623071497518235,0.02123024246534555,0.02123024246534555,0.02123024246534555,0.2171156893819334,0.7730978260869564,0.29477020602218695,0.4559023066485753,0.9563492063492063,0.5056697348507584
2021-01-27,832.0844978165937,-0.00482452261865618,0.038446897502288024,0.06335965791727616,0.066558277463866,0.00482452261865618,0.015093571230457736,0.015093571230457736,0.015093571230457736,0.6202531645569621,0.8073270013568521,0.35917721518987344,0.49186991869918695,0.9564068692206078,0.6589235445047592
2021-01-28,828.0700873362445,-0.010318832050427051,0.05987946151288881,0.07979502000615568,0.07929605993096112,0.010318832050427051,0.010318832050427051,0.010318832050427051,0.010318832050427051,0.5292259083728278,0.7953929539295391,0.39178515007898895,0.5399188092016238,0.9564643799472295,0.6370018612274218
2021-01-29,819.5253711790393,0.0173719147588407,0.06611183299326795,0.09410465285429548,0.07569728576311796,-0.0,-0.0,-0.0,-0.0,0.4542586750788643,0.8267929634641408,0.4369085173501577,0.6013513513513513,0.9565217391304348,0.6363752901172611
2021-02-01,833.7620960698689,0.02276568446703009,0.05721112697779107,0.07836928426075174,0.07093540475754834,-0.0,-0.0,-0.0,-0.0,0.19212598425196853,0.8067567567567567,0.3354330708661417,0.601889338731444,0.956578947368421,0.5312746329873438
2021-02-02,852.7432608695652,0.013289233545240808,0.03621254065204904,0.054506134804323425,0.06185974217735657,-0.0,-0.0,-0.0,-0.0,0.015723270440251572,0.8043184885290148,0.1540880503144654,0.6024258760107817,0.9566360052562417,0.44672298016601236
2021-02-03,864.0755652173912,0.015714960114700416,0.023990403818345607,0.038842919233412765,0.05572595351714926,-0.0,-0.0,-0.0,-0.0,0.007849293563579279,0.7911051212938005,0.09733124018838306,0.6029609690444145,0.9566929133858268,0.43184652889669206
2021-02-04,877.6544782608696,-0.00449924509759303,0.018790399490182796,0.026162469701233926,0.03851038491753034,0.00449924509759303,0.00449924509759303,0.00449924509759303,0.00449924509759303,0.0015673981191222572,0.7658142664872141,0.0987460815047022,0.6034946236559139,0.9567496723460026,0.4227393816085425
2021-02-05,873.7056956521739,0.008878126357442895,0.026256926332421937,0.017998897350321563,0.03518602039420249,-0.0,-0.0,-0.0,-0.0,0.01721439749608764,0.8118279569892473,0.14710485133020346,0.621476510067114,0.9568062827225131,0.45065743558475246
2021-02-08,881.4625652173913,0.002451261956474493,0.020013180662830088,-0.002978892935796895,0.028939100184721234,-0.0,-0.0,0.002978892935796895,0.002978892935796895,0.00625,0.7771812080536913,0.1,0.6219839142091154,0.9568627450980393,0.4299912715942303
2021-02-09,883.6232608695652,0.0013374773382419658,0.01765428754680287,-0.0014850417020633166,0.02343238126021796,-0.0,-0.0,0.005416876708473128,0.005416876708473128,0.0530421216848674,0.7962466487935658,0.1014040561622465,0.6224899598393574,0.9569190600522194,0.45082872735414503
2021-02-10,884.8050869565217,0.010556979952892842,0.014504545511055289,0.003008031687843804,0.027712195329706146,-0.0,-0.0,0.006745332317601327,0.006745332317601327,0.06697819314641744,0.820615796519411,0.10280373831775699,0.6229946524064172,0.9569752281616688,0.4626833244555614
2021-02-11,894.1459565217392,0.0027965962370601893,0.007236100982832561,-0.00046208777216971697,0.01422530396848698,-0.0,-0.0,0.017121560301627592,0.017121560301627592,0.024883359253499222,0.8208556149732621,0.10419906687402798,0.6034712950600801,0.95703125,0.44712297233177717
2021-02-12,896.6465217391304,0.0027401132820017438,-0.008046746160937035,-0.016824137474560907,0.004802567599598184,-0.0,0.008046746160937035,0.019862608841543228,0.019862608841543228,0.06987577639751552,0.8104138851802403,0.10559006211180125,0.604,0.9570871261378414,0.4587756485259046
2021-02-15,899.1034347826086,0.00013298271674422324,-0.022540957346929735,-0.0068936306066057496,0.005291353724447667,-0.0,0.022540957346929735,0.022540957346929735,0.022540957346929735,0.013953488372093023,0.8266666666666667,0.10697674418604651,0.5153129161118509,0.9571428571428571,0.43510325398126526
2021-02-16,899.2230000000001,-0.0017617625342150056,-0.018807299770734587,0.00697350838494426,-0.009098875083174973,0.0017617625342150056,0.022670925222446847,0.022670925222446847,0.022670925222446847,0.03869969040247678,0.8202396804260986,0.10835913312693499,0.300531914893617,0.9571984435797667,0.415439902592534
2021-02-17,897.6387826086957,0.003316817862050847,-0.011332146193016923,0.01625176816548457,-0.01933012134452705,-0.0,0.020946064680224752,0.020946064680224752,0.020946064680224752,0.04791344667697064,0.836436170212766,0.12982998454404945,0.32005312084993354,0.9572538860103625,0.4287232292660724
2021-02-18,900.6160869565218,-0.01241889006414476,-0.007642884074042344,0.012033099612278386,-0.011933274603224797,0.01241889006414476,0.024182673020449186,0.024182673020449186,0.024182673020449186,0.012345679012345678,0.8366533864541832,0.10956790123456789,0.3209549071618037,0.9573091849935317,0.41444428497796876
2021-02-19,889.4314347826086,-0.011911713213174524,-0.008848593701017204,0.01688324328112345,0.006112122781526175,0.011911713213174524,0.011911713213174524,0.011911713213174524,0.011911713213174524,0.19106317411402154,0.7970822281167109,0.20493066255778117,0.5417218543046358,0.9573643410852712,0.5012340993718811
2021-02-22,878.8367826086958,0.003953249270304937,0.016008166130268897,0.03201335748498124,0.023958337759891313,-0.0,-0.0,-0.0,-0.0,0.15384615384615385,0.8344370860927153,0.30615384615384617,0.6150793650793651,0.9574193548387097,0.5243523732366675
2021-02-23,882.3110434782608,0.005843251374330505,0.026274969381299806,0.024954481407825302,0.006147540335948776,-0.0,0.0008498432525567701,0.0008498432525567701,0.0022936667016734136,0.10291858678955453,0.7936507936507937,0.27188940092165903,0.5825627476882431,0.9574742268041235,0.4870389817272108
2021-02-24,887.4666086956522,0.0070607433019400645,0.027900082168431206,0.024630075594001655,-0.017168412906040986,-0.0,0.006654212391187464,0.006654212391187464,0.017168412906040986,0.09355828220858896,0.7780713342140027,0.2254601226993865,0.5606860158311345,0.9575289575289575,0.46984879216448977
2021-02-25,893.7327826086955,-0.013618796864386828,0.019827523147210258,0.014694181742361812,-0.015196707280433874,0.013618796864386828,0.013618796864386828,0.013618796864386828,0.024059279809218626,0.004594180704441041,0.7849604221635884,0.17764165390505357,0.5454545454545454,0.9575835475578406,0.43429581649771004
2021-02-26,881.5612173913045,0.012868227652246045,0.0259615602809109,0.021996781957815292,0.012848042805559068,-0.0,-0.0,-0.0,0.010584632910321523,0.09633027522935779,0.7285902503293807,0.28287461773700306,0.5921052631578947,0.9576379974326059,0.46877595534537064
2021-03-01,892.9053478260869,0.014098237103178146,0.015753014481834526,0.01226956618805719,0.002705418018508876,-0.0,-0.0,-0.0,0.02315489806302784,0.015267175572519085,0.763157894736842,0.18473282442748093,0.5926412614980289,0.9576923076923076,0.43813613705417154
2021-03-02,905.4937391304348,0.00743601040911801,-0.0012866804831757062,-0.015961078751612123,-0.004660683596976578,-0.0,0.0012866804831757062,0.015961078751612123,0.036735233139366774,0.007621951219512195,0.7503285151116951,0.1097560975609756,0.5931758530183727,0.9577464788732394,0.4206937572321861
2021-03-03,912.227,-0.0008481550718296704,-0.0031812494532847957,-0.03501286848852747,-0.020672660202211923,0.0008481550718296704,0.008658307626656536,0.03501286848852747,0.04384521010971898,0.0060882800608828,0.7270341207349081,0.1111111111111111,0.5937090432503277,0.9578005115089515,0.4136813369977334
2021-03-04,911.45329004329,-0.0076859319527337044,-0.005033538797822201,-0.023681413408993213,-0.01325260118660343,0.0076859319527337044,0.007816782398463618,0.034193714989490864,0.04303355416511334,0.0121580547112462,0.7785058977719528,0.12613981762917933,0.5942408376963351,0.9578544061302682,0.43298298822630604
2021-03-05,904.447922077922,0.0027899634260637463,-0.003864451141824543,-0.010592288319003607,0.006938594342684734,-0.0,0.003864451141824543,0.02671309809093081,0.03562140591429763,0.33080424886191195,0.725130890052356,0.18816388467374812,0.6352941176470588,0.9579081632653061,0.5338551197954141
2021-03-08,906.9712987012988,-0.0029136982575136416,-0.003429424519655,-0.007805150647197223,0.010685175665988256,0.0029136982575136416,0.006635900647781967,0.02942097806423627,0.0383045011830071,0.07424242424242425,0.7633986928104575,0.16666666666666669,0.6357702349869452,0.9579617834394903,0.45961742184001686
2021-03-09,904.328658008658,0.0055248944087678,-0.01469330385574108,-0.018349050043709347,0.02051949065888392,-0.0,0.01469330385574108,0.026584739716511097,0.03549422237939215,0.1573373676248109,0.7467362924281986,0.19364599092284418,0.6453715775749674,0.9580152671755725,0.48662452065341616
2021-03-10,909.3249783549784,-0.0027047797740840096,-0.03193320653106124,-0.04079373570584588,-0.018974410474040138,0.0027047797740840096,0.03193320653106124,0.04079373570584588,0.04079373570584588,0.16767371601208458,0.4745762711864407,0.14350453172205438,0.6458333333333335,0.9580686149936468,0.4030255659870379
2021-03-12,906.8654545454544,-0.006519960864195484,-0.01874221427387568,-0.029458027414200005,-0.008297888337947423,0.006519960864195484,0.029307697624737616,0.038192257577584265,0.038192257577584265,0.24886877828054296,0.72265625,0.17043740573152338,0.6540962288686606,0.9581218274111675,0.5064939612406575
2021-03-15,900.9527272727272,0.003227896126121177,-0.006753937438424895,-0.0089518277491345,-0.00048639714570319903,-0.0,0.02293728697394304,0.03188015407027145,0.03188015407027145,0.2243975903614458,0.7620286085825748,0.21536144578313254,0.6688311688311689,0.958174904942966,0.518706677003793
2021-03-16,903.8609090909092,-0.014183406662338083,-0.004390783989817404,-0.009448222577276955,0.007339654215249514,0.014183406662338083,0.02608099635297112,0.034995089681974956,0.034995089681974956,0.2511278195488722,0.722077922077922,0.20150375939849624,0.6692607003891051,0.9582278481012659,0.5135830089718527
2021-03-17,891.0410822510822,-0.01206876590538164,-0.0037102621978254424,0.011483687190237735,0.004714339180700522,0.01206876590538164,0.01206876590538164,0.021111110484735462,0.021111110484735462,0.5930930930930931,0.787289234760052,0.3138138138138138,0.7707253886010362,0.9582806573957015,0.67141246409799
2021-03-18,880.287316017316,0.010884482471951618,-0.009152807672530572,0.014860517635975512,0.02095327953645465,-0.0,0.009152807672530572,0.009152807672530572,0.009152807672530572,0.5517241379310345,0.77720207253886,0.4182908545727137,0.7891332470892627,0.9583333333333335,0.6732149953471674
2021-03-19,889.8687878787879,0.005617638360906341,-0.010920487252383593,0.01068177167332629,0.014042806115318163,-0.0,0.01982154290813165,0.01982154290813165,0.01982154290813165,0.3023952095808383,0.7865459249676584,0.3263473053892216,0.789405684754522,0.9583858764186632,0.5821957603128155
2021-03-22,894.8677489177489,0.005614798578425395,-0.002212835664348156,0.017718562787329972,0.010014595198649667,-0.0,0.025297071469929877,0.025297071469929877,0.025297071469929877,0.25112107623318386,0.817829457364341,0.27503736920777283,0.7677419354838709,0.9584382871536523,0.5645343160208693
2021-03-23,899.892251082251,-0.013509578353112506,-0.005079742640116125,0.018635781394396922,0.010761987613497226,0.013509578353112506,0.03073927520960651,0.03073927520960651,0.03073927520960651,0.22388059701492538,0.7419354838709676,0.23134328358208955,0.7036082474226804,0.9584905660377359,0.5193275984461427
2021-03-24,887.7350862068965,-0.0174656504294588,0.015250532863644084,0.03959507267254603,0.0368217852646211,0.0174656504294588,0.0174656504294588,0.0174656504294588,0.0174656504294588,0.38152011922503726,0.7963917525773195,0.34575260804769004,0.7773487773487774,0.9585427135678392,0.6119176919465994
2021-03-25,872.2302155172414,0.009081056200884952,0.02423514492895662,0.022747271409723213,0.06254298180613116,-0.0,-0.0,-0.0,-0.0,0.5550595238095238,0.8584298584298584,0.45833333333333337,0.8483290488431876,0.958594730238394,0.7112058376097994
2021-03-26,880.1509871244635,0.014470888188419684,0.021840770784645747,0.02180239461450184,0.052866798643615764,-0.0,-0.0,-0.0,-0.0,0.5215453194650818,0.8470437017994858,0.4234769687964339,0.8485237483953786,0.9586466165413533,0.6919104514071341
2021-03-30,892.8875536480688,0.0027254007348487264,0.01997560117437369,0.008541896186746056,0.03130361559067074,-0.0,-0.0,0.0009144272236291107,0.0009144272236291107,0.18545994065281898,0.8241335044929395,0.2952522255192878,0.7923076923076923,0.9586983729662079,0.5513795801745277
2021-03-31,895.3210300429184,0.006648441252520287,0.02383660786789532,0.01694800531902141,0.03489193454564221,-0.0,0.0021804344762326178,0.003629934931148937,0.003629934931148937,0.15555555555555556,0.8358974358974358,0.2725925925925926,0.792573623559539,0.95875,0.5418451531296979
2021-04-01,901.2735193133046,-0.008770565141657083,0.023978849575419847,-0.006692493507573727,0.02483502163740048,0.008770565141657083,0.008770565141657083,0.010210492325285148,0.010210492325285148,0.15680473372781065,0.7503201024327786,0.20857988165680474,0.792838874680307,0.958801498127341,0.507651428962211
2021-04-05,893.3688412017168,0.006722108060466692,-0.0014526679020926414,0.006003546097814283,0.04222627395423584,-0.0,0.0014526679020926414,0.0014526679020926414,0.0014526679020926414,0.2274741506646972,0.8529411764705883,0.29098966026587886,0.8173690932311622,0.958852867830424,0.5756489466548538
2021-04-06,899.3741630901287,0.012619170851185135,-3.755591990584062e-05,0.0033255120812429873,0.04045004547802922,-0.0,0.008120191160109536,0.008120191160109536,0.008120191160109536,0.11209439528023597,0.8301404853128992,0.2345132743362832,0.8163265306122449,0.9589041095890412,0.5233741944436391
2021-04-07,910.7235193133048,0.006521108670944242,-0.0112097828364357,-0.007569840887622803,0.025490846204160755,-0.0,0.020480909909953326,0.020480909909953326,0.020480909909953326,0.05743740795287187,0.8112244897959183,0.12960235640648013,0.8076433121019109,0.9589552238805971,0.48345727768006985
2021-04-08,916.6624463519316,0.006788295006586287,-0.0067282244998243534,-0.007729743962185731,0.02664412058809562,-0.0,0.026827076301014885,0.026827076301014885,0.026827076301014885,0.022058823529411766,0.8114649681528663,0.10882352941176471,0.8078880407124681,0.9590062111801242,0.46908789128189804
2021-04-09,922.8850214592276,-0.0333887188342622,-0.02995310215216951,-0.00266766117003181,0.022666679746798035,0.0333887188342622,0.0333887188342622,0.0333887188342622,0.0333887188342622,0.024963289280469897,0.7760814249363868,0.11013215859030837,0.7890724269377383,0.9590570719602978,0.4576270878630418
2021-04-12,892.0710729613734,0.008148805095304024,0.007467061159976973,0.03891060040820715,0.053000878969536425,-0.0,-0.0,-0.0,-0.0,0.56158357771261,0.8843710292249048,0.4149560117302053,0.9428934010152283,0.9591078066914498,0.7257935158834498
2021-04-13,899.3403862660944,0.0013055348003980782,0.003363194309004891,0.03040157685364764,0.039437496562654495,-0.0,0.004557378042766347,0.004557378042766347,0.004557378042766347,0.3455344070278185,0.8527918781725887,0.34260614934114203,0.9416983523447402,0.9591584158415841,0.6362810107023654
2021-04-15,900.5145064377682,0.01108302988258325,0.0036812074852989873,0.022568937879512863,0.047019774790994395,-0.0,0.005855268586259399,0.005855268586259399,0.005855268586259399,0.2631578947368421,0.8403041825095058,0.33187134502923976,0.939240506329114,0.9592088998763906,0.6043268313021675
2021-04-16,910.4949356223176,-0.016752628585616436,-0.0010083035550436659,0.017644883644755804,0.04870477281980379,0.016752628585616436,0.016752628585616436,0.016752628585616436,0.016752628585616436,0.17226277372262772,0.8405063291139241,0.2306569343065693,0.9393173198482933,0.9592592592592593,0.5599901683928389
2021-04-19,895.2417521367522,0.003898913424378314,0.028127960661153306,0.03173993445021317,0.06622987812536141,-0.0,-0.0,-0.0,-0.0,0.34839650145772594,0.8672566371681415,0.392128279883382,0.9444444444444445,0.9593094944512948,0.6492444146845837
2021-04-20,898.7322222222222,0.0040421611943968205,0.031210488620865506,0.036006560808782506,0.0592581173461153,-0.0,-0.0,-0.0,-0.0,0.34934497816593885,0.8573232323232324,0.3522561863173217,0.9306431273644388,0.9593596059113301,0.6389696756938347
2021-04-22,902.3650427350428,0.0016228958072286304,0.026947752018413818,0.037001484513013994,0.0605106940725848,-0.0,-0.0,-0.0,-0.0,0.21075581395348839,0.8284993694829761,0.3052325581395349,0.9307304785894206,0.959409594095941,0.5790632257066967
2021-04-23,903.8294871794872,0.006358935223864659,0.018818455754030516,0.03331286014257473,0.06264531591835487,-0.0,-0.0,-0.0,-0.0,0.3512336719883889,0.8287153652392948,0.2931785195936139,0.9308176100628931,0.9594594594594595,0.6223415427462321
2021-04-26,909.5768803418804,0.011924441809822328,0.01867201425815579,0.0346416355233079,0.05595966265708485,-0.0,-0.0,-0.0,-0.0,0.14202898550724638,0.8289308176100628,0.24057971014492754,0.9309045226130652,0.9595092024539877,0.5474353439639483
2021-04-27,920.4230769230768,0.006908797979376047,0.0035131558787069306,0.025402105126312247,0.04712961802218407,-0.0,-0.0,-0.0,-0.0,0.09406657018813312,0.800251256281407,0.1403762662807525,0.9222082810539525,0.9595588235294117,0.5075243085071877
2021-04-28,926.782094017094,-0.00010826911847949816,0.004650914862523559,0.013562551537921408,0.042789265181458536,0.00010826911847949816,0.0064135158224387645,0.0064135158224387645,0.0064135158224387645,0.1170520231213873,0.40777917189460483,0.10982658959537574,0.9135338345864662,0.9596083231334148,0.39473228123987136
2021-04-29,926.6817521367522,-0.006305929441381086,0.00978991625897252,0.008769318595763576,0.04344538202269632,0.006305929441381086,0.006305929441381086,0.006305929441381086,0.006305929441381086,0.11832611832611832,0.45614035087719296,0.11544011544011543,0.9136420525657072,0.9596577017114915,0.4101163454997105
2021-04-30,920.8381623931624,0.006214284617047872,0.01422668023599627,0.023911186821482078,0.054340079339646685,-0.0,-0.0,-0.0,-0.0,0.16570605187319884,0.7221526908635795,0.17579250720461098,0.915,0.9597069597069597,0.5121913466119203
2021-05-03,926.5605128205128,-0.0031340059431268497,0.015676901928813658,0.030521343618223007,0.04698412232797766,0.0031340059431268497,0.0031340059431268497,0.0031340059431268497,0.0031340059431268497,0.02014388489208633,0.74,0.11654676258992805,0.9151061173533084,0.9597560975609756,0.4618234536379086
2021-05-04,923.6566666666666,0.00805040686021008,0.021812319170284145,0.033428912193388394,0.05896060835125505,-0.0,-0.0,-0.0,-0.0,0.14798850574712644,0.7902621722846441,0.15086206896551724,0.915211970074813,0.9598051157125457,0.5226573291313449
2021-05-05,931.0924786324788,0.00500638804778708,0.008870381287232831,0.02244344526079156,0.05518739956426488,-0.0,-0.0,-0.0,-0.0,0.10760401721664276,0.7394014962593516,0.11047345767575323,0.904109589041096,0.9598540145985401,0.4874438079987514
2021-05-06,935.7538888888888,-0.0019398865789506115,-0.0010107029658107392,0.022670372136073702,0.05214228976946722,0.0019398865789506115,0.0019398865789506115,0.0019398865789506115,0.0019398865789506115,0.05014326647564469,0.7397260273972602,0.11174785100286533,0.9042288557213931,0.9599027946537059,0.46933651579558755
2021-05-07,933.9386324786324,0.007653049551563873,0.009548660841018686,0.02838680994615017,0.06412260839627648,-0.0,-0.0,-0.0,-0.0,0.04577968526466381,0.740049751243781,0.13876967095851217,0.9043478260869565,0.9599514563106796,0.47213239814649266
2021-05-10,941.0861111111112,0.002887779917866151,0.014615318770387686,0.02060426180606445,0.06484469776351776,-0.0,0.00667100638174245,0.00667100638174245,0.00667100638174245,0.02142857142857143,0.4335403726708074,0.11285714285714285,0.9044665012406948,0.96,0.371011858809859
2021-05-11,943.8037606837606,-0.004717227179632744,0.011368617118001634,0.021189261058904618,0.05553441502036138,0.004717227179632744,0.00953126211228883,0.00953126211228883,0.00953126211228883,0.02282453637660485,0.4342431761786601,0.11412268188302425,0.9045848822800496,0.9600484261501211,0.3718752552747858
2021-05-12,939.3516239316236,-0.0048368514598262635,0.013453724309202775,0.028835628939910984,0.06898734660950923,0.0048368514598262635,0.0048368514598262635,0.0048368514598262635,0.0048368514598262635,0.2777777777777778,0.3147459727385378,0.17236467236467237,0.4306930693069307,0.9600967351874244,0.3702954991024264
2021-05-14,934.8081196581198,0.00860965571343053,0.02370503384990119,0.03437462142009107,0.07871554608537479,-0.0,-0.0,-0.0,-0.0,0.4523470839260313,0.38242574257425743,0.2147937411095306,0.44128553770086526,0.9601449275362319,0.4536759856174034
2021-05-17,942.8564957264956,0.012710193908835654,0.018659971367242623,0.029718292865443363,0.06767917750578123,-0.0,-0.0,-0.0,-0.0,0.2059659090909091,0.33621755253399255,0.1335227272727273,0.4419753086419753,0.9601930036188179,0.3490553010736099
2021-05-18,954.8403846153846,-0.0003213943888682458,0.005902673579711859,0.01597519431470773,0.0605753903916908,0.0003213943888682458,0.0029858214544741246,0.0029858214544741246,0.0029858214544741246,0.055319148936170216,0.3234567901234568,0.1148936170212766,0.44266337854500615,0.9602409638554217,0.29433054824022437
2021-05-19,954.5335042735044,-0.002665283672823149,0.009710251806001269,0.02470580787572252,0.05744059701781201,0.002665283672823149,0.002665283672823149,0.002665283672823149,0.002665283672823149,0.09348441926345609,0.24907521578298397,0.12464589235127478,0.04679802955665025,0.9602888086642599,0.23853947212020127
2021-05-20,951.9894017094016,0.005229444844067732,0.015177707932538365,0.03202519851366592,0.05503760186944584,-0.0,-0.0,-0.0,-0.0,0.20933521923620935,0.2315270935960591,0.15558698727015557,0.07134071340713408,0.9603365384615385,0.27818702143579843
2021-05-21,956.967777777778,0.0036389868533290848,0.01042252134881494,0.028818589485324564,0.04570182189595795,-0.0,-0.0,-0.0,-0.0,0.11581920903954802,0.25830258302583026,0.11581920903954802,0.07248157248157248,0.9603841536614646,0.25016875937080063
2021-05-24,960.4501709401708,2.740879966633969e-05,0.010855753449660277,0.03474937455877858,0.04616874369897972,-0.0,-0.0,-0.0,-0.0,0.026798307475317352,0.2702702702702703,0.11706629055007052,0.0736196319018405,0.960431654676259,0.2254630284081105
2021-05-25,960.4764957264956,0.0034626242761448545,0.01001341481591922,0.04334729690346917,0.051896472326102394,-0.0,-0.0,-0.0,-0.0,0.09577464788732394,0.27116564417177913,0.11830985915492959,0.07475490196078431,0.9604790419161676,0.24815943815709002
2021-05-26,963.8022649572648,0.002735160459776287,0.014851345762707524,0.033632506011513685,0.04794888904447325,-0.0,-0.0,-0.0,-0.0,0.0872011251758087,0.29411764705882354,0.11954992967651196,0.07588739290085679,0.9605263157894737,0.2524376053576205
2021-05-27,966.4384188034188,0.0005208568477641506,0.016595607300556647,0.03902636780859714,0.045260774570101914,-0.0,-0.0,-0.0,-0.0,0.08848314606741575,0.31946144430844553,0.12078651685393259,0.07701711491442542,0.9605734767025089,0.2605711133219126
2021-05-28,966.9417948717949,0.004069310423496786,0.01820631245625126,0.04286737488242731,0.048376289493450964,-0.0,-0.0,-0.0,-0.0,0.23422159887798036,0.29462102689486547,0.12201963534361852,0.07081807081807082,0.9606205250596658,0.29947183651863835
2021-05-31,970.8765811965812,-0.000805906654449684,0.023637023410687963,0.03686531054498654,0.0469058169812111,0.000805906654449684,0.000805906654449684,0.000805906654449684,0.000805906654449684,0.06862745098039216,0.3211233211233211,0.12324929971988796,0.023170731707317073,0.9606674612634089,0.2485738438565075
2021-06-01,970.0941452991456,0.00826917715229225,0.0330034052999435,0.04389890257809559,0.04367633056905951,-0.0,-0.0,-0.0,-0.0,0.14825174825174828,0.2951219512195122,0.13986013986013987,0.0243605359317905,0.9607142857142857,0.2691621647683363
2021-06-02,978.1160256410258,0.004458597473819381,0.018506316543031476,0.03194554855695686,0.0412805483090557,-0.0,-0.0,-0.0,-0.0,0.030726256983240222,0.3227771010962241,0.12430167597765361,0.015815085158150853,0.9607609988109393,0.236191723211171
2021-06-03,982.4770512820512,0.0021060929937120054,0.022064585314904628,0.022298295999867657,0.03966926266262649,-0.0,-0.0,-0.0,-0.0,0.03765690376569038,0.27007299270072993,0.12552301255230125,0.01701093560145808,0.9608076009501186,0.22337052279316394
2021-06-04,984.5462393162392,0.009424620183830612,0.02422010365137628,0.01641031041155583,0.04604395118416815,-0.0,-0.0,-0.0,-0.0,0.03203342618384401,0.307411907654921,0.12674094707520892,0.018203883495145633,0.9608540925266904,0.23279535142783075
2021-06-07,993.8252136752136,0.008336819962237119,0.012922829901387045,0.011035879238941781,0.041939926622926116,-0.0,-0.0,-0.0,-0.0,0.011126564673157162,0.2961165048543689,0.12795549374130735,0.013333333333333334,0.9609004739336493,0.2224005466734194
2021-06-08,1002.1105555555556,-0.005880793387051053,0.010547397251791546,0.00819398818399808,0.03438606223911367,0.005880793387051053,0.005880793387051053,0.005880793387051053,0.005880793387051053,0.016666666666666666,0.36727272727272725,0.12916666666666668,0.014527845036319613,0.9609467455621301,0.24526833753403832
2021-06-09,996.2173504273504,0.007967788926025454,0.013195040419130777,0.013850554186035202,0.04115735469941084,-0.0,-0.0,-0.0,-0.0,0.0970873786407767,0.38861985472154964,0.20110957004160887,0.0471584038694075,0.9609929078014184,0.29207627347494686
2021-06-10,1004.155,0.004219519179858855,0.00022866528037557288,0.006000239218811876,0.03053709708501562,-0.0,-0.0,0.0034377673586760693,0.0034377673586760693,0.009695290858725763,0.3591293833131802,0.13019390581717452,0.028985507246376812,0.961038961038961,0.2425698888785725
2021-06-11,1008.3920512820512,-0.001709457563267791,-0.007625112231226638,0.005282469030776449,0.027840648989435834,0.001709457563267791,0.007625112231226638,0.007625112231226638,0.007625112231226638,0.04426002766251729,0.3079710144927536,0.1313969571230982,0.0012062726176115804,0.9610849056603773,0.23555410594693377
2021-06-14,1006.668247863248,0.00597214208824659,-0.001862877019593756,0.009683520447749672,0.034363205509718275,-0.0,0.005925784545168011,0.005925784545168011,0.005925784545168011,0.11049723756906077,0.3775633293124246,0.16022099447513813,0.006024096385542168,0.96113074204947,0.28202373413768433
2021-06-15,1012.6802136752136,-0.003276192225277308,-0.0023288458059400607,-0.00021321222628578607,0.03139971631890459,0.003276192225277308,0.01182729236290414,0.01182729236290414,0.01182729236290414,0.023448275862068962,0.4,0.13241379310344828,0.0060168471720818285,0.9611764705882352,0.25647910228956056
2021-06-16,1009.3624786324788,-0.004931690401853817,0.0006469768808117227,0.00904601969081864,0.03821501074175648,0.004931690401853817,0.008579207269783229,0.008579207269783229,0.008579207269783229,0.12121212121212122,0.40072202166064985,0.17768595041322313,0.020432692307692308,0.9612220916568742,0.29660137762571975
2021-06-17,1004.3846153846156,-0.003665594444870246,0.005770254481577419,0.016992072402672642,0.04404613160952198,0.003665594444870246,0.003665594444870246,0.003665594444870246,0.003665594444870246,0.16231086657496563,0.41947115384615385,0.22420907840440166,0.03841536614645858,0.9612676056338029,0.3244431531519925
2021-06-18,1000.7029487179486,0.004087126959343879,0.013006759261133816,0.029155194972996012,0.04992055543628893,-0.0,-0.0,-0.0,-0.0,0.2307692307692308,0.4297719087635054,0.24725274725274726,0.053956834532374105,0.9613130128956624,0.35474828189020186
2021-06-21,1004.7929487179488,0.005502515613732495,0.011567947130216139,0.03056671678877243,0.04433045004874958,-0.0,-0.0,-0.0,-0.0,0.19753086419753088,0.4100719424460432,0.2222222222222222,0.055089820359281436,0.9613583138173303,0.33471179143640223
2021-06-22,1010.3218376068376,-0.00030319525414834736,0.002120572065014148,0.025979200790805956,0.030674565783084917,0.00030319525414834736,0.00030319525414834736,0.00030319525414834736,0.00030319525414834736,0.13561643835616438,0.4,0.1684931506849315,0.056220095693779906,0.9614035087719297,0.3039611518881005
2021-06-23,1010.0155128205128,0.00016302461711048544,0.008393612336878409,0.026933753106540337,0.038986612011736144,-0.0,-0.0,-0.0,-0.0,0.17920656634746923,0.4007177033492823,0.17236662106703146,0.05734767025089606,0.9614485981308412,0.3188660794724887
2021-06-24,1010.180170212766,0.0035030195161309674,0.01115743667213498,0.024390508977669256,0.04037278540663913,-0.0,-0.0,-0.0,-0.0,0.21174863387978146,0.41935483870967744,0.16939890710382513,0.058472553699284,0.9614935822637106,0.3344252082677764
2021-06-25,1013.7188510638298,0.002660983722332144,0.015941093743185197,0.022439643238191698,0.03950631659884052,-0.0,0.0012375750832421817,0.0012375750832421817,0.0012375750832421817,0.2551159618008186,0.431980906921241,0.13233287858117326,0.05959475566150178,0.9615384615384615,0.34655119205238005
2021-06-28,1016.416340425532,-0.0038882123358396914,0.018781506187948382,0.02444299086017021,0.02944906955563109,0.0038882123358396914,0.0038882123358396914,0.0038882123358396914,0.0038882123358396914,0.1362397820163488,0.3957091775923719,0.1335149863760218,0.060714285714285714,0.9615832363213039,0.2981914865900868
2021-06-29,1012.4642978723404,0.005954672801491201,0.02380814184527491,0.03161967024547785,0.032240876142064945,-0.0,-0.0,-0.0,-0.0,0.18095238095238098,0.39523809523809517,0.1891156462585034,0.08085612366230677,0.9616279069767443,0.32321503987044514
2021-06-30,1018.4931914893616,0.002904290401464893,0.0183858173463598,0.028907493297357867,0.027740909208622044,-0.0,-0.0,-0.0,-0.0,0.10054347826086955,0.4470868014268728,0.13451086956521738,0.08194774346793349,0.9616724738675958,0.30446591901113773
2021-07-01,1021.4511914893616,0.00825046451433753,0.0130870543256707,0.02660203549368223,0.03240802454988789,-0.0,-0.0,-0.0,-0.0,0.054274084124830396,0.4619952494061757,0.13568521031207598,0.08303677342823251,0.9617169373549883,0.2943014782404603
2021-07-02,1029.8786382978724,0.005464267055965477,0.006396580997686474,0.020177093372042654,0.03764620536566854,-0.0,-0.0,-0.0,-0.0,0.04065040650406503,0.4804270462633452,0.13685636856368563,0.08412322274881516,0.9617612977983778,0.29562614643843604
2021-07-05,1035.506170212766,0.0010265716488944143,0.00555711370675116,0.013355499489508649,0.03678039869082417,-0.0,0.0006636285800409869,0.0006636285800409869,0.0006636285800409869,0.037889039242219216,0.48104265402843605,0.13802435723951287,0.08520710059171596,0.9618055555555556,0.2952331705118433
2021-07-06,1036.5691914893616,0.0006269044001787627,0.007629875248036155,0.00457647190962529,0.025071710563368876,-0.0,0.0016884668966892225,0.0016884668966892225,0.0016884668966892225,0.16891891891891891,0.7065088757396449,0.13918918918918918,0.08628841607565013,0.9618497109826589,0.4033158310527448
2021-07-07,1037.219021276596,-0.0023139206898059594,0.010331718855251415,0.011736744331107385,0.023715473044524593,0.0023139206898059594,0.0023139206898059594,0.0023139206898059594,0.0023139206898059594,0.058029689608636977,0.4810874704491726,0.14035087719298245,0.03541912632821724,0.9618937644341802,0.2960505429010864
2021-07-08,1034.818978723404,0.0015919322470874242,0.013340394697874514,0.015601742000636243,0.025143761518248597,-0.0,-0.0,-0.0,-0.0,0.09299191374663072,0.731995277449823,0.17654986522911048,0.03891509433962264,0.9619377162629758,0.38635008162670814
2021-07-09,1036.4663404255318,0.004625577437643136,0.013692924473863943,0.01669210840318791,0.021016174891516304,-0.0,-0.0,-0.0,-0.0,0.08344549125168238,0.7688679245283019,0.15612382234185734,0.04004711425206125,0.9619815668202765,0.39110616633776885
2021-07-12,1041.2605957446808,0.0030899943538160723,0.007755288761282175,0.004886634727480077,0.011180261041130235,-0.0,-0.0,-0.0,-0.0,0.07123655913978494,0.7691401648998822,0.1411290322580645,0.03882352941176471,0.9620253164556962,0.3848663809176238
2021-07-13,1044.478085106383,0.0033099703465866437,-0.0030302826597505828,0.0006021656183030633,0.002405069142264571,-0.0,0.0030302826597505828,0.0030302826597505828,0.0030302826597505828,0.03221476510067114,0.7517647058823529,0.14228187919463087,0.03995299647473561,0.9620689655172414,0.36760726501343144
2021-07-14,1047.9352765957449,0.0006570975899558018,0.001390657592585498,-0.00113380852635947,0.010463572873211646,-0.0,0.006319336190935165,0.006319336190935165,0.006319336190935165,0.04959785522788204,0.7144535840188014,0.14343163538873996,0.025821596244131453,0.9621125143513204,0.36076481630128815
2021-07-15,1048.6238723404256,0.0019403748645487884,0.0022315771823502306,0.005655540175715457,0.014641004964273119,-0.0,0.006971852593354311,0.006971852593354311,0.006971852593354311,0.04417670682730924,0.7053990610328639,0.14457831325301204,0.0011723329425556857,0.9621559633027523,0.35358771728302923
2021-07-16,1050.6585957446807,-0.00125894692111439,0.00295867106982195,0.017123607368877858,0.008290810231087686,0.00125894692111439,0.008894967885796579,0.008894967885796579,0.008894967885796579,0.045454545454545456,0.4783118405627198,0.14572192513368984,0.0,0.9621993127147767,0.2877804843299607
2021-07-19,1049.3358723404256,-0.0076456464277122604,-0.002846577999434996,0.023116171188804158,0.016822965538692003,0.0076456464277122604,0.0076456464277122604,0.0076456464277122604,0.0076456464277122604,0.06408544726301735,0.7142857142857143,0.17222963951935913,0.0011695906432748538,0.9622425629290619,0.36674514338086395
2021-07-20,1041.3130212765957,0.007759025675276865,0.003643489079833362,0.020401870068471384,0.024916297629961504,-0.0,-0.0,-0.0,-0.0,0.32266666666666666,0.752046783625731,0.256,0.058411214953271035,0.9622857142857143,0.4801940260887283
2021-07-22,1049.3925957446809,0.0014974011714008473,-0.002520960326326538,0.011839768379013238,0.007697662809676764,-0.0,0.004083849899221503,0.004083849899221503,0.004083849899221503,0.11584553928095874,0.7301401869158879,0.17177097203728361,0.057176196032672114,0.9623287671232876,0.39466155924837976
2021-07-23,1050.9639574468083,0.002667257492038111,0.0034163391688286637,0.009395434374517286,-0.0023437883767293277,-0.0,0.005572906194358795,0.005572906194358795,0.005572906194358795,0.11702127659574468,0.7327887981330221,0.14627659574468085,0.05827505827505827,0.9623717217787913,0.3920995469832968
2021-07-26,1053.7671489361703,-0.007039783894815965,0.014123150542132201,0.004253073720734912,0.0009664570442446951,0.007039783894815965,0.008218243514810597,0.008218243514810597,0.008218243514810597,0.05312084993359893,0.7331002331002331,0.14741035856573703,0.059371362048894066,0.9624145785876993,0.37202076372810716
2021-07-27,1046.3488559322034,-0.0011868145378645112,0.026036865155765865,0.006263021216673881,0.013187633845588298,0.0011868145378645112,0.0011868145378645112,0.0011868145378645112,0.0011868145378645112,0.1193633952254642,0.7823050058207218,0.240053050397878,0.13837209302325582,0.9624573378839589,0.43113641616027826
2021-07-28,1045.1070338983052,0.001569298351810966,0.016697543670614268,0.0018018185307917545,0.019905994024494555,-0.0,-0.0,-0.0,-0.0,0.13112582781456955,0.8151162790697675,0.25165562913907286,0.13240418118466898,0.9625,0.4455147767147718
2021-07-29,1046.7471186440678,0.007458619179870896,0.014397023029213418,0.011610545535094552,0.026789776979359248,-0.0,-0.0,-0.0,-0.0,0.05423280423280423,0.8025551684088269,0.23809523809523805,0.13341067285382832,0.9625425652667423,0.41528724261062855
2021-07-30,1054.5544067796611,0.01336607589581984,0.005958738135200425,0.008934932916481175,0.03355413881238434,-0.0,-0.0,0.007172962923853721,0.007172962923853721,0.09379128137384413,0.7911832946635731,0.14795244385733158,0.13441483198146004,0.9625850340136054,0.41116299235250653
2021-08-02,1068.6496610169493,0.0046253128254838405,-0.009732621542187236,-0.00868409411972959,0.02553938924397725,-0.0,0.009732621542187236,0.02026813341024558,0.02026813341024558,0.0554089709762533,0.7230590961761298,0.14907651715039577,0.13541666666666666,0.9626274065685163,0.3792829216624346
2021-08-03,1073.5925,-0.010278337230105183,-0.01927205991384151,-0.006151017672606729,0.02687371982445197,0.010278337230105183,0.01927205991384151,0.0247788363660848,0.0247788363660848,0.023715415019762848,0.7488425925925927,0.15019762845849802,0.13641618497109825,0.9626696832579185,0.3769433056214014
2021-08-04,1062.5577542372882,-0.0006969910269682966,-0.014651087958808207,0.004424166295566634,0.04332096015530107,0.0006969910269682966,0.014651087958808207,0.014651087958808207,0.014651087958808207,0.26052631578947366,0.7225433526011561,0.2736842105263158,0.25866050808314084,0.9627118644067797,0.47857093358355096
2021-08-05,1061.8171610169493,-0.0009219484426384872,-0.002746929881357496,-0.004093637845419051,0.04900143114300981,0.0009219484426384872,0.01396382959577025,0.01396382959577025,0.01396382959577025,0.2614980289093298,0.792147806004619,0.27726675427069647,0.2606689734717416,0.9627539503386005,0.4999777938199663
2021-08-06,1060.8382203389829,-0.0024408264938557966,0.0029585654644221915,-0.011629954279039345,0.053974720395525866,0.0024408264938557966,0.01305391619083418,0.01305391619083418,0.01305391619083418,0.26246719160104987,0.7474048442906575,0.2821522309711286,0.25806451612903225,0.9627959413754228,0.4876626029724643
2021-08-09,1058.2488983050846,-0.005052438322117769,0.0010588326398175418,-0.003272697652110357,0.05792245666845708,0.005052438322117769,0.010639057791104523,0.010639057791104523,0.010639057791104523,0.20576671035386632,0.7661290322580645,0.3106159895150721,0.2635212888377445,0.9628378378378379,0.4799158673650936
2021-08-10,1052.902161016949,-0.005614988853850256,0.013378880834252538,0.00688151356346367,0.0652264187861058,0.005614988853850256,0.005614988853850256,0.005614988853850256,0.005614988853850256,0.28403141361256545,0.8354430379746836,0.35209424083769636,0.2988505747126437,0.9628796400449944,0.5357529694999715
2021-08-11,1046.990127118644,0.011375748731219826,0.0193588829512783,0.01807161372521149,0.08007825148731329,-0.0,-0.0,-0.0,-0.0,0.4143790849673203,0.8701149425287356,0.40261437908496733,0.3467278989667049,0.9629213483146067,0.6010545146539781
2021-08-12,1058.9004237288136,0.004793988007226746,-0.00135041746615161,0.015005015033958236,0.07853329878456172,-0.0,0.00135041746615161,0.009821228849081987,0.009821228849081987,0.17232375979112274,0.8140068886337544,0.30548302872062666,0.34747706422018354,0.962962962962963,0.49254363125703715
2021-08-13,1063.976779661017,-0.004330332174000917,-0.01454548597100458,0.02440118296304572,0.07631495304992586,0.004330332174000917,0.01454548597100458,0.01454548597100458,0.01454548597100458,0.22685788787483702,0.849770642201835,0.26597131681877445,0.34822451317296677,0.9630044843049328,0.5145837836997383
2021-08-16,1059.369406779661,0.0071923983559454285,-0.00432694877733153,0.03452328683591244,0.08527945151301264,-0.0,0.010259581191529143,0.010259581191529143,0.010259581191529143,0.30859375000000006,0.870561282932417,0.29687500000000006,0.37643020594965676,0.9630459126539754,0.554919796588392
2021-08-17,1066.988813559322,0.0002529294383655234,-0.006411587406913388,0.03322913046579923,0.07735982584322598,-0.0,0.0173273543128023,0.0173273543128023,0.0173273543128023,0.1599479843953186,0.8832951945080092,0.23146944083224968,0.3714285714285714,0.9630872483221476,0.5005241970788366
2021-08-18,1067.2586864406778,-0.009171366289485783,-0.0012628223951312023,0.03872546595846105,0.07089612649485666,0.009171366289485783,0.017575838304256797,0.017575838304256797,0.017575838304256797,0.24025974025974023,0.8674285714285713,0.22987012987012986,0.2899543378995434,0.9631284916201116,0.5115582710666665
2021-08-20,1057.470466101695,-0.008482265983066561,0.01637754902837041,0.05331331438988007,0.06638041861954225,0.008482265983066561,0.008482265983066561,0.008482265983066561,0.008482265983066561,0.38261997405966286,0.932648401826484,0.32295719844357984,0.4321550741163056,0.9631696428571429,0.6074377936817814
2021-08-23,1048.500720338983,0.00599412967426316,0.039521528776420345,0.06637663186839138,0.07924564092519382,-0.0,-0.0,-0.0,-0.0,0.31088082901554404,0.9418472063854049,0.39507772020725385,0.5170842824601367,0.963210702341137,0.6082798312014075
2021-08-24,1054.7855696202532,0.0050836416928463635,0.039019069126694284,0.06139608514426764,0.08092852989686761,-0.0,-0.0,-0.0,-0.0,0.38421733505821476,0.9248291571753987,0.34282018111254847,0.5176336746302617,0.9632516703786191,0.6189980726585501
2021-08-25,1060.1477215189875,0.005436229908410306,0.03989651788435955,0.05794614801909814,0.08630421761071982,-0.0,-0.0,-0.0,-0.0,0.3850129198966408,0.9055745164960182,0.29198966408268734,0.45795454545454545,0.9632925472747496,0.5987597141605218
2021-08-26,1065.9109282700422,0.008329319083627773,0.04003885031043963,0.06090596862357667,0.07651387064957427,-0.0,-0.0,-0.0,-0.0,0.2270967741935484,0.8625,0.24258064516129033,0.45743473325766176,0.9633333333333333,0.5280673739482455
2021-08-27,1074.7892405063292,0.014095629778068108,0.03634059547735902,0.06258913287091317,0.06387400714560854,-0.0,-0.0,-0.0,-0.0,0.20618556701030927,0.8342792281498298,0.1481958762886598,0.4580498866213152,0.9633740288568258,0.4989610832773075
2021-08-30,1089.9390717299575,0.005507875716043165,0.025834099966723256,0.05067718678020405,0.0432225260003829,-0.0,-0.0,-0.0,-0.0,0.0682110682110682,0.7913832199546484,0.1492921492921493,0.45866364665911663,0.9634146341463414,0.4424737875987992
2021-08-31,1095.9423206751055,0.005932432075004046,0.021536675006726735,0.049062370391233845,0.03342159602633599,-0.0,-0.0,-0.0,-0.0,0.019280205655526992,0.8414496036240091,0.15038560411311053,0.4592760180995475,0.963455149501661,0.44164355781858794
2021-09-01,1102.4439240506329,0.005573845695568513,0.01735714066189975,0.04271143164298108,0.033412305871381776,-0.0,-0.0,-0.0,-0.0,0.026957637997432605,0.8484162895927603,0.1514762516046213,0.4598870056497175,0.9634955752212391,0.4463796151244015
2021-09-02,1108.588776371308,0.0047438195837534725,0.020063787335356187,0.03097128316451836,0.034591033978869756,-0.0,-0.0,-0.0,-0.0,0.035897435897435895,0.832768361581921,0.15256410256410255,0.28442437923250563,0.9635359116022099,0.4236618478581878
2021-09-03,1113.8477215189876,0.0038146553299807096,0.02532809918679635,0.012405714473695095,0.04717590498607138,-0.0,-0.0,-0.0,-0.0,0.06017925736235595,0.7753950338600452,0.15364916773367476,0.28410372040586246,0.9635761589403973,0.4148345061104244
2021-09-06,1118.0966666666668,0.0012956013895069063,0.024217450769365767,0.012067977365797011,0.04544349840619244,-0.0,-0.0,-0.0,-0.0,0.10230179028132992,0.7891770011273956,0.1547314578005115,0.28378378378378377,0.9636163175303197,0.4324838512719315
2021-09-07,1119.5452742616033,0.0018167412228815571,0.02694538146104808,0.01840259732062699,0.03407466404152504,-0.0,-0.0,-0.0,-0.0,0.16602809706257982,0.7612612612612613,0.1558109833971903,0.26996625421822273,0.9636563876651982,0.44326101529855794
2021-09-08,1121.5791983122365,0.00824914328339088,0.024921721161347055,0.026804832783520416,0.04410850336157157,-0.0,-0.0,-0.0,-0.0,0.1517857142857143,0.6861642294713161,0.1568877551020408,0.2247191011235955,0.9636963696369638,0.411490957754326
2021-09-09,1130.8312658227849,0.009929068646375994,0.010692954660859844,0.014711861830928541,0.0398308490688577,-0.0,-0.0,0.002799239461383163,0.002799239461383163,0.10318471337579618,0.4202247191011236,0.15796178343949044,0.1874298540965208,0.9637362637362636,0.31399200048586334
2021-09-13,1142.0593670886076,0.002727310548129802,-0.012603170364052452,0.0012091919961800812,0.03426259854955993,-0.0,0.012603170364052452,0.012603170364052452,0.012603170364052452,0.019083969465648856,0.7744107744107744,0.15903307888040713,0.18834080717488788,0.9637760702524699,0.39065066810227356
2021-09-14,1145.174117647059,0.0039624813576477624,-0.011862201131646932,-0.007095101020196282,0.03369210800097511,-0.0,0.015288783651262183,0.015288783651262183,0.015288783651262183,0.062261753494282084,0.7006726457399104,0.16010165184243966,0.18924972004479282,0.9638157894736841,0.38325038550034995
2021-09-15,1149.711848739496,-0.00015740151478227382,-0.008318635338003477,-0.014909289291412553,0.03421103948445503,0.00015740151478227382,0.019175283306281155,0.019175283306281155,0.019175283306281155,0.026649746192893398,0.4176931690929452,0.1611675126903553,0.15771812080536912,0.9638554216867469,0.2856365338779889
2021-09-16,1149.5308823529413,-0.005748161425733533,0.0018373223859862176,-0.008918215998597878,0.03857272642422771,0.005748161425733533,0.019020875706147522,0.019020875706147522,0.019020875706147522,0.07731305449936629,0.3937360178970917,0.1673003802281369,0.15865921787709497,0.9638949671772429,0.2959272640332307
2021-09-17,1142.9231932773107,-0.013349449068604913,0.0039763878352325754,0.0035110103195512554,0.05161014362173311,0.013349449068604913,0.013349449068604913,0.013349449068604913,0.013349449068604913,0.24430379746835446,0.41005586592178767,0.24303797468354432,0.20424107142857142,0.9639344262295082,0.37114755105339475
2021-09-20,1127.665798319328,0.003479784187206514,0.01398866387420461,0.0343441270779985,0.05110877353246912,-0.0,-0.0,-0.0,-0.0,0.5132743362831858,0.33258928571428575,0.3678887484197218,0.35451505016722407,0.9639737991266376,0.4717433648035104
2021-09-21,1131.5898319327732,0.007562796122566606,0.004824327251634397,0.032977548728757355,0.027362103876979127,-0.0,-0.0,-0.0,-0.0,0.28030303030303033,0.2530657748049052,0.3421717171717172,0.2461024498886414,0.9640130861504908,0.3569133956083733
2021-09-22,1140.1478151260503,0.01008213662993307,-0.006645939097237652,0.015388871515185532,0.00984307586621691,-0.0,0.006645939097237652,0.006645939097237652,0.006645939097237652,0.21941992433795712,0.30178173719376394,0.2698612862547289,0.24694104560622912,0.9640522875816994,0.3408033094289739
2021-09-23,1151.642941176471,-0.003625292065387975,-0.010735813234596492,0.01685195669672046,-0.011811697018319633,0.003625292065387975,0.01656110440976888,0.01656110440976888,0.01656110440976888,0.05163727959697734,0.3147942157953281,0.16120906801007556,0.24777777777777776,0.9640914036996736,0.27453139971038587
2021-09-24,1147.4678991596638,-0.0035099570351028175,-0.0004635343234364875,0.024754798069084094,-0.024450006771413735,0.0035099570351028175,0.012982879072869768,0.012982879072869768,0.024450006771413735,0.1861635220125786,0.3977777777777778,0.2188679245283019,0.2663706992230855,0.9641304347826086,0.3528085657742613
2021-09-27,1143.4403361344537,-0.00558957414378225,0.020074645732251595,0.033013486909243106,-0.007360230703833626,0.00558957414378225,0.009506288702676557,0.009506288702676557,0.021013807297067477,0.2474874371859296,0.41509433962264153,0.25753768844221103,0.29268292682926833,0.9641693811074918,0.386533222640134
2021-09-28,1137.0489915966389,-0.003938730384410394,0.028018053219438732,0.0410786663084044,0.0015183214669374223,0.003938730384410394,0.003938730384410394,0.003938730384410394,0.01551093266143555,0.22208281053952322,0.6873614190687362,0.3136762860727729,0.3266888150609081,0.9642082429501084,0.47041245948572846
2021-09-29,1132.570462184874,0.005923389039515392,0.02218223237784711,0.0498637620291178,-0.007063505997134012,-0.0,-0.0,-0.0,0.011617962298133833,0.15789473684210525,0.672203765227021,0.3546365914786967,0.3595132743362832,0.9642470205850487,0.4555720439674238
2021-09-30,1139.279117647059,0.006720820769642977,0.027887161286532125,0.047918288066082004,-0.015664346846461008,-0.0,-0.0,-0.0,0.01743805893050987,0.20775969962453067,0.39823008849557523,0.2928660826032541,0.3602209944751381,0.9642857142857143,0.38238390549768925
2021-10-01,1146.9360084033617,0.01696562602655205,0.025230027376190733,0.0479308476016278,-0.011715609528357152,-0.0,-0.0,-0.0,0.023997596157476098,0.20875,0.43646408839779005,0.2225,0.36092715231788075,0.9643243243243244,0.3833217717640417
2021-10-04,1166.3944957983194,0.0021539838939856892,0.012684210151800768,0.016207996947621872,-0.02154152688732036,-0.0,0.00745981952788588,0.00745981952788588,0.040279849323991423,0.02372034956304619,0.4381898454746137,0.16104868913857678,0.36163175303197354,0.9643628509719222,0.315340288883483
2021-10-05,1168.9068907563026,-0.009593139952920215,0.01270465343294691,-0.005436173185650484,-0.02523956945518191,0.009593139952920215,0.009593139952920215,0.009593139952920215,0.04234262787949561,0.1945137157107232,0.6890848952590959,0.16209476309226933,0.3623348017621145,0.964401294498382,0.4435205686083807
2021-10-06,1157.6934033613445,0.011537575277819068,0.027080816682634845,-0.00546174554847445,-0.009595126865690973,-0.0,-0.0,0.00546174554847445,0.03306670142108936,0.33374844333748444,0.4581497797356828,0.2901618929016189,0.4961496149614962,0.9644396551724137,0.4562634982597132
2021-10-07,1171.0503781512605,0.004118402788504172,0.01948767095648729,-0.028188620306297985,-0.01727694870512808,-0.0,-0.0,0.028188620306297985,0.04409552130246641,0.1480099502487562,0.42574257425742573,0.16293532338308458,0.4967032967032967,0.9644779332615715,0.3681473722133766
2021-10-08,1175.8732352941174,0.004520940905234472,0.022142172604458166,-0.04801617414547654,-0.015154919805928868,-0.0,-0.0,0.04801617414547654,0.04801617414547654,0.2124223602484472,0.42637362637362636,0.16397515527950313,0.4972557628979144,0.964516129032258,0.38920186470671697
2021-10-11,1181.189288702929,0.002174214599114821,0.003479650181662297,-0.03908343707483819,-0.01792867156370015,-0.0,-0.0,0.052300666826683107,0.052300666826683107,0.05583126550868487,0.40504939626783754,0.16501240694789082,0.4978070175438596,0.9645542427497314,0.33302534482056145
2021-10-12,1183.757447698745,0.004466488049559514,-0.017913245048397974,-0.03799938095143707,-0.022074521019392224,-0.0,0.017913245048397974,0.05435669829879708,0.05435669829879708,0.06939281288723669,0.4089912280701754,0.16604708798017348,0.49835706462212487,0.9645922746781116,0.3387484947830119
2021-10-13,1189.0446861924686,0.004059339785731586,-0.03168451956508955,-0.05422348126029808,-0.024077132628675946,-0.0,0.03168451956508955,0.05856162156547173,0.05856162156547173,0.024752475247524754,0.41511500547645125,0.16707920792079206,0.4989059080962801,0.9646302250803859,0.32645572905194403
2021-10-14,1193.8714225941424,0.006732886544309924,-0.04676495127994562,-0.060675183968669666,-0.023568078936286763,-0.0,0.04676495127994562,0.06236778930273845,0.06236778930273845,0.01854140914709518,0.42888402625820565,0.16810877626699627,0.492896174863388,0.9646680942184155,0.32791658460371764
2021-10-18,1201.9096234309625,-0.013819848748365615,-0.06863854034235617,-0.05691831409152259,-0.02730595500512234,0.013819848748365615,0.06863854034235617,0.06863854034235617,0.06863854034235617,0.0,0.41420765027322404,0.1691358024691358,0.46069868995633195,0.9647058823529412,0.313964518634788
2021-10-19,1185.2994142259415,-0.01919085042368407,-0.04241549616755569,-0.03714743826886835,-0.014714845337762017,0.01919085042368407,0.05558689406232331,0.05558689406232331,0.05558689406232331,0.16522811344019728,0.3941048034934498,0.33785450061652283,0.48418756815703384,0.9647435897435896,0.3893642656196621
2021-10-20,1162.5525104602511,-0.009618605431239158,-0.02045250666681575,-0.019911639389663893,-0.007647835586137353,0.009618605431239158,0.03710818119341708,0.03710818119341708,0.03710818119341708,0.4187192118226601,0.46237731733914944,0.5073891625615764,0.7352941176470589,0.9647812166488795,0.546440250382007
2021-10-21,1151.3703765690375,-0.011577762602119845,-0.02327646531591676,-0.004156080772876991,-0.018947748711449885,0.011577762602119845,0.027756555113949477,0.027756555113949477,0.027756555113949477,0.2730627306273063,0.7799564270152506,0.5436654366543665,0.7758433079434168,0.964818763326226,0.6027932566269729
2021-10-22,1138.040083682008,-0.016368300812840908,-0.014592657610944748,0.01122817846052504,0.002902760660213888,0.016368300812840908,0.016368300812840908,0.016368300812840908,0.016368300812840908,0.2985257985257985,0.8193688792165398,0.5884520884520884,0.7902173913043478,0.9648562300319489,0.6309539744739125
2021-10-25,1119.4123012552302,0.013946648783204063,0.012583971700033558,0.03451871076701396,0.012014294223575472,-0.0,-0.0,-0.0,-0.0,0.3693251533742331,0.8282608695652174,0.6625766871165644,0.8566775244299675,0.9648936170212766,0.6754579082116122
2021-10-26,1135.024351464435,0.0033048154608001923,0.005501402620451179,0.022015194999595034,0.0022225134338691444,-0.0,0.011974454163555026,0.011974454163555026,0.011974454163555026,0.4215686274509804,0.8284473398479913,0.6029411764705882,0.8557483731019524,0.9649309245483528,0.6831430017652229
2021-10-27,1138.7753974895395,-0.01247379736847154,0.0005521603401907882,0.01655389780080907,-0.017539913958075526,0.01247379736847154,0.015228940785396161,0.015228940785396161,0.017539913958075526,0.3182374541003672,0.8459869848156183,0.5838433292533659,0.8548212351029253,0.9649681528662422,0.6521545986365268
2021-10-28,1124.5705439330543,-0.0027899446207935163,0.019576045691603206,0.03187470616398236,-0.012664910775547211,0.0027899446207935163,0.0027899446207935163,0.0027899446207935163,0.012664910775547211,0.4865525672371638,0.8580715059588299,0.6466992665036675,0.8722943722943722,0.9650053022269353,0.7212244712933947
2021-10-29,1121.4330543933054,0.01075935788972937,0.026203210551353218,0.03950401863027664,-0.005181105286558796,-0.0,-0.0,-0.0,0.009902593843178376,0.4505494505494505,0.9090909090909091,0.6556776556776556,0.8724324324324324,0.9650423728813559,0.7259480564067955
2021-11-01,1133.4989539748954,0.006854548390817783,0.02166214326911975,0.03139956965432367,-0.012809778598069865,-0.0,-0.0,-0.0,0.020442008843772674,0.4878048780487805,0.8810810810810811,0.6073170731707317,0.8725701943844493,0.9650793650793651,0.7224347418071668
2021-11-02,1141.2685774058575,-0.0016336148583685484,0.0164234404209751,0.02329805602923707,-0.00892095218200073,0.0016336148583685484,0.0016336148583685484,0.0016336148583685484,0.027110725455048557,0.38855054811205847,0.8855291576673866,0.5749086479902558,0.8727076591154261,0.9651162790697674,0.6870522149678181
2021-11-03,1139.4041841004182,0.006302420409110665,0.01599290681175236,0.012512957296921146,-0.009986996647786683,-0.0,-0.0,-0.0,0.025518798485052896,0.38929440389294406,0.8802588996763754,0.5802919708029197,0.8728448275862069,0.9651531151003168,0.6865866208565959
2021-11-04,1146.5851882845188,0.0036918430445056494,0.012062523952332205,-0.014853399868176909,-0.029131412963590564,-0.0,-0.0,0.014853399868176909,0.03162192423349908,0.39003645200486026,0.8415948275862069,0.5589307411907655,0.852529601722282,0.9651898734177216,0.6698702718138645
2021-11-08,1150.8182008368203,0.006286631432502299,0.012961183459733405,-0.00823297647123078,-0.024078803947200966,-0.0,-0.0,0.01847702862307743,0.03518387393772904,0.1395631067961165,0.8223896663078579,0.5412621359223301,0.8526881720430107,0.9652265542676501,0.5813537092818054
2021-11-09,1158.052970711297,0.0016917733726060646,0.009530965250455603,-0.021753513309346717,-0.018860762789242647,-0.0,0.0003682056731636463,0.02460895264038976,0.0412114243346311,0.18181818181818182,0.7978494623655914,0.5212121212121212,0.8528464017185822,0.9652631578947368,0.5847317222143672
2021-11-10,1160.0121338912136,-0.0020564999139744966,0.006763535092632944,-0.019366328076691475,-0.015286234261244314,0.0020564999139744966,0.0020564999139744966,0.026256306293146014,0.04283073780548874,0.2009685230024213,0.8421052631578947,0.5096852300242131,0.8530042918454935,0.9652996845425867,0.6020634440297876
2021-11-11,1157.626569037657,0.0024095253327260924,-0.0034251710730457408,-0.03353861692197757,-0.010341837363214701,-0.0,0.0034251710730457408,0.03353861692197757,0.040858262905664855,0.2986698911729142,0.8819742489270387,0.5223700120918984,0.8531618435155413,0.9653361344537815,0.6469440449313434
2021-11-12,1160.41589958159,0.004583069817462926,-0.02659511955387528,-0.04316378400736898,-0.014989366819139316,-0.0,0.02659511955387528,0.04316378400736898,0.04316378400736898,0.20169082125603865,0.8863879957127545,0.5060386473429951,0.8533190578158458,0.9653725078698845,0.6147103306167855
2021-11-15,1165.7341666666666,0.00287901544162783,-0.020922973433766034,-0.042986966010690075,-0.020863899097346428,-0.0,0.031035949448166122,0.047529024984969914,0.047529024984969914,0.1821471652593486,0.8972162740899359,0.4776839565741858,0.8534759358288769,0.9654088050314464,0.6073484285374255
2021-11-16,1169.090333333333,-0.0010541671858258495,-0.030989122311905426,-0.042863454235500975,-0.027368551021920817,0.0010541671858258495,0.03381760348715557,0.05026333151900686,0.05026333151900686,0.26265060240963856,0.9026737967914439,0.4493975903614458,0.8536324786324786,0.9654450261780104,0.6304919634746495
2021-11-17,1167.8579166666668,-0.012155945054674766,-0.025954320213753324,-0.031485458241031994,-0.030991442364217248,0.012155945054674766,0.03279801088816825,0.049261093761762464,0.049261093761762464,0.2635379061371841,0.8888888888888888,0.46209386281588444,0.8089647812166489,0.9654811715481171,0.6232822414307145
2021-11-18,1153.6615,-0.020896077402253632,-0.030216944051613237,-0.02222189235461769,-0.03591815460269976,0.020896077402253632,0.030216944051613237,0.03756174724272798,0.03756174724272798,0.4951923076923077,0.8740661686232657,0.5348557692307693,0.7579957356076759,0.9655172413793103,0.6980316578344231
2021-11-22,1129.5545,0.010436894958735232,-0.01702134927236043,-0.01449328769292113,-0.039906066297363596,-0.0,0.01702134927236043,0.01702134927236043,0.039906066297363596,0.6746698679471789,0.9371002132196162,0.6326530612244897,0.8423855165069223,0.965553235908142,0.7988986110484583
2021-11-23,1141.3435416666666,-0.007431847955506998,-0.022535502292711063,-0.01597736877718492,-0.03896908205784255,0.007431847955506998,0.02717462551901073,0.02717462551901073,0.04982296421208443,0.4568345323741007,0.9137380191693291,0.5779376498800959,0.8042553191489361,0.9655891553701772,0.7094120293645616
2021-11-24,1132.8612500000002,0.00413617142728917,-0.012254074951073668,0.002957077341407155,-0.020759227469529518,-0.0,0.01989060148951749,0.01989060148951749,0.042708519479755847,0.578443113772455,0.8797872340425532,0.6167664670658684,0.7555791710945802,0.965625,0.7384679626749764
2021-11-25,1137.5469583333334,-0.016478953414634012,-0.005678520157794353,0.004160670729820071,-0.01592027245488048,0.016478953414634012,0.02392780341998324,0.02392780341998324,0.046651731348806624,0.3720095693779904,0.8703506907545164,0.5944976076555024,0.7558386411889597,0.9656607700312175,0.6662323578209101
2021-11-26,1118.8013749999998,-0.00757365592857473,0.008244165174835727,0.024001765580001555,-0.006967936681269715,0.00757365592857473,0.00757365592857473,0.00757365592857473,0.03067832461636477,0.7407407407407408,0.9384288747346072,0.6738351254480287,0.8144220572640509,0.9698544698544699,0.8238004498820619
2021-11-29,1110.3279583333335,0.004768711166456496,0.002571837727673998,0.029445391716283797,0.007555125598802226,-0.0,-0.0,-0.0,0.023280990902562304,0.7410501193317423,0.9448568398727466,0.7183770883054892,0.8019067796610169,0.9730010384215991,0.8313540130970802
2021-11-30,1115.6227916666664,0.0030084466647124497,0.006709331674867647,0.023116787470619515,0.010890993990959164,-0.0,0.0021864469050116853,0.0021864469050116853,0.027916575981406955,0.7413587604290822,0.9364406779661016,0.6901072705601908,0.7978835978835979,0.9751037344398341,0.8244874941057662
2021-12-01,1118.9790833333332,0.010820838250700016,0.015399863372483447,0.016188811598666808,0.012122048131234298,-0.0,0.005179311886154725,0.005179311886154725,0.03083226542005091,0.6392857142857142,0.9333333333333332,0.669047619047619,0.7980972515856237,0.97720207253886,0.7879592484928467
2021-12-02,1131.0873749999998,-0.002707497877134979,0.009895382013848986,0.0005100758486471513,0.00313676285959108,0.002707497877134979,0.015828868511005623,0.015828868511005623,0.04120720714744541,0.37098692033293695,0.9038054968287527,0.6242568370986921,0.79831045406547,0.9616977225672878,0.6848265849679191
2021-12-03,1128.0249583333332,-0.013156993164934239,0.015628754372640774,-0.014007536209891702,0.015880724100772126,0.013156993164934239,0.013156993164934239,0.014007536209891702,0.038604230141466855,0.6104513064133016,0.9028511087645196,0.6389548693586697,0.800632911392405,0.9617373319544984,0.7637934634437206
2021-12-06,1113.1835416666663,0.008915271347324172,0.02680461686368396,-0.025786509911181588,0.03621416792600618,-0.0,-0.0,0.025786509911181588,0.025786509911181588,0.7117437722419929,0.9525316455696203,0.704626334519573,0.8408851422550053,0.9669421487603306,0.8261285400853389
2021-12-07,1123.107875,0.011667030055624306,0.01629810639428042,-0.02336502489997261,0.031165051855712944,-0.0,-0.0,0.034395139258982854,0.034395139258982854,0.6101895734597157,0.9441517386722866,0.6528436018957346,0.8410526315789473,0.9607843137254902,0.7826259369374475
2021-12-08,1136.2112083333334,0.0053411797813851525,0.0007769827972625709,-0.02364638063455593,0.021001258623526864,-0.0,-0.0,0.04553095825617115,0.04553095825617115,0.42485207100591715,0.9221052631578947,0.591715976331361,0.8412197686645636,0.9608247422680413,0.7075944234002344
2021-12-09,1142.2799166666666,0.0029543254831219112,-0.009293344966571193,-0.0199977391766456,0.012034030077697988,-0.0,0.009293344966571193,0.05060186438261549,0.05060186438261549,0.49290780141843976,0.8916929547844374,0.5685579196217494,0.8413865546218487,0.9608650875386201,0.7170597889072293
2021-12-10,1145.6545833333332,-0.0022978857429029054,-0.02918023978243811,-0.0302437977181903,0.009899457877277085,0.0022978857429029054,0.02918023978243811,0.05339843351285156,0.05339843351285156,0.2975206611570248,0.8203781512605042,0.5608028335301063,0.8352570828961176,0.9609053497942387,0.631731601514369
2021-12-13,1143.0220000000002,-0.0014081910593112257,-0.0512182414367226,-0.021264135323376787,0.01922195264316695,0.0014081910593112257,0.0512182414367226,0.0512182414367226,0.0512182414367226,0.31839622641509435,0.857292759706191,0.5660377358490566,0.8417190775681341,0.9609455292908531,0.6507667600346684
2021-12-14,1141.412406639004,-0.0037833667459902243,-0.0390270640520759,-0.011949558085040834,0.02201099077338653,0.0037833667459902243,0.049880291357737194,0.049880291357737194,0.049880291357737194,0.31919905771495877,0.890985324947589,0.5712603062426385,0.843979057591623,0.9609856262833675,0.6619199293871882
2021-12-15,1137.0940248962654,-0.004775075257354988,-0.024404401631573425,-0.004001976228251047,0.03259447546902483,0.004775075257354988,0.046271988514363094,0.046271988514363094,0.046271988514363094,0.45647058823529413,0.8994764397905759,0.5905882352941176,0.8462343096234309,0.961025641025641,0.7115837611150266
2021-12-16,1131.664315352697,-0.017178422262807524,-0.010804807008905293,0.002625347884393836,0.04306480755610753,0.017178422262807524,0.04169601486592467,0.04169601486592467,0.04169601486592467,0.49588719153936545,0.9246861924686192,0.6192714453584018,0.8474399164054336,0.9610655737704918,0.7360514333296966
2021-12-17,1112.2241078838174,-0.02494612771889415,-0.0010955256365134947,0.0303128689196821,0.0624987104229473,0.02494612771889415,0.02494612771889415,0.02494612771889415,0.02494612771889415,0.7147887323943662,0.9540229885057471,0.710093896713615,0.8903966597077244,0.9611054247697033,0.8336659030359496
2021-12-20,1084.4784232365146,0.011423010392207056,0.03157112354131342,0.063641777154549,0.0945421039724017,-0.0,-0.0,-0.0,-0.0,0.8522860492379836,0.9572025052192066,0.8311840562719813,0.9290928050052137,0.967280163599182,0.9023287572015034
2021-12-21,1096.8664315352696,0.011375582045209054,0.028177178517858392,0.05583465485669348,0.06631137020385292,-0.0,-0.0,-0.0,-0.0,0.7447306791569087,0.9572471324296141,0.7669789227166277,0.9291666666666667,0.9713993871297242,0.8586666184429822
2021-12-22,1109.3439256198346,0.009098147989562655,0.020912789517955055,0.045728963740719664,0.053354464798889945,-0.0,-0.0,-0.0,-0.0,0.535672514619883,0.9416666666666668,0.7239766081871345,0.9209157127991675,0.9591836734693878,0.7782176246887678
2021-12-23,1119.4369008264462,-0.0075317000539640855,0.013576850138838248,0.03268540342695925,0.04176487314527888,0.0075317000539640855,0.0075317000539640855,0.0075317000539640855,0.0075317000539640855,0.4544392523364486,0.9417273673257024,0.6670560747663551,0.9209979209979211,0.9592252803261977,0.7436232638664299
2021-12-24,1111.0056378600823,0.006940547726808299,0.03144284099458994,0.04139520376462791,0.03613483146809737,-0.0,-0.0,-0.0,-0.0,0.49474912485414235,0.893970893970894,0.7164527421236874,0.8556593977154725,0.959266802443992,0.742181888758054
2021-12-27,1118.7166255144034,0.008095354145932543,0.031089134700803767,0.041365693674585424,-0.006258183307060072,-0.0,-0.0,-0.0,0.006258183307060072,0.3706293706293706,0.8691588785046729,0.6724941724941725,0.8423236514522822,0.9593082400813836,0.6869239085712662
2021-12-28,1127.773032786885,0.004229901508347789,0.026899523658659774,0.03437127034993037,-0.006316670362474852,-0.0,-0.0,-0.0,0.01423827358588814,0.3911525029103609,0.7894190871369295,0.6356228172293364,0.8424870466321244,0.959349593495935,0.6646944083973451
2021-12-29,1132.5434016393442,0.0018471046906283206,0.02430782969667966,0.03674349830403156,-0.027153738073729894,-0.0,-0.0,-0.0,0.027153738073729894,0.3383720930232558,0.8196891191709844,0.6093023255813954,0.8426501035196687,0.9593908629441624,0.6526617225978081
2021-12-30,1134.6353278688523,0.009962217224267711,0.018852594438698578,0.0403335700189944,-0.023326914237122742,-0.0,-0.0,-0.0,0.028947373934182896,0.3391405342624855,0.8768115942028986,0.6004645760743322,0.842812823164426,0.9594320486815415,0.6682635965816653
2021-12-31,1145.93881147541,0.006595243852425936,0.009648971687506336,0.03123890079817504,-0.02112806998714334,-0.0,-0.0,-0.0,0.03852578888088287,0.26682134570765664,0.8335056876938987,0.5498839907192575,0.8367768595041322,0.9594731509625126,0.6240921056822291
2022-01-03,1153.4965573770494,0.00399917343262346,0.00996670280767109,0.02905144145477001,-0.02014825486414884,-0.0,-0.0,-0.0,0.04482539830073329,0.26767091541135574,0.4369834710743802,0.5168018539976825,0.7874097007223942,0.9595141700404858,0.4977277561243848
2022-01-04,1158.1095901639344,0.001695421247897011,0.007276025082424864,0.009922685620298521,-0.013780052950904786,-0.0,0.001799002996474508,0.001799002996474508,0.048630091563151456,0.2951388888888889,0.739938080495356,0.5034722222222222,0.7876288659793813,0.9595551061678462,0.592936348781688
2022-01-05,1160.0730737704916,-0.003488509750816493,0.012140557991277223,0.007292043466877729,-0.020213304692066614,0.003488509750816493,0.003488509750816493,0.003488509750816493,0.05024033428080732,0.3179190751445087,0.7402061855670102,0.4913294797687861,0.7878475798146242,0.9595959595959596,0.5985127441577661
2022-01-06,1156.0261475409836,0.0008389041061311886,0.02108349696270828,0.008792096497335367,-0.02184992646595696,-0.0,-0.0,-0.0,0.046915489673180044,0.42840646651270203,0.7981462409886716,0.5115473441108545,0.7921810699588478,0.9596367305751766,0.6544052221870709
2022-01-07,1156.995942622951,0.00691201398080743,0.021383599365810912,-0.005051273788773458,-0.03363917725960952,-0.0,-0.0,0.005051273788773458,0.04771436600175105,0.4290657439446367,0.8209876543209877,0.5074971164936563,0.7923946557040082,0.9596774193548387,0.6606995003043408
2022-01-10,1164.993114754098,0.0013243939526557114,0.01889640380622848,-0.04573213547452171,-0.045411438096308765,-0.0,-0.0,0.04573213547452171,0.05425139359157516,0.29493087557603687,0.7132579650565262,0.46543778801843316,0.7874743326488707,0.959718026183283,0.5793434574056692
2022-01-11,1166.536024590164,0.006533003221426359,0.0026275424729353958,-0.03933591533206482,-0.0343050753506533,-0.0,-0.0,0.04699429047306569,0.05550228065936713,0.2105868814729574,0.635523613963039,0.4533947065592635,0.7856410256410256,0.959758551307847,0.5275997212411178
2022-01-12,1174.1570081967216,0.005316335950964923,-0.004790356918432437,-0.06163263766041305,-0.04010038753350076,-0.0,0.004790356918432437,0.06163263766041305,0.06163263766041305,0.25517241379310346,0.36,0.3896551724137931,0.7817622950819673,0.9597989949748744,0.45141660939688094
2022-01-13,1180.3992213114752,0.0011330565051608232,-0.012037605643352878,-0.06119237722469606,-0.06090747806402619,-0.0,0.012037605643352878,0.06659493257716587,0.06659493257716587,0.21125143513203215,0.26024590163934425,0.35017221584385766,0.7799385875127943,0.9598393574297188,0.40206115899523354
2022-01-14,1181.736680327869,0.004460058523897414,-0.02588143491925876,-0.05078063942776656,-0.08936832116923932,-0.0,0.02588143491925876,0.06765133629565412,0.08936832116923932,0.1444954128440367,0.1617195496417605,0.34288990825688076,0.6789366053169735,0.9598796389167502,0.33863234302846235
2022-01-17,1187.0072950819674,-0.014663892642531318,-0.06342994149289505,-0.047810725816937905,-0.07406803264498585,0.014663892642531318,0.06342994149289505,0.07179120185776489,0.09341175778658839,0.1947308132875143,0.05725971370143149,0.293241695303551,0.03779366700715015,0.9599198396793588,0.23934852263796585
2022-01-18,1169.601147540984,-0.0009137905636040777,-0.0418534859929135,-0.02346985458262585,-0.05797867349374475,0.0009137905636040777,0.04949179116265956,0.05797748482844178,0.07991980051887837,0.6819221967963387,0.13687436159346272,0.4267734553775744,0.3377551020408163,0.95995995995996,0.47509101186926045
2022-01-19,1168.5323770491805,-0.0020045110529915977,-0.05711588622269992,-0.027306229943281357,-0.05866973002760967,0.0020045110529915977,0.05711588622269992,0.05711588622269992,0.07907827093303899,0.46399999999999997,0.19081632653061223,0.4365714285714286,0.3384301732925586,0.96,0.4225565765525872
2022-01-20,1166.1900409836069,-0.012895326757087267,-0.04975368684286041,-0.030374963354377615,-0.062110715733236455,0.012895326757087267,0.055222068416217684,0.055222068416217684,0.0772285653929844,0.29908675799086754,0.22833843017329256,0.4600456621004566,0.34623217922606925,0.9600399600399601,0.385144825046117
2022-01-21,1151.1516393442623,-0.03425799537882601,-0.025560753486352006,-0.02873304193242099,-0.06149849064557755,0.03425799537882601,0.04287968926342467,0.04287968926342467,0.06517367446407141,0.7753705815279361,0.24236252545824852,0.5336374002280502,0.508646998982706,0.9600798403193613,0.5725976069280023
2022-01-24,1111.7154918032786,0.008036022307570834,0.016677039303236052,0.0003360664129379298,-0.0336138912478392,-0.0,0.00892753327839424,0.00892753327839424,0.0336138912478392,0.8553530751708428,0.6683621566632758,0.7175398633257403,0.9329268292682927,0.9601196410767696,0.8015159145922665
2022-01-25,1120.6492622950818,-0.016828322808477125,0.01918666001654068,0.005236835707405962,-0.03337642164550225,0.016828322808477125,0.016828322808477125,0.016828322808477125,0.04131788213288856,0.7736063708759954,0.657520325203252,0.6666666666666665,0.9329949238578681,0.9601593625498007,0.7644873069350749
2022-01-27,1101.7906147540984,0.0057880073089666695,0.03161539773959876,0.022946503673387353,-0.061155516334480575,-0.0,-0.0,-0.0,0.061155516334480575,0.825,0.798984771573604,0.7545454545454545,0.9391480730223124,0.9601990049751243,0.836245512189523
2022-01-28,1108.167786885246,0.012236007345457933,0.02039336877203768,0.0003034691599836936,-0.03614455891866253,-0.0,-0.0,-0.0,0.06655828381028106,0.7173666288308741,0.7799188640973631,0.7332576617480135,0.9392097264437689,0.9602385685884692,0.7929877034417285
2022-01-31,1121.7273360655736,0.007602809002085653,-0.0032555015178408198,-0.04065201716725442,-0.040045882017038736,-0.0,0.0032555015178408198,0.04065201716725442,0.07784181809771151,0.5827664399092971,0.7649442755825734,0.6587301587301587,0.9392712550607287,0.9602780536246276,0.7342431987504525
2022-02-01,1130.2556147540984,0.010524313066132773,-0.016072924103309405,-0.02757572211740733,-0.05412319348560435,-0.0,0.016072924103309405,0.047890722155817356,0.08479990958383699,0.5832389580973952,0.8218623481781377,0.6262740656851642,0.9393326592517695,0.9603174603174602,0.746112208818574
2022-02-02,1142.1507786885247,-0.004838779193027665,-0.013687212417898276,-0.035338201358207644,-0.0645032630827489,0.004838779193027665,0.026320234778657303,0.057806659836523,0.09433144894924583,0.4298642533936652,0.763397371081901,0.5656108597285068,0.9393939393939393,0.9603567888999008,0.670755895291869
2022-02-03,1136.6241632653064,-0.005153068384531223,-0.008403222834019397,-0.032243961100418495,-0.0778048005529588,0.005153068384531223,0.021585905013672524,0.053225426730900915,0.08992781057490262,0.4621468926553672,0.8777777777777778,0.5887005649717514,0.9404641775983855,0.9603960396039605,0.7180920125813374
2022-02-04,1130.7670612244897,-0.011223806068720976,-0.019688387073928837,-0.03272992257774954,-0.09604793105406162,0.011223806068720976,0.019688387073928837,0.04832136162726863,0.09604793105406162,0.5846501128668171,0.8768920282542887,0.6252821670428894,0.940524193548387,0.960435212660732,0.7626271746884171
2022-02-07,1118.0755510204085,-0.005354243703950545,-0.037518657696491875,-0.033734750720179285,-0.07349709601238674,0.005354243703950545,0.037518657696491875,0.037518657696491875,0.08578698142811081,0.6471251409244644,0.9012096774193548,0.6832018038331453,0.9486404833836858,0.9604743083003953,0.7994726327315652
2022-02-08,1112.0891020408164,0.012974514632012824,-0.011690701776465473,-0.0339385520533283,-0.04950480586583461,-0.0,0.03233755715433606,0.0339385520533283,0.08086571245594298,0.7950450450450451,0.945619335347432,0.713963963963964,0.9517102615694165,0.9605133267522211,0.8648528162933683
2022-02-09,1126.517918367347,0.0004926142464867223,-0.021951443003578763,-0.038412099498657315,-0.04953443497135046,-0.0,0.04473169969415225,0.04631218851777663,0.09263829023580661,0.718785151856018,0.9225352112676057,0.642294713160855,0.9517587939698493,0.960552268244576,0.8228685766103754
2022-02-10,1127.0728571428572,-0.01647522198101392,-0.02404277506280006,-0.08221546259345802,-0.04470471369125395,0.01647522198101392,0.045202046768430426,0.08221546259345802,0.09308504946079399,0.6797752808988764,0.9366834170854271,0.6404494382022472,0.9518072289156626,0.9605911330049262,0.8142265881092029
2022-02-11,1108.504081632653,-0.02920803362501756,-0.013303459157128494,-0.036436970581791406,-0.02337476319437648,0.02920803362501756,0.02920803362501756,0.06684146864592266,0.07789313415579358,0.8271604938271605,0.9668674698795181,0.7351290684624019,0.9669007021063191,0.9606299212598425,0.886387283696754
2022-02-14,1076.1268571428573,0.02133683654927543,0.0039314081322934236,0.000631819903791353,0.0040602526642410375,-0.0,-0.0,0.03876570503712706,0.05014987990946218,0.9047085201793722,0.9789368104312939,0.8643497757847534,0.9729458917835672,0.967551622418879,0.9358035988875766
2022-02-15,1099.088,0.002457696280731003,-0.02251101989716464,-0.027300296765525922,-0.0030831870401194506,-0.0,0.02251101989716464,0.05884693417057896,0.06999328125700943,0.793952967525196,0.9769539078156313,0.7670772676371782,0.972972972972973,0.9597249508840864,0.8841397879103386
2022-02-16,1101.789224489796,-0.0016467092709606668,-0.016830101509100026,-0.030233457741982273,0.007344306307558446,0.0016467092709606668,0.024907501105067342,0.061154331677794715,0.07227335159034087,0.7718120805369127,0.956956956956957,0.756152125279642,0.9710000000000001,0.9597644749754661,0.8693270251914571
2022-02-17,1099.974897959184,-0.00565263363152857,-0.059605775790431026,-0.04707884799597506,0.008198294692067787,0.00565263363152857,0.059605775790431026,0.059605775790431026,0.07074313569678892,0.794413407821229,0.9560000000000001,0.7642458100558659,0.971028971028971,0.9598039215686275,0.8775209599649795
2022-02-18,1093.7571428571428,-0.0122509753872162,-0.023445416566375554,-0.06546052643854439,0.012572988444623512,0.0122509753872162,0.05425985323011273,0.06546052643854439,0.06546052643854439,0.8560267857142857,0.9470529470529471,0.7912946428571429,0.9710578842315369,0.9598432908912831,0.8987478483319461
2022-02-21,1080.357551020408,-0.005564030955737986,-0.003286666999133492,-0.041150548797903364,0.02372695207482356,0.005564030955737986,0.0425299107325009,0.05386950503159171,0.05386950503159171,0.9007803790412485,0.9491017964071857,0.850613154960981,0.9700897308075773,0.9677103718199608,0.923439923285965
2022-02-22,1074.346408163265,0.008283726523505619,-0.004899571213434539,-0.016113109415132776,0.02735635718453122,-0.0,0.037172709885273214,0.04857575105844114,0.04857575105844114,0.9265033407572383,0.8983050847457626,0.876391982182628,0.9223107569721115,0.9726295210166178,0.9155573018505756
2022-02-23,1083.246,-0.045082981320654136,-0.013632797600349078,-0.011566634175507295,0.01665327343625944,0.045082981320654136,0.045082981320654136,0.05639233886873718,0.05639233886873718,0.8531701890989989,0.9342629482071714,0.8398220244716351,0.9223880597014926,0.9755859375,0.8973779706067998
2022-02-24,1034.4100408163267,0.032582350203681054,0.013320932298350963,0.04087097502012971,0.0655344270771554,-0.0,-0.0,0.0118432882929701,0.0118432882929701,0.961111111111111,0.9781094527363184,0.9355555555555556,0.9731610337972169,0.9785365853658538,0.9656891725506723
2022-02-25,1068.1135510204083,0.008138857972067814,-0.04302382128446025,0.013556152517912423,0.03964815786993836,-0.0,0.04302382128446025,0.04302382128446025,0.04302382128446025,0.7647058823529411,0.9582504970178927,0.8967813540510544,0.9731876861966237,0.9805068226120858,0.8913309633829973
2022-02-28,1076.8067755102045,-0.007173249887820532,-0.03798873813072279,0.0034262679761467574,0.03920874743563374,0.007173249887820532,0.05074963518363429,0.05074963518363429,0.05074963518363429,0.7361419068736142,0.958291956305859,0.8580931263858094,0.9732142857142857,0.9814995131450829,0.8764663335007561
2022-03-02,1069.0825714285716,-0.00056519946551159,-0.011268750246014925,0.024896799747011755,0.050611275591893046,0.00056519946551159,0.04389122804244561,0.04389122804244561,0.04389122804244561,0.7353266888150608,0.9692460317460316,0.893687707641196,0.9732408325074331,0.9824902723735408,0.8848932818234031
2022-03-03,1068.4783265306123,-0.01898866742362082,0.0020947203230350375,0.03874928904233399,0.05753048995598098,0.01898866742362082,0.04335053027347424,0.04335053027347424,0.04335053027347424,0.7367256637168141,0.9702675916749257,0.8949115044247787,0.9732673267326732,0.9834791059280856,0.8859423784297197
2022-03-04,1048.1893469387755,-0.024833416333604474,0.02718787488115093,0.05800809707266241,0.0880532380327137,0.024833416333604474,0.024833416333604474,0.024833416333604474,0.024833416333604474,0.9016574585635359,0.9772277227722773,0.923756906077348,0.9732937685459941,0.9844660194174757,0.945301570468944
2022-03-07,1022.159224489796,0.013443131049394097,0.05912370136351219,0.08349943163533613,0.1271458823361733,-0.0,-0.0,-0.0,-0.0,0.933774834437086,0.9812067260138477,0.9580573951434879,0.9733201581027667,0.98545101842871,0.9620513717617978
2022-03-08,1035.9002448979593,0.020402642189642606,0.04305043791940255,0.06766182197986437,0.11169625495905366,-0.0,-0.0,-0.0,-0.0,0.8004410143329658,0.9752964426877471,0.9327453142227122,0.9723593287265548,0.9864341085271319,0.9137739443391834
2022-03-09,1057.0353469387755,0.01294293790341472,0.03657773535733333,0.044181365780596726,0.08567171126984952,-0.0,-0.0,-0.0,-0.0,0.7059471365638766,0.9644619940769991,0.9151982378854625,0.9714003944773176,0.9874152952565344,0.8776793115668022
2022-03-10,1070.7164897959185,0.005576544319702892,0.036577948147938466,0.028550136597450315,0.07555728715490728,-0.0,-0.0,-0.0,-0.0,0.7326732673267327,0.9595660749506904,0.8811881188118812,0.9714285714285715,0.988394584139265,0.8797979657566419
2022-03-11,1076.6873877551022,0.0054850400743535754,0.030004464563094135,0.023695013742264015,0.07388968695189191,-0.0,-0.0,-0.0,-0.0,0.6032967032967033,0.948768472906404,0.8527472527472527,0.9714566929133859,0.9893719806763285,0.8310092000549149
2022-03-14,1082.59306122449,-0.0019368839668022497,0.02301499838068266,0.025743028925636846,0.056167563849054636,0.0019368839668022497,0.0019368839668022497,0.0019368839668022497,0.0019368839668022497,0.5697036223929748,0.9202755905511811,0.8320526893523601,0.968534906588004,0.9903474903474904,0.8085667038309403
2022-03-15,1080.4962040816329,0.014070481676275781,0.023595583843054158,0.03566029772337753,0.055482184591703954,-0.0,-0.0,-0.0,-0.0,0.6666666666666665,0.8308751229105212,0.837719298245614,0.9616895874263262,0.9913211186113791,0.8136997984483904
2022-03-16,1095.6993061224491,0.012943145842224668,0.007335320993212546,0.02508981962986767,0.02967084977002643,-0.0,-0.0,-0.0,-0.0,0.6319824753559693,0.8408644400785854,0.7656078860898138,0.9617271835132484,0.9450867052023122,0.7892503727842868
2022-03-17,1109.8811020408164,-0.0008003431292346042,-0.00774453244431017,0.01808059087189573,0.005640782920377951,0.0008003431292346042,0.00774453244431017,0.00774453244431017,0.00774453244431017,0.6028446389496718,0.8056918547595682,0.7122538293216629,0.9617647058823529,0.9451395572666024,0.7616060780715748
2022-03-21,1108.9928163265306,-0.001338040724137346,-0.006125653856759228,0.02839783650350247,0.009990260378787807,0.001338040724137346,0.0069497515009392385,0.0069497515009392385,0.0069497515009392385,0.4863387978142077,0.8049019607843136,0.715846994535519,0.9588638589618022,0.9451923076923078,0.7242373599688396
2022-03-22,1107.50893877551,-0.0013704592940307903,0.002666657428554098,0.04028285518799124,0.025194017591296802,0.0013704592940307903,0.005619229534757575,0.005619229534757575,0.005619229534757575,0.5687772925764193,0.7855044074436826,0.7237991266375546,0.9579256360078277,0.9452449567723343,0.746090628971541
2022-03-23,1105.991142857143,-0.0020384707660688894,0.011786602121735212,0.041243802178420275,0.022626956445159774,0.0020384707660688894,0.004254600998207292,0.004254600998207292,0.004254600998207292,0.604143947655398,0.7152641878669276,0.7284623773173391,0.9550342130987292,0.9452975047984644,0.7372929799232751
2022-03-24,1103.7366122448975,-0.0022206569764663397,0.017625212048704597,0.039734807428052576,0.010389575954280472,0.0022206569764663397,0.0022206569764663397,0.0022206569764663397,0.0022206569764663397,0.6339869281045751,0.3499511241446725,0.7342047930283225,0.9541015625,0.9453499520613614,0.6410368494214206
2022-03-25,1101.2855918367345,0.0008298649997071639,0.026026687844636687,0.04570234243802784,0.01996536250086689,-0.0,-0.0,-0.0,-0.0,0.6692056583242655,0.3759765625,0.7431991294885745,0.9541463414634147,0.9454022988505747,0.6612858079369265
2022-03-28,1102.1995102040817,0.007496624189820444,0.03473627274336155,0.04903283940607861,0.012659048891831226,-0.0,-0.0,-0.0,-0.0,0.6032608695652173,0.09365853658536587,0.7369565217391305,0.763157894736842,0.9454545454545454,0.5337884929284081
2022-03-29,1110.4622857142858,0.007712765038542679,0.03751615502594641,0.029660971671710445,0.013057316571742472,-0.0,-0.0,-0.0,-0.0,0.5667752442996743,0.25438596491228066,0.7035830618892508,0.7633885102239533,0.9455066921606118,0.5639833953333875
2022-03-30,1119.0270204081633,0.0037203602750814913,0.02911404439919707,0.019139371193333865,-0.002298063639259329,-0.0,-0.0,-0.0,0.0034164079393120828,0.41323210412147504,0.20253164556962028,0.6507592190889371,0.7636186770428016,0.9455587392550143,0.49170724259884446
2022-03-31,1123.1902040816326,0.006016972064992743,0.021726658417627664,0.0044689060923586155,-0.012119290935314497,-0.0,-0.0,-0.0,0.012119290935314497,0.5677139761646804,0.16828793774319067,0.6316359696641387,0.7473275024295433,0.9456106870229009,0.5263750861739153
2022-04-01,1129.9484081632652,0.009325562803343956,0.019176552448868067,-0.01221888332127441,-0.04390560586233361,-0.0,-0.0,0.01221888332127441,0.04390560586233361,0.33225108225108224,0.14965986394557823,0.6060606060606061,0.7466019417475728,0.9456625357483317,0.4415385125766907
2022-04-04,1140.4858130081302,0.010203325490552695,0.013816628487192117,-0.017899275427590844,-0.051917255767625625,-0.0,-0.0,0.021345388364859996,0.05273934459544549,0.21945945945945947,0.04174757281553398,0.5491891891891892,0.6382153249272551,0.9457142857142857,0.3522408962789832
2022-04-05,1152.1225609756098,-0.00044798898039544177,-0.007571143173225603,-0.014504552796813841,-0.07400592133928008,0.00044798898039544177,0.007571143173225603,0.03123006335392209,0.07400592133928008,0.1695464362850972,0.016488845780795344,0.49892008639308855,0.0,0.945765937202664,0.24423058025541744
2022-04-06,1151.6064227642278,-0.0034847398392026108,-0.009692485745529389,-0.0178794300569296,-0.08867835861614415,0.0034847398392026108,0.009692485745529389,0.030795870584190088,0.08867835861614415,0.11218985976267531,0.03972868217054264,0.5016181229773463,0.000968054211035818,0.9458174904942964,0.23315998628300208
2022-04-07,1147.5933739837396,0.0035060755703182345,-0.016890772285413802,-0.028223765583420324,-0.10143981014776149,-0.0,0.016890772285413802,0.028223765583420324,0.10143981014776149,0.33512931034482757,0.0648596321393998,0.5193965517241379,0.003868471953578336,0.9458689458689459,0.3149777840820028
2022-04-08,1151.616923076923,0.004017445916036477,-0.03080470767768928,-0.02461214715954041,-0.11322293070211642,-0.0,0.03080470767768928,0.03161898261124696,0.11322293070211642,0.17115177610333693,0.06092843326885879,0.5005382131324004,0.004830917874396135,0.9459203036053131,0.2585558649180208
2022-04-11,1156.2434817813769,-0.011108218874651632,-0.03128366908136948,-0.03467364332926004,-0.13054375151921227,0.011108218874651632,0.034682817251203146,0.03549383396896033,0.13054375151921227,0.1053763440860215,0.08695652173913043,0.4870967741935484,0.005791505791505791,0.9459715639810427,0.24316304225837868
2022-04-12,1143.39967611336,-0.0025845574806176996,-0.006986303930900828,-0.016125361217693923,-0.11100454090103884,0.0025845574806176996,0.02383941178045179,0.02465953864694692,0.12077715168048442,0.48764769065520946,0.12258687258687258,0.5370569280343717,0.1369334619093539,0.9460227272727272,0.3994485829515129
2022-04-13,1140.4444939271254,-0.010728148861909204,-0.008267072796638852,-0.02103484119889465,-0.1031488113218445,0.010728148861909204,0.021309931041518904,0.022132183065633915,0.11849886131833165,0.24892703862660945,0.09546769527483125,0.5525751072961373,0.1416184971098266,0.9460737937559129,0.31794832702938614
2022-04-18,1128.2096356275306,-0.010696536212403185,-0.011527705140508271,-0.01651439574392155,-0.07196626678548923,0.010696536212403185,0.011527705140508271,0.01651439574392155,0.1089394308879198,0.17256162915326903,0.20520231213872833,0.6152197213290461,0.29355149181905676,0.9461247637051039,0.35330005703462064
2022-04-19,1116.1417004048585,0.0035212759397429405,0.006389383612574795,-0.032078688290378854,-0.058538176990572954,-0.0,0.0008401556838009139,0.032078688290378854,0.09930511543888554,0.3886509635974304,0.3205004812319538,0.6734475374732334,0.4634615384615385,0.9461756373937678,0.48550171202055725
2022-04-20,1120.0719433198378,0.01369518737897768,-0.0034994498799001406,-0.03463797499471932,-0.07899933914742374,-0.0,0.004346127708612424,0.03547504680135882,0.10246558179081666,0.31443850267379675,0.2884615384615385,0.6470588235294117,0.463016330451489,0.9462264150943398,0.44833935958600996
2022-04-21,1135.4115384615386,-0.0038710036293889694,-0.009203354720051293,-0.060377111544583695,-0.07672306704848919,0.0038710036293889694,0.017797573977082704,0.060377111544583695,0.11459141822517771,0.29273504273504275,0.1834774255523535,0.5747863247863247,0.46257197696737046,0.946277097078228,0.39979520013783615
2022-04-22,1131.016356275304,-0.01398068964806276,-0.012874200353778953,-0.07208781765289618,-0.07428028107894069,0.01398068964806276,0.01398068964806276,0.07208781765289618,0.1111506792786856,0.3906083244397012,0.1564299424184261,0.5997865528281751,0.4880153403643337,0.9463276836158192,0.4301221656574733
2022-04-25,1115.203967611336,0.007235618342251726,-0.005044846101753486,-0.07534249343759414,-0.06714325983175407,-0.0,0.005044846101753486,0.07534249343759414,0.09854775521175152,0.6759061833688699,0.31064237775647174,0.6823027718550106,0.6111111111111112,0.9463781749764816,0.5938708075584413
2022-04-26,1123.2731578947366,-0.006339375380228107,-0.03822384509350363,-0.09084671629293883,-0.09135493323925414,0.006339375380228107,0.03822384509350363,0.09084671629293883,0.10502346385258476,0.49094781682641114,0.2509578544061303,0.6336528221512248,0.6095693779904306,0.9464285714285714,0.509658592353092
2022-04-27,1116.1523076923077,0.007892861544805285,-0.03124787548894603,-0.09931367513945566,-0.08181732359959581,-0.0,0.03208788687332376,0.09931367513945566,0.09931367513945566,0.6106382978723404,0.2660287081339713,0.6734042553191489,0.6376673040152964,0.9464788732394367,0.5618130420105816
2022-04-28,1124.961943319838,-0.007561605322860987,-0.05164910182964266,-0.09643421625418891,-0.07649741830531209,0.007561605322860987,0.05164910182964266,0.10636699670632122,0.10636699670632122,0.5738575982996812,0.22848948374760994,0.6280552603613178,0.6380133715377269,0.9465290806754222,0.5322745422399452
2022-04-29,1116.4554251012146,-0.006160111477732322,-0.059985887634928625,-0.08387833763513208,-0.05438930431158906,0.006160111477732322,0.059985887634928625,0.09955821128383857,0.09955821128383857,0.5286624203821656,0.4116523400191022,0.6719745222929937,0.6517175572519085,0.9465791940018744,0.5795203302130344
2022-05-02,1109.577935222672,-0.026352900129657297,-0.07065408632782455,-0.05638300225402104,-0.04646941829139761,0.026352900129657297,0.07065408632782455,0.09397700865576963,0.09397700865576963,0.5291622481442206,0.6593511450381679,0.7158006362672323,0.6653956148713059,0.9466292134831461,0.660221183946509
2022-05-04,1080.3373387096776,0.0008678591506250388,-0.054714260621850475,-0.027336404705728734,-0.019640840292839967,-0.0,0.054714260621850475,0.06945443429669496,0.06945443429669496,0.8072033898305083,0.899904671115348,0.8453389830508474,0.8761904761904762,0.9466791393826006,0.8645230770309758
2022-05-05,1081.2749193548386,-0.013332640702145793,-0.07026131652084233,-0.04595308599637715,-0.013788595034846973,0.013332640702145793,0.07026131652084233,0.07026131652084233,0.07026131652084233,0.7703703703703704,0.9476190476190476,0.8380952380952381,0.8763082778306374,0.9467289719626167,0.8655662365478869
2022-05-06,1066.8586693548389,-0.016285956549108027,-0.04722420204478073,-0.017396293454255307,-0.01534312613545652,0.016285956549108027,0.05769794174523912,0.05769794174523912,0.05769794174523912,0.8562367864693446,0.9743101807802093,0.8995771670190276,0.900190114068441,0.9467787114845939,0.9130430976182778
2022-05-09,1049.4838554216867,-0.017439177674946515,-0.02541711840909522,-0.002362791940610953,-0.0009421924253896208,0.017439177674946515,0.0420975846302416,0.0420975846302416,0.0420975846302416,0.8891235480464624,0.9800380228136882,0.9239704329461457,0.9069325735992403,0.955223880597015,0.9307305695285214
2022-05-10,1031.18172,-0.00965323551313535,0.01535605188967093,0.008867319572543497,0.009726383521314608,0.00965323551313535,0.025096061633055333,0.025096061633055333,0.025096061633055333,0.919831223628692,0.9810066476733144,0.9430379746835443,0.9326375711574952,0.9608574091332711,0.9474904618340788
2022-05-11,1021.22748,-0.015593352423301399,0.028962518713264496,-0.0005590002867756905,0.01706822056239199,0.015593352423301399,0.015593352423301399,0.015593352423301399,0.015593352423301399,0.9251844046364595,0.9848197343453511,0.9610115911485775,0.9402843601895734,0.9646182495344506,0.9543919331839146
2022-05-12,1005.30312,0.011115055526734974,0.026145228714698376,0.01942557698160785,0.03816567333063703,-0.0,-0.0,-0.0,-0.0,0.9526315789473684,0.9857819905213269,0.9810526315789473,0.9498106060606061,0.9683720930232558,0.9680804034351435
2022-05-13,1016.47712,0.00622924006395742,0.03130632479806894,0.022064578260397427,0.022639255039901718,-0.0,-0.0,-0.0,-0.0,0.9158780231335436,0.9801136363636364,0.9674027339642481,0.9441816461684012,0.9711895910780669,0.9522346511598342
2022-05-16,1022.809,0.023667762016173377,0.02365558322843775,0.03218899250501339,-0.004332094029192768,-0.0,-0.0,0.0021043874801485174,0.004332094029192768,0.8918067226890757,0.9763481551561023,0.9527310924369747,0.94234404536862,0.9730733519034354,0.9412035093101375
2022-05-17,1047.0166000000002,0.00361808972274158,-0.006390597963198519,0.010505940425303839,-0.03023698364431282,-0.0,0.014736729102480473,0.02517628321669718,0.03023698364431282,0.7355718782791186,0.9640831758034026,0.9244491080797482,0.9367327667610954,0.9749536178107605,0.8828271964606739
2022-05-18,1050.8048,-0.018288648852764933,-0.028690567890614083,0.007911845832536457,-0.030269012674403184,0.018288648852764933,0.028690567890614083,0.028690567890614083,0.03373302425866698,0.7641509433962264,0.9556185080264402,0.9161425576519916,0.9273584905660378,0.9406858202038925,0.883153492882073
2022-05-19,1031.587,0.016200555909027248,-0.006548441239167868,0.03371374142027572,-0.02988389087234855,-0.0,0.010595700075886172,0.010595700075886172,0.02988389087234855,0.8910994764397906,0.9613207547169812,0.9371727748691099,0.9491046182846371,0.95,0.9323821891096236
2022-05-20,1048.2992828685258,-0.0012354672595852323,-0.008961204169363524,0.0020895171727131068,-0.0556570401248625,0.0012354672595852323,0.026369062513396657,0.026369062513396657,0.0556570401248625,0.38598326359832635,0.9632422243166823,0.9173640167364016,0.9491525423728814,0.9398704902867715,0.7669076526443062
2022-05-23,1047.004143426295,-0.0063787766453667905,0.008336211335518318,0.001423964045992987,-0.06610540743734827,0.0063787766453667905,0.0251646853987193,0.0251646853987193,0.06610540743734827,0.7638453500522466,0.9679849340866289,0.9237199582027168,0.9463781749764816,0.9399260628465804,0.890015900811375
2022-05-24,1040.325537848605,-0.018906509152379125,0.017005211860783742,0.0008515133081474779,-0.038661644951964114,0.018906509152379125,0.018906509152379125,0.018906509152379125,0.06011005943525871,0.8705636743215031,0.9539040451552211,0.9279749478079331,0.93796992481203,0.9501385041551248,0.9209201475317801
2022-05-25,1020.6566135458168,0.004090601624663126,0.037683576945877206,0.017637079981935422,-0.02990405575283661,-0.0,-0.0,-0.0,0.04199757787331926,0.927007299270073,0.9727443609022557,0.9593326381647549,0.9502347417840374,0.9566420664206642,0.9514754429756177
2022-05-26,1024.8317131474105,0.013732543242159334,0.04052757510357541,0.018382996044219668,-0.02014396432119525,-0.0,-0.0,-0.0,0.04590041916875798,0.8583333333333334,0.964319248826291,0.946875,0.9493433395872419,0.9612903225806453,0.9255603811228367
2022-05-27,1038.9052589641435,0.016196791888120954,0.011150644544459576,0.0005622705176635545,-0.025141373354806595,-0.0,-0.0,0.00023798425216781105,0.058825143582938444,0.7304890738813735,0.9662288930581613,0.9261186264308011,0.9493908153701969,0.9659300184162063,0.8825575970647938
2022-05-30,1055.73219123506,0.0021637142523540653,-0.006855101712920142,-0.0353821701252337,-0.03039116321040014,-0.0,0.006855101712920142,0.0353821701252337,0.07382618806704411,0.6663201663201663,0.9381443298969073,0.9064449064449065,0.9475655430711611,0.9365225390984361,0.8471961405517762
2022-05-31,1058.0164940239044,0.001041677100508176,-0.015883594660326628,-0.04031933157411105,-0.03069890364499661,-0.0,0.015883594660326628,0.04031933157411105,0.07582583687545419,0.6666666666666667,0.9410112359550563,0.9003115264797508,0.9466791393826006,0.9365808823529413,0.8471173145645058
2022-06-01,1059.118605577689,0.006842530906985722,-0.019318506536397995,-0.03788114869847781,-0.029226003421499724,-0.0,0.019318506536397995,0.04131796869279247,0.07678752616834805,0.4802904564315353,0.8503274087932646,0.8983402489626556,0.8906542056074765,0.9366391184573003,0.7538766144440044
2022-06-02,1066.365657370518,-0.014887890507879864,-0.02128206843259417,-0.06152344671866694,-0.037907779490566784,0.014887890507879864,0.025983246277664906,0.06152344671866694,0.08306170479310004,0.5202072538860104,0.7934579439252336,0.8860103626943004,0.8907563025210083,0.936697247706422,0.7482345150728545
2022-06-03,1050.4897222222223,-0.001898812046883247,-0.010471608838825475,-0.05762614647491893,-0.022636458013786,0.001898812046883247,0.011263038656082802,0.05762614647491893,0.06920411761090572,0.7857142857142857,0.6760037348272643,0.9099378881987578,0.8983208955223881,0.9367552703941339,0.8035869545107129
2022-06-06,1048.4950396825398,-0.006946767049900604,-0.02872397417689554,-0.06743334881912189,-0.014705870026881285,0.006946767049900604,0.02872397417689554,0.06743334881912189,0.06743334881912189,0.827300930713547,0.3880597014925373,0.9120992761116856,0.8835041938490213,0.9368131868131867,0.7314503194120621
2022-06-07,1041.211388888889,-0.002452309918159812,-0.024830128612021607,-0.03947954090563088,-0.009109188173631044,0.002452309918159812,0.024830128612021607,0.06090970731703038,0.06090970731703038,0.7985537190082646,0.3466915191053122,0.9235537190082646,0.8426443202979516,0.9368709972552608,0.7069709785238963
2022-06-08,1038.6580158730158,0.004826588276951593,-0.01892830881973684,-0.04671718107561107,0.009770558313589417,-0.0,0.02243283094768722,0.058601105471032366,0.058601105471032366,0.8482972136222909,0.3230912476722533,0.9267285861713106,0.8083720930232557,0.9478976234003657,0.7136476600872038
2022-06-09,1043.6711904761903,-0.004006803821400395,-0.04111642076652944,-0.03783150397745072,0.013919353747336327,0.004006803821400395,0.04111642076652944,0.06312302489601518,0.06312302489601518,0.7278350515463917,0.27069767441860465,0.9206185567010309,0.7360594795539034,0.9360730593607306,0.6487310920011106
2022-06-10,1039.4894047619048,-0.0203093070762419,-0.047653546939425695,-0.02568919959291671,0.018293264404160237,0.0203093070762419,0.047653546939425695,0.05935404107320241,0.05935404107320241,0.8177136972193615,0.37639405204460963,0.9248197734294543,0.744661095636026,0.947992700729927,0.7114277129895226
2022-06-13,1018.3780952380954,-0.0029656166621623292,-0.039854144046665096,0.005174076987029652,0.04668145882156005,0.0029656166621623292,0.039854144046665096,0.039854144046665096,0.039854144046665096,0.9351851851851852,0.7149489322191271,0.9609053497942387,0.8608534322820036,0.9553327256153145,0.8681772847132868
2022-06-14,1015.3579761904762,0.003584942537859348,-0.015022420937552683,0.010024613650803538,0.04563499661022652,-0.0,0.036998250011206824,0.036998250011206824,0.036998250011206824,0.8972250770811923,0.7968460111317254,0.9691675231243576,0.865616311399444,0.9608378870673953,0.8823671688229182
2022-06-15,1018.9979761904762,-0.01789876913396371,-0.028325016923526958,0.008995921101919713,0.04238249436460517,0.01789876913396371,0.04043822384026563,0.04043822384026563,0.04043822384026563,0.7802874743326488,0.8053753475440222,0.9579055441478439,0.8657407407407408,0.9663330300272974,0.8463329960424365
2022-06-16,1000.7591666666666,-0.010796922384042396,0.00342577228374763,0.025163832964744115,0.05908937385983104,0.010796922384042396,0.022950235676241104,0.022950235676241104,0.022950235676241104,0.9692307692307692,0.8759259259259258,0.9825641025641025,0.8584643848288621,0.97,0.9307368225405326
2022-06-17,989.9540476190476,-0.012285963890740104,0.02306340016904751,0.037129307365913355,0.07914962327676811,0.012285963890740104,0.012285963890740104,0.012285963890740104,0.012285963890740104,0.9641393442622952,0.9259944495837188,0.9846311475409836,0.8798521256931608,0.9727520435967303,0.9469266470375475
2022-06-20,977.791507936508,0.022820134100389522,0.046897271653571826,0.05654017192816574,0.10448754032289398,-0.0,-0.0,-0.0,-0.0,0.9805527123848516,0.9519408502772643,0.9866939611054248,0.886426592797784,0.9754990925589837,0.9611806077258463
2022-06-21,1000.1048412698412,-0.009968954842115352,0.025429040336326647,0.03161864221053112,0.08365168502396414,0.009968954842115352,0.009968954842115352,0.009968954842115352,0.009968954842115352,0.7924335378323109,0.9168975069252079,0.9805725971370143,0.8846863468634686,0.9773345421577515,0.8897487903123658
2022-06-22,990.1348412698412,0.014192711767092137,0.03840886991582604,0.059256013291980825,0.09825912510190449,-0.0,-0.0,-0.0,-0.0,0.9101123595505618,0.8717712177121771,0.982635342185904,0.8516129032258065,0.9791666666666667,0.9108262777510688
2022-06-23,1004.1875396825396,0.008562359067343595,0.021663845280275762,0.053785649747125186,0.09495762780696948,-0.0,-0.0,-0.0,-0.0,0.7755102040816326,0.8626728110599079,0.976530612244898,0.8517495395948435,0.9809954751131221,0.8643428826174168
2022-06-24,1012.785753968254,0.010724388543135621,0.013748812824837309,0.04514212916319971,0.0878025725578424,-0.0,-0.0,-0.0,-0.0,0.7206931702344547,0.8149171270718232,0.9683995922528033,0.8518859245630175,0.9828209764918625,0.8318435852683067
2022-06-27,1023.647261904762,0.0018456413499021718,0.009210932663300309,0.041293724922699004,0.07511242425465015,-0.0,-0.0,-0.0,-0.0,0.6568228105906314,0.8629254829806807,0.9399185336048881,0.8520220588235294,0.984643179765131,0.821309294760596
2022-06-28,1025.5365476190475,0.0025628086822999663,0.006036109404678358,0.03525694570027049,0.05934606161920919,-0.0,-0.0,-0.0,-0.0,0.693794506612411,0.8318014705882354,0.9359104781281791,0.8521579430670339,0.9259927797833936,0.8166819730993544
2022-06-29,1028.1648015873016,-0.0021618114229032814,0.02007604516884043,0.0330889080564607,0.06456765146258947,0.0021618114229032814,0.0021618114229032814,0.0021618114229032814,0.0021618114229032814,0.7510162601626016,0.854912764003673,0.931910569105691,0.8522935779816514,0.9260595130748421,0.8411827737221526
2022-06-30,1025.942103174603,0.0007488264242641041,0.031440678472905326,0.033092799223101155,0.07537546320887656,-0.0,-0.0,-0.0,-0.0,0.7756345177664974,0.8926605504587157,0.9340101522842639,0.8524289642529789,0.9261261261261261,0.8604262128148192
2022-07-01,1026.7103557312253,0.0062000467204597065,0.030967549299401043,0.040515985434427026,0.08929397748024592,-0.0,-0.0,-0.0,-0.0,0.7200811359026369,0.8368469294225481,0.9320486815415822,0.7793040293040292,0.9261926192619262,0.8172214065655734
2022-07-04,1033.0760079051386,-0.0013060118285993516,0.03178997692259666,0.04538149108634948,0.09719517173146852,0.0013060118285993516,0.0013060118285993516,0.0013060118285993516,0.0013060118285993516,0.6170212765957447,0.7655677655677655,0.9189463019250254,0.7785910338517842,0.9262589928057554,0.7613414400900069
2022-07-05,1031.7267984189723,0.01655427211174576,0.029045514393000627,0.0504382537154795,0.10601379444139991,-0.0,-0.0,-0.0,-0.0,0.7206477732793521,0.746569075937786,0.9210526315789473,0.7614259597806217,0.9263252470799641,0.7872608420094402
2022-07-06,1048.8062845849802,0.008955070660230158,0.01275675764493256,0.03682123237489021,0.08596469865854273,-0.0,-0.0,-0.0,-0.0,0.5085945399393327,0.42138939670932357,0.8918099089989888,0.7579908675799086,0.9263913824057451,0.6196104659747274
2022-07-07,1058.198418972332,0.00028977582153566495,0.0016017603190148222,0.03907054349214589,0.07827876598379935,-0.0,-0.0,-0.0,-0.0,0.3757575757575758,0.3470319634703196,0.8777777777777778,0.7582116788321167,0.926457399103139,0.5532620782349457
2022-07-08,1058.5050592885375,0.007002716710844847,0.00926162626700977,0.04081783922422022,0.07775870645818728,-0.0,-0.0,-0.0,-0.0,0.43491422805247226,0.3467153284671533,0.8768920282542887,0.7502278942570646,0.9265232974910395,0.5710375409371776
2022-07-11,1065.9174703557312,-0.00396244219754327,0.013172752660663312,0.03247757911386784,0.07542011721276176,0.00396244219754327,0.005651536177781691,0.005651536177781691,0.005651536177781691,0.40423387096774194,0.22515952597994526,0.8649193548387096,0.6329690346083788,0.9265890778871977,0.5097828828497538
2022-07-12,1061.693833992095,0.00046323918070489967,0.02078891460412957,0.023268731515386554,0.07855963924304099,-0.0,0.0016958135433818855,0.0016958135433818855,0.0016958135433818855,0.6928499496475328,0.2650273224043716,0.8731117824773414,0.6342129208371247,0.926654740608229,0.6153018695382022
2022-07-13,1062.185652173913,-0.0021580530293695555,0.02376135685919012,0.030470507582304185,0.0830667334938473,0.0021580530293695555,0.0021580530293695555,0.0021580530293695555,0.0021580530293695555,0.6931589537223339,0.22565969062784347,0.8722334004024145,0.6345454545454545,0.9267202859696156,0.6038304953471572
2022-07-14,1059.8933992094862,0.00793960821550277,0.03740886314057312,0.04092823415047753,0.08685443532001114,-0.0,-0.0,-0.0,-0.0,0.721608040201005,0.1290909090909091,0.8733668341708543,0.45685740236148953,0.9267857142857143,0.563497228027923
2022-07-15,1068.308537549407,0.010905089298194781,0.03126663308693156,0.04687865705922212,0.08936460673712499,-0.0,-0.0,-0.0,-0.0,0.5090361445783133,0.11716621253405993,0.8504016064257028,0.2849364791288566,0.9268510258697592,0.4676768130506999
2022-07-18,1079.958537549407,0.0035249120784939247,0.019053834997544872,0.04956437538536762,0.08305618232818301,-0.0,-0.0,-0.0,-0.0,0.320962888665998,0.05898366606170599,0.8044132397191575,0.114233907524932,0.9269162210338681,0.3628827189709574
2022-07-19,1083.7652964426877,0.0033764949618266815,0.0024293141077247338,0.052907003842772804,0.07923656005037638,-0.0,-0.0,-0.0,-0.0,0.3216432865731463,0.06980961015412511,0.7855711422845691,0.11503623188405797,0.9269813000890471,0.3635188480802791
2022-07-20,1087.424624505929,0.011143928089441202,0.006553432280055116,0.04739820592898836,0.06573234661160265,-0.0,0.0009439934649234649,0.0009439934649234649,0.0009439934649234649,0.5105105105105106,0.050724637681159424,0.7717717717717718,0.003619909502262443,0.9270462633451957,0.4029481211318408
2022-07-21,1099.5428063241106,0.001971858012275396,0.0033924628321087003,0.03773393706252226,0.04370411518146944,-0.0,0.01195469924564041,0.01195469924564041,0.01195469924564041,0.322,0.03891402714932127,0.715,0.0045207956600361665,0.9271111111111111,0.3306351639728534
2022-07-22,1101.7109486166007,-0.0010665767550126493,0.01513868816404762,0.035492154190498226,0.04588199447018937,0.0010665767550126493,0.013899150107412717,0.013899150107412717,0.013899150107412717,0.5114885114885115,0.07414104882459313,0.7052947052947053,0.005420054200542006,0.9271758436944938,0.4002888264710209
2022-07-25,1100.5358893280634,-0.012846274890586984,0.029940067285940897,0.04159173910173397,0.052246375983988846,0.012846274890586984,0.012846274890586984,0.012846274890586984,0.012846274890586984,0.4041916167664671,0.07497741644083107,0.7115768463073853,0.006317689530685922,0.9272404614019522,0.36721177792958143
2022-07-26,1086.3981027667985,0.0075045099533319615,0.05035536074678637,0.05403361406907514,0.06439802964955943,-0.0,-0.0,-0.0,-0.0,0.5902293120638086,0.1128158844765343,0.7766699900299102,0.18034265103697023,0.9273049645390071,0.46871883548569887
2022-07-27,1094.550988142293,0.007968542698397307,0.04057884294965963,0.051040981303720034,0.05278768703628667,-0.0,-0.0,-0.0,-0.0,0.5547808764940239,0.07664562669071236,0.7360557768924302,0.1810810810810811,0.9273693534100974,0.44077057420777055
2022-07-28,1103.2729644268777,0.013701453017657794,0.03422536594851788,0.0441204298844049,0.039197390667829124,-0.0,-0.0,-0.0,-0.0,0.4348258706467662,0.04864864864864865,0.6965174129353234,0.1773177317731773,0.927433628318584,0.38774390380885193
2022-07-29,1118.3894071146246,0.013498519115503926,0.020049936293198733,0.0405834519515853,0.039955131683755196,-0.0,-0.0,-0.0,-0.0,0.3210735586481113,0.036003600360036005,0.6192842942345925,0.1780575539568345,0.9274977895667551,0.33603642792549754
2022-08-01,1133.4860079051384,0.006720915113178849,0.011312961002184263,0.031910197914747584,0.02519564701772148,-0.0,-0.0,-0.0,-0.0,0.12711022840119166,0.025179856115107913,0.5431976166832174,0.17879604672057503,0.9275618374558304,0.2593280120077504
2022-08-02,1141.104071146245,-0.0018731598718984,0.0035019132188496283,0.025006535345960312,0.016539638246874322,0.0018731598718984,0.0018731598718984,0.0018731598718984,0.0018731598718984,0.22023809523809523,0.017969451931716084,0.5089285714285714,0.17594254937163373,0.9276257722859665,0.2815579076488713
2022-08-03,1138.966600790514,0.0018141748700495341,0.010054152479598732,0.017504460651956988,0.02272371182598487,-0.0,-0.0,-0.0,-0.0,0.4370664023785927,0.03859964093357271,0.5153617443012883,0.18116591928251122,0.927689594356261,0.35867315353334284
2022-08-04,1141.0328853754938,-0.00019266920353522288,0.009567609016059908,0.0057530913326846456,0.020300391105276372,0.00019266920353522288,0.00019266920353522288,0.00019266920353522288,0.00019266920353522288,0.4049504950495049,0.060089686098654706,0.5089108910891089,0.18189964157706093,0.9277533039647579,0.35377272857949615
2022-08-05,1140.813043478261,0.004817658302777472,0.020129912201165556,0.010033721875771784,0.025352539461381607,-0.0,-0.0,-0.0,-0.0,0.3491592482690406,0.06451612903225806,0.5093966369930761,0.18263205013428827,0.9278169014084505,0.3373538803136245
2022-08-08,1146.3090909090909,-0.0010546652221495867,0.02036682778410337,0.010229187197129175,0.02527221286856496,0.0010546652221495867,0.0010546652221495867,0.0010546652221495867,0.0010546652221495867,0.23715415019762845,0.05998209489704566,0.48616600790513836,0.18336314847942756,0.9278803869832895,0.2967250247715028
2022-08-10,1145.1001185770751,0.004643983526579909,0.021429577606017602,0.00983309777045216,0.029524186218294224,-0.0,-0.0,-0.0,-0.0,0.2240868706811451,0.04203935599284437,0.49160908193484704,0.16621983914209115,0.9279437609841829,0.286061729130001
2022-08-11,1150.417944664032,0.0013316006068113673,0.0073761472630635705,0.0016618816617406384,0.03127648684620299,-0.0,-0.0,0.0024517984080992816,0.0033896888129633096,0.10256410256410257,0.04110813226094727,0.46942800788954636,0.16696428571428573,0.9280070237050043,0.24359391893756305
2022-08-12,1151.9498418972332,0.010267519950964088,-0.003778367738137778,-0.004715010908387995,0.03351329123855673,-0.0,0.003778367738137778,0.004715010908387995,0.004715010908387995,0.11724137931034484,0.04196428571428571,0.45812807881773404,0.16057091882247992,0.9280701754385965,0.24607659668841403
2022-08-16,1163.777509881423,0.005051017758681775,-0.009896965283185177,-0.0006038153563288073,0.017167155913790033,-0.0,0.01390313695305534,0.014830260860093092,0.014830260860093092,0.054133858267716536,0.03568242640499553,0.41338582677165353,0.16131907308377896,0.9281332164767748,0.21736214931183692
2022-08-17,1169.6557707509885,-1.4226678157758244e-05,-0.009935290241637751,-0.006506913983982954,0.014267755971113294,1.4226678157758244e-05,0.018858898082612652,0.019781362604966213,0.019781362604966213,0.22713864306784662,0.036541889483065956,0.36578171091445427,0.16206589492430987,0.9281961471103328,0.2659658367005325
2022-08-18,1169.6391304347826,-0.009178500716581994,-0.011353185858142822,-0.008260334746283404,-0.00753741845603606,0.009178500716581994,0.01884493950534416,0.01976741715149022,0.01976741715149022,0.2593320235756385,0.04452359750667854,0.36738703339882123,0.16281138790035588,0.9282589676290464,0.2789512004346091
2022-08-19,1158.9035968379446,-0.00975598409577616,-0.005672424959482947,0.005129462696098486,0.002964166043653016,0.00975598409577616,0.00975598409577616,0.010687007137578641,0.010687007137578641,0.41020608439646716,0.06583629893238435,0.43866535819430813,0.28,0.9283216783216782,0.35843886958695365
2022-08-22,1147.5973517786558,0.00406265532322192,-0.0009401955748779001,0.014464086561559286,0.026783251400141594,-0.0,0.0009401955748779001,0.0009401955748779001,0.0009401955748779001,0.44313725490196076,0.15733333333333335,0.4803921568627451,0.4191829484902309,0.9283842794759825,0.41879966133533686
2022-08-23,1152.2596442687748,0.005012114192944006,0.00938604327125847,0.015166639740661791,0.01577116911614973,-0.0,0.0049826082780555225,0.0049826082780555225,0.0049826082780555225,0.37904015670910873,0.08792184724689164,0.45739471106758084,0.419698314108252,0.9284467713787086,0.37460487532899683
2022-08-24,1158.0349011857709,-0.00144633048974252,0.00346277998181721,0.014890705853760178,0.016798465253966333,0.00144633048974252,0.009944877608789371,0.009944877608789371,0.009944877608789371,0.3317025440313111,0.09494232475598935,0.4412915851272015,0.41755319148936176,0.928509154315606,0.35879975662172425
2022-08-25,1156.36,-0.0034852440852272126,0.0031283680558298332,0.019499349438354407,0.004471913359406887,0.0034852440852272126,0.008510856630485342,0.008510856630485342,0.008510856630485342,0.33235581622678395,0.0549645390070922,0.44770283479960893,0.17803365810451727,0.9285714285714286,0.3193998477807322
2022-08-26,1152.3298031496065,-0.005043189290904859,0.010863510101428275,0.029565470870601684,-0.014487458940167897,0.005043189290904859,0.005043189290904859,0.005043189290904859,0.014487458940167897,0.2841796875,0.07174490699734277,0.4580078125,0.20088495575221238,0.928633594429939,0.31317880770059336
2022-08-29,1146.518385826772,0.014440603419451747,0.015418778804038746,0.038409402900605905,-0.009077361805427842,-0.0,-0.0,-0.0,0.009492140309620312,0.3082926829268293,0.10973451327433628,0.4887804878048781,0.2396109637488948,0.9286956521739129,0.3413191280335459
2022-08-30,1163.0748031496064,-0.0008854820747340453,0.005726844063218328,0.01778170813855451,-0.023658913888992328,0.0008854820747340453,0.0026630131236439203,0.0026630131236439203,0.023658913888992328,0.11793372319688109,0.14942528735632185,0.4142300194931774,0.2402826855123675,0.9287576020851434,0.28072709200935364
2022-09-01,1162.0449212598426,-0.0017791064157500758,0.011388490036621235,0.02091073430455781,-0.019402769506823403,0.0017791064157500758,0.0017791064157500758,0.0017791064157500758,0.022793615151893598,0.11879259980525804,0.19257950530035337,0.4177215189873418,0.24271844660194175,0.9288194444444444,0.29442105424687054
2022-09-02,1159.9775196850394,0.004198900270569128,0.01631992664533377,0.000728937558489573,-0.006312639306171763,-0.0,-0.0,-0.0,0.0210519624175447,0.20428015564202337,0.23212709620476613,0.42898832684824906,0.24338624338624337,0.9288811795316565,0.33514418239069516
2022-09-05,1164.848149606299,-0.0005596011754158692,0.018500975237791373,-0.002154246525255976,-0.022379720813192283,0.0005596011754158692,0.0005596011754158692,0.0034554536069941744,0.025145280164427963,0.08454810495626823,0.18430335097001763,0.4042759961127308,0.24140969162995596,0.9289428076256498,0.27885839807913976
2022-09-06,1164.1962992125984,0.004758005133885357,0.022641519515372188,0.012143519915364553,-0.007893215237601447,-0.0,-0.0,0.0028974738613568585,0.02459944486727439,0.3844660194174757,0.17533039647577095,0.4077669902912621,0.2429577464788732,0.929004329004329,0.3730763673443338
2022-09-07,1169.7355511811024,0.004738940422061022,0.011986220857577612,0.0005954976767579279,-0.005809106257713581,-0.0,-0.0,0.007619226675603552,0.029218428568029142,0.20562560620756545,0.13996478873239437,0.3608147429679922,0.2427440633245383,0.9290657439446366,0.2983377945034152
2022-09-08,1175.2788582677165,0.003088126212164255,0.00941502139063477,0.001879768323034492,-0.012399771232044277,-0.0,-0.0,0.01229987870528182,0.033797206044214545,0.14050387596899225,0.1503957783641161,0.3236434108527132,0.24340949033391915,0.9291270527225584,0.2749867269017873
2022-09-09,1178.9082677165354,0.006353936829984086,-0.015340631112396697,-0.014740015368549408,-0.020310162845846635,-0.0,0.015340631112396697,0.015340631112396697,0.03677177636990303,0.23039690222652467,0.1687170474516696,0.30396902226524686,0.23792800702370498,0.929188255613126,0.3055147419738597
2022-09-12,1186.3989763779523,0.0035034555370925258,-0.020280021585865282,-0.04278788581897408,-0.03853120808173072,-0.0,0.021557592362304145,0.04278788581897408,0.042853425242945,0.1866537717601547,0.17822651448639157,0.2562862669245648,0.23859649122807017,0.9292493528904228,0.28715932379231274
2022-09-13,1190.5554724409446,-0.005710958250844889,-0.010265571463383028,-0.04573029151449137,-0.03879704930957728,0.005710958250844889,0.02497355416278424,0.04612972790541181,0.046195038516560594,0.20772946859903382,0.16403508771929826,0.23091787439613526,0.23926380368098163,0.9293103448275863,0.2860305636254158
2022-09-14,1183.7562598425195,0.002186154450488642,-0.011255808573329196,-0.04071661113200653,-0.03742926435729799,-0.0,0.019373235651931386,0.04071661113200653,0.04071661113200653,0.2644787644787645,0.19807186678352323,0.27895752895752896,0.28896672504378285,0.9293712316968131,0.32740888730216133
2022-09-15,1186.344133858268,-0.021512360759205595,-0.007464970213361011,-0.03948778522623986,-0.039758682973009885,0.021512360759205595,0.021512360759205595,0.04280917810725415,0.04280917810725415,0.15525554484088716,0.27057793345008757,0.257473481195757,0.289588801399825,0.9294320137693631,0.3103982787799472
2022-09-16,1160.8230708661415,0.0013057189329348518,0.0006099731164146416,-0.007036447733630102,-0.017525848649474818,-0.0,-0.0,0.02176503462483448,0.02176503462483448,0.733140655105973,0.39020122484689407,0.4258188824662813,0.6512237762237761,0.9294926913155632,0.5995833833757129
2022-09-19,1162.338779527559,0.013761014354543688,-0.022973772842258544,-0.020269139010218984,-0.01475456506456485,-0.0,0.022973772842258544,0.02304066892013279,0.02304066892013279,0.4196342637151107,0.368006993006993,0.4215591915303176,0.6270742358078603,0.929553264604811,0.48908674256642887
2022-09-20,1178.3337401574804,-0.006705752287269995,-0.035832561774722826,-0.019796337929073093,-0.0295762296398987,0.006705752287269995,0.03623614113844276,0.03630212915428388,0.03630212915428388,0.24615384615384617,0.2262008733624454,0.31153846153846154,0.5715532286212914,0.9296137339055793,0.3688113228602667
2022-09-21,1170.432125984252,0.006028529203292887,-0.029796182687220618,-0.006400792277540868,-0.022848247447204484,-0.0,0.029796182687220618,0.029796182687220618,0.029796182687220618,0.6042267050912584,0.3507853403141361,0.3631123919308357,0.5954664341761116,0.9296740994854201,0.5305917333272503
2022-09-22,1177.4881102362203,-0.013551702446265468,-0.03226366229085398,-0.014252747691452239,-0.03341812836734592,0.013551702446265468,0.03561003575006405,0.03561003575006405,0.03561003575006405,0.3406909788867562,0.3382737576285963,0.31477927063339733,0.5958188153310104,0.9297343616109682,0.43523826164321494
2022-09-23,1161.5311417322837,-0.02229442531581083,-0.00764175958213742,-0.005653479857279264,-0.016186617101354495,0.02229442531581083,0.022361367907979046,0.022361367907979046,0.022361367907979046,0.763183125599233,0.4486062717770035,0.4256951102588687,0.6727589208006962,0.9297945205479452,0.6288674284623175
2022-09-26,1135.6354724409448,0.000418753369935132,0.002768230531443816,0.00444695347476376,0.00708195532828193,-0.0,6.846907075253039e-05,6.846907075253039e-05,6.846907075253039e-05,0.8323754789272031,0.8868581375108789,0.5488505747126436,0.8069565217391305,0.9298545765611634,0.8137068941964324
2022-09-27,1136.1110236220472,-0.0004870185000493965,0.016632198111945495,0.0072654954288735585,0.011745275532431876,0.0004870185000493965,0.0004870185000493965,0.0004870185000493965,0.0004870185000493965,0.7866028708133972,0.8626086956521739,0.5435406698564593,0.8036490008688096,0.9299145299145298,0.790769238138515
2022-09-28,1135.5577165354332,0.0034699380782261535,0.024113892351484534,0.0034268776180808036,0.008905159717903066,-0.0,-0.0,-0.0,-0.0,0.7868068833652008,0.9018245004344049,0.5497131931166348,0.8038194444444444,0.9299743808710503,0.8032353301192416
2022-09-29,1139.498031496063,0.01154628453957307,0.018611386074473213,-0.0002820346712963939,0.016372798493603735,-0.0,0.0006308552080364072,0.0006308552080364072,0.001192955179532551,0.7029608404966571,0.90625,0.5272206303724929,0.8022549869904597,0.930034129692833,0.7740783818109183
2022-09-30,1152.655,-0.012038143912665555,0.002003590683159917,-0.010563732064387987,0.012565614947783743,0.012038143912665555,0.012038143912665555,0.012038143912665555,0.012593827799885715,0.3874045801526718,0.829141370338248,0.46278625954198477,0.7980935875216637,0.9300937766410913,0.6402315509959069
2022-10-03,1138.7791732283465,0.01425023779609802,0.001674088679923802,0.005628662079790958,0.024052972047597043,-0.0,-0.0,-0.0,0.0005624547990353834,0.567206863679695,0.8804159445407279,0.5309818875119161,0.8458874458874459,0.9301533219761499,0.7288863391139172
2022-10-04,1155.0070472440943,0.0068686904081678435,-0.009213462548665508,-0.009977407848245634,0.009929345967450098,-0.0,0.012399453948861106,0.013705884945515612,0.014604573943527432,0.3152380952380952,0.7428571428571428,0.4571428571428571,0.8451557093425605,0.9302127659574468,0.5967751595485121
2022-10-06,1162.9404330708662,-0.001921649394910574,-0.0201999161303279,-0.016553410109257927,0.003361083720478497,0.001921649394910574,0.0201999161303279,0.02043421902943765,0.02132677732087429,0.31588962892483347,0.7603806228373702,0.4167459562321599,0.8452895419187554,0.9302721088435374,0.5960202703310807
2022-10-07,1160.7056692913386,-0.004946318971584152,-0.018548212796424046,-0.019442489574289734,0.007728667911904186,0.004946318971584152,0.018548212796424046,0.019442489574289734,0.019442489574289734,0.2889733840304182,0.7891097666378565,0.42775665399239543,0.848013816925734,0.9303313508920985,0.5977744137031513
2022-10-10,1154.9644488188976,-0.01236302838785941,-0.012542193325853712,-0.010593024695820685,0.008365052788037897,0.01236302838785941,0.013669507569462946,0.01456822971372096,0.01456822971372096,0.603988603988604,0.8523316062176165,0.4586894586894587,0.8533218291630716,0.930390492359932,0.7224904607536954
2022-10-11,1140.6855905511811,0.003225991938678785,0.003947964157761996,0.0026233360003757866,0.014891548507193653,-0.0,0.0013228334085861881,0.0022328055644392775,0.0022328055644392775,0.8244781783681215,0.922346850733391,0.5246679316888045,0.885344827586207,0.9304495335029686,0.8274128398497932
2022-10-12,1144.3654330708662,-0.004296092026657927,-0.0007710493337398372,0.004447467052021592,0.014447370034391449,0.004296092026657927,0.0045341980608721855,0.0054412440935358575,0.0054412440935358575,0.6037914691943128,0.9060344827586208,0.5071090047393365,0.8854435831180019,0.9305084745762712,0.7492978961414053
2022-10-13,1139.4491338582675,-0.00023913337319214634,0.003721683720079305,0.005459572811948643,0.02203502949760816,0.00023913337319214634,0.00023913337319214634,0.0011500929721254272,0.0011500929721254272,0.6316287878787878,0.9061154177433248,0.5303030303030303,0.8820998278829603,0.9305673158340388,0.7613475101793429
2022-10-14,1139.176653543307,0.0011429376383074175,-0.0009111774918805216,0.016659531730455646,0.022174082282869767,-0.0,0.0009111774918805216,0.0009111774918805216,0.0009111774918805216,0.6035950804162725,0.891566265060241,0.532639545884579,0.882201203783319,0.9306260575296108,0.7484906509234732
2022-10-17,1140.4786614173229,0.0041301210798421195,0.001973925991428427,0.02337628785371826,0.015811153750266094,-0.0,0.002051770084932736,0.002051770084932736,0.002051770084932736,0.4839319470699433,0.8254514187446259,0.5264650283553876,0.7396907216494846,0.9306846999154691,0.672720195989608
2022-10-18,1145.1889763779527,-0.001489627953987327,-0.0013194191379205522,0.01832118620177514,0.006869374789430616,0.001489627953987327,0.0061564642221138,0.0061564642221138,0.0061564642221138,0.42115203021718606,0.7439862542955327,0.5033050047214354,0.7399141630901288,0.9307432432432432,0.6253706033041295
2022-10-19,1143.483070866142,0.00018079173074903032,0.005222543224234766,0.02010737327966372,0.005017271790464406,-0.0,0.004673798489007064,0.004673798489007064,0.004673798489007064,0.6679245283018868,0.792274678111588,0.5084905660377359,0.7401372212692966,0.9308016877637131,0.7193586201544916
2022-10-20,1143.6898031496062,-0.004853712708634994,0.001731445200454651,0.020249695341308493,0.0016583291798224487,0.004853712708634994,0.004853712708634994,0.004853712708634994,0.004853712708634994,0.6324222431668237,0.8113207547169812,0.5080113100848256,0.7292202227934875,0.9308600337268129,0.7121541436731772
2022-10-21,1138.1386614173227,0.004033972861201329,0.017586733858383496,0.02770990706541787,0.005208129798009997,-0.0,-0.0,-0.0,-0.0,0.7344632768361582,0.81662382176521,0.4811676082862523,0.7380136986301369,0.9309182813816343,0.7434180144547854
2022-10-24,1142.729881889764,0.0008296888453218632,0.021360198411463305,0.019161050969981552,0.0035215984294028058,-0.0,-0.0,-0.0,-0.0,0.3142050799623706,0.7191780821917808,0.45907808090310437,0.6843455945252352,0.930976430976431,0.570499422658414
2022-10-25,1143.677992125984,0.0050512194373859565,0.019666553767113015,0.012236113070894339,0.005795104399877404,-0.0,-0.0,-0.0,-0.0,0.4840225563909774,0.2249786142001711,0.4558270676691729,0.43333333333333335,0.9310344827586207,0.4499449993439202
2022-10-27,1149.4549606299213,-0.003292796490058758,0.014807497260940883,0.00995562566524133,0.003236470111836365,0.003292796490058758,0.003292796490058758,0.003292796490058758,0.004688070016114931,0.3436619718309859,0.23760683760683762,0.4253521126760563,0.43381725021349277,0.93109243697479,0.40411190961764865
2022-10-28,1145.6700393700785,0.010897346836783894,0.018486242225478122,0.0164854531538281,0.012184974862044173,-0.0,-0.0,-0.0,0.0013998830560696396,0.4577861163227016,0.20068317677198977,0.44746716697936206,0.44368600682593856,0.9311502938706969,0.4344500746027395
2022-10-31,1158.154803149606,0.007757180407661712,0.009948216569854784,0.005424186151117727,0.0009951096044384933,-0.0,-0.0,0.00041672995178421157,0.012164667294194631,0.13776944704779756,0.17918088737201365,0.36457357075913777,0.4441602728047741,0.9312080536912752,0.3131695104420695
2022-11-01,1167.1388188976375,-0.0008299116022538744,-0.002153155610432278,-0.007392328895286626,0.0017767303020927994,0.0008299116022538744,0.002153155610432278,0.008110991931746248,0.019768499881883783,0.28932584269662925,0.23273657289002558,0.30430711610486894,0.444633730834753,0.9312657166806371,0.36832838919832606
2022-11-02,1166.1701968503935,0.0002618099497440074,-0.007287128001568055,-0.011245775466047658,0.007079583452171745,-0.0,0.007287128001568055,0.011245775466047658,0.018954318688622407,0.4228250701590271,0.1899488926746167,0.3105706267539757,0.2621276595744681,0.9313232830820772,0.37754310688542303
2022-11-03,1166.4755118110238,0.00032033370057038546,-0.004781075828465209,-0.01479265995371104,0.007327703103617855,-0.0,0.007546962081548703,0.01479265995371104,0.019211098981507524,0.36542056074766355,0.3327659574468085,0.30747663551401866,0.2627551020408163,0.9313807531380753,0.4004289717282172
2022-11-04,1166.849173228347,0.002422939304646432,-0.001964473341611539,-0.018222368745983153,0.004304068971294317,-0.0,0.007864776429181264,0.018222368745983153,0.019525178109519703,0.2903828197945845,0.37755102040816324,0.3043884220354809,0.26338147833474934,0.931438127090301,0.38906372972301784
2022-11-07,1169.676377952756,-0.004317938402775168,-0.004479467703900952,-0.021895066995764156,-0.000902399353832628,0.004317938402775168,0.010262849472463142,0.021895066995764156,0.021895066995764156,0.2658582089552239,0.35514018691588783,0.28824626865671643,0.25891341256366723,0.9314954051796157,0.37169591467468294
2022-11-09,1164.6257874015748,-0.005970692150616297,-0.005250478381839674,-0.01534541820028723,0.0014049592854734616,0.005970692150616297,0.005970692150616297,0.017653354691147705,0.017653354691147705,0.12954333643988816,0.298811544991511,0.32246039142590865,0.2400339270568278,0.9315525876460768,0.31446991170895444
2022-11-10,1157.672165354331,0.002786919025291601,-0.0039877063913863475,-0.006363148466889235,0.009525565211389253,-0.0,0.0039877063913863475,0.011752835100815373,0.011752835100815373,0.7374301675977654,0.1967769296013571,0.3733705772811918,0.09745762711864407,0.9316096747289407,0.4699884384681681
2022-11-11,1160.8985039370075,0.0031513738577868544,-0.010059680219183798,-0.006652921556805302,0.00038250121013549965,-0.0,0.010059680219183798,0.014499345623933402,0.014499345623933402,0.5693023255813954,0.23305084745762708,0.347906976744186,0.09822184589331075,0.9316666666666665,0.42294578638281893
2022-11-14,1164.5569291338584,-0.00010311109500416027,-0.01628989647172796,-0.004230732745304833,-0.003395777478755746,0.00010311109500416027,0.01628989647172796,0.017595270207168556,0.017595270207168556,0.6068773234200743,0.1964436917866215,0.32249070631970256,0.06429780033840948,0.9317235636969192,0.41638029256483045
2022-11-15,1164.4368503937008,-0.00508907418191662,-0.017493962933838536,-0.004405182019376563,0.00026522338304957316,0.00508907418191662,0.017493962933838536,0.017493962933838536,0.017493962933838536,0.3667595171773444,0.16835871404399325,0.3231197771587743,0.06424344885883347,0.9317803660565722,0.33133092937874137
2022-11-16,1158.5109448818898,-0.004708834426271791,-0.010148222843099353,0.009237344687427873,0.007770113040564297,0.004708834426271791,0.012468341064524768,0.012468341064524768,0.012468341064524768,0.5315398886827458,0.19780219780219782,0.36734693877551017,0.11233108108108107,0.9318370739817123,0.4052187317491602
2022-11-17,1153.0557086614174,-0.0033263548431651246,-0.002384952566093834,0.018533785710859618,0.0064539312915019575,0.0033263548431651246,0.007796217736726341,0.007796217736726341,0.007796217736726341,0.3957367933271548,0.33614864864864863,0.41241890639481,0.12236286919831223,0.9318936877076411,0.41008354321130613
2022-11-18,1149.2202362204723,-0.00316198652191213,0.0034413778227890823,0.02245249518369352,0.0015905064610695074,0.00316198652191213,0.004484780866115812,0.004484780866115812,0.004484780866115812,0.5324074074074074,0.37468354430379747,0.4333333333333333,0.1281618887015177,0.9319502074688796,0.46898944007024074
2022-11-21,1145.5864173228344,-0.001326990269550632,0.012258859274872247,0.022944541615298908,0.009365983481677054,0.001326990269550632,0.001326990269550632,0.001326990269550632,0.001326990269550632,0.7095282146160962,0.3549747048903879,0.4551341350601295,0.14490311710193765,0.9320066334991708,0.5253207924116717
2022-11-22,1144.0662352941176,0.0023494114851227987,0.013321832559468172,0.021462592543575854,0.011254558859525865,-0.0,-0.0,-0.0,-0.0,0.6081330868761553,0.3580454928390901,0.46210720887245843,0.12205387205387205,0.932062966031483,0.4920230036232601
2022-11-23,1146.7541176470588,0.003097096220090023,0.019584313508238083,0.017011424915268192,-0.0005556005817616283,-0.0,-0.0,-0.0,0.0005556005817616283,0.6371191135734072,0.37205387205387214,0.4496768236380425,0.12279226240538268,0.9321192052980133,0.5036180262415518
2022-11-24,1150.3057254901962,0.0024944775124744467,0.020968747745697458,0.01599046337076082,-0.011937014118940659,-0.0,-0.0,-0.0,0.011937014118940659,0.46309963099630996,0.33894028595458364,0.42343173431734316,0.12352941176470589,0.9321753515301903,0.43432206077913366
2022-11-25,1153.175137254902,0.005597469574711633,0.018945917301271376,0.007082542365722588,-0.03915953653758575,-0.0,-0.0,-0.0,0.03915953653758575,0.463594470046083,0.3176470588235294,0.4092165898617512,0.12426532325776658,0.9322314049586776,0.42621745126625554
2022-11-28,1159.63,-0.00027828348900349464,0.010556274457386827,0.0008385027475803497,-0.029856480591426093,0.00027828348900349464,0.00027828348900349464,0.00027828348900349464,0.04450787463817496,0.19060773480662985,0.2577665827036104,0.35451197053407,0.11325503355704698,0.9322873658133775,0.31168082518447204
2022-11-29,1159.307294117647,0.008544081225516198,0.00803373589962586,0.004691070421498633,-0.021841846327705583,-0.0,-0.0,-0.0,0.04424190294028185,0.5703771849126035,0.28439597315436244,0.35878564857405704,0.11399832355406538,0.9323432343234324,0.4418961740595257
2022-11-30,1169.2125098039216,0.004459143424136114,-0.00252346820060112,-0.0014538023732347805,-0.026766834416018348,-0.0,0.00252346820060112,0.007364064950168059,0.052338797231010536,0.23161764705882354,0.2757753562447611,0.2876838235294118,0.11474036850921275,0.93239901071723,0.3201797744768308
2022-12-01,1174.4261960784315,0.0005082498694062298,-0.0048760399237768315,-0.01186004292525944,-0.0315167081290646,-0.0,0.006951613383630595,0.01186004292525944,0.05654579484589706,0.20385674931129474,0.2763819095477387,0.2525252525252525,0.11297071129707113,0.9324546952224053,0.30594465904122253
2022-12-02,1175.0230980392157,-0.002682266838375802,-0.011642791569320576,-0.0204038709093044,-0.02948247594836606,0.002682266838375802,0.011642791569320576,0.0204038709093044,0.05702506173512356,0.17522935779816515,0.28786610878661084,0.24587155963302754,0.11371237458193979,0.9325102880658436,0.29921237663009975
2022-12-05,1171.8713725490195,-0.0027737769520310707,-0.009616259831768836,-0.013273992461194761,-0.025391749840083078,0.0027737769520310707,0.009616259831768836,0.017769265983819227,0.05448894879716437,0.23373052245646198,0.2491638795986622,0.2713107241063245,0.12280701754385964,0.9325657894736843,0.31161428403914565
2022-12-06,1168.620862745098,-0.002018467755120157,-0.003316025405780798,-0.009993546272341391,-0.02095215081141233,0.002018467755120157,0.0068615151924344975,0.015037198867429713,0.05185901719177488,0.2957875457875458,0.3107769423558897,0.29304029304029305,0.1302170283806344,0.932621199671323,0.3536593004802007
2022-12-07,1166.2620392156864,0.0020901030481765837,0.001072371923815485,-0.01727318402395861,-0.023804189019867472,-0.0,0.004852842743913621,0.01727318402395861,0.0499413544502596,0.31838975297346755,0.27545909849749584,0.3110704483074108,0.11426188490408673,0.9326765188834155,0.351400763558959
2022-12-08,1168.6996470588238,-0.0062951144528288205,-0.007018224142595897,-0.02748793270858696,-0.022351195728143147,0.0062951144528288205,0.007018224142595897,0.02748793270858696,0.05192293321744812,0.19287020109689212,0.3002502085070892,0.2906764168190128,0.06333333333333332,0.9327317473338803,0.3091862098402296
2022-12-09,1161.3425490196078,-0.0006373624035871384,-0.00886428435514186,-0.04591687072112449,-0.02109073215760915,0.0006373624035871384,0.00886428435514186,0.04591687072112449,0.04591687072112449,0.5369863013698629,0.3233333333333333,0.34794520547945207,0.12323064113238967,0.9327868852459015,0.4420849354615606
2022-12-12,1160.6023529411766,0.003569985294991973,-0.0036932478604754237,-0.03066926707429829,-0.015231087296074475,-0.0,0.008232168826464714,0.04530838617945532,0.04530838617945532,0.5374087591240876,0.4021648626144879,0.35401459854014594,0.12396006655574043,0.9328419328419328,0.4662303191903856
2022-12-13,1164.7456862745098,0.002375642717934001,-0.0066997373658779225,-0.026409030129105004,-0.024033229456762784,-0.0,0.01176017048575606,0.04870449713587244,0.04870449713587244,0.24977210574293526,0.41930116472545753,0.32178669097538737,0.12385702410640068,0.9328968903436988,0.37417901638829026
2022-12-14,1167.512705882353,-0.006008718249159495,-0.01832590376309995,-0.025349885766872693,-0.02751359479473603,0.006008718249159495,0.01832590376309995,0.050959079288182885,0.050959079288182885,0.29690346083788705,0.36408977556109723,0.3014571948998178,0.08887043189368772,0.9329517579721995,0.36588772825469984
2022-12-15,1160.4974509803922,-0.008142519004274096,-0.02061438494006207,-0.019892592201206094,-0.021657224739407677,0.008142519004274096,0.02061438494006207,0.04522208782339299,0.04522208782339299,0.5386715195632393,0.3380398671096346,0.35668789808917195,0.11286307053941907,0.9330065359477124,0.44700928616703295
2022-12-16,1151.0480784313727,0.004576596279210143,-0.0373839684930285,-0.00926770203501004,-0.012372956230708665,-0.0,0.0373839684930285,0.0373839684930285,0.0373839684930285,0.6772727272727274,0.34522821576763485,0.42909090909090913,0.17661691542288557,0.9330612244897958,0.5121599475099798
2022-12-19,1156.3159607843138,0.0005415780075308518,-0.027076017658108853,-0.012280772257248662,-0.01917723694159934,-0.0,0.0417694030775293,0.0417694030775293,0.0417694030775293,0.46684831970935514,0.3449419568822554,0.3914623069936421,0.16652858326429165,0.933115823817292,0.4377486761841288
2022-12-20,1156.9421960784314,-0.009356747228139728,-0.019842230496305624,-0.011069225354853551,-0.018409695802544035,0.009356747228139728,0.04228807879160579,0.04228807879160579,0.04228807879160579,0.49546279491833034,0.33222866611433305,0.3874773139745916,0.16639072847682118,0.9331703341483292,0.4425976609397396
2022-12-21,1146.1169803921566,-0.008325913280658348,-0.0071551057837812015,-0.006645799106868022,-0.00814549604392234,0.008325913280658348,0.03324237203586944,0.03324237203586944,0.03324237203586944,0.6781504986400725,0.42466887417218546,0.4614687216681777,0.2928039702233251,0.9332247557003257,0.5545546564099935
2022-12-22,1136.5745098039215,-0.025125652761220918,0.0007369852362104634,0.0052819262127516975,-0.0013381234387210839,0.025125652761220918,0.025125652761220918,0.025125652761220918,0.025125652761220918,0.7717391304347827,0.7708850289495451,0.509963768115942,0.40082644628099173,0.9332790886899919,0.705927296708618
2022-12-23,1108.0173333333332,0.015333872104074775,0.029208184299613915,0.026020938639046642,0.016915887315390954,-0.0,-0.0,-0.0,-0.0,0.885972850678733,0.9024793388429753,0.6515837104072397,0.7010734929810074,0.9447154471544715,0.8398913556591304
2022-12-26,1125.0075294117646,0.007980704756590518,0.015206990134262188,0.01592663809557271,0.002189577257339259,-0.0,-0.0,-0.0,-0.0,0.7423146473779386,0.8860445912469035,0.5687160940325497,0.7013201320132013,0.9325751421608447,0.7751676883495109
2022-12-27,1133.9858823529412,0.003466101179113723,0.008950605111148757,0.002440245180845624,-0.00684610141427211,-0.0,-0.0,-0.0,0.00684610141427211,0.7416440831074977,0.8523102310231023,0.5230352303523036,0.6999175597691674,0.9326298701298701,0.7580507539951444
2022-12-28,1137.916392156863,-0.000443128970492368,0.0005129770822009938,-0.002219985404265601,-0.017969542938567784,0.000443128970492368,0.000443128970492368,0.002219985404265601,0.017969542938567784,0.7129963898916968,0.8615004122011541,0.5,0.700164744645799,0.932684509326845,0.7481095426666325
2022-12-29,1137.4121484375,0.0026097482597469135,0.004541593888896189,-0.0018004481184002996,-0.03338633536635449,-0.0,-0.0,0.0018004481184002996,0.03338633536635449,0.7421100090171326,0.8673805601317955,0.5013525698827773,0.7020576131687243,0.9327390599675851,0.7595942229391259
2022-12-30,1140.3805078125,0.0015214220061761097,-0.0030967939326445038,-0.003134301972467224,-0.039614278964795746,-0.0,0.0030967939326445038,0.0043987168345432925,0.039614278964795746,0.463963963963964,0.8905349794238683,0.48828828828828824,0.7023026315789473,0.9327935222672065,0.6752755063872196
2023-01-02,1142.1155078125,0.0017688529410386788,0.0007088682094429366,-0.006982211635295665,-0.030020838864775135,-0.0,0.004611200357122258,0.006982211635295665,0.041073211283460864,0.3483348334833483,0.8758223684210528,0.47704770477047703,0.6959737058340181,0.9328478964401294,0.6314724111550218
2023-01-03,1144.1357421875,-0.004925661171309104,-0.00645260520913804,-0.007422633247837207,-0.039530076519616375,0.004925661171309104,0.00645260520913804,0.008735612562361661,0.04276641672250214,0.3660071942446043,0.8652423993426459,0.4676258992805755,0.6954022988505747,0.9329021827000809,0.6325639360518087
2023-01-04,1138.5001171875,0.00358163802615441,-0.0027315612581424453,-0.0015097303013426044,-0.03517374473261037,-0.0,0.0027315612581424453,0.003828810815820316,0.038028068933759984,0.6397124887690925,0.8407224958949097,0.4977538185085355,0.7087776866283839,0.932956381260097,0.719294667684132
2023-01-05,1142.5778125000002,-0.005013950089285513,-0.006313369248101108,-0.006585266758363795,-0.03745180511502366,0.005013950089285513,0.006313369248101108,0.007384002019556357,0.041461207921014154,0.5727109515260324,0.8457752255947498,0.47666068222621183,0.7090163934426229,0.9330104923325261,0.6961472318215849
2023-01-06,1136.848984375,0.005344714114197346,-3.762455531730602e-05,-0.008874137925228953,-0.027660267376926617,-0.0,0.001305967213240944,0.008874137925228953,0.03663092345364971,0.6762331838565022,0.8721311475409835,0.5058295964125561,0.6945126945126945,0.9330645161290322,0.7396713703204512
2023-01-09,1142.9251171875,-0.005400206152777698,-0.007685631744725363,-0.013521705527856254,-0.032272797290313404,0.005400206152777698,0.007685631744725363,0.014143260356179854,0.04175248248540453,0.5725806451612904,0.7788697788697789,0.4722222222222222,0.6939443535188217,0.9331184528605964,0.6741082705493889
2023-01-10,1136.7530859375,-0.0011988984937532088,-0.0009763278971742784,-0.009263740796283004,-0.019873385955111345,0.0011988984937532088,0.0022978343712573013,0.009263740796283004,0.03654965198817517,0.6768128916741272,0.811783960720131,0.5094001790510295,0.7211774325429272,0.93317230273752,0.7260220609231877
2023-01-11,1135.390234375,-2.2844568514646113e-05,0.001225177604478489,-0.01578459911394725,-0.018029490824155725,2.2844568514646113e-05,0.0011002549715322107,0.01578459911394725,0.035393186332204785,0.6771019677996422,0.8307440719542111,0.520572450805009,0.7230392156862746,0.9332260659694288,0.7335641874077007
2023-01-12,1135.364296875,0.0012700012379012193,-0.0002736250059608425,-0.03164285857313298,-0.017953075771453553,-0.0,0.0010774350165555502,0.03164285857313298,0.035371149802345236,0.6094727435210009,0.8031045751633986,0.5218945487042002,0.6914285714285714,0.9332797427652733,0.7002162006121352
2023-01-13,1136.8062109375,-0.002344458788892667,-0.008836845852307151,-0.036594675756734696,-0.027936682122636558,0.002344458788892667,0.008836845852307151,0.036594675756734696,0.036594675756734696,0.7446428571428573,0.7665306122448979,0.5071428571428571,0.6867862969004893,0.9333333333333332,0.7300821231881995
2023-01-16,1134.141015625,0.0013245500707621538,-0.005881275097721406,-0.023200618860432787,-0.026707023935033436,-0.0,0.006507643966506826,0.03433070388830184,0.03433070388830184,0.7734165923282782,0.7756933115823818,0.527207850133809,0.6886715566422168,0.9333868378812198,0.7452397750130425
2023-01-17,1135.6432421875002,0.0010021165386480124,-0.008295512038933639,-0.032347547251494135,-0.022709871852292673,-0.0,0.008295512038933639,0.03560808926191239,0.03560808926191239,0.7736185383244206,0.784841075794621,0.516042780748663,0.6889250814332247,0.933440256615878,0.7463244423444639
2023-01-18,1136.7812890625,-0.0015197789290012365,-0.01698896222238766,-0.03371491485983891,-0.01581236028904398,0.0015197789290012365,0.01698896222238766,0.036573554836381694,0.036573554836381694,0.6758682101513801,0.7043973941368078,0.5066785396260017,0.6704637917005695,0.9334935897435898,0.6878921176074042
2023-01-19,1135.0536328125,-0.0073064416387538245,-0.03137781932317152,-0.031071150169012074,-0.016797767644033068,0.0073064416387538245,0.03137781932317152,0.03510713098530949,0.03510713098530949,0.713523131672598,0.6126932465419039,0.5240213523131673,0.6430894308943089,0.9335468374699759,0.6725239365207758
2023-01-20,1126.7604296875,0.0006304717544947103,-0.028005308498676662,-0.018954332815382058,-0.01174734660869381,-0.0,0.028005308498676662,0.028005308498676662,0.028005308498676662,0.8151111111111112,0.32357723577235775,0.5680000000000001,0.1332250203086921,0.9336,0.5658123033679348
2023-01-23,1127.4708203125,-0.0011071863590704778,-0.017421806197658984,-0.01900811388099599,-0.01305552773278884,0.0011071863590704778,0.02861773757795083,0.02861773757795083,0.02861773757795083,0.8339253996447603,0.3834281072298944,0.5621669626998224,0.13392857142857142,0.9336530775379696,0.5885136839477576
2023-01-24,1126.2225,-0.0077728382380036765,-0.024253228158734208,-0.010708849161688794,-0.018516822830302204,0.0077728382380036765,0.027541044287429872,0.027541044287429872,0.027541044287429872,0.839396628216504,0.672077922077922,0.5696539485359361,0.1346309813463098,0.9337060702875399,0.6757022363903719
2023-01-25,1117.4685546875,-0.01613506672010323,-0.017015020172372775,-0.002280894718968418,-0.01230784772851723,0.01613506672010323,0.019923064809394986,0.019923064809394986,0.019923064809394986,0.9104609929078015,0.7461476074614759,0.6187943262411347,0.21799027552674233,0.933758978451716,0.7375768658132598
2023-01-27,1099.438125,-0.0038501200329029706,0.0003166034809827245,0.014137121745710024,0.0009402174747215053,0.0038501200329029706,0.0038501200329029706,0.0038501200329029706,0.0038501200329029706,0.9247121346324181,0.8427876823338736,0.7050487156775909,0.5222672064777327,0.9457735247208932,0.8214960440204018
2023-01-30,1095.20515625,0.011525772925249589,0.009311754233260805,0.00898686504654611,-0.0024989610251390237,-0.0,-0.0,-0.0,0.0024989610251390237,0.8973451327433628,0.8080971659919028,0.7230088495575221,0.5258899676375405,0.9529880478087649,0.8065911047546042
2023-01-31,1107.8282421875,-0.008052036496096426,-0.0016144340403060342,-0.003589688059087326,-0.01155653535670853,0.008052036496096426,0.00846109274258211,0.00846109274258211,0.013864929916546087,0.7939876215738285,0.7588996763754046,0.6587091069849691,0.5262732417138237,0.9323248407643311,0.7470548718840828
2023-02-01,1098.90796875,-0.0004123767188761729,0.013881039003067253,0.009959852188486495,0.006878277312519554,0.0004123767188761729,0.0004123767188761729,0.0004123767188761729,0.005860078990349904,0.7941696113074205,0.7704122877930477,0.7075971731448764,0.5694668820678515,0.9323786793953859,0.7630749363246621
2023-02-02,1098.4548046875,0.0012120719435324556,0.014989166422449296,0.01852719745560183,0.0018101421801925976,-0.0,-0.0,-0.0,0.005449949703850598,0.7943512797881731,0.8231017770597738,0.7113857016769639,0.5504439063761097,0.9324324324324325,0.7767866567960325
2023-02-03,1099.7862109375,0.005107562275864286,0.013816144025434962,0.0147310945767265,0.006104950724265423,-0.0,-0.0,-0.0,0.006653956573307029,0.8315696649029982,0.8135593220338982,0.7028218694885361,0.5508064516129032,0.9324861000794281,0.7846870295933958
2023-02-06,1105.4034375,0.0005756170470567756,-0.00032189180929687033,0.007346229077562327,0.008466436603604244,-0.0,0.00032189180929687033,0.0014039698741213913,0.01170175142503127,0.7674008810572688,0.746774193548387,0.6713656387665199,0.5350523771152297,0.9325396825396826,0.7379928876621361
2023-02-07,1106.0397265625002,0.007343521545779552,-0.001978448092729179,0.0060679259761839965,0.010299026824201585,-0.0,0.001978448092729179,0.001978448092729179,0.012270305475083898,0.8318661971830985,0.8323932312651088,0.6654929577464789,0.5354267310789049,0.9325931800158603,0.7827962513914418
2023-02-08,1114.161953125,0.0006801286252635652,-0.0038675018702749586,-0.007892493187669936,1.0167395294580217e-06,-0.0,0.00925401259761327,0.00925401259761327,0.01947084246967301,0.7669305189094108,0.6908212560386473,0.6279683377308707,0.5197103781174577,0.9326465927099841,0.7131255333641373
2023-02-09,1114.9197265625,5.497172669910455e-05,0.003485782065657972,-0.010049875718000312,-0.005309624133884472,-0.0,0.009927389321225388,0.010049875718000312,0.020137275157667056,0.6678383128295254,0.6210780370072405,0.6221441124780316,0.5184887459807075,0.9326999208234362,0.6600011378280237
2023-02-10,1114.981015625,-0.00890902921062886,0.0009024817336784619,-0.013012938771309046,-0.018968372289410396,0.00890902921062886,0.009981812330465134,0.013012938771309046,0.02019113694270447,0.6681299385425813,0.6053054662379421,0.6215978928884986,0.5180722891566265,0.9327531645569621,0.6553663587004439
2023-02-13,1105.0476171875002,-0.0010824264890454405,0.007670589986948473,-0.011383523878831903,-0.017871932060054663,0.0010824264890454405,0.0010824264890454405,0.011383523878831903,0.017871932060054663,0.7938596491228069,0.6216867469879518,0.6754385964912281,0.5714285714285715,0.932806324110672,0.7150159172549018
2023-02-14,1103.851484375,0.005436823157327186,0.00806232496035375,-0.007995548823759746,-0.015352353998595358,-0.0,-0.0,0.010312259652796585,0.016807698669268678,0.7940403155127082,0.651685393258427,0.6801051709027169,0.5645549318364074,0.9328593996840442,0.723706713892732
2023-02-15,1109.8529296875,0.00806698241092274,-0.004040618416678465,-0.0030511855191961423,-0.020433239412527615,-0.0,0.004040618416678465,0.015663920842552415,0.022124236266523933,0.7338003502626971,0.42662389735364875,0.6418563922942206,0.5649038461538463,0.9329123914759273,0.6330131203977186
2023-02-16,1118.80609375,-0.0025194965783139622,-0.013488639326603491,-0.016412968958679164,-0.02283956712226287,0.0025194965783139622,0.013488639326603491,0.023540998433179028,0.029949615654745854,0.5975503062117236,0.38141025641025644,0.605424321959755,0.5652522017614091,0.9329652996845426,0.5707055501772983
2023-02-17,1115.987265625,-0.0022072664499629413,-0.013902873415684303,-0.008500916054079544,-0.026888887691020602,0.0022072664499629413,0.013902873415684303,0.021074599235528346,0.027499403730035343,0.6669580419580419,0.4467574059247398,0.6171328671328671,0.5720000000000001,0.9330181245074862,0.6146024145424269
2023-02-20,1113.523984375,-0.0006940942771284098,-0.018909070141689188,0.0011120382383995597,-0.019832973961396605,0.0006940942771284098,0.018909070141689188,0.018909070141689188,0.025348087262658026,0.7947598253275109,0.41359999999999997,0.6296943231441048,0.5331734612310152,0.9330708661417323,0.6430998998979122
2023-02-21,1112.75109375,-0.0066345980619262335,-0.015929445418709665,0.004205581689638249,-0.013901637650041265,0.0066345980619262335,0.018227627556533288,0.018227627556533288,0.02467111706669589,0.7949389179755671,0.6722621902478016,0.6308900523560209,0.5351437699680511,0.9331235247836349,0.7190467524242894
2023-02-22,1105.3684375,-0.0014958954579340489,0.0009934470378796245,0.007956305010291986,-0.008288773341694089,0.0014958954579340489,0.011670458294590125,0.011670458294590125,0.01815698329092197,0.8866608544027899,0.6222044728434504,0.6730601569311248,0.5634477254588987,0.9331761006289309,0.7436271259002953
2023-02-23,1103.714921875,-0.002938336587848922,-0.0029643141971316123,0.00478837414920652,-0.015724558347019912,0.002938336587848922,0.0101898057207509,0.0101898057207509,0.01668604841702581,0.8754355400696865,0.7086991221069434,0.6837979094076655,0.5223285486443381,0.9332285938727415,0.7619269798160498
2023-02-24,1100.4718359375,-0.007272839182369095,0.00547811895600625,-0.006033952978762969,-0.01739367548983506,0.007272839182369095,0.007272839182369095,0.007272839182369095,0.01739367548983506,0.8842471714534378,0.6371610845295056,0.7006092254134029,0.25179282868525893,0.9332810047095761,0.7137578662666256
2023-02-27,1092.46828125,0.0023408502849839863,0.020406985500294184,-0.006563119610023094,-0.014761441157401967,-0.0,-0.0,0.006563119610023094,0.014761441157401967,0.9104347826086956,0.7091633466135459,0.7347826086956522,0.3017515923566879,0.9333333333333332,0.7543548827720344
2023-02-28,1095.0255859375,0.0104481362896236,0.020460958835329723,-0.007416100972241102,-0.004848024562782105,-0.0,-0.0,0.008883175710613256,0.017062351033107492,0.8514335360556038,0.8089171974522293,0.7271937445699392,0.3023070803500398,0.9333855799373042,0.7634773718239803
2023-03-01,1106.4665625,-0.005443814247662826,0.006955947606866797,-0.01743525208200769,-0.005050670871493246,0.005443814247662826,0.005443814247662826,0.019131424272028186,0.027226026091502376,0.7300347222222221,0.715194908512331,0.6614583333333333,0.212241653418124,0.933437744714174,0.6764352970948391
2023-03-02,1100.4431640625,0.005504316531567799,0.007775738077113292,-0.006533837841253165,0.008031778390417577,-0.0,-0.0,0.013762530684992225,0.021901439210658902,0.8430182133564614,0.7154213036565977,0.6999132697311361,0.2597299444003177,0.9334898278560252,0.724255233867904
2023-03-03,1106.5003515625,0.0074667071283196496,-0.011449351027869481,-0.018545626450567676,0.009595850995443689,-0.0,0.011449351027869481,0.01916137693274156,0.027255731568374908,0.7582322357019065,0.619539316918189,0.660311958405546,0.26031746031746034,0.9335418295543393,0.6632080944335077
2023-03-06,1114.762265625,0.002393868031139057,-0.02643073351472025,-0.020921746417765563,0.0063282130571979955,-0.0,0.02643073351472025,0.02643073351472025,0.034465097904492925,0.4761904761904762,0.3904761904761904,0.6173160173160173,0.26090404440919907,0.93359375,0.49957803387374106
2023-03-08,1117.430859375,-0.002924362979672579,-0.027318105181983077,-0.018031386869223454,0.00664201469400183,0.002924362979672579,0.028755764041609178,0.028755764041609178,0.036770941155125914,0.41522491349480967,0.32038065027755747,0.6064013840830449,0.26148969889064977,0.9336455893832943,0.45801878102226273
2023-03-09,1114.1630859375,-0.00463411876382136,-0.024222707802503796,-0.01611684779512368,0.012505042058790217,0.00463411876382136,0.02590716301035234,0.02590716301035234,0.03394584815711754,0.477095937770095,0.716323296354992,0.6222990492653414,0.2794932699920823,0.9336973478939157,0.5979433088712964
2023-03-10,1108.999921875,-0.013677441225022458,-0.014199166915518258,-0.020415176990473904,0.020906399410110632,0.013677441225022458,0.021372085026775567,0.021372085026775567,0.029448195830153456,0.7590673575129533,0.737925574030087,0.6433506044905009,0.3014240506329114,0.9337490257209664,0.7004416319004452
2023-03-13,1093.831640625,-0.007801346256654518,-0.00717846417892376,-0.011428682644759824,0.036767934107775346,0.007801346256654518,0.007801346256654518,0.011428682644759824,0.01598944935895863,0.8843830888697153,0.8765822784810128,0.732528041415013,0.5138339920948617,0.9338006230529595,0.8201725487775053
2023-03-14,1085.29828125,0.0014802238267159762,0.0056585466351488645,-0.008252483584221926,0.04496229363212234,-0.0,-0.0,0.008252483584221926,0.008252483584221926,0.8982758620689656,0.8735177865612649,0.7655172413793104,0.5071090047393365,0.9338521400778209,0.8279054537710441
2023-03-15,1086.904765625,0.00024866340276341603,0.00954753898703653,0.002587263819183949,0.04493810225582506,-0.0,0.0008511842796713465,0.009718322118981604,0.009718322118981604,0.8639104220499569,0.8515007898894155,0.760551248923342,0.5067087608524072,0.9339035769828926,0.8096767479306088
2023-03-16,1087.1750390625,0.005590643267289641,0.008307079978388643,0.012604341074475611,0.04304220790688085,-0.0,0.0010995742585580004,0.009964507713350002,0.009964507713350002,0.8726333907056798,0.8950276243093923,0.7598967297762478,0.5070977917981072,0.9339549339549339,0.8251253005442211
2023-03-17,1093.253046875,-0.0066530228484528164,-0.006305543540175651,0.014661411517046918,0.035560192741859176,0.0066530228484528164,0.0066530228484528164,0.015468671158374248,0.015468671158374248,0.8632846087704213,0.9100946372239747,0.7334479793637145,0.5074862096138691,0.9340062111801241,0.8225846635291428
2023-03-20,1085.979609375,0.005027610799840154,-0.004280949105642695,0.028673240656351462,0.039699215980042224,-0.0,0.004280949105642695,0.008874691837489235,0.008874691837489235,0.9080756013745704,0.9196217494089836,0.7637457044673539,0.5228346456692914,0.9340574088440651,0.8461519978207399
2023-03-21,1091.4394921875,0.005353058144149214,-0.013832756919250566,0.027832258938712995,0.037679668382326614,-0.0,0.013832756919250566,0.013832756919250566,0.013832756919250566,0.7244635193133047,0.9244094488188976,0.7373390557939914,0.5192761605035404,0.9341085271317828,0.7842959682404895
2023-03-22,1097.2820312500005,-0.0009803698200315791,-0.006894450136381347,0.02512646660320428,0.03290139485276433,0.0009803698200315791,0.01908365912649257,0.01908365912649257,0.01908365912649257,0.823327615780446,0.8583792289535798,0.7152658662092624,0.5188679245283019,0.9341595662277303,0.7933385416031804
2023-03-23,1096.2062890625,-0.008982613011115914,0.004261857504936906,0.02909074089720165,0.03433036880549456,0.008982613011115914,0.01812105464153868,0.01812105464153868,0.01812105464153868,0.7549271636675234,0.8050314465408804,0.7206512425021423,0.4948939512961508,0.9342105263157896,0.7537782485064983
2023-03-24,1086.3594921875,-0.004629136382721555,0.021100002038775933,0.042182744597486055,0.04719693877724285,0.004629136382721555,0.009221272755051357,0.009221272755051357,0.009221272755051357,0.9023972602739725,0.805184603299293,0.7636986301369862,0.5439560439560439,0.9466357308584686,0.8149480647846105
2023-03-27,1081.3305859375,-0.004613492859979362,0.03309587150350746,0.04875380855827105,0.06250250763772902,0.004613492859979362,0.004613492859979362,0.004613492859979362,0.004613492859979362,0.911890504704876,0.8485086342229199,0.7861420017108639,0.5498039215686275,0.9544049459041731,0.835626473303752
2023-03-28,1076.341875,0.012426349202478093,0.0422494421207944,0.05365758556035005,0.07251716485226423,-0.0,-0.0,-0.0,-0.0,0.9333333333333332,0.7905882352941177,0.8068376068376069,0.5266457680250783,0.9598455598455599,0.8265597504088866
2023-03-29,1089.716875,0.010242375169697171,0.03224321598442703,0.04224154840678218,0.06253647761588477,-0.0,-0.0,-0.0,-0.0,0.5132365499573015,0.6442006269592477,0.7463706233988044,0.5270164447924823,0.9320987654320987,0.6369178823401715
2023-03-31,1100.8781640625,0.007633465627103542,0.02472351529306449,0.030058993031876424,0.059076084410707,-0.0,-0.0,-0.0,-0.0,0.5136518771331058,0.5998433829287393,0.6902730375426621,0.5273865414710486,0.9321511179645335,0.6156907326908612
2023-04-03,1109.2816796875,0.0070644675004527535,0.020647088939981684,0.020596803019803378,0.05097661523337882,-0.0,-0.0,-0.0,-0.0,0.2796248934356351,0.3661971830985916,0.6325660699062233,0.5121188428459734,0.9322033898305083,0.4619754520248738
2023-04-05,1117.1181640625,0.004205960334950687,0.015156325261445502,0.010718637258081642,0.04969353268581411,-0.0,-0.0,-0.0,-0.0,0.2342419080068143,0.37451133698201716,0.5996592844974447,0.5125,0.9322555812163204,0.4449409608214214
2023-04-06,1121.8167187499998,0.00270644282774013,0.010945693975467075,0.00958075537907499,0.042624902217438976,-0.0,-0.0,-0.0,-0.0,0.16340425531914893,0.6140625,0.5727659574468085,0.5128805620608899,0.9323076923076924,0.48812044578551156
2023-04-10,1124.8528515624998,0.002882946529846553,0.009686023862913062,0.007584360079320396,0.042075255735855466,-0.0,-0.0,-0.0,-0.0,0.41156462585034015,0.7017954722872756,0.5569727891156462,0.5132605304212169,0.9323597232897771,0.5909119959200634
2023-04-11,1128.0957421875,0.0036250247625881915,0.005206748609927203,0.005091512050458213,0.04304134997879072,-0.0,-0.0,-0.0,-0.0,0.4120645709430756,0.40717628705148207,0.5352591333899744,0.5066250974279033,0.9324116743471583,0.501043272119321
2023-04-12,1132.1851171875,0.0016467740978891587,-4.9268665656576616e-05,0.0048112427554090065,0.04210292664456472,-0.0,4.9268665656576616e-05,0.0027318578058006526,0.0027318578058006526,0.3488964346349745,0.40763834762275913,0.5135823429541595,0.49065420560747663,0.9324635456638526,0.47573937600475874
2023-04-13,1134.0495703125,4.0748604567042435e-05,-0.004371433140822778,0.01310955818921733,0.04240212410477051,-0.0,0.004371433140822778,0.004371433140822778,0.004371433140822778,0.280746395250212,0.22741433021806853,0.5055131467345207,0.25447470817120627,0.9325153374233129,0.3715889005086358
2023-04-17,1134.09578125,0.0014570390811070588,-0.0013501601565012455,0.017899153909554544,0.041978468442528394,-0.0,0.004412001962466494,0.004412001962466494,0.004412001962466494,0.2347457627118644,0.2350194552529183,0.5042372881355932,0.1640746500777605,0.9325670498084291,0.3479638407909204
2023-04-18,1135.748203125,-0.0015661481964982515,-0.0020815023026187207,0.01947238549463548,0.04175516471410523,0.0015661481964982515,0.005860502063032791,0.005860502063032791,0.005860502063032791,0.4140558848433531,0.19828926905132194,0.49026248941574935,0.16472416472416473,0.9326186830015313,0.3926857641988395
2023-04-19,1133.9694531249995,-0.0016227220075712978,-0.00011463965958080635,0.028170319928397136,0.03791539951377776,0.0016227220075712978,0.004301090010898068,0.004301090010898068,0.004301090010898068,0.41455160744500846,0.20512820512820512,0.5076142131979695,0.1684782608695652,0.9326702371843916,0.3979189726039148
2023-04-20,1132.1293359375,-0.002682721314243519,0.004860750903776578,0.029766713087563845,0.039552962113361234,0.002682721314243519,0.002682721314243519,0.002682721314243519,0.002682721314243519,0.47590870667793744,0.21195652173913043,0.5156382079459002,0.17222653219550035,0.9327217125382262,0.4212442930139716
2023-04-21,1129.0921484375,0.0030754105232291273,0.017557743833311212,0.03856156796857446,0.04879302412148934,-0.0,-0.0,-0.0,-0.0,0.5540540540540541,0.19860356865787432,0.5320945945945946,0.12248062015503876,0.9327731092436974,0.4388757893193632
2023-04-24,1132.5645703125,0.0007236411362170347,0.01927533886058841,0.032730563317797,0.04910217435068476,-0.0,-0.0,-0.0,-0.0,0.25907172995780586,0.14651162790697675,0.5122362869198313,0.12316034082106894,0.9328244274809161,0.3262347075300616
2023-04-25,1133.384140625,0.000401730191554428,0.02159884584461369,0.03423127335344889,0.04961933379337191,-0.0,-0.0,-0.0,-0.0,0.28161888701517707,0.19984508133230056,0.5075885328836425,0.12383900928792571,0.9328756674294432,0.34840663766185315
2023-04-26,1133.8394552529182,0.00334516439682897,0.028288202537886997,0.03775759468002282,0.05509159093543747,-0.0,-0.0,-0.0,-0.0,0.33277169334456613,0.21826625386996906,0.5063184498736311,0.12219644238205724,0.9329268292682927,0.3697898147643233
2023-04-27,1137.6323346303502,0.009918955509720995,0.024785486109778487,0.03711312364190311,0.06092878201436225,-0.0,-0.0,-0.0,-0.0,0.14814814814814817,0.1639597834493426,0.4730639730639731,0.021638330757341576,0.9329779131759329,0.27762268721949196
2023-04-28,1148.9164591439687,0.004768559975965259,0.020641407588466,0.028913522411050163,0.05353099907735781,-0.0,-0.0,-0.0,-0.0,0.0479394449116905,0.05486862442040185,0.415475189234651,0.009266409266409266,0.9330289193302892,0.20349853718183988
2023-05-02,1154.3951361867703,0.003004858272166233,0.01320077504499384,0.023655894044601444,0.04918010556894559,-0.0,-0.0,-0.0,-0.0,0.07394957983193277,0.055598455598455596,0.37899159663865545,0.0,0.9330798479087453,0.2054255849609697
2023-05-03,1157.8639299610895,0.006952289676854573,0.01236535021571128,0.021857168018002193,0.049814953867595824,-0.0,-0.0,-0.0,-0.0,0.10243492863140219,0.10262345679012345,0.35012594458438284,0.0007710100231303008,0.9331306990881458,0.22401465881485877
2023-05-04,1165.9137354085603,-7.258714570768099e-05,0.00920888921876628,0.009478079065790457,0.045419033875260695,7.258714570768099e-05,7.258714570768099e-05,7.258714570768099e-05,7.258714570768099e-05,0.11409395973154363,0.12027756360832692,0.2911073825503356,0.0015408320493066254,0.9331814730447988,0.2240897076240383
2023-05-05,1165.8291050583657,0.00583499500430662,0.01202948099794221,0.009503365083976423,0.05210262391219822,-0.0,-0.0,-0.0,-0.0,0.1374685666387259,0.17257318952234205,0.2925398155909472,0.002309468822170901,0.9332321699544766,0.2471528252897513
2023-05-08,1172.6317120622566,-0.0025563570717167527,0.008104819930957907,0.009851564383349443,0.050853242781719654,0.0025563570717167527,0.0025563570717167527,0.0025563570717167527,0.0025563570717167527,0.06532663316582915,0.1562740569668976,0.2445561139028476,0.003076923076923077,0.9332827899924184,0.21213205889663828
2023-05-09,1169.634046692607,0.0021778403867382945,0.010318901502166078,0.015852741861624997,0.0556736315918247,-0.0,-0.0,-0.0,-0.0,0.20334728033472804,0.19076923076923077,0.2627615062761506,0.005380476556495004,0.9333333333333335,0.2694602364232754
2023-05-10,1172.1813229571983,0.003812706099174612,0.009375881740982583,0.014878742150223223,0.06413550788797817,-0.0,-0.0,-0.0,-0.0,0.1254180602006689,0.17371252882398153,0.24749163879598662,0.006144393241167435,0.9333838001514004,0.2373025661461297
2023-05-11,1176.6505058365758,0.0027220642595655598,0.0002667335275183813,0.01670331910291556,0.0563909500490829,-0.0,-0.0,-0.0,-0.0,0.15371762740183792,0.1674347158218126,0.20802005012531327,0.006907137375287797,0.9334341906202723,0.2386786008741608
2023-05-12,1179.8534241245134,0.0019343562197418063,-0.002496089255695333,0.022963414336932386,0.05207366253937118,-0.0,0.002496089255695333,0.002496089255695333,0.002496089255695333,0.18530884808013354,0.1857252494244052,0.19782971619365608,0.007668711656441718,0.9334845049130764,0.25269815226599573
2023-05-15,1182.1356809338522,-0.0003656904421520668,0.0017327012210011095,0.02392570039182851,0.054273352363652494,0.0003656904421520668,0.004421891961218893,0.004421891961218893,0.004421891961218893,0.20600500417014178,0.14570552147239263,0.1793160967472894,0.00842911877394636,0.9335347432024169,0.24495727561679054
2023-05-16,1181.7033852140078,0.001242419396098926,0.005477320429451815,0.024934366785594797,0.06632547737720773,-0.0,0.00405768537582607,0.00405768537582607,0.00405768537582607,0.12583333333333332,0.1685823754789272,0.18333333333333332,0.009188361408882082,0.9335849056603773,0.22664302928636426
2023-05-17,1183.1715564202334,-0.005246237039673085,0.005451745488260773,0.027359778572401128,0.06810262345590079,0.005246237039673085,0.005293527990076319,0.005293527990076319,0.005293527990076319,0.16902581182348045,0.18759571209800918,0.17235636969192342,0.009946442234123947,0.9336349924585218,0.2444720987680225
2023-05-18,1176.964357976654,-4.7540358392272886e-05,0.016432202556044606,0.03560350200247164,0.07541334596614901,4.7540358392272886e-05,4.7540358392272886e-05,4.7540358392272886e-05,4.7540358392272886e-05,0.26788685524126454,0.18745218056618207,0.21048252911813642,0.021406727828746176,0.9336850037678975,0.28325818591221724
2023-05-19,1176.9084046692608,0.006181929004389186,0.025523211807390922,0.04219823360834285,0.08204886467664507,-0.0,-0.0,-0.0,-0.0,0.2684954280964256,0.20565749235474004,0.2111388196176226,0.019862490450725745,0.9337349397590363,0.2886830536320583
2023-05-22,1184.1839688715952,0.0033710846800278915,0.022154611847827743,0.04060168825247823,0.07674979435522178,-0.0,-0.0,-0.0,-0.0,0.3122923588039867,0.13827349121466767,0.16445182724252494,0.01984732824427481,0.9337848006019565,0.27601435834785654
2023-05-23,1188.1759533073928,0.001216952172250485,0.0193510544303801,0.039199470641015255,0.07762185918747333,-0.0,-0.0,-0.0,-0.0,0.29128630705394193,0.13587786259541987,0.13775933609958504,0.020594965675057208,0.9338345864661654,0.2646495764226142
2023-05-24,1189.621906614786,0.005617388227492581,0.02178924367325208,0.04853463147074555,0.07773041022311422,-0.0,-0.0,-0.0,-0.0,0.16915422885572137,0.17009916094584288,0.12520729684908788,0.021341463414634148,0.933884297520661,0.2336947680493899
2023-05-25,1196.3044747081713,0.00889607342976606,0.018861365665330698,0.03903560675024198,0.06584805574739439,-0.0,-0.0,-0.0,-0.0,0.115990057995029,0.16082317073170732,0.11433305716652858,0.022086824067022084,0.933933933933934,0.21240490807971257
2023-05-26,1206.946887159533,0.0028768605609517106,0.016260014019150004,0.02845678329689605,0.04833852109801895,-0.0,-0.0,-0.0,-0.0,0.10347682119205298,0.115003808073115,0.11506622516556293,0.022831050228310498,0.9339834958739686,0.1952332633250106
2023-05-29,1210.4191050583656,0.000619046569255044,0.018047246659976812,0.0296385293974073,0.05318412500192804,-0.0,-0.0,-0.0,-0.0,0.10421836228287841,0.17275494672754946,0.11579818031430936,0.02357414448669201,0.9340329835082458,0.21252582817260857
2023-05-30,1211.168410852713,0.003611766394453486,0.019471619835353504,0.04038415720357191,0.055276785229971814,-0.0,-0.0,-0.0,-0.0,0.10495867768595042,0.1855513307984791,0.1165289256198347,0.0243161094224924,0.9340823970037454,0.21670208585098102
2023-05-31,1215.5428682170543,0.002735849736453133,0.026175053185474972,0.03965781582389294,0.05864320806545531,-0.0,-0.0,-0.0,-0.0,0.034682080924855495,0.1382978723404255,0.11725846407927333,0.02505694760820046,0.9341317365269459,0.1805996350492626
2023-06-01,1218.8684108527134,0.0063201651169331186,0.019800771493320157,0.038441202532339735,0.06080112113138347,-0.0,-0.0,-0.0,-0.0,0.07590759075907591,0.18754745634016703,0.11798679867986799,0.025796661608497723,0.9341810022438295,0.20838478162079221
2023-06-02,1226.5718604651163,0.004640557090578978,0.012001622724001182,0.03823709327382918,0.05600596279162495,-0.0,-0.0,-0.0,-0.0,0.05853256389117889,0.1418816388467375,0.11871393239901071,0.019711902956785442,0.9342301943198805,0.18887435218549226
2023-06-05,1232.2638372093022,0.0020190355514762004,0.011385800389382306,0.03473769696015805,0.04965339655528145,-0.0,-0.0,-0.0,-0.0,0.04036243822075782,0.1736163760424564,0.11943986820428336,0.020454545454545454,0.9342793129200895,0.19251498222115154
2023-06-06,1234.7518217054262,0.010210914869532406,0.020513113814385253,0.036973064009316436,0.0535222532444406,-0.0,-0.0,-0.0,-0.0,0.02551440329218107,0.15075757575757576,0.12016460905349793,0.014383043149129448,0.9343283582089552,0.1804695663354469
2023-06-07,1247.3597674418604,-0.0034928348814403654,0.013138852476060947,0.027844362862308625,0.05023631784239013,0.0034928348814403654,0.004863916908277477,0.004863916908277477,0.004863916908277477,0.011513157894736843,0.13853141559424678,0.12088815789473685,0.015128593040847203,0.9343773303504848,0.17262054306291028
2023-06-08,1243.0029457364342,-0.0013758877756528953,0.018278502586072776,0.025805130086939965,0.04446062667191697,0.0013758877756528953,0.0013758877756528953,0.0013758877756528953,0.0013758877756528953,0.1791290057518488,0.16263237518910742,0.16023007395234182,0.029478458049886625,0.9344262295081966,0.24104616610167287
2023-06-09,1241.292713178295,0.004029214105124801,0.02592433644445169,0.019331622022452644,0.03976621396698454,-0.0,-0.0,-0.0,-0.0,0.2175697865353038,0.16250944822373395,0.17159277504105092,0.030966767371601204,0.9344750558451228,0.2552303608454906
2023-06-12,1246.2941472868215,0.011061818030503101,0.02308900971497274,0.022867826846282302,0.04729296861239174,-0.0,-0.0,-0.0,-0.0,0.07957342083675144,0.22507552870090636,0.13535684987694832,0.03169811320754717,0.9345238095238095,0.2238833462801914
2023-06-13,1260.0804263565892,0.0029110975597563815,0.016129092289082436,0.01431454710578195,0.039907033429035454,-0.0,-0.0,-0.0,-0.0,0.036885245901639344,0.18037735849056602,0.12131147540983606,0.030920060331825035,0.9345724907063198,0.19495343663206938
2023-06-14,1263.7486434108528,0.0015624427325924284,0.014514802536994997,0.018261193204724968,0.03495008856979109,-0.0,-0.0,-0.0,-0.0,0.06633906633906633,0.16365007541478127,0.12203112203112204,0.031650339110776186,0.9346210995542347,0.19971477715623095
2023-06-15,1265.7231782945737,0.006122369360923585,0.007391521555008884,0.021532195125267606,0.041672778420205114,-0.0,-0.0,0.0003430952149240385,0.0003430952149240385,0.16366612111292964,0.14242652599849284,0.12274959083469722,0.0037650602409638554,0.9346696362286562,0.22146027612246022
2023-06-16,1273.4724031007752,0.0012543984907531502,-0.006426121486548753,0.017114462229206318,0.042405784976363714,-0.0,0.006426121486548753,0.006426121486548753,0.006426121486548753,0.06214227309893704,0.13177710843373494,0.12346688470973018,0.003762227238525207,0.9347181008902077,0.1859315322922163
2023-06-19,1275.0698449612405,0.004183719742727243,-0.00021619122734195528,0.014414957180880261,0.0437559912051122,-0.0,0.007670897614911021,0.007670897614911021,0.007670897614911021,0.04330065359477124,0.12264860797592175,0.12418300653594772,0.004511278195488721,0.9347664936990363,0.1774342932151962
2023-06-20,1280.404379844961,0.0013178067866339571,-0.0017857427733053433,0.01595913125374615,0.042677348208156385,-0.0,0.011805227593886358,0.011805227593886358,0.011805227593886358,0.021224489795918365,0.13984962406015036,0.12489795918367345,0.0052592036063110435,0.9348148148148148,0.17558181712317114
2023-06-21,1282.0917054263566,-0.005469894974799883,0.003692790542199509,0.02178535563275852,0.0443145143809629,0.005469894974799883,0.013105763516414348,0.013105763516414348,0.013105763516414348,0.02773246329526917,0.12321562734785875,0.12561174551386622,0.006006006006006006,0.9348630643967433,0.1730179868912435
2023-06-22,1275.0787984496123,-0.007677865660407512,0.014036919378109358,0.018186199345090026,0.048024665324681415,0.007677865660407512,0.007677865660407512,0.007677865660407512,0.007677865660407512,0.28198859005704974,0.13363363363363365,0.18011409942950288,0.03900975243810953,0.9349112426035504,0.2697584578481897
2023-06-23,1265.2889147286824,0.007512332722734216,0.023692836763156144,0.020047049952190976,0.05500425891638416,-0.0,-0.0,-0.0,-0.0,0.4356677524429967,0.24531132783195797,0.24429967426710097,0.10794602698650674,0.934959349593496,0.36961030738822803
2023-06-26,1274.7941860465116,0.0026072608163836275,0.01463431221814182,0.02387907911955467,0.049049419745723855,-0.0,-0.0,-0.0,-0.0,0.19934906427990234,0.27511244377811095,0.18063466232709519,0.10861423220973783,0.9350073855243722,0.2930457141984854
2023-06-27,1278.1179069767445,0.00681337341892152,0.017776618495062735,0.025231311525875766,0.04605227126295963,-0.0,-0.0,-0.0,-0.0,0.05691056910569106,0.23895131086142324,0.16016260162601625,0.10928143712574849,0.9350553505535055,0.23384361477361676
2023-06-28,1286.8262015503874,0.004779802576593717,0.018025998852482905,0.016389601682199162,0.04447442292069104,-0.0,-0.0,-0.0,-0.0,0.07392363931762795,0.24700598802395204,0.12591389114541024,0.1099476439790576,0.9351032448377581,0.2365607982670691
2023-06-30,1292.9769767441862,0.0017712780200933587,0.004091843095343162,0.019716053386322985,0.043121172681565234,-0.0,-0.0,0.0017964371986215477,0.0017964371986215477,0.0137987012987013,0.2572924457741212,0.12662337662337664,0.11061285500747385,0.9351510685335299,0.22048663246596992
2023-07-03,1295.26719844358,-0.0014030126500348405,-0.0035614069768162837,0.02486575865977425,0.05215524038610031,0.0014030126500348405,0.0035614069768162837,0.0035614069768162837,0.0035614069768162837,0.058394160583941604,0.2391629297458894,0.1273317112733171,0.11127707244212098,0.9351988217967601,0.22968152770110906
2023-07-04,1293.4499221789883,0.005712319506999464,0.009111427427683116,0.028924094441364012,0.05585555006959275,-0.0,0.0021614268359744226,0.0021614268359744226,0.0021614268359744226,0.09724473257698542,0.30769230769230765,0.14748784440842788,0.11567164179104478,0.9352465047829286,0.2657048539810016
2023-07-05,1300.8385214007783,0.007060067511078794,0.007324488394944373,0.02629851549386486,0.04231895127982144,-0.0,0.007829024453865241,0.007829024453865241,0.007829024453865241,0.014574898785425101,0.29402985074626864,0.12793522267206478,0.11633109619686803,0.9352941176470588,0.2323586677493426
2023-07-06,1310.0225291828797,-0.008973046846222577,-0.0016074217869960217,0.02204881741943998,0.034889891706445075,0.008973046846222577,0.0147847109078032,0.0147847109078032,0.0147847109078032,0.006472491909385113,0.33557046979865773,0.12864077669902912,0.11698956780923993,0.9353416605437179,0.2420731504321414
2023-07-07,1298.2676356589147,-0.005864284561672095,0.0155605390068847,0.029305510130449575,0.04620491147390959,0.005864284561672095,0.005864284561672095,0.005864284561672095,0.005864284561672095,0.14308811641067098,0.31594634873323396,0.21988682295877124,0.20476545048399106,0.935389133627019,0.3045096165221913
2023-07-10,1290.6542248062017,0.01129727249159429,0.028528768190664744,0.03427019269927967,0.056589706911418736,-0.0,-0.0,-0.0,-0.0,0.172859450726979,0.3454951600893522,0.2665589660743134,0.24553571428571427,0.9354365370506237,0.33464633045190045
2023-07-11,1305.2350972762647,0.00393139962978184,0.019633775294949363,0.02458331373252931,0.048520289931963,-0.0,-0.0,-0.0,-0.0,0.016142050040355124,0.3630952380952381,0.1711057304277643,0.24609665427509295,0.9354838709677419,0.27521940304618137
2023-07-12,1310.366498054475,-0.001869498060349195,0.018836062577167523,0.02030854842513108,0.0479185311484136,0.001869498060349195,0.001869498060349195,0.001869498060349195,0.001869498060349195,0.010483870967741934,0.37323420074349445,0.12903225806451613,0.24665676077265974,0.9355311355311356,0.27008493724161964
2023-07-13,1307.9167704280155,0.008068257595238437,0.023694325982248188,0.027631944671619557,0.04945657423803018,-0.0,-0.0,-0.0,-0.0,0.13376309427880742,0.3945022288261516,0.15310233682514102,0.2553823311061618,0.9355783308931186,0.32049040606561585
2023-07-14,1318.4693798449612,0.006830359728261293,0.013534369046089845,0.02295258490588381,0.039866722269767285,-0.0,-0.0,-0.0,-0.0,0.012077294685990338,0.37193763919821826,0.12962962962962962,0.2559347181008902,0.9356254572055596,0.27143871991255053
2023-07-17,1327.475,0.0025513021964771454,0.005582172017137621,0.026627371922360643,0.030205296568128093,-0.0,-0.0,-0.0,-0.0,0.012872083668543845,0.34495548961424327,0.13032984714400644,0.25648628613787994,0.9356725146198829,0.2639991425536085
2023-07-18,1330.8617898832683,0.003145971700000416,0.004854231546172594,0.026174385237669684,0.030451190205785128,-0.0,-0.0,-0.0,-0.0,0.09244372990353698,0.39510748702742776,0.1310289389067524,0.257037037037037,0.9357195032870708,0.3043088598175177
2023-07-19,1335.048643410853,0.0028900320242082334,0.0014452627876548885,0.01560991811261414,0.028697348803160327,-0.0,0.00012242970562170719,0.00012242970562170719,0.00012242970562170719,0.05943775100401607,0.42666666666666664,0.13172690763052208,0.25758697261287933,0.9357664233576642,0.30311607857553974
2023-07-20,1338.906976744186,-0.0019366138062402172,0.00384647896293977,0.012564051802757659,0.02295775062829941,0.0019366138062402172,0.0030037807073918232,0.0030037807073918232,0.0030037807073918232,0.01043338683788122,0.40414507772020725,0.13242375601926162,0.2581360946745562,0.935813274981765,0.281017910471783
2023-07-21,1336.314031007752,-0.0010692376014527216,0.009292448433355194,0.01641825597661306,0.033631034169797625,0.0010692376014527216,0.0010692376014527216,0.0010692376014527216,0.0010692376014527216,0.026463512429831595,0.4504437869822485,0.15717722534081796,0.21359940872135993,0.935860058309038,0.29802793212661777
2023-07-24,1334.8851937984496,0.0018255557707786974,0.020928374120841475,0.021579964664638407,0.04163472311365757,-0.0,-0.0,-0.0,-0.0,0.012019230769230772,0.3717664449371767,0.16907051282051286,0.138109305760709,0.9359067734887109,0.26313079645065646
2023-07-25,1337.3221011673154,-0.00025720178566668306,0.02121716068080004,0.023362644968550228,0.044089699519995085,0.00025720178566668306,0.00025720178566668306,0.00025720178566668306,0.00025720178566668306,0.02321857485988791,0.3257016248153619,0.15052041633306645,0.13874538745387455,0.9359534206695779,0.250561879850134
2023-07-26,1336.9781395348837,0.005294712396079149,0.014144213219931867,0.027060424776308212,0.04397944217192973,-0.0,-0.0,-0.0,-0.0,0.0288,0.36088560885608856,0.15439999999999998,0.14085545722713863,0.9359999999999999,0.2634614517589822
2023-07-27,1344.0570542635658,0.003477981796432106,0.008684169365044792,0.021237788178514183,0.036238376623916047,-0.0,-0.0,-0.0,-0.0,0.029576338928856912,0.4048672566371681,0.13269384492406075,0.1414885777450258,0.936046511627907,0.2733465232138684
2023-07-28,1348.7316602316605,0.01044723033235151,0.007060200989632559,0.01653462498013991,0.03899743150430379,-0.0,-0.0,-0.0,-0.0,0.015175718849840253,0.3714075165806927,0.13338658146964855,0.14212076583210606,0.936092955700799,0.25915596444178307
2023-07-31,1362.8221705426356,0.002108938781050007,0.0006382333573184962,0.0034851249281109276,0.031037504087045864,-0.0,0.005204712204482043,0.005204712204482043,0.005204712204482043,0.0,0.4027982326951399,0.1340782122905028,0.14275202354672553,0.9361393323657474,0.2636368967511131
2023-08-01,1365.6962790697676,-0.007181417866639506,0.0021009089646708556,0.004167717524078407,0.031856326879437846,0.007181417866639506,0.0072982594032422465,0.0072982594032422465,0.0072982594032422465,0.03748006379585327,0.3929359823399558,0.13476874003189793,0.1375,0.9361856417693981,0.27224628668802275
2023-08-02,1355.8886434108529,-0.00011768669392919762,0.012736069868571231,0.012886276962386756,0.04305122294896857,0.00011768669392919762,0.00011768669392919762,0.00011768669392919762,0.00011768669392919762,0.48127490039840637,0.3779411764705883,0.21274900398406374,0.21087435709037472,0.9362318840579711,0.4307331209122413
2023-08-03,1355.7290733590737,0.0018623953151990502,0.012445539639401648,0.010264732198458804,0.05058646552118118,-0.0,-0.0,-0.0,-0.0,0.23885350318471335,0.4026451138868479,0.21337579617834393,0.21145374449339208,0.9362780593772629,0.3604216793119295
2023-08-04,1358.2539768339768,0.004003663799805546,0.009408001608242289,0.016934739308323454,0.05066948033271634,-0.0,-0.0,-0.0,-0.0,0.2012728719172633,0.4045521292217327,0.19411296738265713,0.08730741012472487,0.9363241678726483,0.3310414688008433
2023-08-07,1363.691969111969,0.0035737641812816356,0.0028450757485456446,0.019631119582109946,0.053220308878381806,-0.0,-0.0,-0.0,-0.0,0.109697933227345,0.3301540719002201,0.1573926868044515,0.0593841642228739,0.9363702096890818,0.2710783701123324
2023-08-08,1368.565482625483,0.0033552309627478127,0.002062475486169113,0.020253870564214127,0.04959292929883463,-0.0,0.0007260935456304685,0.0007260935456304685,0.0007260935456304685,0.04130262112787927,0.35777126099706746,0.13502779984114377,0.060073260073260075,0.9364161849710984,0.2539288971570935
2023-08-09,1373.157335907336,-0.000404529481769611,0.00014831810407911483,0.016473244404589416,0.051535952898078774,0.000404529481769611,0.004067676514191487,0.004067676514191487,0.004067676514191487,0.013492063492063491,0.2842490842490843,0.1357142857142857,0.06076134699853587,0.9364620938628159,0.22375835029260244
2023-08-10,1372.6018532818532,-0.001143391177615194,-0.002153999751650315,0.014688634340643603,0.058359990657161465,0.001143391177615194,0.003664629483087656,0.003664629483087656,0.003664629483087656,0.10150674068199841,0.2847730600292826,0.14432989690721648,0.05193855157278712,0.9365079365079364,0.2523580976377034
2023-08-11,1371.0324324324324,-0.0025241243670047764,0.007456586125817344,0.022097433744180384,0.06908678392506928,0.0025241243670047764,0.0025241243670047764,0.0025241243670047764,0.0025241243670047764,0.08082408874801901,0.32260424286759326,0.1600633914421553,0.05482456140350877,0.9365537130497477,0.2594964734399785
2023-08-14,1367.5717760617758,0.0027905952650100208,0.016738421755758015,0.027456689167075554,0.046543860590169794,-0.0,-0.0,-0.0,-0.0,0.10292953285827394,0.42178362573099415,0.1868566904196358,0.06281957633308984,0.9365994236311239,0.3005322570884286
2023-08-16,1371.3881153846153,0.0014386041363874114,0.018153952995015654,0.027573690004324858,0.04613688584090747,-0.0,0.0012708628099472596,0.0012708628099472596,0.0012708628099472596,0.07199367088607596,0.4324324324324324,0.15664556962025317,0.06350364963503649,0.9366450683945284,0.28925158661314904
2023-08-17,1373.361,-0.00270557469538657,0.01632250537745894,0.029781177485241006,0.051773042137556624,0.00270557469538657,0.00270557469538657,0.00270557469538657,0.00270557469538657,0.1383399209486166,0.4043795620437956,0.1359683794466403,0.06418672501823487,0.9366906474820144,0.2992949972403333
2023-08-18,1369.6452692307694,0.008476928206312184,0.01687899143565441,0.03991204685031158,0.0553763227695383,-0.0,-0.0,-0.0,-0.0,0.34834123222748814,0.4215900802334063,0.17614533965244866,0.0706997084548105,0.9367361610352263,0.37847301349868034
2023-08-21,1381.2556538461538,0.006665757609011669,0.014532484893135189,0.03317296550154025,0.04421915766888462,-0.0,-0.0,-0.0,-0.0,0.13891081294396213,0.4212827988338193,0.13654301499605367,0.06846321922796796,0.9367816091954022,0.30502316812875396
2023-08-22,1390.462769230769,0.004186707956001179,0.010541814081156176,0.03294249131003202,0.032043680659011864,-0.0,-0.0,-0.0,-0.0,0.05914826498422712,0.39111434814275303,0.13722397476340695,0.06695778748180495,0.9368269921033741,0.27058629871192164
2023-08-23,1396.2842307692308,-0.000362776038270729,0.009251780618834582,0.028756625758641352,0.02112321125507033,0.000362776038270729,0.0025215000582590186,0.0025215000582590186,0.0025215000582590186,0.06855791962174941,0.4410480349344978,0.13790386130811663,0.06763636363636363,0.9368723098995696,0.28835985032524497
2023-08-24,1395.7776923076924,-0.0021595074375411194,0.013242520987748474,0.03449447261548699,0.019548042382236508,0.0021595074375411194,0.0021595074375411194,0.0021595074375411194,0.0021595074375411194,0.10551181102362203,0.4349090909090909,0.14566929133858267,0.06831395348837209,0.9369175627240144,0.29967093342943285
2023-08-25,1392.7635,0.006149809906154546,0.022650733871626638,0.043039169690607615,0.02275414025089373,-0.0,-0.0,-0.0,-0.0,0.2808811959087333,0.4338662790697675,0.17545239968528714,0.07334785766158315,0.9369627507163324,0.36067711268166286
2023-08-28,1401.3287307692306,0.0027060306252746358,0.01837346845563914,0.045973454809250525,0.016859904968765216,-0.0,-0.0,-0.0,-0.0,0.08726415094339622,0.4437182280319536,0.13836477987421383,0.07402031930333818,0.9370078740157481,0.2959898248824047
2023-08-29,1405.1207692307694,0.0029047872698595434,0.022166996869143807,0.01857710560877024,0.021415937704278187,-0.0,-0.0,-0.0,-0.0,0.12333071484681854,0.43541364296081275,0.13904163393558522,0.07469180565627266,0.9370529327610874,0.3053137086178071
2023-08-30,1409.202346153846,0.0035899468605551377,0.01932604481296729,0.018065075057054347,0.007770286349888966,-0.0,-0.0,-0.0,-0.0,0.059654631083202514,0.39013778100072516,0.13971742543171115,0.07536231884057971,0.9370979270907792,0.27188637914514585
2023-08-31,1414.261307692308,0.0071056937198579195,0.020974200339541005,0.02135586193760175,0.014593509492824674,-0.0,-0.0,-0.0,-0.0,0.03215686274509804,0.4427536231884058,0.1403921568627451,0.013758146270818249,0.937142857142857,0.2710935398930758
2023-09-01,1424.3106153846154,0.0019415600680878775,0.01993685150138491,0.014870753700820138,0.006438011503802965,-0.0,-0.0,-0.0,0.002919562229826922,0.004702194357366771,0.40622737146994936,0.14106583072100315,0.013748191027496382,0.9371877230549609,0.25174429558114403
2023-09-04,1427.0759999999998,0.006441196490640344,0.027102028095318254,0.010691522655146057,-0.005344676486735533,-0.0,-0.0,-0.0,0.005344676486735533,0.0007830853563038371,0.39435600578871205,0.1417384494909945,0.014461315979754157,0.9372325249643367,0.2472177175652306
2023-09-05,1436.2680769230767,0.00011737148919888085,-0.00351203988327653,-0.0008701458779957205,-0.006802766255153414,-0.0,0.00351203988327653,0.00351203988327653,0.011710443708456975,0.019561815336463225,0.40708604483007954,0.14241001564945227,0.015173410404624279,0.9372772630078404,0.25714230558452844
2023-09-06,1436.436653846154,0.005212658578507501,-0.0012370622357091854,-0.007420039212813645,-0.002209728325774374,-0.0,0.003628985433051013,0.007420039212813645,0.011826427112293869,0.11024237685691947,0.3468208092485549,0.14308053166536355,0.01588447653429603,0.9373219373219374,0.2688125525376791
2023-09-07,1443.9243076923078,0.006082435814875442,0.0003738210014845311,-0.014448052289213087,-0.01713557663613463,-0.0,0.008795794537706736,0.014448052289213087,0.01713557663613463,0.04140625,0.423826714801444,0.14375,0.016594516594516592,0.9373665480427047,0.2694111640666201
2023-09-08,1452.7068846153848,0.008980317618735079,-0.004967070062335099,-0.019448003516235213,-0.01569300928637618,-0.0,0.014788281579065199,0.020406367682445303,0.023077644161638378,0.02029664324746292,0.3686868686868687,0.14441842310694772,0.0136986301369863,0.9374110953058321,0.24631549701589284
2023-09-11,1465.752653846154,-0.02355704941192105,-0.015977483240495638,-0.02783392800899953,-0.01976978557888165,0.02355704941192105,0.02355704941192105,0.029125132361882966,0.03177263344049419,0.00078003120124805,0.3475126171593367,0.14508580343213728,0.008645533141210375,0.937455579246624,0.23337918882094544
2023-09-12,1431.223846153846,0.0024006350670300325,0.0026512051434834927,0.0027870566497871785,0.010212239834932912,-0.0,-0.0,0.0057024150224121994,0.008413788049394189,0.49259547934528447,0.33789625360230546,0.36321122369446607,0.6299496040316774,0.9375000000000001,0.49614368851468477
2023-09-13,1434.6596923076925,0.006833944431528627,-0.006190635178098258,-0.010112112633456571,0.009743860903846047,-0.0,0.006190635178098258,0.010112112633456571,0.01078852380784967,0.28738317757009346,0.31965442764578833,0.3450155763239875,0.6302158273381295,0.9375443577004968,0.4223473023123746
2023-09-14,1444.464076923077,0.0007110670544154818,-0.0148163346336464,-0.006620956217892715,0.002305067500296021,-0.0,0.0148163346336464,0.016831034709058335,0.017502854702945103,0.11284046692607004,0.3194244604316547,0.288715953307393,0.6304816678648454,0.9375886524822695,0.3578814903753316
2023-09-15,1445.4911877394636,-0.0021844286437930904,-0.01455322031885653,-0.00830917845081891,0.0036819909994072475,0.0021844286437930904,0.015516368509610468,0.01752963701611565,0.018200979640380144,0.09953343701399689,0.308411214953271,0.2846034214618973,0.6271551724137931,0.9376328844790928,0.3493864164069247
2023-09-18,1442.333615384615,-0.005071851013067619,-0.012048956773416664,-0.01586656144077825,0.0020346968137467947,0.005071851013067619,0.013361126292804726,0.01586656144077825,0.01605161460330573,0.18414918414918413,0.28448275862068967,0.3038073038073038,0.6281407035175879,0.9376770538243626,0.3725456521722554
2023-09-20,1435.0183141762452,-0.006438995612161658,0.0001354922884517773,-0.0059377871181429676,0.008144497668629569,0.006438995612161658,0.008331531566553418,0.010849738685856147,0.0110357351949667,0.27096273291925466,0.37185929648241206,0.34316770186335405,0.639167862266858,0.937721160651097,0.4331382960330459
2023-09-21,1425.7782375478928,-0.001904800959411479,-0.003945905114368764,0.0052492606065783765,0.007545778351249144,0.001904800959411479,0.003945905114368764,0.004439327886476385,0.004626529787808309,0.6245151280062063,0.4275466284074605,0.3964313421256788,0.6630824372759857,0.9377652050919377,0.5736226251922717
2023-09-22,1423.0624137931036,0.00097832829307265,0.008318630021850959,-0.0027269230740846195,-0.013891678529744378,-0.0,0.002044999471913389,0.0027269230740846195,0.013891678529744378,0.42713178294573645,0.44157706093189963,0.41472868217054265,0.664756446991404,0.937809187279152,0.5174303833708089
2023-09-25,1424.4546360153256,0.00035126705478960574,0.0063362547798451185,0.0038294697714393866,-0.02205556058205782,-0.0,0.0030203728487724346,0.003701629957838959,0.02205556058205782,0.35863671572424477,0.4269340974212035,0.4066615027110767,0.6614173228346458,0.9378531073446328,0.48959158193581986
2023-09-26,1424.9550000000002,0.007198647039101447,-0.0038641638100747056,0.008295025574799775,-0.028289132951473617,-0.0,0.0038641638100747056,0.004051473863337041,0.028289132951473617,0.35913312693498456,0.46599856836077314,0.4032507739938081,0.6616595135908442,0.9378969654199012,0.5006671315868142
2023-09-27,1435.212748091603,-0.010493563552324892,-0.006072456635548562,0.007404546295155079,-0.02042683539040746,0.010493563552324892,0.0109837427618652,0.011169714073297254,0.03523414183974516,0.16937354988399073,0.424892703862661,0.3418406805877804,0.6619013581129378,0.9379407616361073,0.41862464703059055
2023-09-28,1420.152251908397,0.010384866540355198,0.009231592709834535,0.020058810488252865,-0.01261644369167203,-0.0,0.0004953774846579995,0.0006833209932415318,0.02500294831455452,0.4621329211746522,0.7197998570407433,0.43353941267387947,0.6892857142857143,0.937984496124031,0.6156411640188542
2023-09-29,1434.9003435114505,-0.000989615764203755,-0.010954427268388467,0.008985516429060647,-0.019347988096695135,0.000989615764203755,0.010954427268388467,0.010954427268388467,0.035024094309805576,0.18455598455598454,0.47642857142857137,0.34440154440154436,0.689507494646681,0.9380281690140845,0.44225590194958014
2023-10-03,1433.4803435114502,-0.009788486543919506,-0.0024910013889484217,0.012091641053503022,-0.02219690192678847,0.009788486543919506,0.009974682607335916,0.009974682607335916,0.034068192966419275,0.05632716049382716,0.6316916488222699,0.35185185185185186,0.6897289586305279,0.9380717804363123,0.4476172079216655
2023-10-04,1419.4487404580152,0.004965829520367615,0.01220635674686843,0.018189868927462438,-0.003722348876148751,-0.0,0.00018803665771005562,0.00018803665771005562,0.02451971734579983,0.6268311488049345,0.6569186875891585,0.4394757131842714,0.7227369921596579,0.9381153305203938,0.6550269279568328
2023-10-05,1426.4974809160303,0.004742411576917238,0.013559341443626582,0.01416640186527851,1.6266060702374574e-05,-0.0,0.005128399420841534,0.005128399420841534,0.029339850172059867,0.3366718027734976,0.6571632216678546,0.3890600924499229,0.722934472934473,0.9381588193956429,0.5545279212348587
2023-10-06,1433.2625190839697,-0.009824220500721847,0.010728179593889609,0.0022845256740453568,0.007044571615679507,0.009824220500721847,0.009824220500721847,0.009824220500721847,0.03392139254426996,0.2178598922247883,0.7022792022792023,0.35257890685142423,0.7231316725978648,0.9382022471910113,0.5241357242819247
2023-10-09,1419.1818320610687,0.007559080648660954,0.020160793645107367,-0.011195284134286498,0.02175965396672863,-0.0,-0.0,0.011195284134286498,0.024336256796478883,0.5607692307692308,0.7209964412811388,0.44230769230769235,0.7304409672830725,0.9382456140350877,0.65392372153184
2023-10-10,1429.9095419847329,0.004801350002655802,0.014619058537573615,-0.02578628256390092,0.021592475611953876,-0.0,-0.0,0.02578628256390092,0.03165604683410317,0.21829362029208302,0.7532005689900427,0.3704842428900845,0.730632551528074,0.938288920056101,0.5427502195461155
2023-10-11,1436.7750381679389,0.00630913602999672,0.005911356059671746,-0.03628318854932144,0.01261738642508381,-0.0,-0.0,0.03628318854932144,0.03628318854932144,0.2357910906298003,0.7533759772565743,0.3271889400921659,0.7308238636363638,0.9383321653819201,0.5419000980566776
2023-10-12,1445.839847328244,0.0019358779402995907,0.0005989392005278926,-0.02762681763539343,0.007387841455074318,-0.0,0.0003952860568217087,0.04232528857618212,0.04232528857618212,0.13046815042210283,0.7009943181818182,0.2785878741366078,0.47622427253371186,0.9383753501400561,0.4547901921357611
2023-10-13,1448.638816793893,-0.0005834115874556733,-0.008354030381577893,-0.032032716000251815,0.009239278257142658,0.0005834115874556733,0.008354030381577893,0.04417564785430217,0.04417564785430217,0.20015337423312882,0.7075940383250533,0.254601226993865,0.4765957446808511,0.9384184744576626,0.47547598612975595
2023-10-16,1447.7936641221374,0.002085800784420888,-0.030736407412165434,-0.028081180615983525,0.018216853186121318,-0.0,0.030736407412165434,0.043617683328718404,0.043617683328718404,0.1854406130268199,0.7432624113475178,0.2597701149425287,0.47696669029057404,0.9384615384615386,0.4819974636225474
2023-10-17,1450.8134732824428,-0.003822094561679923,-0.03982316393673213,-0.03387889158396751,0.022826309130352662,0.003822094561679923,0.03982316393673213,0.045608354172230636,0.045608354172230636,0.13093415007656967,0.7313961729270021,0.24808575803981622,0.4773371104815864,0.9385045422781273,0.45935337664928105
2023-10-18,1445.268326996198,0.0009946184161413463,-0.041946583418917216,-0.021520758035721732,0.033326767613534036,-0.0,0.041946583418917216,0.041946583418917216,0.041946583418917216,0.23871461361897472,0.7521246458923513,0.2838561591430757,0.4932767162066526,0.9385474860335195,0.5072716547457672
2023-10-19,1446.7058174904944,-0.007029054048921957,-0.028208861443000943,-0.013952479374736648,0.03406832509456459,0.007029054048921957,0.04289853416295475,0.04289853416295475,0.04289853416295475,0.1704892966360856,0.705590941259731,0.2714067278287462,0.4667609618104667,0.9385903698534542,0.46675491124708335
2023-10-20,1436.5368441064638,-0.02314117875216326,-0.023878164530619084,0.004749196280799728,0.042219751192394295,0.02314117875216326,0.03612339339866244,0.03612339339866244,0.03612339339866244,0.3177998472116119,0.7418670438472418,0.3315508021390374,0.46925795053003533,0.9386331938633193,0.5339342765862487
2023-10-23,1403.2936882129277,-0.00730866090596638,0.0027394269386438186,0.0333280551480406,0.06159430892405671,0.00730866090596638,0.013289755248271917,0.013289755248271917,0.013289755248271917,0.7770992366412215,0.8077738515901061,0.5145038167938931,0.730225988700565,0.9386759581881533,0.759492712561666
2023-10-25,1393.0374904942964,-0.006025129974201349,0.006190809994059077,0.04863281775640016,0.07291269241605325,0.006025129974201349,0.006025129974201349,0.006025129974201349,0.006025129974201349,0.7772692601067888,0.8481638418079096,0.5636918382913807,0.7480592801693721,0.9387186629526463,0.7809157872125758
2023-10-26,1384.644258555133,0.015348082982097111,0.021320132082078835,0.05074164359631261,0.07896245137870728,-0.0,-0.0,-0.0,-0.0,0.75,0.8750882145377559,0.6051829268292682,0.7679830747531734,0.9505915100904663,0.7900800083742389
2023-10-27,1405.8958935361215,-0.0026039712928673797,0.014670212047244391,0.036009486610191654,0.06058675439137873,0.0026039712928673797,0.003011867836759774,0.003011867836759774,0.003011867836759774,0.594059405940594,0.8497884344146684,0.49885757806549885,0.7681465821000704,0.9381084840055632,0.7152423061060237
2023-10-30,1402.2349809885934,0.0034965093747676423,0.029327651294321244,0.042637798755815526,0.061665584866928524,-0.0,0.0004089614678144393,0.0004089614678144393,0.0004089614678144393,0.6902587519025875,0.7512332628611698,0.5167427701674278,0.7274647887323944,0.9381514940931203,0.7151109534526334
2023-10-31,1407.1379087452472,-0.003891862907440924,0.030505061821278545,0.047635700511949874,0.06643676441278101,0.003891862907440924,0.003891862907440924,0.003891862907440924,0.003891862907440924,0.39239543726235737,0.8330985915492959,0.4927756653992395,0.7276565798733285,0.9381944444444444,0.6399485018623358
2023-11-01,1401.6615209125475,0.008920510362254053,0.04218087398610959,0.058693677449288995,0.07746323022177548,-0.0,-0.0,-0.0,-0.0,0.432370820668693,0.8655876143560871,0.5182370820668694,0.7292545710267229,0.9382373351839002,0.666280267151547
2023-11-02,1414.1650570342206,0.00873704757090965,0.02880733532027291,0.05605384692591997,0.07661929474954743,-0.0,-0.0,-0.0,-0.0,0.31738800303720577,0.7960618846694796,0.469248291571754,0.7083626141953618,0.9382801664355063,0.59923344583979
2023-11-03,1426.5206844106467,0.01180393338638197,0.021030749015379158,0.04870029432136369,0.07145532379689801,-0.0,-0.0,-0.0,-0.0,0.23823975720789076,0.7779339423752636,0.3899848254931715,0.7085674157303372,0.9383229383229383,0.5566422660973496
2023-11-06,1443.359239543726,0.004644372596373625,0.01293091412122993,0.03729344104010868,0.05998086955941995,-0.0,-0.0,-0.0,-0.0,0.09173616376042457,0.7380617977528091,0.29492039423805916,0.7087719298245614,0.9383656509695291,0.4837361187018885
2023-11-07,1450.0627376425855,0.007394225764455031,0.016623536676661388,0.027354578863114654,0.05310726033880808,-0.0,-0.0,-0.0,-0.0,0.14924242424242423,0.7136842105263157,0.24696969696969698,0.6753155680224404,0.93840830449827,0.4837784986312484
2023-11-08,1460.7848288973385,-0.004026222582938388,0.01584446987596455,0.0231538382630454,0.03925714082390375,0.004026222582938388,0.004026222582938388,0.004026222582938388,0.004026222582938388,0.11582134746404239,0.7138849929873773,0.18773656320968965,0.6755430974071479,0.9384508990318119,0.4642158778207661
2023-11-09,1454.9033840304182,0.0011121692870308397,0.026483589949487518,0.026857989263473714,0.049864207726126875,-0.0,-0.0,-0.0,-0.0,0.11649016641452345,0.7498248072880167,0.2254160363086233,0.680672268907563,0.9384934346924672,0.48122888439637423
2023-11-10,1456.521482889734,0.0037772948022025687,0.02709961999936561,0.023723014218338445,0.04395351547902471,-0.0,-0.0,-0.0,-0.0,0.09221466364323508,0.7675070028011204,0.2146636432350718,0.6808957312806158,0.9385359116022101,0.477016598018416
2023-11-13,1462.0231939163498,0.00830678670450169,0.02405151879485734,0.01824966074874612,0.0459084382520083,-0.0,-0.0,-0.0,-0.0,0.0377643504531722,0.7592722183344996,0.17749244712990936,0.6811188811188812,0.9385783298826778,0.45158406980547106
2023-11-15,1474.1679087452471,0.0066222316405806225,0.010555571260461916,0.017946184815622157,0.04492869032568381,-0.0,-0.0,-0.0,-0.0,0.007547169811320754,0.7125874125874126,0.14113207547169812,0.679245283018868,0.9386206896551724,0.42256894880026824
2023-11-16,1483.9301901140684,0.006404788189128041,0.007195361695450542,0.0177289740859774,0.04482575354051588,-0.0,-0.0,-0.0,-0.0,0.030920060331825035,0.7239692522711391,0.14177978883861236,0.6794692737430167,0.9386629910406618,0.4335096687250217
2023-11-17,1493.4344486692016,0.0017129730267277932,0.00036473969740202783,0.019473862893915728,0.04074607828445331,-0.0,0.00248143165346848,0.00316708072543459,0.00316708072543459,0.019593067068575734,0.6459497206703911,0.14242652599849284,0.6741102581995813,0.9387052341597797,0.40657291525748646
2023-11-20,1495.9926615969582,0.0007984067549589025,-0.0032875153639227994,0.021698315141848612,0.03891702362156013,-0.0,0.004187232064613022,0.004871708646656758,0.004871708646656758,0.052710843373493986,0.4577808792742498,0.1430722891566265,0.6743375174337518,0.9387474191328287,0.3624175896636853
2023-11-21,1497.1870722433462,-0.004981661427437389,-0.005665591954728155,0.021871755495303402,0.014309670388836349,0.004981661427437389,0.005665591954728155,0.005665591954728155,0.005665591954728155,0.09631301730624531,0.4191073919107392,0.1437170805116629,0.6585365853658536,0.9387895460797799,0.3633021053162021
2023-11-22,1489.7285931558936,0.0032751008668689963,0.007313416268579953,0.025066984666765713,0.027754537161183812,-0.0,0.0006873546956650545,0.0006873546956650545,0.0006873546956650545,0.2112781954887218,0.33379790940766546,0.20526315789473681,0.18245125348189414,0.938831615120275,0.32706794618957563
2023-11-23,1494.6076045627378,-0.0004204722782893411,0.01045836070253059,0.01573888691870229,0.033855405409543904,0.0004204722782893411,0.003949520484571312,0.003949520484571312,0.003949520484571312,0.19308790383170546,0.2799442896935933,0.17054845980465813,0.10577592205984691,0.9388736263736264,0.29103202398111483
2023-11-24,1493.9791634980988,-0.001944204331240651,0.01910215588195774,0.022404479200823557,0.039906271683935346,0.001944204331240651,0.0035305326974088835,0.0035305326974088835,0.0035305326974088835,0.22747747747747749,0.25191370911621436,0.17642642642642642,0.06536856745479833,0.9389155799588196,0.289888235123615
2023-11-28,1491.0745627376425,-0.0015894185205399536,0.025068242738922164,0.019761694305693744,0.04584544113705191,0.0015894185205399536,0.0015894185205399536,0.0015894185205399536,0.0015894185205399536,0.12153038259564891,0.33449235048678716,0.19879969992498125,0.07227241139680335,0.9389574759945131,0.28424419737619744
2023-11-29,1488.7046212121213,0.008006274114352285,0.02769425178010909,0.027163060857711363,0.05044581144734983,-0.0,-0.0,-0.0,-0.0,0.04197901049475263,0.32175121612230717,0.21139430284857572,0.06527777777777778,0.9389993145990404,0.25609498009745935
2023-11-30,1500.6235984848486,0.006407437231334967,0.01762467183644878,0.026506809409525767,0.04865910117223238,-0.0,-0.0,-0.0,-0.0,0.022471910112359553,0.27847222222222223,0.1438202247191011,0.0659264399722415,0.9390410958904108,0.22709753026103746
2023-12-01,1510.2387500000002,0.008130261764000002,0.005225872160135703,0.02662474995258357,0.04244755953197488,-0.0,-0.0,-0.0,-0.0,0.04116766467065868,0.23247744621790425,0.14446107784431136,0.04576976421636616,0.9390828199863107,0.2173377153177967
2023-12-04,1522.5173863636362,0.0038986717049733777,0.0032404242300989594,0.02086587617867286,0.03224859213270448,-0.0,0.0028809665913432925,0.0028809665913432925,0.0028809665913432925,0.0014958863126402393,0.25173370319001387,0.14510097232610322,0.046431046431046424,0.9391244870041039,0.2104234242201739
2023-12-05,1528.453181818182,0.0009682992044539596,-0.005176775761825958,0.01685302620599982,0.028489300857041266,-0.0,0.006753309360199022,0.006753309360199022,0.006753309360199022,0.024663677130044845,0.2938322938322938,0.14573991031390135,0.04709141274238227,0.9391660970608339,0.23031133854281233
2023-12-06,1529.9331818181818,-0.0018703985860389905,-0.0005168764167724493,-0.007400229104875922,0.0331173823103692,0.0018703985860389905,0.007714138970025264,0.007714138970025264,0.007714138970025264,0.039581777445855115,0.2943213296398892,0.1463778939507095,0.04775086505190312,0.9392076502732242,0.2354155914656706
2023-12-07,1527.071596958175,-0.005854690989735234,0.008728304078013283,0.0026218310945713696,0.03833849126888156,0.005854690989735234,0.005854690989735234,0.005854690989735234,0.005854690989735234,0.04477611940298507,0.3058823529411765,0.1753731343283582,0.05117565698478562,0.9392491467576792,0.2452492765591539
2023-12-08,1518.1310646387833,0.006139077298039641,0.021287631352408187,0.01783580280735242,0.03876684118939089,-0.0,-0.0,-0.0,-0.0,0.2505592841163311,0.3381742738589212,0.23862788963460105,0.09675190048375949,0.9392905866302865,0.33567609983122426
2023-12-11,1527.450988593156,-0.004524050991685624,0.017568522482634075,0.017118266634348123,0.03525015466249881,0.004524050991685624,0.004524050991685624,0.005787199001207943,0.005787199001207943,0.04545454545454545,0.3372494816862474,0.1713859910581222,0.08149171270718232,0.9393319700068168,0.2576862302090412
2023-12-12,1520.54072243346,0.00565698299091677,0.022144438761666496,0.025578276745448214,0.04200266249189033,-0.0,-0.0,0.001268888525916334,0.001268888525916334,0.19731943410275501,0.32527624309392267,0.22263588979895754,0.10489993098688752,0.9393732970027249,0.3134302396616426
2023-12-13,1529.1423954372624,0.007362261880680787,-0.0068869123706922775,0.022667044286227345,0.0414811184902284,-0.0,0.0068869123706922775,0.0068869123706922775,0.0068869123706922775,0.054315476190476185,0.31746031746031744,0.15625,0.10551724137931034,0.9394145677331518,0.25537768085535634
2023-12-14,1540.400342205323,0.006523068456180781,-0.0060536350162426755,0.021580267719265578,0.04020961578488258,-0.0,0.014145034800857825,0.014145034800857825,0.014145034800857825,0.012639405204460967,0.3406896551724138,0.14646840148698886,0.10613370089593385,0.9394557823129253,0.2474012966260118
2023-12-15,1550.4484790874526,0.0024751332222161526,-0.0033798789284119612,0.015412456771690008,0.03681882669102099,-0.0,0.020534157541703957,0.020534157541703957,0.020534157541703957,0.03268945022288262,0.35837353549276363,0.14710252600297177,0.10674931129476585,0.9394969408565602,0.2591608718138263
2023-12-18,1554.2860456273763,-4.74830753169897e-05,-0.00044248209170938413,0.011150060178952925,0.02775157094641867,4.74830753169897e-05,0.022952480317354307,0.022952480317354307,0.022952480317354307,0.047512991833704527,0.37947658402203854,0.147735708982925,0.10736407432897453,0.9395380434782608,0.27024280358970276
2023-12-19,1554.2122433460077,-0.02290608489339152,0.003359444960578939,0.011443418420514329,0.021695977368665353,0.02290608489339152,0.02290608489339152,0.02290608489339152,0.02290608489339152,0.07566765578635014,0.4267033723331039,0.14910979228486645,0.10797799174690509,0.9395790902919213,0.29333033726164903
2023-12-20,1518.6113257575755,0.00820749508826668,0.029758903618387178,0.04081968644694167,0.05183227831489101,-0.0,-0.0,-0.0,-0.0,0.6041512231282432,0.48280605226960105,0.3728687916975537,0.6412371134020618,0.9396200814111262,0.5772385899835086
2023-12-21,1531.0753207547168,0.009230656387115621,0.02780220715024173,0.03562326199831278,0.04864226982251929,-0.0,-0.0,-0.0,-0.0,0.4207407407407407,0.46254295532646056,0.30592592592592593,0.6298076923076923,0.9396610169491525,0.5010667573648605
2023-12-22,1545.2081509433965,0.005429786879051379,0.018856066923369053,0.020564258325662665,0.017317458172017686,-0.0,-0.0,-0.0,-0.0,0.1302738712065137,0.44574175824175827,0.22057735011102889,0.6300617707618394,0.9397018970189701,0.3902283609925648
2023-12-26,1553.5983018867923,0.0037559463992125064,0.0115976740337278,0.017826725389712195,0.022591443141124268,-0.0,-0.0,-0.0,-0.0,0.08727810650887574,0.43788606726149626,0.15754437869822485,0.6282578875171468,0.9397427217332429,0.364427658858123
2023-12-27,1559.4335338345866,0.0028022996204617456,0.008056906725239399,0.01601475588831991,0.016023239999500172,-0.0,-0.0,-0.0,-0.0,0.0672579453067258,0.4197530864197531,0.14781966001478197,0.6271418779986291,0.9397834912043302,0.35112320190622387
2023-12-28,1563.8035338345865,0.006291749530869639,0.010741138328290933,0.018397067069988893,0.02413743362030374,-0.0,-0.0,-0.0,-0.0,0.007385524372230429,0.44688142563399585,0.1484490398818316,0.6253424657534247,0.9398242055442867,0.339733081124843
2023-12-29,1573.6425939849623,0.00044616564513555446,0.007609494116340043,0.018235814310713083,0.012659831581798509,-0.0,0.001287563911449019,0.001287563911449019,0.001287563911449019,0.015498154981549814,0.4383561643835616,0.14907749077490776,0.6255989048596851,0.939864864864865,0.33997625142505095
2024-01-01,1574.3446992481204,-0.0017329563709872486,0.0016765777402218962,0.021081452937251388,0.026953168467936717,0.0017329563709872486,0.0017329563709872486,0.0017329563709872486,0.0017329563709872486,0.032448377581120944,0.44763860369609854,0.14970501474926254,0.6258549931600547,0.9399054692775153,0.3482468275697133
2024-01-02,1571.6164285714283,0.0002426264974975112,0.00615763708821726,0.016418444127400456,0.025614491530116412,-0.0,-0.0,-0.0,-0.0,0.04716285924834193,0.625170998632011,0.1798084008843036,0.6281613123718387,0.9399460188933872,0.4095858665771294
2024-01-03,1571.9977443609023,0.0054725393721029025,0.007894245959717106,0.010136562027524443,0.032637046991558005,-0.0,-0.0,-0.0,1.941217574397136e-05,0.06111929307805597,0.6363636363636364,0.17599410898379972,0.6284153005464481,0.9399865138233311,0.4167834227072815
2024-01-04,1580.600563909774,0.0031738911461156594,0.007574569245653251,0.010580691364076023,0.02286202412560967,-0.0,0.0022879615925940344,0.0022879615925940344,0.005462060208304087,0.0014716703458425313,0.6502732240437159,0.15011037527593818,0.6286689419795222,0.9400269541778975,0.39785361224446814
2024-01-05,1585.6172180451128,-0.0054445722590225065,0.01054606993723528,0.012571181337782233,0.03228195702984049,0.0054445722590225065,0.0054445722590225065,0.0054445722590225065,0.008608628504628735,0.04852941176470589,0.649146757679181,0.15073529411764708,0.6221009549795362,0.94006734006734,0.4119115428213591
2024-01-08,1576.984210526316,0.0027328502247316866,0.019372395869340142,-0.003181377485207637,0.04926021452842155,-0.0,-0.0,0.003181377485207637,0.003181377485207637,0.14327700220426157,0.694406548431105,0.22116091109478325,0.6203135650988412,0.940107671601615,0.46590177758415885
2024-01-09,1581.2938721804512,0.0019690261736504677,0.01019801138604648,0.00468126610606312,0.042214184206366134,-0.0,-0.0,0.005898109061265866,0.005898109061265866,0.0565345080763583,0.6932515337423314,0.19750367107195302,0.6205722070844687,0.9401479488903832,0.43423050956143966
2024-01-10,1584.4074812030076,0.005153630757675831,0.0022247533179160506,8.350381853095001e-06,0.03787471009371246,-0.0,-0.0,0.007851675081174458,0.007851675081174458,0.06676449009537784,0.7118528610354224,0.16434336023477625,0.6119809394145678,0.9401881720430108,0.4368965504826821
2024-01-11,1592.5729323308271,0.006132413524811087,0.002983523215232875,0.005636668384003007,0.01941855381549118,-0.0,0.002913860478772734,0.01293862494338005,0.01293862494338005,0.02346041055718475,0.7120490129339687,0.15102639296187684,0.6122448979591837,0.9402283411685696,0.42110202452688256
2024-01-12,1602.339248120301,0.0032420879773893407,0.0020039773156239615,-0.005476121199576078,0.015912024163941885,-0.0,0.008991136635675856,0.018954799797552657,0.018954799797552657,0.0029304029304029304,0.6938775510204083,0.15164835164835166,0.6125084976206662,0.9402684563758389,0.40935162252378204
2024-01-15,1607.5341729323306,-0.006291777810389032,-0.022125156072441587,0.005750486911494379,0.024668219711815764,0.006291777810389032,0.022125156072441587,0.022125156072441587,0.022125156072441587,0.0029282576866764276,0.6648538409245411,0.15226939970717424,0.6127717391304348,0.9403085177733065,0.40101344543605055
2024-01-16,1597.4199250936329,-0.005939282427149917,-0.005461053395278359,0.009047501504767297,0.03713137812594858,0.005939282427149917,0.015933629116164583,0.015933629116164583,0.015933629116164583,0.09656181419166057,0.7377717391304347,0.2370153621068032,0.6361167684996606,0.9403485254691689,0.46791265289215606
2024-01-17,1587.932397003745,0.005914618065834709,-0.002211482932072295,0.02227469612511701,0.05539560048896042,-0.0,0.010054060594424596,0.010054060594424596,0.010054060594424596,0.30116959064327486,0.7637474541751529,0.28143274853801165,0.66078697421981,0.940388479571333,0.5507514453727362
2024-01-18,1597.3244106463878,0.005149792317861834,0.002645252995049141,0.012152748282728831,0.05427634615695287,-0.0,0.015874785367930966,0.015874785367930966,0.015874785367930966,0.13440467494521546,0.6974219810040705,0.2381300219138057,0.14372881355932204,0.9404283801874164,0.4089919735137235
2024-01-19,1605.550299625468,-0.020916860199822085,-0.007465138546894123,0.019466064268209626,0.04504451230344464,0.020916860199822085,0.020916860199822085,0.020916860199822085,0.020916860199822085,0.02116788321167883,0.727457627118644,0.17445255474452556,0.14430894308943087,0.9404682274247491,0.3719263956510629
2024-01-23,1571.9672284644196,0.010642143691466988,0.028506350436396932,0.05260896097760348,0.060250897092304356,-0.0,-0.0,-0.0,-0.0,0.26549963530269877,0.8495934959349593,0.37636761487964987,0.5998645903859173,0.9405080213903745,0.5713572098741002
2024-01-24,1588.696329588015,-0.0026912745361709067,0.014588221959106473,0.03735803519634917,0.055514407908588526,0.0026912745361709067,0.0026912745361709067,0.0026912745361709067,0.0026912745361709067,0.0597667638483965,0.8151658767772512,0.27915451895043736,0.6001353179972937,0.9405477621910489,0.4807415394599953
2024-01-25,1584.4207116104867,0.010810907792172086,0.024540449843162726,0.03786604351593659,0.06254811864800547,-0.0,-0.0,-0.0,-0.0,0.12235979606700656,0.8281461434370772,0.31099781500364165,0.6037863421230562,0.9405874499332443,0.5098409618069384
2024-01-29,1601.5497378277153,-0.004985854291225111,0.009482411909176536,0.013704636937746928,0.050743318686859995,0.004985854291225111,0.004985854291225111,0.004985854291225111,0.004985854291225111,0.005822416302765647,0.8154158215010142,0.2096069868995633,0.6040540540540541,0.9406270847231488,0.45350883523260227
2024-01-30,1593.5646441947565,0.014567110937963701,0.02713376009349977,0.021505914357044853,0.055450371373094054,-0.0,-0.0,-0.0,-0.0,0.0989090909090909,0.8344594594594595,0.2610909090909091,0.6212018906144497,0.9406666666666667,0.49874460670773024
2024-01-31,1616.778277153558,-0.0030342397304669033,0.023434576296957,0.018809568622148776,0.030171463100002294,0.0030342397304669033,0.0030342397304669033,0.0030342397304669033,0.0030342397304669033,0.00436046511627907,0.8068872383524647,0.15188953488372095,0.6214574898785424,0.9407061958694204,0.4439483499264506
2024-02-01,1611.8725842696629,0.007091456518412365,0.022442418258390218,0.02783206596250465,0.03745652119164866,-0.0,-0.0,-0.0,-0.0,0.061728395061728406,0.8070175438596491,0.20188816267247642,0.6277815239379635,0.940745672436751,0.4706881627414964
2024-02-02,1623.303108614232,-0.0040453421450086235,0.013006410508061172,0.03239922154914576,0.03716913934636468,0.0040453421450086235,0.0040453421450086235,0.0040453421450086235,0.0040453421450086235,0.005805515239477504,0.8152393796358731,0.15239477503628446,0.628032345013477,0.9407850964737192,0.44772751283153434
2024-02-05,1616.7362921348315,0.012412508401410616,0.0041825642316888345,0.041617826899836174,0.04288662130998744,-0.0,-0.0,-0.0,-0.0,0.002175489485134155,0.8423180592991913,0.21392313270485858,0.6383838383838384,0.9408244680851063,0.4650085929999258
2024-02-06,1636.8040449438204,0.010913185458048202,-0.005479175113417112,0.025090043633375414,0.028750868065790414,-0.0,0.008129042363094308,0.008129042363094308,0.008129042363094308,0.007246376811594203,0.8276094276094276,0.1528985507246377,0.6386271870794079,0.9408637873754153,0.45316271121789753
2024-02-07,1654.666791044776,-0.004000737849776503,-0.0045191043784573726,0.00725999530500232,0.00986835740703551,0.004000737849776503,0.018836659858694538,0.018836659858694538,0.018836659858694538,0.03475742215785663,0.7886944818304172,0.1535119478638668,0.6173503698722259,0.9409030544488711,0.4481537962715055
2024-02-08,1648.046902985075,-0.0022028789075229094,0.0052713459534425855,0.017502513207797943,0.021936662839054044,0.0022028789075229094,0.014895515059809794,0.014895515059809794,0.014895515059809794,0.03907380607814761,0.7874915938130463,0.21418234442836467,0.6317204301075268,0.9409422694094226,0.4600859606538616
2024-02-09,1644.4164552238806,-0.012720658221973768,0.01914381867668391,0.02378156148981847,0.01812183930147504,0.012720658221973768,0.012720658221973768,0.012720658221973768,0.012720658221973768,0.128705712219812,0.8024193548387096,0.2393347794649313,0.6373404969778375,0.9409814323607428,0.4976462040850075
2024-02-12,1623.498395522388,0.002671584674674321,0.03727933943643946,0.03653794251252673,0.02005782289246061,-0.0,-0.0,-0.0,-0.0,0.5281791907514451,0.865010073875084,0.35043352601156075,0.7040268456375839,0.9410205434062293,0.6687569472979362
2024-02-13,1627.8357089552237,0.011889080724046375,0.03073763563500931,0.033229819366649815,-0.012846904106283308,-0.0,-0.0,-0.0,0.012846904106283308,0.37184115523465705,0.8838926174496645,0.3335740072202166,0.7042253521126761,0.9410596026490068,0.6216473036644131
2024-02-14,1647.1891791044775,0.005794810562634201,0.011832572312806988,0.011152127765367892,-0.001971019377877359,-0.0,-0.0,-0.0,0.02444535206628573,0.12121212121212122,0.8490945674044267,0.22294372294372292,0.7044235924932976,0.941098610191926,0.5145010887054995
2024-02-15,1656.7343283582088,0.01156645153385738,0.012167030626695885,0.009363840210736551,0.0010696877980911346,-0.0,-0.0,-0.0,0.03006593622411291,0.07281903388608507,0.7942359249329759,0.15356885364095169,0.6851975887474883,0.941137566137566,0.47019618061537455
2024-02-16,1675.8968656716418,0.004847838657830561,0.004550626445595007,0.004620226069195876,-0.005290105747788876,-0.0,0.005499862003049638,0.0061686507086560205,0.041156354775153225,0.04106628242074928,0.7193569993302077,0.15417867435158503,0.6706827309236948,0.9411764705882354,0.4365183699667722
2024-02-19,1684.021343283582,-0.00365186192999456,-0.0007147514615645223,0.0012180997457844622,-0.02099988451594592,0.00365186192999456,0.010297778691251036,0.010963340858852089,0.04578224847896517,0.061195104391648665,0.6987951807228916,0.15478761699064075,0.6709030100334448,0.941215323645971,0.4370931725056438
2024-02-20,1677.8715298507464,-0.0066702756871007685,0.0024178642997791933,0.0035712223088610884,-0.018024546335212333,0.0066702756871007685,0.0066702756871007685,0.007338277304377194,0.04228480481790231,0.30071942446043165,0.6903010033444816,0.21223021582733811,0.6737967914438504,0.9412541254125412,0.5204020881526774
2024-02-21,1666.6796641791043,0.006127273111937281,-0.0006724872929161352,0.0025895618948346133,0.004418137186915416,-0.0,0.0006724872929161352,0.0006724872929161352,0.03585368308135206,0.30122214234363764,0.4545454545454546,0.27893601725377426,0.3841015364061457,0.9412928759894459,0.42687779912617124
2024-02-22,1676.8918656716417,0.00395456661980953,-0.002769493898871378,0.00435787585160563,0.00648069538388607,-0.0,0.006758350147712311,0.006758350147712311,0.04172529392175495,0.17456896551724135,0.6112224448897796,0.22054597701149423,0.38451268357810414,0.9413315754779168,0.4232381604014401
2024-02-23,1683.5232462686567,-0.0004190970947721695,6.928433646713472e-05,-0.005528251729897682,0.006664816276934271,0.0004190970947721695,0.01067071869954328,0.01067071869954328,0.04549992804491432,0.15218951902368988,0.62283044058745,0.1608040201005025,0.3755837224816545,0.9413702239789197,0.40935922780894757
2024-02-26,1682.8176865671642,-0.0005284535882137398,0.0019342337037155932,-0.0158991957208231,0.010414169873316226,0.0005284535882137398,0.010255919830976512,0.0158991957208231,0.04509973211684737,0.13271162123385938,0.6837891927951968,0.16786226685796268,0.376,0.9414088215931535,0.4220223262215834
2024-02-27,1681.9283955223882,-0.009732609475162524,0.0011505760722727576,-0.044594844834402125,0.017531404572678433,0.009732609475162524,0.009732609475162524,0.044594844834402125,0.044594844834402125,0.16129032258064516,0.684,0.17849462365591395,0.3417721518987342,0.9414473684210526,0.428719357372911
2024-02-28,1665.558843283582,0.004015997767949253,0.003264244350597467,-0.01297841025390234,0.041267176314381704,-0.0,-0.0,0.0352048706165744,0.0352048706165744,0.5544412607449857,0.7741505662891406,0.2843839541547278,0.4567243675099867,0.9414858645627876,0.6108858124303234
2024-02-29,1672.247723880597,0.006812485983038297,0.0071471637769513485,-0.008217207791903491,0.039991575375166954,-0.0,0.0007487464532667243,0.039063987497924724,0.039063987497924724,0.3328561202576951,0.7876165113182424,0.25196850393700787,0.4484364604125083,0.9415243101182655,0.5379126908191889
2024-03-01,1683.6398880597014,0.0014449415289354839,-0.00559714827166069,-0.009864754421440525,0.037399159324073894,-0.0,0.007510070188414875,0.04556605536746983,0.04556605536746983,0.15307582260371963,0.7445109780439121,0.1587982832618026,0.44880319148936165,0.9415627051871307,0.4537040923477912
2024-03-04,1686.0726492537312,-0.00131018504164504,-0.01779900199498763,-0.022190953466953545,0.037020323680303946,0.00131018504164504,0.01779900199498763,0.04694316676524657,0.04694316676524657,0.07934238741958542,0.7041223404255319,0.15439599714081487,0.4272425249169436,0.9416010498687664,0.4150277462674785
2024-03-05,1683.8635820895522,-0.00764191820410165,-0.04569284780931138,-0.021518919797629543,0.040744184970491704,0.00764191820410165,0.04569284780931138,0.04569284780931138,0.04569284780931138,0.13357142857142856,0.7308970099667775,0.1814285714285714,0.42828685258964144,0.9416393442622951,0.44443004548758547
2024-03-06,1670.9956343283582,0.007901826694930225,-0.01618980711807738,0.001823852313627583,0.05265245050190481,-0.0,0.038343950941929994,0.038343950941929994,0.038343950941929994,0.3590292648108494,0.7656042496679946,0.2740899357601713,0.4970139349701393,0.9416775884665793,0.5491015541415364
2024-03-07,1684.1995522388058,-0.00592759109535812,-0.015255339161395431,0.0021136086880193528,0.04202261989552225,0.00592759109535812,0.04588321641256221,0.04588321641256221,0.04588321641256221,0.24536376604850216,0.7571333775713337,0.1754636233951498,0.4714854111405836,0.9417157825802228,0.4922349220773582
2024-03-11,1674.216305970149,-0.01084332239474839,-0.004291627022551703,0.01226084906689584,0.05228273767742131,0.01084332239474839,0.04019387819166098,0.04019387819166098,0.04019387819166098,0.40270848182466146,0.7884615384615385,0.25445473984319317,0.5115970841616965,0.9417539267015707,0.568573206305586
2024-03-12,1656.06223880597,-0.02967230213515848,-0.004471540428982013,0.026738486016595564,0.05471778115186665,0.02967230213515848,0.02967230213515848,0.02967230213515848,0.02967230213515848,0.6759259259259259,0.7886017229953611,0.35256410256410253,0.4582781456953643,0.9417920209287115,0.6645512876190384
2024-03-13,1606.9230597014923,0.02303749229836627,0.025331391424855854,0.06502607723140486,0.07375106900287687,-0.0,-0.0,-0.0,-0.0,0.8569395017793595,0.9086092715231788,0.5750889679715303,0.8464592984778292,0.9535947712418301,0.8394112371672889
2024-03-14,1643.9425373134327,0.008859177988240763,0.01831009636008818,0.05495886526883198,0.04958869015189715,-0.0,-0.0,-0.0,-0.0,0.6209103840682788,0.8888153540701522,0.41465149359886205,0.8465608465608466,0.9412148922273025,0.7323484134663922
2024-03-15,1658.5065168539325,0.005139972070829835,0.017638021854948116,0.048608206903589135,0.04065322093087098,-0.0,0.006558828697368679,0.006558828697368679,0.006558828697368679,0.6517412935323383,0.9093915343915343,0.3425728500355366,0.8466622604097819,0.9412532637075719,0.7373660021112894
2024-03-18,1667.031194029851,-0.011022051982839676,0.016623819321666566,0.04773480588290435,0.03785533113721096,0.011022051982839676,0.01163897675275627,0.01163897675275627,0.01163897675275627,0.5553977272727273,0.9120951751487112,0.28906250000000006,0.846763540290621,0.9412915851272016,0.6992171213165193
2024-03-19,1648.6570895522386,-0.0006238003295760963,0.031350210177844895,0.06055505147676743,0.06073315834928583,0.0006238003295760963,0.0006238003295760963,0.0006238003295760963,0.0006238003295760963,0.765791341376863,0.9273447820343462,0.39318665720369056,0.8798679867986797,0.953715775749674,0.7922510261843239
2024-03-20,1647.628656716418,0.016031905464859886,0.038714006162814396,0.06363240539637616,0.06541299476485851,-0.0,-0.0,-0.0,-0.0,0.7659574468085107,0.9333333333333332,0.3971631205673759,0.8746701846965699,0.9609120521172639,0.7948593234635066
2024-03-21,1674.0432835820895,0.00819334099494573,0.0359897923429644,0.05073606310220402,0.05375653625273036,-0.0,-0.0,-0.0,-0.0,0.5315379163713678,0.8990765171503958,0.255846917080085,0.8576137112722477,0.9401041666666667,0.6839299025473193
2024-03-22,1687.759291044776,0.004138225394620942,0.030433400073032413,0.03982483708583939,0.05447921976483561,-0.0,-0.0,-0.0,-0.0,0.31444759206798867,0.8740936058009229,0.1536827195467422,0.857707509881423,0.9401431359791802,0.591661028102356
2024-03-26,1694.7436194029851,0.0033038722517113595,0.030602260118198332,0.03953712982915181,0.05190403880710126,-0.0,-0.0,-0.0,-0.0,0.3772116065109696,0.8741765480895916,0.1542816702052371,0.8578011849901251,0.940182054616385,0.6119054693338312
2024-03-27,1700.3428358208955,0.006511702600449976,0.028317094436705936,0.027250653906840006,0.04622665648551827,-0.0,-0.0,-0.0,-0.0,0.5325318246110325,0.8571428571428572,0.15487977369165487,0.8559210526315789,0.940220922677063,0.6565791438759929
2024-03-28,1711.414962686567,0.013367179523114947,0.023989663262185656,0.008192279943185277,0.04524685719878563,-0.0,-0.0,-0.0,-0.0,0.46925795053003533,0.7914473684210526,0.15547703180212014,0.8553583168967783,0.9402597402597402,0.6171617842556718
2024-04-01,1734.2917537313433,0.002786031262837163,0.014233992331034173,-0.0050904118574958135,0.03874760606540617,-0.0,-0.0,0.005106638229950278,0.005106638229950278,0.11581920903954802,0.6042077580539119,0.1560734463276836,0.8304862023653088,0.9402985074626865,0.4463593058334272
2024-04-02,1739.1235447761194,0.00430277637489862,0.009114065025591422,-0.007586232799196013,0.028524932169895267,-0.0,-0.0,0.007870741361293176,0.007870741361293176,0.09880028228652084,0.4507227332457293,0.15666901905434016,0.8305975049244912,0.9403372243839171,0.39623372103504223
2024-04-03,1746.606604477612,0.0010792355846860335,0.008669561533785952,-0.00942936579964837,0.02021205378646629,-0.0,-0.0,0.012121362225177679,0.012121362225177679,0.07404795486600847,0.42219304005252795,0.15726375176304655,0.8307086614173228,0.9403758911211925,0.38008548406489534
2024-04-04,1748.491604477612,0.0022760343003538352,-0.001037073618279205,0.00016793741378196003,0.006436461689190542,-0.0,0.001037073618279205,0.013186366613781475,0.013186366613781475,0.15503875968992248,0.437007874015748,0.15785764622973925,0.8308196721311476,0.9404145077720206,0.41047040129290807
2024-04-05,1752.4712313432838,0.0037127102539995516,-0.01542728787776404,0.0016740646105255497,0.009532966840997581,-0.0,0.01542728787776404,0.01542728787776404,0.01542728787776404,0.20140845070422536,0.4373770491803279,0.15845070422535212,0.8283093053735255,0.9404530744336569,0.42522910514322343
2024-04-08,1758.9776492537312,-0.0022761058986074945,-0.01905320107060937,0.0028746259470799895,-0.010215162116441467,0.0022761058986074945,0.01906919971843346,0.01906919971843346,0.01906919971843346,0.06755805770584095,0.3800786369593709,0.1590429275158339,0.816633922724296,0.9404915912031048,0.3643013437877542
2024-04-09,1754.974029850746,0.003860392202087226,-0.01654946492531939,0.01409312622312986,0.0012185511970177476,-0.0,0.016831403877473283,0.016831403877473283,0.016831403877473283,0.11322081575246132,0.39292730844793716,0.20112517580872008,0.8200261780104712,0.9405300581771171,0.38945124308549195
2024-04-10,1761.7489179104475,-0.008554356295843002,-0.0179433662159022,0.011896553401591348,0.0068389157713877324,0.008554356295843002,0.020612224807645463,0.020612224807645463,0.020612224807645463,0.2157413914265636,0.3239528795811518,0.1595221363316936,0.8005232177894048,0.9405684754521962,0.3935509004152643
2024-04-12,1746.6782899628256,-0.012161905787142047,0.0012062620145731895,0.018472611827024643,0.026372601664897966,0.012161905787142047,0.012161905787142047,0.012161905787142047,0.012161905787142047,0.26615168539325845,0.29038587311968606,0.2752808988764045,0.7915032679738563,0.9406068431245965,0.4163055594025887
2024-04-15,1725.4353531598513,1.6309659987667757e-05,0.017369313893971228,0.03675348243857668,0.04353764948081307,-0.0,-0.0,-0.0,-0.0,0.5950877192982457,0.21372549019607845,0.3824561403508772,0.4363161332462443,0.9406451612903226,0.4726527139137517
2024-04-16,1725.463494423792,0.0002704515491638304,0.022353737268546503,0.04406231324471155,0.05371663901999901,-0.0,-0.0,-0.0,-0.0,0.43057503506311356,0.340953625081646,0.38218793828892006,0.43668407310704965,0.9406834300451322,0.4570586201870992
2024-04-18,1725.9301486988848,0.0024375628412296457,0.03115824340481166,0.03638720679071805,0.06463421003915837,-0.0,-0.0,-0.0,-0.0,0.3076384022424667,0.3492167101827677,0.3791170287316048,0.4370515329419439,0.9407216494845361,0.4196570293348764
2024-04-19,1730.137211895911,0.010778353076021041,0.03038513115329544,0.029923579967664926,0.06842489012242337,-0.0,-0.0,-0.0,-0.0,0.2843137254901961,0.4063926940639269,0.3599439775910364,0.4374185136897002,0.9407598197037992,0.42601725747683394
2024-04-22,1748.7852416356875,0.0037853360260293734,0.017245547163986963,0.006267471732414931,0.058524651140961614,-0.0,-0.0,-0.0,0.004446420316886579,0.15605318404478655,0.32073011734028684,0.265220433869839,0.28729641693811075,0.9407979407979409,0.32749772669780436
2024-04-23,1755.4049814126397,0.004915715019234934,0.019053227063054123,0.007845767908074786,0.06135855581407901,-0.0,-0.0,-0.0,0.008200713885207156,0.11818181818181818,0.23908794788273618,0.2188811188811189,0.28710937500000006,0.9408360128617363,0.2845273306125075
2024-04-24,1764.0340520446098,0.008884776520595938,0.021233918539941277,-0.013052267676191276,0.05554427903607673,-0.0,-0.0,0.013052267676191276,0.013052267676191276,0.09993011879804334,0.25585937500000006,0.15932914046121593,0.28757319453480806,0.9408740359897172,0.2746404001036496
2024-04-25,1779.7071003717474,0.0016859839578045044,0.005070961144276742,-0.012695653577755706,0.04855377460492272,-0.0,0.0004287786296902629,0.021743854905257654,0.021743854905257654,0.04120111731843576,0.30318802862719585,0.1599162011173184,0.28803641092327703,0.9409120102761722,0.26977666431837577
2024-04-26,1782.707657992565,-0.0021112031328810454,-0.00044794045612239763,-0.00499817655589585,0.039306154480059474,0.0021112031328810454,0.0021112031328810454,0.023390403018805905,0.023390403018805905,0.1151430565247732,0.3023407022106632,0.16050244242847175,0.2884990253411306,0.9409499358151475,0.29337440219529426
2024-04-29,1778.944,0.005569096672582763,-0.010791962139503175,0.007756703269321763,0.041729773331425246,-0.0,0.010791962139503175,0.021324219645246112,0.021324219645246112,0.16248256624825663,0.23716699155295648,0.201534170153417,0.2993506493506493,0.9409878127004491,0.2970405628905157
2024-04-30,1788.851111111111,0.007066153363901373,-0.010997913413492433,0.00654366458097555,0.026203923853415745,-0.0,0.016270447119173137,0.026744374311838515,0.026744374311838515,0.1686411149825784,0.3538961038961039,0.16097560975609757,0.29980532121998704,0.9410256410256409,0.3270056673309863
2024-05-02,1801.4914074074077,-0.0070827323566557965,-0.033573293633990864,0.009246886563009982,0.024339794598848163,0.0070827323566557965,0.033573293633990864,0.033573293633990864,0.033573293633990864,0.07033426183844012,0.45944192083062946,0.1615598885793872,0.3002594033722439,0.9410634208840487,0.32644177698291127
2024-05-03,1788.731925925926,-0.003814330541052624,-0.01767697546629443,0.027255260450300467,0.053418585854873246,0.003814330541052624,0.026679525213827326,0.026679525213827326,0.026679525213827326,0.2073764787752262,0.6186770428015564,0.26374391092553934,0.3570965651328581,0.941101152368758,0.43911188294716524
2024-05-06,1781.9091111111109,-0.012438012280877375,-0.004552275248024373,0.037382686350347916,-0.0012882709252856062,0.012438012280877375,0.022952744025311445,0.022952744025311445,0.022952744025311445,0.3268428372739916,0.6843810758263124,0.29694019471488176,0.37435233160621756,0.9411388355726167,0.5036664602658519
2024-05-07,1759.7457037037036,0.005359739056573387,0.018751025769000895,0.051931698953340266,0.041965535782169106,-0.0,0.010647161267029914,0.010647161267029914,0.010647161267029914,0.6817234190410008,0.7402849740932642,0.41487143849895763,0.5333333333333333,0.9411764705882354,0.6707112187960654
2024-05-08,1769.1774814814814,-0.015921564890418294,0.017736644070198038,0.05309620738605436,0.05381252959291549,0.015921564890418294,0.015921564890418294,0.015921564890418294,0.015921564890418294,0.575,0.7236245954692556,0.36388888888888893,0.5336351875808538,0.9412140575079871,0.6239922245396214
2024-05-09,1741.0094074074073,0.009249317137308477,0.044307736856749935,0.06950372797428139,0.08797242136037897,-0.0,-0.0,-0.0,-0.0,0.7696044413601666,0.7910737386804658,0.498265093684941,0.6774402068519716,0.9412515964240104,0.7436920779057017
2024-05-10,1757.1125555555557,0.009495586814892265,0.04574079482451654,0.06203702880943629,0.08587426729772929,-0.0,-0.0,-0.0,-0.0,0.6269070735090153,0.7996121525533292,0.4257975034674064,0.6737726098191215,0.9412890874282067,0.6890731118680027
2024-05-13,1773.7973703703706,0.010680684663781026,0.04212673408723777,0.044526884264995736,0.08497419555772456,-0.0,-0.0,-0.0,-0.0,0.3894663894663894,0.7687338501291989,0.343035343035343,0.6739832149774049,0.9413265306122449,0.591505865803109
2024-05-14,1792.7427407407404,0.004358691210518462,0.03256995315346378,0.03371157934438873,0.07948465113249092,-0.0,-0.0,-0.0,0.007323533394172688,0.19598337950138509,0.673337637185281,0.2368421052631579,0.6541935483870968,0.941363926067559,0.48324995135247234
2024-05-15,1800.5567527675278,0.00977077856689168,0.034743333181405545,0.01953244550063782,0.08421478764962353,-0.0,-0.0,-0.0,0.011631526372924528,0.16262975778546715,0.4567741935483871,0.17370242214532872,0.5435203094777563,0.9414012738853503,0.3864865996403122
2024-05-16,1818.149594095941,0.01063426596449979,0.024126979268935145,0.014954624321148247,0.08454489077488092,-0.0,-0.0,-0.0,0.021195211224265598,0.12240663900414939,0.3862024500322373,0.161134163208852,0.5438144329896907,0.9414385741565882,0.351149188488128
2024-05-17,1837.4842804428044,0.006006788842373378,0.01558343526959205,0.02546915689981888,0.07936505614701872,-0.0,-0.0,0.0009568794953804804,0.03149455570694393,0.051831375259156875,0.3518041237113402,0.16171389080856943,0.544108177720541,0.9414758269720102,0.3186235132417515
2024-05-21,1848.5216605166047,0.0014122784504153607,0.002303126960714774,-0.03727742691723834,0.06020536052669523,-0.0,-0.0,0.03727742691723834,0.03727742691723834,0.020718232044198898,0.37540244687701224,0.162292817679558,0.5444015444015444,0.9415130324221234,0.31566466244413005
2024-05-22,1851.1322878228784,0.006472691442367395,0.0011056163192029178,-0.009474154245078248,0.05830179211617037,-0.0,-0.0,0.0386351417894758,0.0386351417894758,0.09109730848861285,0.4202059202059202,0.16287094547964112,0.5446945337620579,0.9415501905972046,0.35141747262466805
2024-05-23,1863.1140959409595,-0.0005893596548033342,-0.014700155287785788,0.0006802058556827362,0.04997950576884591,0.0005893596548033342,0.014700155287785788,0.04481774181791209,0.04481774181791209,0.08413793103448276,0.42057877813504824,0.16344827586206898,0.5449871465295629,0.9415873015873015,0.34942278769078633
2024-05-24,1862.0160516605165,0.0022032818255259823,-0.008956267272964946,0.0172684703222854,0.05610524931667915,-0.0,0.014119116870827564,0.04425446395871102,0.04425446395871102,0.21088904203997244,0.4595115681233933,0.17711922811853895,0.5452793834296725,0.9416243654822334,0.4035050523429752
2024-05-27,1866.118597785978,-0.007148290152297232,0.00973403197306233,0.022444828044286602,0.05205285813079241,0.007148290152297232,0.016286514914042427,0.046355611308330325,0.046355611308330325,0.1721763085399449,0.4457289659601799,0.16391184573002754,0.5455712451861361,0.9416613823715916,0.38512315082588466
2024-05-28,1852.7790405904057,0.0002158321581431366,-0.03948960430560888,0.03872309262886087,0.06104492678422191,-0.0,0.03948960430560888,0.03948960430560888,0.03948960430560888,0.35030970406056433,0.6309370988446726,0.26909841706813487,0.5798588838999359,0.9416983523447402,0.5162698831805468
2024-05-29,1853.1789298892988,-0.009417817241520576,-0.010568086315587921,0.04428031251921638,0.06173487845552428,0.009417817241520576,0.03969686860293009,0.03969686860293009,0.03969686860293009,0.4126547455295736,0.7504810776138551,0.26409903713892713,0.5737179487179487,0.9417352754908169,0.5696346293272133
2024-05-30,1835.7260294117648,0.005236788425672545,0.015609828039667262,0.06344314242713844,0.07638106320651916,-0.0,0.030566925075404927,0.030566925075404927,0.030566925075404927,0.6041237113402063,0.7480769230769231,0.35670103092783506,0.6406149903907752,0.9417721518987342,0.6523563524929765
2024-05-31,1845.339338235294,0.021104041321907463,0.026461735975150447,0.06856490407172444,0.08419820760688235,-0.0,0.035617193792867985,0.035617193792867985,0.035617193792867985,0.48214285714285715,0.8187059577194106,0.3035714285714286,0.6408450704225352,0.941808981657179,0.6258816446503476
2024-06-03,1884.2834558823529,-0.055548928237855955,0.012588261530996236,0.05255730890057886,0.06402591795016477,0.055548928237855955,0.055548928237855955,0.055548928237855955,0.055548928237855955,0.02127659574468085,0.7477592829705506,0.16403568977350724,0.6084452975047985,0.9418457648546144,0.43251377237160793
2024-06-04,1779.6135294117648,0.03033290357490026,0.08142826697666994,0.10125740287960738,0.13430838668541023,-0.0,-0.0,-0.0,-0.0,0.8223593964334706,0.9161868202175305,0.6454046639231825,0.9782608695652175,0.9418825015792798,0.8557117758085807
2024-06-05,1833.594375,0.016790530380430324,0.05543423258964997,0.06842420786061743,0.10854620225498501,-0.0,-0.0,-0.0,-0.0,0.25839616175462643,0.7461636828644502,0.45099383139136395,0.9744408945686901,0.9419191919191919,0.5955644739092253
2024-06-06,1864.3813970588235,0.015977859238675896,0.047098120820472156,0.049265789034976804,0.09506319060962753,-0.0,-0.0,-0.0,-0.0,0.2589041095890411,0.42939297124600634,0.297945205479452,0.9744572158365262,0.941955835962145,0.4802077085406343
2024-06-07,1894.1702205882352,0.007302980526743941,0.04101776678170621,0.038177511765492556,0.0734340642330773,-0.0,-0.0,-0.0,-0.0,0.11978097193702944,0.235632183908046,0.16427104722792607,0.9700063816209317,0.9419924337957126,0.3583774244484078
2024-06-10,1908.0033088235296,0.008658824699133927,0.0394721614777076,0.028958071158851295,0.06927699479495164,-0.0,-0.0,-0.0,-0.0,0.12038303693570451,0.26292278238672623,0.16484268125854992,0.9700255102040817,0.9420289855072462,0.36662528110688447
2024-06-11,1924.524375,0.005567036301540096,0.018336062139723275,0.021489687014532022,0.05305392596960412,-0.0,-0.0,-0.0,-0.0,0.07723855092276145,0.25191326530612246,0.16541353383458648,0.9700446144040791,0.9420654911838792,0.3496794635513145
2024-06-12,1935.238272058824,0.008759637269927678,0.012307706979614252,0.01671444508438591,0.04769289337088667,-0.0,-0.0,-0.0,-0.0,0.0737704918032787,0.27660930528999367,0.16598360655737707,0.9700636942675159,0.9421019509125235,0.35586575062521925
2024-06-13,1952.1902573529408,0.010078216256909966,0.0020701672282690264,0.01216606724253455,0.03530896419931806,-0.0,-0.0,-0.0,-0.0,0.04709897610921501,0.24140127388535032,0.16655290102389078,0.9700827498408657,0.9421383647798742,0.337138837732333
2024-06-14,1971.8648529411764,0.005807431767524518,-0.0027283444210508545,0.014630186220404351,0.03439137675062898,-0.0,0.00792814744418191,0.00792814744418191,0.00792814744418191,0.021828103683492497,0.25334182049649906,0.16712141882673945,0.9701017811704834,0.9421747328724073,0.3326163000389937
2024-06-18,1983.316323529412,-0.011850731888382815,-0.010114835883540674,0.01089594737750188,0.02944992230562704,0.011850731888382815,0.013656271347656124,0.013656271347656124,0.013656271347656124,0.07566462167689163,0.24173027989821882,0.16768916155419222,0.9701207883026065,0.9422110552763818,0.3465738423922808
2024-06-19,1959.812573529412,-0.00038572866230357494,0.0030968410056917417,0.03001204234303434,0.032910202879675055,0.00038572866230357494,0.0018271930340278963,0.0018271930340278963,0.0018271930340278963,0.3998637602179837,0.2536554354736173,0.3133514986376022,0.9733163913595935,0.9422473320778405,0.47633163667666956
2024-06-20,1959.0566176470588,-0.0014420206004015501,0.004353160678703061,0.037552494691885485,0.008028577202065179,0.0014420206004015501,0.0014420206004015501,0.0014420206004015501,0.0014420206004015501,0.18992511912865898,0.25476493011435836,0.3165418652144316,0.9733333333333333,0.9422835633626099,0.40986423398503324
2024-06-21,1956.2316176470588,0.005241357276426051,0.010075042990443261,0.043647093094278056,0.01899583369862179,-0.0,-0.0,-0.0,-0.0,0.3340136054421769,0.3142857142857143,0.33605442176870753,0.9733502538071065,0.9423197492163008,0.47635780626352836
2024-06-24,1966.484926470588,-0.0016422816241056237,0.017406020259723487,0.0339600425438118,0.011316681973435827,0.0016422816241056237,0.0016422816241056237,0.0016422816241056237,0.0016422816241056237,0.11352821210061183,0.32550761421319796,0.2848402447314752,0.972733037412809,0.9423558897243107,0.4011700755351198
2024-06-25,1963.2554044117649,0.0013377765587305745,0.021225475461889687,0.03918422408669353,0.019894396986582796,-0.0,-0.0,-0.0,-0.0,0.19089673913043476,0.31452124286620164,0.29891304347826086,0.9733840304182511,0.9423919849718222,0.4249666240766733
2024-06-26,1965.881801470588,0.0008662292974537245,0.026832106569449454,0.03090020325836451,0.018359679817563146,-0.0,-0.0,-0.0,-0.0,0.28105906313645623,0.2243346007604563,0.28988458927359134,0.9702343255224827,0.9424280350438048,0.42580965038850205
2024-06-27,1967.584705882353,0.0042468460883959835,0.03305543837861524,0.030469172968157876,0.034399448579688796,-0.0,-0.0,-0.0,-0.0,0.21777476255088196,0.19632678910702978,0.2808683853459973,0.9702531645569621,0.9424640400250156,0.39600279253506604
2024-06-28,1975.9407352941173,0.012537252360137918,0.03323718404569331,0.02286472319688837,0.042800384362262855,-0.0,-0.0,-0.0,0.0005848760179998358,0.24745762711864408,0.17594936708860762,0.22983050847457626,0.9658444022770398,0.9425,0.39133614246362974
2024-07-01,2000.713602941176,0.0021056641371157703,0.01627081219733939,0.01947624937499337,0.03509076966628255,-0.0,-0.0,-0.0,0.012959649975890941,0.06233062330623306,0.0980392156862745,0.1673441734417344,0.9658659924146649,0.9425359150530919,0.29985057468287774
2024-07-02,2004.9264338235291,0.006835222188638745,0.017585488274938665,0.018353990810091148,0.03586828520138474,-0.0,-0.0,-0.0,0.015033658277921358,0.13337846987136084,0.13969658659924145,0.1679079214624238,0.9658875552747946,0.9425717852684145,0.3348647335421063
2024-07-03,2018.630551470588,0.006932189449709192,0.003961793425515392,0.002813715197006683,0.026228820478165327,-0.0,-0.0,-0.0,0.0217204165931163,0.06292286874154263,0.05685407454200884,0.16847090663058187,0.1736111111111111,0.9426076107298814,0.1925417377328068
2024-07-04,2032.624080882353,0.004423523453591205,-0.0025035107646463883,-0.028455348178395345,0.010071169083927467,-0.0,0.002949946436628492,0.028455348178395345,0.028455348178395345,0.16294793779580796,0.10101010101010102,0.16903313049357674,0.17413249211356466,0.942643391521197,0.2376313225132778
2024-07-05,2041.6154411764703,-0.00408921424319042,-0.010038799424727518,-0.023620301880560635,-0.02458953005589759,0.00408921424319042,0.010038799424727518,0.0327340716980985,0.0327340716980985,0.03648648648648649,0.20630914826498423,0.16959459459459458,0.1746532156368222,0.9426791277258567,0.22797709742215785
2024-07-08,2033.266838235294,0.0034020157867509226,0.003154117130180545,-0.02189964760598251,-0.0239695585687435,-0.0,0.005974014205515243,0.028762473370684827,0.028762473370684827,0.06414584740040513,0.3524590163934426,0.23902768399729915,0.1984877126654064,0.9427148194271482,0.2928456667572769
2024-07-09,2040.1840441176475,-0.006644545348143627,0.000755221594654687,-0.018562471073946374,-0.006363506995244683,0.006644545348143627,0.009344240737761078,0.0320554360579155,0.0320554360579155,0.12753036437246965,0.2753623188405797,0.1842105263157895,0.198992443324937,0.9427504667081519,0.28245413134720543
2024-07-10,2026.6279487179488,0.00044775652976136726,-0.0011435477286356743,-0.01216463378430277,-0.002057171313441186,-0.0,0.002717753626836128,0.025580863920133923,0.025580863920133923,0.17666891436277815,0.31863979848866497,0.2791638570465273,0.24858401510383885,0.9427860696517414,0.33115618310429357
2024-07-11,2027.5353846153844,-0.00316409341311108,-0.026016971181164417,0.0038140642288309046,0.0069906414464186994,0.00316409341311108,0.026016971181164417,0.026016971181164417,0.026016971181164417,0.1650943396226415,0.33794839521711767,0.2695417789757412,0.2490566037735849,0.9428216283405843,0.33168860289379376
2024-07-12,2021.1200732600732,0.00918299065230177,-0.013719227024191372,0.019490027090842688,0.008972194687390855,-0.0,0.022925415925576287,0.022925415925576287,0.022925415925576287,0.2713804713804714,0.3641509433962264,0.30437710437710436,0.27027027027027023,0.9428571428571427,0.3812198357584642
2024-07-15,2039.68,0.0010025274380467408,-0.024974990690201038,0.01531621781366832,-0.007434226556834012,-0.0,0.03181623835844116,0.03181623835844116,0.03181623835844116,0.13593539703903096,0.3752357008170961,0.1904441453566622,0.27072864321608037,0.9428926132836747,0.32390532590161314
2024-07-16,2041.7248351648352,-0.008529274824159327,-0.019303114539656607,0.01719863087820861,-0.010880210311298932,0.008529274824159327,0.03278589703512924,0.03278589703512924,0.03278589703512924,0.14391392064559516,0.3894472361809045,0.1694687289845326,0.2711864406779661,0.9429280397022333,0.32750089946170696
2024-07-18,2024.310402930403,-0.0244652934222217,-0.011033703622382873,0.02334940670068386,0.016481151796024385,0.0244652934222217,0.0244652934222217,0.0244652934222217,0.0244652934222217,0.16666666666666663,0.3879472693032015,0.29166666666666663,0.17754077791718947,0.9429634221946683,0.3415014044790822
2024-07-19,1974.7850549450548,0.009422196679187866,0.030627880083467174,0.03965491157826584,0.04893923448653936,-0.0,-0.0,-0.0,-0.0,0.61316319677636,0.43350062735257217,0.5104096709200806,0.6934169278996865,0.942998760842627,0.5932005971516178
2024-07-22,1993.391868131868,-0.00233414072628757,0.03367119690961329,-0.0009926754695982476,0.04243230536175613,0.00233414072628757,0.00233414072628757,0.00233414072628757,0.004445457314844803,0.4114093959731544,0.4031347962382445,0.4348993288590604,0.6929824561403508,0.9430340557275543,0.5082361985297514
2024-07-23,1988.739010989011,0.006825518959084231,0.04132325644897117,-0.002116256228407165,0.05282924967180147,-0.0,-0.0,0.002116256228407165,0.002116256228407165,0.4118041582830315,0.43358395989974935,0.4520456069751845,0.6938008766437069,0.943069306930693,0.5199379750547348
2024-07-24,2002.3131868131868,-0.00016901697029880758,0.03722021142213716,0.012429689836754632,0.049435844805870044,0.00016901697029880758,0.00016901697029880758,0.008881156684165004,0.008881156684165004,0.22922252010723862,0.4189104571070758,0.3914209115281501,0.6933667083854819,0.943104514533086,0.447943427001897
2024-07-25,2001.9747619047623,0.01663046584168515,0.03476671596292524,0.010231930154092517,0.0516893658351365,-0.0,-0.0,0.00871361246224489,0.00871361246224489,0.2572002679169458,0.4624530663329162,0.3931681178834562,0.6935584740462789,0.9431396786155749,0.46990408143999995
2024-07-26,2035.268534798535,0.012402895741579156,0.00875876896913308,0.003164507582415821,0.03728895671280652,-0.0,-0.0,0.024929489283942674,0.024929489283942674,0.07965194109772422,0.40275171982489055,0.22423025435073626,0.69375,0.9431747992588018,0.3701078020145859
2024-07-29,2060.511758241758,0.005051378555251285,-0.033534718276804765,-0.010316758500781842,0.03646227112606493,-0.0,0.033534718276804765,0.03687502789902253,0.03687502789902253,0.0862876254180602,0.403125,0.16923076923076924,0.693941286695815,0.9432098765432099,0.36406645622121525
2024-07-30,2070.920183150183,0.0028584026838345267,-0.0417156847389657,-0.022407250048159466,0.022535769654236093,-0.0,0.0417156847389657,0.0417156847389657,0.0417156847389657,0.06417112299465241,0.45034353529044346,0.1697860962566845,0.6941323345817727,0.9432449105490438,0.37086580565945154
2024-07-31,2076.8397069597067,-0.0025340699743078288,-0.023900924135861312,-0.027604088657950276,0.014156935117889624,0.0025340699743078288,0.04444703988470522,0.04444703988470522,0.04444703988470522,0.03874415497661991,0.43508114856429464,0.17034068136272548,0.6943231441048034,0.9432799013563502,0.3583752437918757
2024-08-01,2071.57684981685,-0.008921642532113805,-0.02371045128369942,-0.00671154432658827,0.026092950941372317,0.008921642532113805,0.04201945013732733,0.04201945013732733,0.04201945013732733,0.13951935914552738,0.4192139737991266,0.21829105473965285,0.7013715710723193,0.9433148490449784,0.3941361993450772
2024-08-02,2053.0949816849816,-0.03004337612830854,-0.005545687986865611,0.00893019674593698,0.032752321238659565,0.03004337612830854,0.03339575257174965,0.03339575257174965,0.03339575257174965,0.17011340893929286,0.48503740648379057,0.31821214142761844,0.7239875389408099,0.9433497536945814,0.4409658733603742
2024-08-05,1991.413076923077,-0.0034562127428541256,0.024023583893904243,0.04346813057828869,0.06388325277611262,0.0034562127428541256,0.0034562127428541256,0.0034562127428541256,0.0034562127428541256,0.7253333333333333,0.6697819314641744,0.5606666666666666,0.910958904109589,0.9433846153846155,0.7319829610849834
2024-08-06,1984.5303296703291,0.021501807441802967,0.02014896245645703,0.05506203126682574,0.06836506931284236,-0.0,-0.0,-0.0,-0.0,0.6155896069287142,0.6811955168119552,0.5796135909393737,0.9103920348475419,0.9434194341943418,0.7029395575404893
2024-08-07,2027.2013186813183,-0.002339427662554572,-0.003793840823802075,0.03655182709535354,0.04759745829612849,0.002339427662554572,0.003793840823802075,0.003793840823802075,0.003793840823802075,0.23235685752330226,0.655258245177349,0.4380825565912117,0.9104477611940298,0.9434542102028273,0.5511997985413613
2024-08-08,2022.458827838828,0.00951828012780842,0.017411747344281858,0.04103754241337465,0.04249591832023292,-0.0,0.001457823634184452,0.001457823634184452,0.001457823634184452,0.24683965402528277,0.6859452736318409,0.4577511643379906,0.9086389061528899,0.9434889434889435,0.5675493002344734
2024-08-09,2041.7091575091572,-0.001202522629714875,0.01455661115642215,0.03401680270031604,0.03260584161348756,0.001202522629714875,0.010872615165129385,0.010872615165129385,0.010872615165129385,0.18218085106382978,0.6401491609695463,0.37433510638297873,0.908695652173913,0.943523634131369,0.5208835575331728
2024-08-12,2039.2539560439564,-0.007226858245742651,0.01898837779736051,0.04726666843017746,0.04256676215306876,0.007226858245742651,0.009681735040896089,0.009681735040896089,0.009681735040896089,0.28039867109634553,0.6857142857142857,0.3833887043189369,0.9075108628181253,0.943558282208589,0.566880983145979
2024-08-13,2024.5165567765569,-0.0024727469871068664,0.03422350077806291,0.04597315160593163,0.04907950740518352,0.0024727469871068664,0.0024727469871068664,0.0024727469871068664,0.0024727469871068664,0.35126162018592294,0.7461204220980757,0.4515272244355909,0.9112903225806452,0.9435928877988964,0.6179620620136139
2024-08-14,2019.5104395604396,0.0188971196461043,0.04049931587706612,0.04294652341575911,0.06332587277801971,-0.0,-0.0,-0.0,-0.0,0.4558725945587259,0.7462779156327544,0.4744525547445255,0.9113453192808432,0.9436274509803921,0.6550046647488215
2024-08-16,2057.67336996337,0.006685295172187189,0.023221468722729677,0.033026151749363075,0.056065693547921125,-0.0,-0.0,-0.0,-0.0,0.1903183023872679,0.6707997520148791,0.30172413793103453,0.9058240396530359,0.9436619718309859,0.5211400407751515
2024-08-19,2071.429523809524,0.0031604052666571736,0.019180981455251267,0.023611271195524974,0.046845950475624676,-0.0,-0.0,-0.0,-0.0,0.032471835652750164,0.6226765799256505,0.21868787276341947,0.7814241486068112,0.9436964504283964,0.42896125412202024
2024-08-20,2077.976080586081,0.007616314881765174,0.02775133774728933,0.01956468204401207,0.041157264280994754,-0.0,-0.0,-0.0,-0.0,0.10596026490066227,0.6111455108359133,0.1695364238410596,0.781559405940594,0.9437308868501529,0.4417472154946006
2024-08-21,2093.8026007326007,0.00358039006829336,0.011360843008333399,0.012608773372351889,0.02385238315141125,-0.0,-0.0,-0.0,-0.0,0.07081403044341496,0.43316831683168316,0.1700860357379219,0.7792207792207794,0.9437652811735942,0.37836350260606755
2024-08-22,2101.2992307692307,0.0019779843515270734,0.0023519549713784116,0.010656130173179346,0.013960811132928574,-0.0,-0.0,-0.0,-0.0,0.11574074074074073,0.4650587507730365,0.17063492063492064,0.7793572311495675,0.9437996334758705,0.40216856087386416
2024-08-23,2105.455567765568,0.0027101057905782877,0.009582170943767121,0.0014008869492614373,0.021695816269561963,-0.0,-0.0,-0.0,-0.0,0.1414408460013219,0.6056860321384425,0.17118307997356247,0.7782581840642372,0.9438339438339437,0.45138683834376564
2024-08-26,2111.161575091575,0.011596043536638012,0.004346911707425738,-0.0013645436738974892,0.027202716922808623,-0.0,0.002330557361517549,0.002330557361517549,0.002330557361517549,0.08190224570673714,0.4830142063001853,0.17173051519154559,0.778395061728395,0.9438682123245882,0.39662005349704943
2024-08-27,2135.642696629214,-0.008453068150277687,-0.007965599656840516,-0.004487783693291503,0.018599593481708032,0.008453068150277687,0.0137669586463256,0.0137669586463256,0.0137669586463256,0.11947194719471947,0.3790123456790123,0.17227722772277226,0.7785317705120296,0.9439024390243902,0.37842041046165786
2024-08-28,2117.589963369964,-0.005359192112202815,0.001233912082562183,0.0029698236465081074,0.02522448161248292,0.005359192112202815,0.005359192112202815,0.005359192112202815,0.005359192112202815,0.14313984168865435,0.6563849475632325,0.2928759894459103,0.8014796547472257,0.9439366240097502,0.4879120637353789
2024-08-29,2106.241391941392,0.009205502780068375,0.008284689984006555,0.019540167117596985,0.03259903371392614,-0.0,-0.0,-0.0,-0.0,0.28477257745550427,0.6868064118372379,0.3493737640079103,0.8133086876155268,0.9439707673568819,0.5521390325821074
2024-08-30,2125.6304029304038,-0.0024895178693815634,-0.00810363359215982,0.022302960829735152,0.027953342123482994,0.0024895178693815634,0.00810363359215982,0.008162096282955611,0.008162096282955611,0.06521739130434784,0.6229205175600739,0.24967061923583664,0.8115763546798029,0.9440048691418137,0.4478807800185293
2024-09-02,2120.338608058608,-0.0008053365412051816,-0.005686735643577245,0.02269873333161221,0.025786444289070287,0.0008053365412051816,0.005686735643577245,0.005686735643577245,0.005686735643577245,0.2521395655036208,0.6114532019704434,0.28044766293614226,0.7858461538461539,0.9440389294403893,0.5059820700125908
2024-09-03,2118.63102189781,0.0007419231086593925,0.0035057412952070877,0.02117823676835684,0.03141575748873149,-0.0,0.004885333439907158,0.004885333439907158,0.004885333439907158,0.25263157894736843,0.4147692307692308,0.2901315789473684,0.2164821648216482,0.9440729483282675,0.3814749008459111
2024-09-04,2120.202883211679,0.0016451565654633793,0.0017337722414287882,0.01110360691584189,0.007493989166768911,-0.0,0.005623084652121246,0.005623084652121246,0.005623084652121246,0.22419460880999342,0.3979089790897909,0.28139381985535833,0.20344191763982789,0.9441069258809235,0.36455285524047126
2024-09-05,2123.690948905109,-0.0071977873806399195,0.011162995179237356,0.003269837149439958,-0.0038978572735527406,0.0071977873806399195,0.00725630346230266,0.00725630346230266,0.00725630346230266,0.12155059132720104,0.46097111247695144,0.25624178712220763,0.20393120393120395,0.944140862173649,0.3463224577700911
2024-09-06,2108.4050729927008,-5.8940321565614795e-05,0.030655011402060728,0.02026653819144153,-0.01524173856576061,5.8940321565614795e-05,5.8940321565614795e-05,5.8940321565614795e-05,0.01524173856576061,0.42219304005252795,0.480958230958231,0.3394615889691399,0.26949048496009825,0.9441747572815534,0.4689852595878032
2024-09-09,2108.280802919708,0.008432269181722019,0.028547812840012954,0.02860629513576729,0.010360534261657506,-0.0,-0.0,-0.0,0.015183693175953361,0.26771653543307083,0.6691221608348681,0.3398950131233596,0.26993865030674846,0.9442086112795635,0.47450063667766895
2024-09-10,2126.058394160584,-0.0010251656538606824,0.01761075671609036,0.023191455410414008,0.015217215557562502,0.0010251656538606824,0.0010251656538606824,0.0010251656538606824,0.023418491334909586,0.1954098360655738,0.6104294478527607,0.24655737704918035,0.2685469037400368,0.9442424242424242,0.4199483938042752
2024-09-11,2123.8788321167885,0.011073545372500382,0.009353617631806088,0.022188761258103762,0.019955440110506872,-0.0,-0.0,-0.0,0.02241630610815748,0.28833551769331583,0.4586143470263642,0.2562254259501966,0.19730392156862744,0.9442761962447002,0.39829745686307255
2024-09-12,2147.397700729927,0.011940291175133622,-0.0078060194720618314,0.012808584710545245,0.012621400165816032,-0.0,0.0078060194720618314,0.0078060194720618314,0.03312306175345481,0.05762933857236412,0.39644607843137253,0.1715782580222659,0.1904470300061237,0.9443099273607749,0.292621141430363
2024-09-13,2173.0382545454545,-0.002103343482445341,-0.010079486438907548,0.005527110367715027,0.0036272950341396104,0.002103343482445341,0.019513315972689127,0.019513315972689127,0.04453163227274781,0.09620418848167539,0.3937538273116962,0.17212041884816753,0.19094247246022034,0.9443436176648519,0.304343346512089
2024-09-16,2168.467608695652,-0.002290888446469519,5.68590930090096e-05,0.0030191794091691815,0.012756404419958844,0.002290888446469519,0.017446668827412304,0.017446668827412304,0.04251771815567362,0.18770438194898628,0.45471236230110157,0.21321124918247222,0.1963302752293578,0.9443772672309554,0.35830956932197566
2024-09-17,2163.499891304348,-0.009131088369845886,0.005484119205198867,0.010025204564457324,0.012700940849296627,0.009131088369845886,0.015190580305860735,0.015190580305860735,0.04031919649061544,0.18823529411764706,0.6073394495412844,0.24705882352941178,0.2017114914425428,0.9444108761329305,0.4087728369913614
2024-09-18,2143.744782608696,-0.006115331568982141,0.012716201143076145,-0.0035699781153815113,0.004820077142142498,0.006115331568982141,0.006115331568982141,0.006115331568982141,0.03147551381893665,0.34487263226649245,0.7200488997555011,0.3494448073154801,0.32070861331704337,0.9444444444444444,0.5216842382105831
2024-09-19,2130.635072463768,0.009621578433918643,0.02077678819583073,-0.007144333615528575,0.010731813087675013,-0.0,-0.0,0.007144333615528575,0.025516222410381872,0.4510443864229765,0.7965791081246182,0.40469973890339433,0.36324786324786323,0.944477972238986,0.5915196940378168
2024-09-20,2151.135144927536,0.00811467420386247,0.015765505000477464,-0.034802941611850935,-0.00946258043334347,-0.0,-0.0,0.034802941611850935,0.034802941611850935,0.21526418786692758,0.7032967032967032,0.31376386170906717,0.3636363636363636,0.9445114595898673,0.4750650687274011
2024-09-23,2168.5909057971016,0.0031236305535942144,0.002962151890890441,-0.017738332888290853,-0.04355855635938055,-0.0,-0.0,0.042572156634468894,0.04355855635938055,0.19752281616688397,0.7040878584502746,0.21186440677966104,0.36402439024390243,0.944544906570223,0.45427601755370045
2024-09-24,2175.364782608696,-0.002004128309781472,0.004516317336615838,-0.0077934973075522995,-0.04321176556562678,0.002004128309781472,0.002004128309781472,0.04555349489957172,0.04653682307056428,0.30684039087947884,0.7810975609756098,0.1719869706840391,0.364411943936624,0.944578313253012,0.5058065459019105
2024-09-25,2171.005072463768,0.001795368270957054,-0.016081681363520284,-0.002184842205512072,-0.04901177851023342,-0.0,0.016081681363520284,0.043636820376856345,0.04901177851023342,0.40104166666666674,0.6508226691042047,0.21223958333333337,0.2746650426309379,0.9446116797110174,0.49323219083670317
2024-09-26,2174.9028260869563,0.004665059331819599,-0.027352818103072662,-0.00018481729672814584,-0.06648513617670448,-0.0,0.027352818103072662,0.045350767319105145,0.06648513617670448,0.14443721535458687,0.6345919610231425,0.1763175016265452,0.23067559342665855,0.9446450060168472,0.39553157016659496
2024-09-27,2185.0488768115943,-0.004592242978546102,-0.0497835832811675,-0.0018893725628946756,-0.06941027710827419,0.004592242978546102,0.0497835832811675,0.0497835832811675,0.07081981686099903,0.22821846553966194,0.6518563603164942,0.17230169050715216,0.23114355231143552,0.9446782922429345,0.42687190088891125
2024-09-30,2175.014601449276,0.004678046222677867,-0.02063934789578492,0.009707915073493778,-0.05891269340002159,-0.0,0.04539982734095516,0.04539982734095516,0.0665331100901051,0.32748538011695905,0.6922141119221412,0.25276153346328784,0.2547112462006079,0.9447115384615385,0.48545595335156255
2024-10-01,2185.189420289855,-0.022468422729926663,-0.01225446957079468,0.002649177736107289,-0.053029698853132023,0.022468422729926663,0.049844697763539836,0.049844697763539836,0.07087957836892922,0.36298701298701297,0.7051671732522796,0.1727272727272727,0.2539489671931956,0.9447447447447448,0.4884402725434626
2024-10-03,2136.0916606498195,-0.00968055647499122,0.014123976446811737,0.008420114883386676,-0.025252317566726745,0.00968055647499122,0.028005514778424057,0.028005514778424057,0.049523879089613754,0.5989617131732641,0.7970838396111786,0.43672939649578196,0.6715239829993928,0.9447779111644659,0.6811637186931484
2024-10-04,2115.413104693141,-0.018504088174019606,0.027932020276211,0.01800477884998175,-0.008189962997967815,0.018504088174019606,0.018504088174019606,0.018504088174019606,0.04023279849257688,0.7010376134889753,0.856709168184578,0.5214007782101168,0.7093446601941747,0.9448110377924415,0.748626137503022
2024-10-07,2076.2693140794227,0.02593806302820978,0.05040347638241727,0.026254080405948566,-0.0026072277081155004,-0.0,-0.0,-0.0,0.022138360493150766,0.7608554763447829,0.9223300970873787,0.6292935839274141,0.7895694360218315,0.9448441247002398,0.8129214738438798
2024-10-08,2130.1237184115525,0.013279681539827282,0.030986810532030118,-0.026286502197538475,-0.022181009323037126,-0.0,-0.0,0.026286502197538475,0.04686094146800224,0.4669689119170984,0.8211036992116434,0.4630829015544041,0.7890909090909091,0.944877171959257,0.6640579202023185
2024-10-09,2158.4110830324908,0.0036372524132648465,0.015088549477339397,-0.03569646858991915,-0.019216575752834197,-0.0,-0.0,0.0390476434672401,0.059352441486280494,0.42718446601941745,0.84,0.33592233009708733,0.7892186553603877,0.9449101796407186,0.6376414524389841
2024-10-10,2166.2617689530684,0.0038033711303995243,-0.005624422354562286,-0.04692946979100299,-0.03116257799249922,-0.0,0.005624422354562286,0.04692946979100299,0.06276141479213282,0.45342820181112553,0.8037552998182919,0.3040103492884864,0.788135593220339,0.9449431478156792,0.6305322639778299
2024-10-11,2174.5008664259926,0.0029522356547602158,-0.009657488268107306,-0.06631257459075135,-0.04445710691484783,-0.0,0.009657488268107306,0.06631257459075135,0.06631257459075135,0.453781512605042,0.8401937046004843,0.25533290239172596,0.7882637628554144,0.9449760765550239,0.6339462820211965
2024-10-14,2180.9205054151626,0.006973639355872363,-0.022990590301204206,-0.06764871817741891,-0.05507152609407595,-0.0,0.022990590301204206,0.06906092611707804,0.06906092611707804,0.2558139534883721,0.8820326678765881,0.21124031007751934,0.788391777509069,0.945008965929468,0.5760722355968092
2024-10-15,2196.1294584837547,-0.002345527952640314,-0.05555193543166015,-0.0679608503103798,-0.07193453527917482,0.002345527952640314,0.05555193543166015,0.07550799991307333,0.07550799991307333,0.2027114267269206,0.8440145102781138,0.17236927049709488,0.7867069486404834,0.945041816009558,0.5418941719307698
2024-10-16,2190.978375451264,-0.01684205468697464,-0.0500301358865759,-0.055531763078844,-0.09448705410180214,0.01684205468697464,0.053331497998331034,0.07333448003324328,0.09448705410180214,0.3303225806451613,0.834441087613293,0.22,0.7868357487922705,0.9450746268656717,0.5872074290072934
2024-10-17,2154.077797833935,-0.0002679327622341354,-0.04153867850842241,-0.0333912740862049,-0.07484385317181463,0.0002679327622341354,0.04153867850842241,0.05746017271749981,0.07897510240850092,0.7021276595744682,0.8502415458937197,0.4036105738233398,0.8436934218467108,0.9451073985680191,0.7455606902160202
2024-10-18,2153.5006498194944,-0.010550632629589107,-0.05720756773691016,-0.02573145273202071,-0.07828117952069247,0.010550632629589107,0.05720756773691016,0.05720756773691016,0.0787282635273796,0.5689432989690721,0.7827398913699456,0.40850515463917525,0.8383594692400483,0.9451401311866428,0.6832841766906127
2024-10-21,2130.7798555956674,-0.02658634060219811,-0.045709004880498005,-0.028122965516149345,-0.06107707032135279,0.02658634060219811,0.047154444326259815,0.047154444326259815,0.06890461821101701,0.5692208628461044,0.8733413751507841,0.5067611075338055,0.8710066305003014,0.9451728247914184,0.7285869027023427
2024-10-22,2074.1302166064984,0.0034873475823635758,-0.01313880068608242,0.004216325319271963,-0.042637867333432666,-0.0,0.021129869635059473,0.021129869635059473,0.04347409469782748,0.8326898326898328,0.9710669077757685,0.6673101673101673,0.9337349397590361,0.9571173317450864,0.8747327384510769
2024-10-23,2081.363429602888,-0.008053940343568766,-0.0057913702319416505,0.017089943467267776,-0.03592912450559982,0.008053940343568766,0.02453166676862606,0.02453166676862606,0.04679824054915305,0.6784565916398714,0.9608433734939759,0.645016077170418,0.9337748344370861,0.9642857142857142,0.8197935857956611
2024-10-24,2064.6002527075807,-0.016611514572439923,0.008500504130452002,0.016543258131217486,-0.012420901007969998,0.016611514572439923,0.016611514572439923,0.016611514572439923,0.03905887807952346,0.7024421593830334,0.9686935580975315,0.6889460154241646,0.9362214199759326,0.969066032123736,0.8372533635897301
2024-10-25,2030.3041155234655,0.0015169713886526992,0.03338604970484749,0.023407691997483937,0.005155135979632464,-0.0,-0.0,-0.0,0.022826547025638355,0.8503532434168274,0.9825511432009627,0.7668593448940271,0.9482862297053518,0.9732461355529132,0.9024028144437367
2024-10-28,2033.3840287769783,0.006636525184405606,0.018428382384711117,0.013489756842245848,0.0032418897975075023,-0.0,-0.0,-0.0,0.024306645927864357,0.6514762516046213,0.9801563439567047,0.7586649550706034,0.9483173076923077,0.976232917409388,0.8370831813852192
2024-10-29,2046.8786330935247,0.010958563902447205,0.017586187416649857,-0.004263431391394068,-0.006393301221370051,-0.0,-0.0,0.004263431391394068,0.030739169837495584,0.48877485567671586,0.9741586538461539,0.7209749839640796,0.9465465465465465,0.9786223277909738,0.7775653910654128
2024-10-30,2069.309483394834,0.006205409288297048,0.023014599767201327,-0.04124573966610812,-0.00945813324708511,-0.0,-0.0,0.04124573966610812,0.04124573966610812,0.5076923076923077,0.957957957957958,0.6756410256410256,0.946578631452581,0.9810089020771514,0.7723375080922147
2024-10-31,2082.1503956834536,0.007654372128869769,0.00797496279657306,-0.04288454880895265,-0.006685020035479217,-0.0,0.005424386496106881,0.04715851109165481,0.04715851109165481,0.47021140294682895,0.9471788715486195,0.6393337604099936,0.9196160767846431,0.9827995255041518,0.7486516302295331
2024-11-01,2098.087949640288,-0.012979409395450836,-0.009655982592578383,-0.05393762011103653,-0.00739139976749037,0.012979409395450836,0.012979409395450836,0.05439651207459306,0.05439651207459306,0.5390524967989756,0.9184163167366526,0.5915492957746479,0.9100719424460432,0.984588026081802,0.7541621678650813
2024-11-04,2070.8560071942447,0.005804081557695406,-0.004849261497309243,-0.03390768959028323,0.00926005610198688,-0.0,0.004849261497309243,0.041961741298400135,0.041961741298400135,0.5687779910428663,0.8848920863309353,0.6711452335252719,0.9011384062312762,0.9863744075829384,0.7650537905699054
2024-11-05,2082.8754243542435,0.016351620551649404,-0.021472008050260283,-0.04665746958237138,0.005867954636167516,-0.0,0.021472008050260283,0.04749018594368826,0.04749018594368826,0.5351662404092071,0.9221090473337328,0.6381074168797954,0.9011976047904191,0.9881586737714625,0.7603663957085751
2024-11-06,2116.93381294964,-0.008587110854643032,-0.06281468460756334,-0.0521281999821227,-0.006776339846757851,0.008587110854643032,0.06281468460756334,0.06281468460756334,0.06281468460756334,0.2568690095846645,0.9101796407185628,0.5469648562300319,0.9012567324955117,0.9390532544378698,0.6482475383283798
2024-11-07,2098.755467625899,-0.009970965664098164,-0.05045711796691743,-0.028492795468866183,0.0045674671526449995,0.009970965664098164,0.05469726523292118,0.05469726523292118,0.05469726523292118,0.40229885057471265,0.9389587073608618,0.5881226053639846,0.9043062200956937,0.9390892962743937,0.7098362493336178
2024-11-08,2077.828848920863,-0.008188818842135959,-0.04471338922648427,-0.017835078005155824,0.015363482324351363,0.008188818842135959,0.04517675544619226,0.04517675544619226,0.04517675544619226,0.6011486917677089,0.9455741626794258,0.6522016592214421,0.9097429766885834,0.9515366430260047,0.7872675292561603
2024-11-11,2060.813884892086,-0.010996615746527216,-0.02920002665796695,-0.010111465829381383,0.027222951547331675,0.010996615746527216,0.03729332488556514,0.03729332488556514,0.03729332488556514,0.6798469387755103,0.9551703526598924,0.6970663265306122,0.9175627240143369,0.9592439456585943,0.8239000715591941
2024-11-12,2038.15190647482,-0.026589099246497994,-0.025738110446823836,-0.002138989263949731,0.03134616005361224,0.026589099246497994,0.026589099246497994,0.026589099246497994,0.026589099246497994,0.7858508604206501,0.970131421744325,0.7514340344168261,0.9241791044776119,0.9645808736717828,0.8718628778540355
2024-11-13,1983.959283154122,0.004485491377583362,0.011402744419833022,0.03315511360330503,0.05751375680448323,-0.0,-0.0,-0.0,-0.0,0.8707006369426752,0.986268656716418,0.8579617834394904,0.9564439140811456,0.9693215339233038,0.9242925492470092
2024-11-14,1992.8583154121864,-0.003982338582609213,0.02313146979841818,0.03782148614195524,0.05909263569485401,0.003982338582609213,0.003982338582609213,0.003982338582609213,0.003982338582609213,0.7848504137492043,0.9803102625298328,0.8453214513049013,0.9463327370304114,0.972877358490566,0.8923250704897487
2024-11-18,1984.9220788530467,0.007917683938587272,0.028136384325081698,0.04919994847380904,0.05682178617776157,-0.0,-0.0,-0.0,-0.0,0.8097964376590331,0.9833035181872392,0.8568702290076335,0.9481525625744935,0.9758397171479081,0.903499991424751
2024-11-19,2000.638064516129,-0.007469785356291725,0.01966271255949059,0.04468283747539914,0.04350916876411204,0.007469785356291725,0.007469785356291725,0.007469785356291725,0.007469785356291725,0.6783216783216782,0.9767580452920143,0.8270820089001907,0.9416319237641453,0.9787985865724381,0.8545151708250834
2024-11-21,1985.6937275985665,0.010519314187479756,0.02422256421596991,0.0550960673028289,0.05007503542311276,-0.0,-0.0,-0.0,-0.0,0.653748411689962,0.9505658129839191,0.8532401524777637,0.8970238095238094,0.9811653914067098,0.8378364286275638
2024-11-22,2006.5818637992836,0.016134000876041332,0.021507128889540317,0.04784598522132377,0.0171638772753524,-0.0,-0.0,-0.0,-0.0,0.4685714285714285,0.9422619047619046,0.8139682539682539,0.8970850684116597,0.9835294117647058,0.770422464148919
2024-11-25,2038.95605734767,0.0008899416761765089,0.014357897080842674,0.03402986871051228,0.0005256859018054616,-0.0,0.002532539090526309,0.002532539090526309,0.002532539090526309,0.38197969543147203,0.9071980963712076,0.7442893401015227,0.8929845422116527,0.9858906525573192,0.7217011277935056
2024-11-26,2040.7706093189963,-0.0003893497883018515,0.020487130374784224,0.033801411133762116,0.003248925987341833,0.0003893497883018515,0.0034194376666143445,0.0034194376666143445,0.0034194376666143445,0.5377298668357641,0.7080856123662307,0.7374762206721622,0.8354129530600118,0.9336075205640424,0.6994754613557904
2024-11-27,2039.9760357142852,-0.003031268101906126,0.024537648192611394,0.037715779189213317,0.0062319566883772826,0.003031268101906126,0.003031268101906126,0.003031268101906126,0.003031268101906126,0.42395437262357416,0.7332144979203803,0.7401774397972117,0.8355106888361044,0.9336465061655902,0.6707693628516488
2024-11-28,2033.7923214285715,0.0078402091378027,0.03014335376461097,0.033556927224626776,0.01107260582204872,-0.0,-0.0,-0.0,-0.0,0.5997466751108297,0.8034441805225653,0.7574414186193793,0.8415430267062315,0.9336854460093896,0.7509345462609529
2024-11-29,2049.7376785714287,0.009022374030265734,0.025784309856374588,0.023576946849948932,0.0016535494959188934,-0.0,-0.0,-0.0,0.004737079710988912,0.35822784810126584,0.8557863501483679,0.7113924050632912,0.8416370106761566,0.9337243401759531,0.6818691462794818
2024-12-02,2068.2311785714287,0.006937795172213379,0.019393521444730943,0.020495961817068364,-0.0028842996331314152,-0.0,-0.0,-0.0,0.01363642085189476,0.3092979127134725,0.8030842230130487,0.6736242884250474,0.8417308832246592,0.9337631887456037,0.645126201233434
2024-12-03,2082.5801428571426,0.003578305098325796,0.013046985466723227,0.007264428210313367,-0.0019320351479620301,-0.0,-0.0,-0.0,0.020432459803129466,0.3268015170670038,0.7462951985773562,0.6333754740834386,0.841824644549763,0.9338019917984769,0.6281062971571766
2024-12-04,2090.03225,0.0024235955484142035,0.012862515125578566,-0.0011234689316075297,0.0031047325392954406,-0.0,-0.0,0.0011234689316075297,0.02392515340305479,0.3284902084649399,0.6569905213270143,0.6127605811749841,0.7915926583777383,0.93384074941452,0.5934194798459302
2024-12-05,2095.0976428571425,0.0035755408194921845,0.0033136877965003197,-0.004758838588557857,-0.0032242700528392065,-0.0,-0.0,0.004758838588557857,0.026285044634303478,0.2727272727272727,0.67554766133807,0.5946969696969697,0.7917159763313609,0.9338794616734932,0.578255286854984
2024-12-06,2102.5887500000003,0.002736014965225353,-0.0021518783093248395,-0.029281123732597725,-0.02824523421526337,-0.0,0.0021518783093248395,0.029281123732597725,0.02975419810392399,0.3848580441640378,0.7467455621301775,0.5741324921135647,0.79183914843288,0.9339181286549707,0.6318763674944808
2024-12-09,2108.3414642857147,0.0006688060034190091,0.0010814669204244343,-0.03240156191086441,-0.02119491099176596,-0.0,0.004874556415249143,0.03240156191086441,0.03240156191086441,0.2540983606557377,0.6102897693672383,0.5554854981084489,0.7641843971631207,0.9339567504383401,0.5440106449879322
2024-12-10,2109.751535714286,0.0033955589523297913,-0.0057080839678385065,-0.029553533993452175,-0.03525698870683003,-0.0,0.0057080839678385065,0.0330482650362246,0.03525698870683003,0.32955261499684935,0.40839243498817973,0.553875236294896,0.7377436503248671,0.9339953271028036,0.5058565091085645
2024-12-11,2116.915321428572,-0.007026818186463446,-0.013808373642351546,-0.03033954299647912,-0.04536791659470707,0.007026818186463446,0.013808373642351546,0.036320495604551195,0.04536791659470707,0.36460957178841313,0.3160070880094507,0.5396725440806045,0.7107438016528925,0.9340338587273789,0.4847377134743221
2024-12-12,2102.0401423487547,-0.001891451734535976,-0.008045864900724231,-0.021754313488038246,-0.05537934699181768,0.001891451734535976,0.008045864900724231,0.02950097540860741,0.05537934699181768,0.3650094398993077,0.3541912632821724,0.5770925110132158,0.7002949852507375,0.9340723453908986,0.5003986996465764
2024-12-13,2098.064234875445,0.005985198523533075,-0.027187750153106705,-0.02141841648690823,-0.08813584247323636,-0.0,0.027187750153106705,0.02766184471824429,0.08813584247323636,0.329559748427673,0.17463126843657817,0.5861635220125786,0.15153301886792453,0.9341107871720117,0.3717648046781045
2024-12-16,2110.621565836299,-0.006117946129309937,-0.03344685716167639,-0.022910684926738534,-0.0835367654497684,0.006117946129309937,0.03344685716167639,0.03344685716167639,0.09356105948169935,0.272784412319296,0.1875,0.5499685732243872,0.1520329994107248,0.934149184149184,0.3519245001663229
2024-12-17,2097.7088967971526,-0.004778896209760686,-0.023982343254656757,-0.009130138125313825,-0.07597607155730213,0.004778896209760686,0.02749713703545964,0.02749713703545964,0.08798137868758249,0.36620603015075376,0.18326458456098998,0.5873115577889447,0.17137809187279152,0.934187536400699,0.3886060608886014
2024-12-18,2087.6841637010675,-0.0012246835024208869,-0.016762634068576476,0.004232957066656162,-0.06745151032352803,0.0012246835024208869,0.02282733026779471,0.02282733026779471,0.08360200779600646,0.5718769617074702,0.25559481743227325,0.6220966729441306,0.2113007651559741,0.9342258440046565,0.48569670465576537
2024-12-19,2085.1274113475174,-0.021152099605525887,-0.013819639540029738,0.0015419062185313415,-0.06537543134542967,0.021152099605525887,0.021629135610928163,0.021629135610928163,0.08247833414872463,0.5414052697616061,0.21365509123013535,0.628607277289837,0.1376470588235294,0.9342641070389761,0.4557895596678373
2024-12-20,2041.0225886524825,-0.00048734436188713204,0.005930572592097283,0.0010671364724228471,-0.041156069990679556,0.00048734436188713204,0.00048734436188713204,0.00048734436188713204,0.06265144412986379,0.8351097178683385,0.6305882352941176,0.7373040752351097,0.5861258083480305,0.9343023255813954,0.7421211834093777
2024-12-23,2040.0279078014185,0.003614173196455628,0.010900768688204776,0.011581923324752275,-0.05920808267134925,-0.0,-0.0,-0.0,0.062194409862964206,0.8527568922305764,0.7360376249265138,0.7412280701754385,0.5863689776733255,0.9343404997094713,0.7791677660657145
2024-12-24,2047.400921985816,0.002582862971087785,0.01521714799593843,-0.0058771451215109405,-0.07694556130173758,-0.0,-0.0,0.0058771451215109405,0.07694556130173758,0.7639323731997496,0.7890716803760282,0.7182216656230431,0.5866118614210217,0.9471544715447154,0.7642177414057147
2024-12-26,2052.6890780141844,0.0017648187210990152,0.02135353258807804,-0.015498593852810272,-0.06972968052766637,-0.0,-0.0,0.015498593852810272,0.07932354243234141,0.8110137672090113,0.8614210217263653,0.7083854818523154,0.585680751173709,0.9338363319791061,0.7972707923500173
2024-12-27,2056.3117021276594,-0.001548734487951453,0.01557681168117786,-0.034372789951850446,-0.08633297033566278,0.001548734487951453,0.001548734487951453,0.034372789951850446,0.08633297033566278,0.7861163227016885,0.8550469483568075,0.7010631644777986,0.5794721407624635,0.9338747099767981,0.785581517164709
2024-12-30,2053.127021276596,0.004451141488345689,-0.004834763205518455,-0.06817768401773272,-0.11165128251554401,-0.0,0.004834763205518455,0.06817768401773272,0.11165128251554401,0.680625,0.8950146627565982,0.708125,0.5808909730363423,0.933913043478261,0.7646773051072894
2024-12-31,2062.265780141844,0.00789943994499609,0.0006738095940233002,-0.062047634323464274,-0.13272832392940836,-0.0,0.009244754981416747,0.07230697692120758,0.13272832392940836,0.6352279825109306,0.8868698710433763,0.6876951905059338,0.5811364967779731,0.9339513325608344,0.7447022197840265
2025-01-01,2078.556524822695,0.008642880815372456,-0.02077810954936088,-0.06746186961980905,-0.11723909197696702,-0.0,0.02077810954936088,0.07957779683911792,0.1395255898565425,0.5106117353308365,0.9197422378441711,0.6448189762796503,0.5813817330210773,0.9339895773016792,0.7079174842933698
2025-01-02,2096.521241134752,-0.003901109468760211,-0.03608165563152854,-0.07138230914027466,-0.12066569958936757,0.003901109468760211,0.03608165563152854,0.08746473041397362,0.14689884149297483,0.45414847161572053,0.8946135831381733,0.5913911416094823,0.5816266822703335,0.9340277777777777,0.674458741048647
2025-01-03,2088.342482269504,-0.02161611151183107,-0.04918347982989302,-0.06681431615439559,-0.10247436201605353,0.02161611151183107,0.04918347982989302,0.08389088848462345,0.14355776658676023,0.5704488778054863,0.9157401989467524,0.6172069825436409,0.591812865497076,0.9340659340659342,0.7230253441095107
2025-01-06,2043.2006382978725,0.010011114879592498,-0.06365065666506564,-0.042178196571200366,-0.08182182846650521,-0.0,0.06365065666506564,0.06365065666506564,0.12463579634713473,0.8355140186915888,0.950877192982456,0.7327102803738318,0.7597895967270601,0.9473988439306358,0.857490735327187
2025-01-07,2063.6553546099294,-0.01370737846382597,-0.06267921006440036,-0.06997950869212555,-0.10086180882325124,0.01370737846382597,0.07293164447347666,0.07293164447347666,0.13331230641236957,0.7353673723536737,0.9392168322618352,0.684931506849315,0.7599299065420562,0.9335644136337378,0.8131925033666874
2025-01-08,2035.36804964539,-0.007120464507621604,-0.04767434278758231,-0.0714885648503808,-0.08166326418996117,0.007120464507621604,0.060047357869723816,0.0714885648503808,0.12126718312285067,0.7859365276913504,0.9608644859813085,0.7579340385812072,0.822533566841798,0.947459584295612,0.85590788753867
2025-01-09,2020.875283687943,-0.017440339865372967,-0.03662203724515056,-0.05508482398932024,-0.06592136272230642,0.017440339865372967,0.05330646011940943,0.06482971804916737,0.11496532513244173,0.8115671641791045,0.9708114419147694,0.7916666666666667,0.8296382730455076,0.9555683785343335,0.8739157015651673
2025-01-10,1985.6305319148933,-0.03650274045356405,-0.01854283760377684,-0.05380977238744278,-0.0510581653669806,0.03650274045356405,0.03650274045356405,0.05380977238744278,0.09925604441536529,0.8924798011187073,0.9725787631271879,0.8570540708514605,0.8903790087463557,0.9613610149942331,0.9182401593178457
2025-01-13,1913.1495759717316,0.011058984321877352,0.022932103543094495,-0.04665438652001397,-0.01341773882458619,-0.0,-0.0,0.04665438652001397,0.0651307550073803,0.9608695652173913,0.9825072886297376,0.937888198757764,0.9574592074592074,0.9665706051873199,0.9639624328607179
2025-01-14,1934.307067137809,0.002081442227190644,-0.007788474027367709,-0.07535637436658393,-0.040653832993946315,-0.0,0.007788474027367709,0.07535637436658393,0.07535637436658393,0.8336436995654872,0.9801864801864801,0.9230291744258224,0.9574839836924869,0.9706221198156681,0.9207429835815535
2025-01-15,1938.3332155477028,0.0044024929071881935,-0.025006385034827106,-0.05337821664929032,-0.06771051883671841,-0.0,0.025006385034827106,0.07727696904721038,0.07727696904721038,0.8523573200992556,0.9772859638905067,0.9199751861042184,0.9563445867287544,0.9740932642487047,0.925698064291755
2025-01-16,1946.8667137809189,0.0009988324448770847,-0.019164634710320705,-0.05307177639860139,-0.07527174950751714,-0.0,0.02927997306825958,0.08132144487015536,0.08132144487015536,0.7836329820210787,0.9662398137369034,0.9138251704897706,0.9557882489819662,0.977560414269275,0.8998578986885998
2025-01-17,1948.8113074204944,0.004213241522965427,-0.03593323899900214,-0.038213237171304426,-0.0816483945273514,-0.0,0.03593323899900214,0.0822381351973911,0.0822381351973911,0.7837670384138786,0.9604421175101804,0.909541511771995,0.9552325581395348,0.9804485336400229,0.8978306922341092
2025-01-20,1957.0221201413428,-0.01930502111757515,-0.06802649933664628,-0.04138936047748032,-0.10581958678619785,0.01930502111757515,0.06802649933664628,0.08608866438491336,0.10581958678619785,0.83343653250774,0.9151162790697674,0.896594427244582,0.9424753050552005,0.9833333333333333,0.8973640448283188
2025-01-21,1919.2417667844525,-0.015307742077618869,-0.06809828204019464,-0.03320604268374383,-0.0890243905582413,0.015307742077618869,0.06809828204019464,0.06809828204019464,0.0890243905582413,0.8527227722772277,0.9465427077280651,0.9313118811881188,0.9547038327526133,0.9862148190695003,0.9197660588704532
2025-01-22,1889.8625088339224,0.01042044881871007,-0.029099505041862872,-0.010958076502246672,-0.08068210843913359,-0.0,0.053611206483901275,0.053611206483901275,0.08068210843913359,0.8998144712430427,0.9680603948896632,0.9486703772418059,0.958792803250145,0.9885189437428243,0.9445172885062462
2025-01-23,1909.5557243816252,-0.01611449147135735,-0.03456965652769528,-0.01146826615563179,-0.07811083728113377,0.01611449147135735,0.06337129793589502,0.06337129793589502,0.09016301814195493,0.8788627935723115,0.9495066744051073,0.9394313967861558,0.9588167053364269,0.9902467010900746,0.9311983114383535
2025-01-24,1878.784204946996,-0.029216473408024468,-0.0023649795476144986,0.002908090720197931,-0.05145121197373059,0.029216473408024468,0.0480307983549918,0.0480307983549918,0.0752613246447078,0.9314391599752935,0.9692575406032482,0.9567634342186535,0.9669565217391305,0.9913990825688075,0.9575432068363128
2025-01-27,1823.8927561837456,-0.01938055645939596,0.028581433742704387,0.034863167381768756,-0.030685522645860885,0.01938055645939596,0.01938055645939596,0.01938055645939596,0.04743060628390339,0.9537037037037037,0.9831884057971014,0.9876543209876543,0.980880648899189,0.9925501432664757,0.9752215067818784
2025-01-28,1788.5446996466433,0.025900244814787587,0.03744197342273359,0.03753072038847938,-0.017489305063594585,-0.0,-0.0,-0.0,0.028604419389473446,0.9537322640345465,0.9878331402085747,0.9913633559531153,0.9837869137232196,0.9936998854524627,0.9776301112677424
2025-01-29,1834.868445229682,0.00472763791983466,0.01868515737073384,-0.015140473671223509,-0.04538345558140067,-0.0,-0.0,0.015140473671223509,0.053128619941114286,0.8051787916152898,0.9797336421540244,0.9839704069050554,0.9837962962962963,0.9948483113909561,0.9266783468983908
2025-01-30,1843.543038869258,0.016705810067524585,0.023928593635224038,-0.023444198362240987,-0.06711946166981897,-0.0,-0.0,0.023444198362240987,0.06711946166981897,0.7788046826863833,0.9837962962962963,0.9827479975354282,0.9838056680161944,0.9954233409610984,0.9192948207494189
2025-01-31,1874.340918727915,0.0008970125998402079,0.005285570534022899,-0.04516090159974806,-0.0997416158924983,-0.0,0.010045971777914664,0.04516090159974806,0.0997416158924983,0.7801724137931035,0.9676113360323888,0.9575123152709359,0.9820809248554913,0.995997712978845,0.9110594187075941
2025-02-01,1876.02222614841,-0.010933177180067921,0.006107181631897385,-0.06721209180487497,-0.09766656981567146,0.010933177180067921,0.010933177180067921,0.06721209180487497,0.10054843527899893,0.7550769230769231,0.9358381502890174,0.955076923076923,0.9780473714615829,0.9965714285714286,0.8929590585816182
2025-02-03,1855.511342756184,0.007352101716039616,8.554402850413645e-05,-0.05773551587914838,-0.08166563864138732,-0.0,-0.0,0.05773551587914838,0.09060586810851523,0.8505535055350554,0.9601386481802427,0.9741697416974169,0.978637413394919,0.9971444888635065,0.9336665597028769
2025-02-04,1869.1532508833925,0.00989923121780878,-0.03320518689922092,-0.07049653839779346,-0.06784828874518734,-0.0,0.03320518689922092,0.07049653839779346,0.09724302918282679,0.7547633681622617,0.9555427251732102,0.9612784265519361,0.9763416041546451,0.9977168949771689,0.8994706865538757
2025-02-05,1887.6564310954063,-0.001805705307703409,-0.04626571842210081,-0.06741571245905387,-0.06778696930878514,0.001805705307703409,0.04626571842210081,0.07960771444360382,0.10609203085681718,0.6953316953316954,0.9076745527986151,0.9434889434889435,0.9757785467128027,0.9982886480319452,0.8637715054354985
2025-02-06,1884.247879858657,0.0017150369677265687,-0.05018123567313626,-0.05420167929335651,-0.06481223504814881,-0.0,0.05018123567313626,0.07794275077467128,0.10447497656882632,0.7550644567219154,0.8489042675893888,0.9478207489257214,0.9717579250720461,0.9988597491448119,0.8660026160501889
2025-02-07,1887.479434628975,-0.016852826777341456,-0.07287421735510247,-0.0633404416097536,-0.08014938448344078,0.016852826777341456,0.07287421735510247,0.07952140559208187,0.10600820554516055,0.805521472392638,0.7014409221902017,0.9441717791411043,0.9279953917050692,0.9994301994301995,0.833381162409685
2025-02-10,1855.6700706713784,-0.026180517536330328,-0.057816114084341286,-0.05302977962086086,-0.06691508698395932,0.026180517536330328,0.057816114084341286,0.06374282561309619,0.09068365469187756,0.8706315144083385,0.8721198156682027,0.9736358062538321,0.9435808865860679,1.0,0.9104392423432937
2025-02-11,1807.0876678445231,-0.003743602365409271,-0.038572146843619204,-0.030707914277798287,-0.044069191890189874,0.003743602365409271,0.038572146843619204,0.038572146843619204,0.06623726298056853,0.9589460784313725,0.9337938975244674,0.9895833333333333,0.9568469505178366,1.0,0.96074449080502
2025-02-12,1800.3226501766785,-0.0059037513318921375,-0.02217598176502744,-0.04472377639284031,-0.04363512176903017,0.0059037513318921375,0.034959418640525874,0.04472377639284031,0.06272849114298074,0.9559093692590325,0.9476409666283083,0.9902020820575628,0.9568717653824037,1.0,0.9639076268982191
2025-02-13,1789.6939929328623,-0.02221784563916618,-0.004232853436065276,-0.0571622112921385,-0.03119146809127249,0.02221784563916618,0.029228223471884696,0.0571622112921385,0.0571622112921385,0.9467564259485924,0.9396204715353652,0.9908200734394125,0.9632183908045977,1.0,0.959494029793841
2025-02-14,1749.9308480565371,-0.0008848406185378854,0.010283152430677678,-0.0326488773527559,-0.008214108986299817,0.0008848406185378854,0.007169672509825253,0.035738395814571944,0.035738395814571944,0.9883792048929664,0.9695402298850574,0.9926605504587155,0.9753015508328546,1.0,0.983298864173063
2025-02-17,1748.3824381625443,-0.006290397890848065,0.0050800427974087015,-0.025396396834977963,0.02309625290371531,0.006290397890848065,0.006290397890848065,0.034884422349883426,0.034884422349883426,0.9688264058679706,0.9586444572085009,0.9926650366748165,0.9667049368541906,1.0,0.9728166020428545
2025-02-18,1737.384416961131,0.013246527785899076,0.008179742806496026,0.002849101441797064,0.03449240615337157,-0.0,-0.0,0.028775030852418615,0.028775030852418615,0.9755650580329871,0.9265212399540758,0.9926695174098961,0.9529546758462422,1.0,0.9639445561497602
2025-02-19,1760.3987279151945,0.012337973383961032,-0.023059154006579652,-0.0003980946866585233,0.03329171607015646,-0.0,0.023059154006579652,0.04147219604111674,0.04147219604111674,0.8864468864468864,0.9317269076305221,0.9908424908424908,0.9529816513761469,1.0,0.9366310209381119
2025-02-20,1782.118480565371,-0.007964019794363453,-0.053154352439438335,-0.011218624015809975,0.035746073248888566,0.007964019794363453,0.053154352439438335,0.053154352439438335,0.053154352439438335,0.87431360585723,0.8686926605504587,0.989627821842587,0.9467048710601719,1.0,0.9134110876532819
2025-02-21,1767.9256537102476,-0.00603043341399867,-0.04249504674025484,-0.017945626800173975,0.03318099336656766,0.00603043341399867,0.04555311858316613,0.04555311858316613,0.04555311858316613,0.9115853658536586,0.7232091690544413,0.9902439024390243,0.9163802978235968,1.0,0.8793420995284456
2025-02-24,1757.264295774648,-0.0032257646959485964,-0.030322400539923744,-0.014662876470961428,0.03401746464665223,0.0032257646959485964,0.039762470097466474,0.039762470097466474,0.039762470097466474,0.935405240706886,0.7439862542955327,0.9908592321755028,0.8912421293646251,1.0,0.8900949681593763
2025-02-25,1751.595774647887,-0.018149365608664203,-0.005287391859173818,-0.013784573101550013,0.04320028497153117,0.018149365608664203,0.036654945631066416,0.036654945631066416,0.036654945631066416,0.9518879415347138,0.8414424728105324,0.9908647990255786,0.8918764302059498,1.0,0.9238875411358894
2025-02-27,1719.8054225352112,-0.01884765296696489,0.023195938027217755,0.0011396228618558712,0.0630499388708281,0.01884765296696489,0.01884765296696489,0.01884765296696489,0.01884765296696489,0.9823493609251369,0.8604118993135011,0.9945222154595252,0.9165237278444824,1.0,0.9427121161332773
2025-02-28,1687.391126760563,0.003204025181968939,0.04428993102695333,0.027545293063039322,0.07138081814271713,-0.0,-0.0,-0.0,-0.0,0.9914841849148419,0.9531160663236135,0.9951338199513383,0.9382857142857142,1.0,0.9754060756137086
2025-03-03,1692.797570422535,0.006605783063792892,0.025638948244084192,0.025259461424501417,0.07800440603250958,-0.0,-0.0,-0.0,-0.0,0.9726443768996961,0.9565714285714286,0.9945288753799392,0.9383209594517419,1.0,0.9702895066377892
2025-03-04,1703.979823943662,0.022508821363871112,0.01614920678551468,0.04975627996983967,0.06787035661150109,-0.0,-0.0,-0.0,-0.0,0.9477521263669502,0.9411764705882354,0.9933171324422843,0.9269406392694063,1.0,0.9562637199566805
2025-03-05,1742.3344014084505,0.009965665094326503,-0.008542347983562681,0.03155340585745248,0.01573548616791176,-0.0,0.008542347983562681,0.01180545438300884,0.01180545438300884,0.7704918032786885,0.9138127853881278,0.9896782027929569,0.9269823160296634,1.0,0.8909293425966337
2025-03-06,1759.697922535211,0.0013795781730383538,-0.021556296644304362,0.03370322783273827,-0.029378481874119622,-0.0,0.021556296644304362,0.021556296644304362,0.029378481874119622,0.7469660194174758,0.9275527666856818,0.9866504854368933,0.927023945267959,1.0,0.8869465797038677
2025-03-07,1762.1255633802816,-0.014713164714685312,-0.0160344722920458,0.04749755446996762,-0.011391052491303455,0.014713164714685312,0.022904276577307425,0.022904276577307425,0.030715685358068123,0.7471194663432383,0.9139110604332953,0.9854457246816253,0.9253561253561254,1.0,0.8826324961973268
2025-03-10,1736.19911971831,-0.0027078537168014893,-0.00037000039851509126,0.05206088538677944,-0.007109135100976882,0.0027078537168014893,0.008313428708554893,0.008313428708554893,0.016241484276757645,0.8624242424242425,0.9270655270655271,0.9903030303030304,0.9407744874715261,1.0,0.9260171122438533
2025-03-11,1731.4977464788733,-0.0023372665885450505,0.03307297093764161,0.04940475696608515,0.021765422400089607,0.0023372665885450505,0.005620795283152291,0.005620795283152291,0.013570377156177038,0.8782556026650515,0.8792710706150342,0.9909145972138097,0.9225953329538987,1.0,0.9150437996790537
2025-03-12,1727.450774647887,-0.0032912211558502324,0.04044121678769441,0.057781349306502916,0.05635764060099557,0.0032912211558502324,0.0032912211558502324,0.0032912211558502324,0.01125942684981418,0.9079903147699758,0.7085941946499716,0.9909200968523002,0.8748577929465301,1.0,0.8690144973292212
2025-03-13,1721.765352112676,0.007030840603003741,0.05647695854909496,0.061839841911356386,0.06677376392166945,-0.0,-0.0,-0.0,0.00799451741882351,0.8911070780399274,0.7400455062571103,0.9915305505142166,0.8743604320636726,1.0,0.8728119860584194
2025-03-17,1733.8708098591549,0.0009723420472687039,0.06456732982303226,0.04266043100543748,0.06521473591918592,-0.0,-0.0,-0.0,0.014920454683225115,0.9195888754534463,0.770324047754406,0.9885126964933495,0.8704545454545455,1.0,0.8898460759373537
2025-03-18,1735.5567253521126,0.030656903918743206,0.05245029241438992,0.051445459995778986,0.0815612563166841,-0.0,-0.0,-0.0,0.01587735850721761,0.9063444108761329,0.5863636363636363,0.987915407854985,0.7455990914253267,1.0,0.8167650965866249
2025-03-19,1788.763521126761,0.004778420784960824,0.015808937498016595,0.017255506813621313,0.05882631905630453,-0.0,-0.0,-0.0,0.04515010014392684,0.6606280193236715,0.30721181147075527,0.9782608695652173,0.7451759364358683,0.9079169006176305,0.6443824772419338
2025-03-20,1797.310985915493,0.012070496864329927,0.016666133789225546,-0.015334077324278272,0.06223089833584372,-0.0,-0.0,0.015334077324278272,0.04969107605822409,0.6409173204586602,0.20374574347332575,0.9770669885334943,0.735677821894498,0.9079685746352414,0.6065583651249771
2025-03-21,1819.0054225352117,0.014742559556129242,0.005076195291212393,-0.06102497119905004,0.04923206020876991,-0.0,0.00107940893408065,0.06102497119905004,0.06102497119905004,0.6158021712907117,0.212138400453772,0.9722557297949337,0.7358276643990931,0.9080201906898485,0.6002559449901479
2025-03-24,1845.822218309859,-0.010420849321490788,-0.020578218214940436,-0.05621837178519118,0.012217648063741926,0.010420849321490788,0.020578218214940436,0.07466675172106874,0.07466675172106874,0.6413502109704642,0.18877551020408162,0.9656419529837251,0.7359773371104816,0.9080717488789238,0.6006526745818052
2025-03-25,1826.587183098592,-0.005225708006673768,-0.0009547552277322513,-0.05624201156951392,0.03270154360157673,0.005225708006673768,0.010264331950087247,0.06492244946301406,0.06492244946301406,0.7686746987951807,0.2385269121813031,0.9704819277108433,0.746885617214043,0.9081232492997199,0.6580252214218845
2025-03-26,1817.041971830986,0.005626308910364752,0.0014240564954741686,-0.026338106800566696,0.04290414083373384,-0.0,0.005065092638569468,0.06001033795990063,0.06001033795990063,0.7688139674894643,0.18742921857304645,0.9723058398555088,0.7430673457838144,0.9081746920492723,0.6429823678921827
2025-03-27,1827.2652112676055,0.0005329483767129162,-0.03147563398638609,-0.001345938559458082,0.0296519527547201,-0.0,0.03147563398638609,0.0652694209456246,0.0652694209456246,0.7683513838748496,0.1765704584040747,0.9693140794223827,0.7386877828054298,0.9082260772243984,0.6386915186551885
2025-03-28,1828.2390492957747,-0.0111585863939071,-0.06576731873657626,0.0046465783403191185,0.028901938441236785,0.0111585863939071,0.06576731873657626,0.06576731873657626,0.06576731873657626,0.7690920024052917,0.1606334841628959,0.968129885748647,0.6404748445449406,0.9082774049217002,0.6222476256607509
2025-04-01,1807.8384859154933,0.009406124304581098,-0.03638897381401318,0.021631495972278758,0.05456882355157244,-0.0,0.055224964884432515,0.055224964884432515,0.055224964884432515,0.8467548076923077,0.15036743923120408,0.9741586538461539,0.5146892655367232,0.9083286752375629,0.629869234379004
2025-04-02,1824.84323943662,-0.0028570657853923542,-0.055340092584479916,0.02864228099955457,0.028789758219078143,0.0028570657853923542,0.06402882609171845,0.06402882609171845,0.06402882609171845,0.7675675675675676,0.13898305084745763,0.9693693693693693,0.5149632975719932,0.9083798882681563,0.6004866277228429
2025-04-03,1819.629542253521,-0.027411437775438086,-0.027722684626925842,0.04086565466025016,0.039857545085022705,0.027411437775438086,0.06134703281481668,0.06134703281481668,0.06134703281481668,0.794717887154862,0.09373235460191981,0.9705882352941176,0.5191873589164786,0.908431044109436,0.5966855636964373
2025-04-04,1769.75088028169,-0.034892035910600416,0.031108866729848028,0.07877288517241232,0.06023488104519581,0.034892035910600416,0.034892035910600416,0.034892035910600416,0.034892035910600416,0.8758248350329935,0.2387133182844244,0.9802039592081584,0.8065425831923294,0.9084821428571429,0.7011308314881788
2025-04-07,1708.0006690140845,0.01993701184972063,0.07537083479210982,0.11742275143207559,0.09752633784406739,-0.0,-0.0,-0.0,-0.0,0.9658273381294964,0.5758601240834743,0.9928057553956835,0.9385569334836528,0.9224762967094254,0.8478036296890773
2025-04-08,1742.053098591549,-0.010445636239346578,0.06021150465239011,0.07251255778138188,0.11502075912123733,0.010445636239346578,0.010445636239346578,0.010445636239346578,0.010445636239346578,0.7663271420011983,0.39627959413754227,0.9856201318154584,0.9385915492957747,0.9080267558528428,0.7287194229946036
2025-04-09,1723.8562456140353,0.02629469877031898,0.08890223129485886,0.09424402893691841,0.133421594583649,-0.0,-0.0,-0.0,-0.0,0.9131736526946108,0.38366197183098594,0.9898203592814372,0.9284909909909911,0.9080779944289694,0.7715186331062386
2025-04-11,1769.1845263157893,0.03143894682452508,0.07054400858962517,0.07111528973037218,0.11575607665730181,-0.0,-0.0,-0.0,-0.0,0.7660083782166367,0.26463963963963966,0.9784560143626571,0.9279684862127181,0.908129175946548,0.6878587456138943
2025-04-15,1824.805824561404,0.006536739712906581,0.0462259805734484,0.03103966880129061,0.09521547555763932,-0.0,-0.0,-0.0,-0.0,0.6112440191387559,0.15194147439504785,0.9659090909090909,0.9263217097862767,0.9081803005008346,0.603294354305939
2025-04-16,1836.734105263158,0.00555912341894671,0.03910457237581233,0.024143176937891697,0.09719184635153888,-0.0,-0.0,-0.0,-0.0,0.6569037656903766,0.09055118110236221,0.9599521817095038,0.9224283305227655,0.9082313681868743,0.5986526944846108
2025-04-17,1846.9447368421047,0.01633301464675907,0.011602452034346511,0.03223992967048006,0.09389125806155962,-0.0,-0.0,-0.0,-0.0,0.5495818399044206,0.07307476110174255,0.9563918757467144,0.9224719101123595,0.9082823790994996,0.5586341141917215
2025-04-21,1877.1109122807013,0.008992000603540884,0.004905672418089813,0.00014337075409742717,0.06439610509326776,-0.0,0.004654539943343972,0.004654539943343972,0.004654539943343972,0.47343283582089557,0.06685393258426967,0.9283582089552239,0.922515440763616,0.9083333333333333,0.5281942884203848
2025-04-22,1893.9898947368424,0.008009212965288892,0.0005336362972125919,-0.0009685299641829515,0.06396951450045707,-0.0,0.013524924418352069,0.013524924418352069,0.013524924418352069,0.6115751789976133,0.09713644020213363,0.9128878281622912,0.9225589225589226,0.9083842309827874,0.5789751142561429
2025-04-23,1909.1592631578949,-0.0003145133839477232,-0.014515326568198872,-0.017184343787296497,0.0545657655976759,0.0003145133839477232,0.021363036276517144,0.021363036276517144,0.021363036276517144,0.5778175313059034,0.11054994388327723,0.9069767441860465,0.9226023555804822,0.9084350721420644,0.5711888760094626
2025-04-24,1908.558807017544,-0.021055145017478405,-0.014398353963271382,-0.017805627782778832,0.054824797901148026,0.021055145017478405,0.021055145017478405,0.021055145017478405,0.021055145017478405,0.6376638855780691,0.126752664049355,0.9070321811680573,0.922645739910314,0.908485856905158,0.5951144968247027
2025-04-25,1868.373824561404,0.009604918839826171,0.020400778581182166,0.03963422249133264,0.08521342154488964,-0.0,-0.0,-0.0,-0.0,0.7659321024419298,0.26849775784753366,0.9380583680762358,0.9445378151260505,0.9085365853658537,0.6849085291797817
2025-04-28,1886.319403508772,0.004602186123043639,-0.004739053420340311,0.03580331682028226,0.07808686676065357,-0.0,0.004739053420340311,0.006225713518443365,0.006225713518443365,0.6375,0.17422969187675072,0.9196428571428571,0.9434490481522957,0.9085872576177284,0.6133411041347173
2025-04-29,1895.000596491228,-0.007152189573906842,-0.00150136507849441,0.041676920640509874,0.07673952127812167,0.007152189573906842,0.009298446362568158,0.010778295917585057,0.010778295917585057,0.5770374776918501,0.15509518477043674,0.9113622843545509,0.9423614997202014,0.9086378737541528,0.5870065071462193
2025-04-30,1881.447192982456,-0.0001958552062709673,-0.002708329506336371,0.062243780426955775,0.091907694422239,0.0001958552062709673,0.002708329506336371,0.0036522277690494986,0.0036522277690494986,0.7407847800237812,0.22048125349748182,0.9239001189060642,0.9435123042505593,0.90868843386829,0.6605968611137498
2025-05-02,1881.0787017543864,0.01350895286043663,-0.00345704964394955,0.07132661824888298,0.09288520772786124,-0.0,0.00345704964394955,0.00345704964394955,0.00345704964394955,0.6809269162210339,0.3171140939597315,0.9245395127748068,0.9435438792621577,0.9087389380530974,0.669713132718766
2025-05-05,1906.4901052631576,-0.015268933258596684,0.01884891144133949,0.0597257736491168,0.07458716127299514,0.015268933258596684,0.016739864464445864,0.016739864464445864,0.016739864464445864,0.5766033254156769,0.13750698714365567,0.9055819477434679,0.9391061452513967,0.9087893864013268,0.580487787460784
2025-05-06,1877.3800350877195,0.007870262497768676,0.04073541756054189,0.06424352369673203,0.09101295729942138,-0.0,0.0014937390070536294,0.0014937390070536294,0.0014937390070536294,0.741246290801187,0.26983240223463684,0.9270029673590504,0.9458403126744835,0.9088397790055248,0.6759101359541092
2025-05-07,1892.15550877193,-0.008352323402371575,0.043243209563725404,0.06500099988072638,0.09077835471716855,0.008352323402371575,0.00929087984163346,0.00929087984163346,0.00929087984163346,0.5765124555160143,0.22110552763819094,0.9122182680901543,0.9441964285714286,0.9088901159580343,0.6064768963326727
2025-05-08,1876.351614035088,-0.0009464615925709463,0.06512849936983889,0.07300464632549963,0.10557921774013335,0.0009464615925709463,0.0009464615925709463,0.0009464615925709463,0.0009464615925709463,0.6579727326615292,0.17020089285714288,0.928275044457617,0.9040713887339653,0.9089403973509933,0.6153162082842524
2025-05-09,1874.5757192982453,0.036194669772105614,0.07504309559975653,0.07394710022616979,0.1064749173015469,-0.0,-0.0,-0.0,-0.0,0.7109004739336493,0.1550474065811489,0.9306872037914693,0.6822742474916388,0.9089906232763376,0.6014459187394687
2025-05-12,1942.4253684210528,0.005884666922920889,0.04012063196882654,0.04384157241797326,0.07636225856279655,-0.0,-0.0,-0.0,-0.0,0.47010065127294254,0.059643255295429215,0.8768502072232089,0.6824512534818942,0.9090407938257994,0.48834131159161454
2025-05-13,1953.8558947368424,0.010298861488339028,0.022587975521475734,0.040821987392523074,0.0706918524788891,-0.0,-0.0,-0.0,-0.0,0.436094674556213,0.03844011142061281,0.8621301775147928,0.660913140311804,0.9090909090909091,0.4664400993015048
2025-05-14,1973.978385964912,0.01245058869803306,0.020855913671463,0.03365976527160863,0.05634466582178854,-0.0,-0.0,-0.0,-0.0,0.41159077468953276,0.0556792873051225,0.8350088704908337,0.66110183639399,0.9091409691629956,0.4595506308328567
2025-05-15,1998.5555789473683,0.008353085317722497,0.007394550948848444,0.02792571210288486,0.032694074279159935,-0.0,0.00028322208983422303,0.00028322208983422303,0.00028322208983422303,0.38829787234042556,0.06065664997217585,0.7931442080378251,0.6612903225806451,0.9091909741331865,0.4472458371838176
2025-05-16,2015.249684210526,0.0025341860037857433,-0.0010194897098292355,0.020123265035845384,0.02294298350584345,-0.0,0.008564765193171953,0.008564765193171953,0.008564765193171953,0.5221500295333728,0.07119021134593993,0.7607796810395747,0.6614785992217898,0.9092409240924093,0.4883566697374505
2025-05-19,2020.356701754386,-0.011070895488561106,0.0035774124027359022,0.01402380501957956,0.026251497623488662,0.011070895488561106,0.011070895488561106,0.011070895488561106,0.011070895488561106,0.6109799291617474,0.061145080600333516,0.7532467532467533,0.6616666666666666,0.9092908191313909,0.5127844722515046
2025-05-20,1997.989543859649,0.008587614967761947,0.017831240252701885,0.025153485087420213,0.03758601758310309,-0.0,-0.0,-0.0,-0.0,0.7427728613569322,0.12222222222222222,0.7946902654867256,0.6840644086618545,0.9093406593406592,0.5818069156434202
2025-05-21,2015.14750877193,-0.0008999384730079552,0.012542271077313094,0.024204066324190254,0.026458772946801545,0.0008999384730079552,0.0009688376998182591,0.0009688376998182591,0.0009688376998182591,0.49174528301886794,0.10660744031093836,0.7612028301886792,0.6842397336293008,0.9093904448105437,0.49177541253550483
2025-05-22,2013.334,-6.896128772626575e-05,0.020380456827663318,0.0303582761977641,0.013905223941909517,6.896128772626575e-05,6.896128772626575e-05,6.896128772626575e-05,6.896128772626575e-05,0.578078962875663,0.14594894561598223,0.7631113730111961,0.6844148641153633,0.9094401756311745,0.5312357583796916
2025-05-23,2013.195157894737,0.007147440687023554,0.021164331563919392,0.030288099915281697,0.022158240799134754,-0.0,-0.0,-0.0,-0.0,0.6113074204946997,0.11480865224625625,0.7644287396937574,0.6840354767184036,0.9094898518924849,0.5329581310949206
2025-05-26,2027.5843508771927,0.0029748821837152217,0.010409154777440754,0.031154810274026445,0.018153462803612186,-0.0,-0.0,-0.0,-0.0,0.5214832254267215,0.05432372505543238,0.7374926427310181,0.49307479224376727,0.9095394736842104,0.45940686627546873
2025-05-27,2033.6161754385969,0.003346678557793803,0.0071939674723486835,0.028698341741603794,0.019731539065036108,-0.0,-0.0,-0.0,-0.0,0.49117647058823527,0.06759002770083102,0.7205882352941176,0.4933554817275747,0.9095890410958904,0.4510522907736342
2025-05-28,2040.4220350877197,0.006834189858348383,0.01151734162611251,0.02194619671998077,0.02512194175136684,-0.0,-0.0,-0.0,-0.0,0.43562610229276894,0.06976744186046512,0.7001763668430335,0.4936358605423354,0.9096385542168675,0.4308430930410103
2025-05-29,2054.366666666667,0.0006992038353903496,0.009778528492324856,0.004638819829227092,0.024592479286545732,-0.0,0.002979372042019146,0.002979372042019146,0.006345900533890281,0.4917743830787309,0.04537908135030437,0.6668625146886016,0.46681415929203546,0.909688013136289,0.4334589402924295
2025-05-30,2055.803087719298,-0.003460106443073485,0.008934671990931342,0.0027640958368879698,0.03318378363941288,0.003460106443073485,0.003676005600194876,0.003676005600194876,0.007040181847131288,0.43570170287727544,0.025442477876106196,0.6629477392836172,0.4665561083471531,0.9097374179431073,0.409056320065014
2025-06-02,2048.6897902097903,-0.00021664878497817952,0.020531935403094392,0.012058585354091322,0.048350738510548386,0.00021664878497817952,0.00021664878497817952,0.00021664878497817952,0.0035925058567194412,0.49589201877934275,0.05196241017136539,0.6772300469483568,0.4712707182320442,0.9097867687260798,0.43881409640494384
2025-06-03,2048.245944055944,0.007653538246625846,0.021350777470622306,0.012127484007550926,0.040434034005627284,-0.0,-0.0,-0.0,0.0033765886055600047,0.580058651026393,0.022651933701657457,0.6774193548387097,0.22694643843180565,0.9098360655737704,0.4277688493096177
2025-06-04,2063.9222727272727,0.005103427131079918,0.010310110034399411,0.0022014232287743685,0.03133965177672904,-0.0,-0.0,0.0011806395443992868,0.01094634855486043,0.4355216881594373,0.055218111540585306,0.6436107854630716,0.22737306843267105,0.9098853085745495,0.38590302494313966
2025-06-05,2074.455349650349,-0.0001370652129886185,-0.005089936573291709,-0.015968282718677007,0.02798056911670832,0.0001370652129886185,0.005089936573291709,0.015968282718677007,0.015968282718677007,0.41066198008201527,0.017660044150110375,0.6203866432337434,0.1456150027578599,0.909934497816594,0.35360598306826246
2025-06-06,2074.171013986014,0.007994684404289298,-0.006115932304979643,-0.00789085996122385,0.025286167743425958,-0.0,0.006115932304979643,0.015833387712347435,0.015833387712347435,0.4964871194379391,0.007170435741864314,0.6206088992974239,0.14332965821389196,0.9099836333878887,0.3778133281541106
2025-06-09,2090.7533566433567,0.000585545284593536,-0.008302875936612497,-0.01260853107687998,0.015857539688699074,-0.0,0.013998701508637468,0.0236390850917223,0.0236390850917223,0.35049736688121713,0.017089305402425578,0.572264482153306,0.143801652892562,0.9100327153762268,0.3266853586199383
2025-06-10,2091.977587412587,-0.0032390638369265146,-0.00903048557510544,-0.008716649296222956,0.01316496408263168,0.0032390638369265146,0.014575712053768286,0.024210454059103603,0.024210454059103603,0.5812865497076023,0.01928374655647383,0.5684210526315789,0.14427312775330395,0.9100817438692098,0.4007689282514411
2025-06-11,2085.2015384615383,-0.010217254578065438,-0.00802593849659583,0.003107546210924461,0.02401325127740206,0.010217254578065438,0.011373487669451676,0.021039538630902133,0.021039538630902133,0.6142606662770309,0.019823788546255505,0.5879602571595558,0.1574023115024766,0.9101307189542485,0.4160347525552393
2025-06-12,2063.896503496503,-0.0011681685670256181,-0.010933999509380454,0.01986152541936459,0.03097056800951803,0.0011681685670256181,0.010933999509380454,0.010933999509380454,0.010933999509380454,0.6635514018691588,0.08200330214639516,0.6454439252336448,0.2964796479647965,0.9101796407185629,0.4754495542183016
2025-06-13,2061.4855244755245,0.005776691755619234,-0.0017858497926831474,0.03033583664275219,0.021691715959383906,-0.0,0.009777252421305338,0.009777252421305338,0.009777252421305338,0.6637478108581436,0.15126512651265128,0.649737302977233,0.29796591533809785,0.9102285092491839,0.496553047904362
2025-06-16,2073.3940909090907,-0.00014858580162235846,-0.004341703768006688,0.03585973547545129,0.017546296874814127,0.00014858580162235846,0.015464609892454906,0.015464609892454906,0.015464609892454906,0.5227537922987164,0.15173172072567342,0.6231038506417736,0.29835164835164835,0.9102773246329527,0.4475358798120414
2025-06-17,2073.0860139860138,-0.0022286459867100206,0.00031669619934238114,0.02796737609179001,0.025974189544604398,0.0022286459867100206,0.01531830017274316,0.01531830017274316,0.01531830017274316,0.6145772594752187,0.1032967032967033,0.6250728862973761,0.13893465129049973,0.9103260869565217,0.4438856424618648
2025-06-18,2068.465839160839,-0.013118891551038403,0.011223564344663206,0.029074223876155214,0.02984862551711176,0.013118891551038403,0.013118891551038403,0.013118891551038403,0.013118891551038403,0.6643356643356643,0.19769357495881384,0.6328671328671329,0.1432491767288694,0.9103747963063553,0.4890754911082189
2025-06-19,2041.3298601398603,0.008070308067718024,0.031135965560912027,0.04466202772082095,0.046402264136600424,-0.0,-0.0,-0.0,-0.0,0.7711124053581828,0.34357848518111966,0.6988934187536401,0.36368623148656065,0.9104234527687296,0.6024475325429138
2025-06-20,2057.8040209790206,0.003201474448413677,0.03217915357016743,0.03344090520459586,0.0319154473875396,-0.0,-0.0,-0.0,-0.0,0.5797438882421421,0.3033461327482172,0.6589057043073341,0.36348684210526316,0.9104720564297341,0.5233259626226937
2025-06-23,2064.392027972028,0.004529432563596281,0.04037674310111994,0.028829569285852896,0.03108444091939777,-0.0,-0.0,-0.0,-0.0,0.5462478184991274,0.35416666666666663,0.6433973240255964,0.3638356164383561,0.9105206073752712,0.5251246638654402
2025-06-24,2073.742552447553,0.008650469236247904,0.02764192579960434,0.022074024912573487,0.02498832712551935,-0.0,-0.0,-0.0,-0.0,0.5802325581395349,0.27561643835616434,0.6203488372093023,0.364184008762322,0.910569105691057,0.5096664382344102
2025-06-25,2091.6813986013985,0.006314172785142569,0.01765253516719656,0.020840940879614855,0.0173576088279932,-0.0,-0.0,-0.0,-0.0,0.5235328297501453,0.17031763417305584,0.5676932016269611,0.36453201970443344,0.9106175514626219,0.45287242961277857
2025-06-26,2104.8886363636366,0.009090160825244942,0.0131176320210602,0.010892697011572583,0.009139607844125264,-0.0,-0.0,-0.0,-0.0,0.2793263646922184,0.20415982484948003,0.5238095238095238,0.3648796498905908,0.9106659447753114,0.3779069948246519
2025-06-27,2124.0224125874124,0.011168922614683385,0.0012224153433677554,-0.008389614702264736,-0.0164923826404062,-0.0,-0.0,0.008389614702264736,0.0164923826404062,0.2971561230412072,0.1526258205689278,0.4770748694138131,0.36522689994532537,0.9107142857142857,0.3615772363892624
2025-06-30,2147.7454545454543,-0.007766592777724846,-0.01109903108834176,-0.01767945791640546,-0.035251097815515275,0.007766592777724846,0.01109903108834176,0.019342502404418815,0.035251097815515275,0.3294663573085847,0.13012575177692728,0.3915313225058004,0.3426229508196721,0.9107625743645212,0.3497279879118096
2025-07-01,2131.0647902097903,-0.0011543112965456404,-0.005418133249768253,-0.0019389589529226203,-0.014531174127312751,0.0011543112965456404,0.005418133249768253,0.011666518726778596,0.027699636837195896,0.40927536231884054,0.16721311475409834,0.45507246376811594,0.4112506826870563,0.9108108108108108,0.40401033843402756
2025-07-02,2128.6048780487804,0.0018297960942172953,0.003133098579560567,0.000752522629553054,-0.007651651790579472,-0.0,0.004268749418898987,0.01052435581303679,0.02657600252057668,0.5249130938586327,0.1878754778809394,0.46349942062572425,0.41157205240174677,0.9108589951377634,0.44841374315184385
2025-07-03,2132.499790940766,-0.0027577685078953307,-0.002196127023324168,0.0016658367678745734,-0.01864012783842184,0.0027577685078953307,0.0060874067999299175,0.012331587616398187,0.02835391672870813,0.6160972785176607,0.22270742358078605,0.4499131441806601,0.41189307146753956,0.9109071274298056,0.48579084692617935
2025-07-04,2126.6188501742163,-0.00127492954291486,-0.009600294498336881,-0.0014760958361274001,-0.027636754571679578,0.00127492954291486,0.009600294498336881,0.009600294498336881,0.027636754571679578,0.5815972222222222,0.20185488270594654,0.47164351851851855,0.41712104689203927,0.910955207771182,0.4725686070638457
2025-07-07,2123.9075609756096,-0.002066551220830548,-0.006654282921075283,0.0021916862625848132,-0.017540304140924334,0.002066551220830548,0.008335992758859767,0.008335992758859767,0.02639547740270476,0.6466165413533835,0.3822246455834242,0.4788895315211105,0.41798365122615805,0.9110032362459548,0.5472321261464133
2025-07-08,2119.518397212544,0.0074335800891454085,0.0034981276184069543,0.0028513611948950413,-0.01418100649492704,-0.0,0.006282424490028915,0.006282424490028915,0.024379307269074113,0.6468208092485548,0.39782016348773847,0.4913294797687861,0.4188453159041394,0.9110512129380055,0.5538354167251588
2025-07-09,2135.2740069686406,-0.0034925056089544215,-0.0023731406663566323,-0.003412218213564522,-0.03345850344237988,0.0034925056089544215,0.01361479788867126,0.01361479788867126,0.03345850344237988,0.5811669555170422,0.3583877995642702,0.439630271519353,0.41426238432226453,0.9110991379310345,0.5129374215570962
2025-07-10,2127.816550522648,-0.010157768342627937,0.003870463821389558,-0.0017341990625018289,-0.029778796928273676,0.010157768342627937,0.010157768342627937,0.010157768342627937,0.030071021043085344,0.647228637413395,0.2291780076211214,0.46593533487297917,0.30794341675734493,0.9111470113085622,0.4875507592467655
2025-07-11,2106.2026829268293,0.0016958464011043173,0.008202949392128733,-0.00817132218286376,-0.032831705485880436,-0.0,-0.0,0.00817132218286376,0.032831705485880436,0.6474321984997115,0.22306855277475518,0.5216387766878245,0.41924959216965746,0.911194833153929,0.5076890753427535
2025-07-14,2109.774479166667,0.008132747863963896,0.008905227084154532,-0.017887888063339075,-0.026871112707543388,-0.0,-0.0,0.017887888063339075,0.03446909759188421,0.49423298731257215,0.3159325720500272,0.513840830449827,0.4195652173913043,0.911242603550296,0.4845527781524893
2025-07-15,2126.932743055555,0.0015392862534198137,-0.0006445118388480608,-0.012616678395922065,-0.03725392076675316,-0.0,0.0016234580629711504,0.025810723818302184,0.04225817041070534,0.3896253602305475,0.20434782608695654,0.4697406340057637,0.418794133623031,0.9112903225806451,0.411728307033377
2025-07-16,2130.206701388889,0.0027440933817828306,-0.001041549290184518,-0.008397854844322428,-0.02945454974047912,-0.0,0.0031578834298375824,0.027307975280763674,0.043730143455444126,0.5247695852534562,0.1200434546442151,0.4567972350230415,0.4169381107491857,0.9113379903277807,0.4282693076474106
2025-07-17,2136.0521875,-0.00588582555666417,-0.0055830538758521175,-0.020272194439433622,-0.03384580647250102,0.00588582555666417,0.00588582555666417,0.029969828654083708,0.04634705618707902,0.5474956822107081,0.06460369163952226,0.434657455382844,0.20944112859468256,0.9113856068743287,0.390986208977111
2025-07-18,2123.479756944444,0.0023935914806505476,-0.01624104708765739,-0.02619933145962905,-0.016152829646367883,-0.0,0.01624104708765739,0.02619933145962905,0.04070078837078395,0.6887226697353279,0.1264243081931633,0.48043728423475257,0.2619305856832972,0.9114331723027376,0.4675367787276864
2025-07-21,2128.5625,-0.00140967919794599,-0.026556622394482532,-0.01968883864632176,-0.01077326399574563,0.00140967919794599,0.026556622394482532,0.02852464658921494,0.042991475821168246,0.4675100632547441,0.12906724511930587,0.4629097182288672,0.2623306233062331,0.911480686695279,0.39482331390168207
2025-07-22,2125.561909722222,0.001141381193270563,-0.011979887736548345,-0.016983940341396164,-0.0071364185028987,-0.0,0.02518244236168732,0.027153244755557582,0.041640496364739765,0.43333333333333335,0.194579945799458,0.4747126436781609,0.2659804983748646,0.9115281501340483,0.4052123302953781
2025-07-23,2127.9879861111112,-0.0018146216429597573,-0.00736397549759038,-0.030149160744230463,-0.0065491920626560285,0.0018146216429597573,0.026293812292108254,0.030149160744230463,0.04273310279814646,0.4485927627800115,0.29848320693391117,0.46467547386559455,0.2663779101245263,0.9115755627009646,0.43895443362136033
2025-07-24,2124.126493055556,-0.01654057371262907,-0.014771611265107842,-0.028093317270244555,-0.009530262317764993,0.01654057371262907,0.024523691871183306,0.028386049040217243,0.04099286770012234,0.6894374282433984,0.2891174878180834,0.4793340987370838,0.27435064935064934,0.9116229244777717,0.5165868338640739
2025-07-25,2088.992222222222,-0.00811738435279541,-0.010122687414931164,-0.02486355139205132,0.006655727957740609,0.00811738435279541,0.010122687414931164,0.02486355139205132,0.02486355139205132,0.7188755020080322,0.7072510822510822,0.5794606999426276,0.5181179015684153,0.9116702355460385,0.692568340764247
2025-07-28,2072.035069444444,0.013543615953250487,0.0070551445581295,-0.00914684233604457,-0.0031654806749847886,-0.0,0.002021714092475868,0.01688321458112163,0.01688321458112163,0.6892201834862385,0.811790156841536,0.6295871559633028,0.5664864864864865,0.9117174959871589,0.7269780535044073
2025-07-29,2100.0979166666666,0.005818594437230429,-0.0050647274713711,-0.024952054416724434,-0.02595847503796722,-0.0,0.015357336182406978,0.030020247826982094,0.030020247826982094,0.6154727793696275,0.6708108108108108,0.540974212034384,0.5218800648298216,0.9117647058823529,0.6434538342827839
2025-07-30,2112.3175347222223,-0.009263669963603838,-0.02295421955702437,-0.021235023541473663,-0.033900994584997846,0.009263669963603838,0.02295421955702437,0.03563151691808275,0.03563151691808275,0.5807560137457045,0.6256077795786061,0.5103092783505154,0.5210583153347732,0.911811865312667,0.6144165143384787
2025-07-31,2092.7497222222223,-0.011899996933858792,-0.013521439452473305,-0.013854472595376643,-0.012165268902130877,0.011899996933858792,0.013818560174246874,0.02661439391599807,0.02661439391599807,0.7195191757298225,0.7548596112311015,0.5672581568402977,0.5876956287101998,0.9118589743589743,0.7132451829483252
2025-08-01,2067.846006944444,0.009095246638909815,-0.014891607060499523,0.010316794943589391,0.003765928762102355,-0.0,0.014891607060499523,0.014891607060499523,0.014891607060499523,0.8020594965675057,0.8548300053966541,0.6395881006864989,0.63915857605178,0.9119060331019755,0.7860032608582467
2025-08-04,2086.6535763888887,0.0013456554065511828,-0.016088480339657152,0.0090946375008778,0.0011083025800500135,-0.0,0.023770653740868064,0.023770653740868064,0.023770653740868064,0.6666666666666665,0.8176914778856527,0.5866209262435678,0.6361185983827494,0.9119530416221986,0.7234200018690793
2025-08-05,2089.461493055556,-0.012266585857018342,-0.01998856357239165,0.01001766119865577,-0.004592107873892526,0.012266585857018342,0.025082556669426936,0.025082556669426936,0.025082556669426936,0.6891428571428571,0.8458221024258761,0.5771428571428572,0.6352370689655172,0.912,0.7372980666124086
2025-08-06,2063.830934256056,0.00030128403331741715,0.0017595859374892608,0.024333606495287707,0.004475592587509292,-0.0,0.012975131375431381,0.012975131375431381,0.012975131375431381,0.8263849229011992,0.9116379310344827,0.6516276413478014,0.683898761443188,0.9259061833688699,0.8192172618766779
2025-08-07,2064.452733564014,-0.013272416641531226,-0.0003375979531865525,0.019099626828722238,0.006140007083916599,0.013272416641531226,0.013272416641531226,0.013272416641531226,0.013272416641531226,0.7745433789954338,0.8955304254173398,0.648972602739726,0.6819160387513454,0.9115610015982951,0.795599179662026
2025-08-08,2037.0524567474044,0.007869230146223982,0.02558947034129777,0.032322942491573414,0.023878320800590824,-0.0,-0.0,-0.0,-0.0,0.8020536223616658,0.918729817007535,0.721620079863092,0.6939214631522325,0.9259850905218318,0.8252758563078195
2025-08-11,2053.0824913494807,-0.00262353422360051,0.025594900900467676,0.0060365772817048136,0.02518580709553797,0.00262353422360051,0.00262353422360051,0.00262353422360051,0.006027337910586739,0.7183580387685291,0.8956428187197417,0.6767388825541619,0.6940860215053763,0.9340074507716871,0.7858928824235365
2025-08-12,2047.6961591695504,0.009652927699876246,0.030618239395682867,-0.0010321755210106476,0.025346560160526277,-0.0,-0.0,0.0010321755210106476,0.0034127571722244454,0.8267806267806267,0.9241935483870968,0.6866096866096867,0.6974744760881246,0.9398936170212767,0.8315513245065765
2025-08-13,2067.462422145328,-0.0017928469020344062,0.022534369398295118,-0.012940768568725836,0.019255963005710752,0.0017928469020344062,0.0017928469020344062,0.012940768568725836,0.012940768568725836,0.6873576309794989,0.9296077377753896,0.6395216400911161,0.6976369495166488,0.910154173312068,0.7779088831834834
2025-08-14,2063.7557785467125,0.01231917646970837,0.019443788965265663,0.001712935511345437,0.025072291969113758,-0.0,-0.0,0.011167944080638592,0.011167944080638592,0.7484348321001708,0.926423200859291,0.651678998292544,0.6988727858293076,0.9250797024442083,0.8002700973331341
2025-08-18,2089.17955017301,0.007874566875634814,0.006565465368940426,-0.006483972368144908,0.01999971365738129,-0.0,-0.0,0.02320129964568518,0.02320129964568518,0.34470989761092147,0.8690284487385936,0.5762229806598407,0.6899141630901288,0.9097185342538503,0.6398864687527529
2025-08-19,2105.6309342560558,0.002261591073295266,-0.019070223147161336,-0.007914356715448045,0.016074894092605874,-0.0,0.019070223147161336,0.030833069453923945,0.030833069453923945,0.3854462762933485,0.8133047210300429,0.5224559408754975,0.6900804289544236,0.9097664543524416,0.6285915713393968
2025-08-20,2110.3930103806238,0.0017335035154240064,-0.03071012495883263,-0.014464864956133416,0.011362314158697151,-0.0,0.03071012495883263,0.033019982828813244,0.033019982828813244,0.4943181818181818,0.7769436997319035,0.5096590909090909,0.687566988210075,0.9098143236074272,0.6506433628478268
2025-08-21,2114.051384083045,-0.004809899030355447,-0.03469334530818369,-0.019386275898651495,0.008524579656764564,0.004809899030355447,0.03469334530818369,0.03469334530818369,0.03469334530818369,0.4946053378762067,0.7947481243301179,0.5019875070982397,0.6877343331547938,0.9098621420996819,0.654797324468273
2025-08-22,2103.883010380622,-0.0004691440619952747,-0.017392673971673434,-0.012716734854602896,0.007814292541864276,0.0004691440619952747,0.030027877335909836,0.030027877335909836,0.030027877335909836,0.4642451759364359,0.8596679164434922,0.5283768444948922,0.6927194860813706,0.9099099099099099,0.6686000110884729
2025-08-25,2102.8959861591693,-0.01779446246092642,-0.012964320936941998,-0.0081802131323373,0.003852399750028157,0.01779446246092642,0.029572607086927105,0.029572607086927105,0.029572607086927105,0.6131593874078276,0.632762312633833,0.532047646057856,0.6099518459069021,0.909957627118644,0.6406885905190735
2025-08-26,2065.476082474227,-0.009631438157738814,0.011372747259752902,0.019034327624124936,0.018040539283738166,0.009631438157738814,0.011991527410353364,0.011991527410353364,0.011991527410353364,0.8276643990929706,0.6939539860888175,0.6445578231292518,0.6866310160427807,0.9253573319216517,0.7553166195103147
2025-08-28,2045.582577319588,-0.0023830413681794615,0.016759960483450964,0.026405991299364162,0.022868841185615496,0.0023830413681794615,0.0023830413681794615,0.0023830413681794615,0.0023830413681794615,0.8515580736543908,0.8342245989304813,0.6946175637393768,0.7274184927846072,0.9338624338624338,0.8173679684821776
2025-08-29,2040.707869415808,0.013026357221002538,0.015857209038322884,0.03261884449198682,0.007042920336971292,-0.0,-0.0,-0.0,-0.0,0.8437146092865233,0.8760021378941742,0.7095130237825594,0.7280982905982906,0.9402432575356954,0.8301145422028404
2025-09-01,2067.2908591065293,0.004035478875319409,0.004758705734436708,0.023319411809176627,-0.010147952801620064,-0.0,-0.0,-0.0,0.010147952801620064,0.5444255800792304,0.6944444444444444,0.6400679117147707,0.6898024559530165,0.9455602536997886,0.6667397760441838
2025-09-02,2075.6333676975946,0.0064235102601313265,0.0048469451571862,0.026656526204869246,-0.018564317577629552,-0.0,0.0012360405504348027,0.0012360405504348027,0.018564317577629552,0.6142533936651584,0.3689268553123332,0.6136877828054298,0.6552828175026681,0.908082408874802,0.5816470940384493
2025-09-03,2088.966219931271,-0.004356106558042083,0.007575426948304154,0.024180624899107883,-0.015037565570422351,0.004356106558042083,0.007610663634622705,0.007610663634622705,0.02482834272353429,0.5443753533069531,0.36926360725720386,0.5771622385528548,0.6554666666666666,0.9081309398099261,0.5538646408588862
2025-09-04,2079.8664604811,-0.0032687963015868293,0.009487028591612212,0.026206248967147294,-0.0019156203195762611,0.0032687963015868293,0.0032687963015868293,0.0032687963015868293,0.020561805581631565,0.6146892655367232,0.36906666666666665,0.6028248587570622,0.662046908315565,0.908179419525066,0.5810154494955689
2025-09-05,2073.067800687285,0.0019587817069355307,0.016499991637143108,0.028462640150171303,0.004587721739574002,-0.0,-0.0,-0.0,0.017349721987109712,0.5206098249576511,0.35394456289978676,0.6273291925465839,0.6078849227490677,0.9082278481012658,0.543619448031276
2025-09-08,2077.128487972508,0.004123654783197095,0.018472799458028044,0.020795477976063292,0.00344499155979916,-0.0,-0.0,-0.0,0.01927075648875609,0.42776523702031605,0.3766648907831646,0.6100451467268623,0.6080937167199149,0.908276225619399,0.5179154543361671
2025-09-09,2085.6938487972507,0.009156272931234666,0.021704381102807035,0.012131854034054257,-0.006260036696016935,-0.0,-0.0,-0.0,0.023298336973252787,0.577552171460801,0.21831735889243878,0.5843203609701072,0.49547631718999463,0.9083245521601687,0.5022432163201521
2025-09-10,2104.7910309278354,-0.0024671417699487774,0.01648035224627975,-0.0009752255772420559,-0.014665548282896235,0.0024671417699487774,0.0024671417699487774,0.0024671417699487774,0.03216014285896329,0.6459977452085681,0.22831293241085682,0.5236753100338218,0.4957446808510638,0.9083728278041074,0.5179758555231107
2025-09-11,2099.59821305842,0.0036555513124847394,0.016562095303850333,-0.003446151078357329,-0.006789652294844184,-0.0,-0.0,0.003446151078357329,0.029766439114295995,0.5774647887323944,0.1696808510638298,0.5369014084507042,0.49282296650717705,0.9084210526315789,0.4805568611985622
2025-09-12,2107.273402061856,0.003903368167356591,0.011768468875008598,-0.024768019963453125,-0.01488910536384791,-0.0,-0.0,0.024768019963453125,0.033300259619024275,0.5202702702702703,0.16108452950558214,0.5146396396396397,0.4930924548352816,0.9084692267227774,0.45639674352565546
2025-09-15,2115.498865979381,0.0073097070504863915,0.00228055036842556,-0.03270471000997455,-0.023756340331248293,-0.0,-0.0,0.03270471000997455,0.03705897297097094,0.4614518851997749,0.09351753453772582,0.4946539110861002,0.48698884758364314,0.9085173501577287,0.41408559580230664
2025-09-16,2130.9625429553266,0.003996403219363565,-0.009369174925549673,-0.044046711464117316,-0.0288317501840335,-0.0,0.009369174925549673,0.044046711464117316,0.044046711464117316,0.34139482564679413,0.13329792883696231,0.44431946006749157,0.4872611464968153,0.9085654230162901,0.37965571144687305
2025-09-17,2139.4787285223365,-0.002386922427116911,-0.0171725678562773,-0.03829225970115735,-0.028935457732596204,0.002386922427116911,0.0171725678562773,0.047851879279077414,0.047851879279077414,0.44350758853288363,0.1650743099787686,0.40978077571669475,0.48753315649867374,0.9086134453781513,0.41647425735809657
2025-09-18,2134.371958762887,-0.0010772139543405723,-0.019682266803610404,-0.02740372056302276,-0.02650553498654673,0.0010772139543405723,0.019682266803610404,0.04557373782887175,0.04557373782887175,0.4269662921348314,0.1962864721485411,0.4331460674157303,0.5,0.9086614173228347,0.4253180740493391
2025-09-19,2132.0727835051543,-0.005510794893335613,-0.03611151163772364,-0.023214181515734178,-0.02286310337594022,0.005510794893335613,0.03611151163772364,0.044544507839965664,0.044544507839965664,0.36159460976979224,0.1283138918345705,0.44188658057271196,0.5034446210916799,0.9087093389296957,0.38627850205558006
2025-09-22,2120.323367697594,-0.004398473227759325,-0.03490565627113085,-0.016997025154015244,-0.013656077342780848,0.004398473227759325,0.03490565627113085,0.03925001171072884,0.03925001171072884,0.5218855218855218,0.16375198728139903,0.48092031425364756,0.5052966101694915,0.9087572102779233,0.45410860897005045
2025-09-23,2110.997182130584,-0.003912272986799414,-0.03500550927835444,-0.01817143750269956,-0.016379661570093185,0.003912272986799414,0.03500550927835444,0.03500550927835444,0.03500550927835444,0.42736960179472794,0.24258474576271186,0.5053280987100393,0.5156167284277395,0.9088050314465409,0.451755418542618
2025-09-24,2102.738384879725,-0.004934377258703493,-0.02148870814362014,-0.013703686891613387,-0.015084129499009613,0.004934377258703493,0.031215359298511935,0.031215359298511935,0.031215359298511935,0.44450672645739914,0.17840127051349922,0.5319506726457399,0.22275132275132276,0.9088528025144055,0.4071846539246578
2025-09-25,2092.3626804123714,-0.01781826276594156,-0.00787648075510794,-0.0033550632713975626,-0.007286128226225208,0.01781826276594156,0.02641130538447023,0.02641130538447023,0.02641130538447023,0.7204481792717087,0.2005291005291005,0.5652661064425771,0.14648334214701217,0.9089005235602095,0.4978979887653033
2025-09-26,2055.080412371134,-0.004266657050135403,0.01338052096036857,0.010129809934283474,0.00941129959827669,0.004266657050135403,0.008748933413003313,0.008748933413003313,0.008748933413003313,0.8269876819708847,0.32839767318878904,0.6769316909294513,0.47780126849894294,0.9089481946624803,0.6262167139109277
2025-09-29,2046.3120890410955,-0.004501482645533517,0.018556352789221853,0.009250918278345566,0.018431576795407745,0.004501482645533517,0.004501482645533517,0.004501482645533517,0.004501482645533517,0.7202014549524343,0.45454545454545453,0.693900391717963,0.48547279450607506,0.9089958158995816,0.6322924551020807
2025-09-30,2037.1006506849317,0.010040055081641963,0.01744473355808074,0.015916009142441068,0.022956585244363392,-0.0,-0.0,-0.0,-0.0,0.6890380313199106,0.6085578446909667,0.7265100671140939,0.5052798310454065,0.9090433873497125,0.674559375298193
2025-10-01,2057.553253424657,0.008908140079598281,0.007955985093679896,0.009729361194133146,0.007422754503008333,-0.0,-0.0,-0.0,-0.0,0.4622694242593628,0.455649419218585,0.6679709334823924,0.5055408970976254,0.9090909090909091,0.548474334885763
2025-10-03,2075.8822260273973,0.003225728701153896,0.004557313072420355,0.0009234927127172998,0.0040201054729376295,-0.0,0.0015631413090732016,0.005125469520953274,0.005125469520953274,0.42625698324022343,0.3408970976253298,0.6139664804469274,0.4852320675105485,0.9091383812010443,0.49285392708982934
2025-10-06,2082.578458904109,0.0008190419769251722,-0.0032077891363102573,0.0003594218232394475,-0.0005847955584653564,-0.0,0.004773472084320551,0.008324346139845451,0.008324346139845451,0.5220547180346174,0.3059071729957806,0.5963149078726968,0.4797047970479705,0.9091858037578288,0.5100189212755368
2025-10-07,2084.284178082192,-0.0055879373060276905,-0.00913590542672904,0.003398715870374547,-0.011389062364237756,0.0055879373060276905,0.00913590542672904,0.00913590542672904,0.011389062364237756,0.6685267857142857,0.26304691618344755,0.5909598214285715,0.47997892518440466,0.9092331768388107,0.5436843843956504
2025-10-08,2072.637328767123,0.0006203630772192437,-0.001502513468513933,0.0018249376734864597,-0.007802769733762593,-0.0,0.0035679053521228132,0.0035679053521228132,0.007802769733762593,0.6899051868377022,0.33350895679662806,0.6302286670384829,0.507635597682991,0.9092805005213763,0.5803666980602155
2025-10-09,2073.9231164383564,0.005506257538674841,0.0017593785112437477,-0.0013996225972352505,-0.0023155645650363432,-0.0,0.004185671793108137,0.004185671793108137,0.008417910650027172,0.6465997770345596,0.37388098999473407,0.6243032329988851,0.5078947368421052,0.9093277748827515,0.5774093266519491
2025-10-10,2085.342671232877,-0.004529080527168383,-0.003617335031476654,-0.003944298325270101,-0.004819283570125843,0.004529080527168383,0.009638855312056771,0.009638855312056771,0.013847917985897129,0.6467966573816156,0.4573684210526316,0.5855153203342618,0.5039452919516044,0.909375,0.5955022568217408
2025-10-13,2075.8979863481227,-0.0051330226578535365,0.0035786906445214317,-0.0007113049520374171,0.0007936657862128715,0.0051330226578535365,0.0051330226578535365,0.0051330226578535365,0.009361235246996058,0.6469933184855234,0.6344029458179905,0.61358574610245,0.5152471083070452,0.9094221759500261,0.652823509874064
2025-10-14,2065.2423549488053,0.0020727873928416685,0.012650192257195325,0.009096507469840365,-0.00040923454145824767,-0.0,-0.0,-0.0,0.004250028079571533,0.7518085698386199,0.7991587802313355,0.6483027267668336,0.5344193378875459,0.9094693028095733,0.7420433904372642
2025-10-15,2069.523163265306,0.003889190070907267,0.003332458205337119,0.006930273800749731,0.0025626204554731746,-0.0,-0.0,-0.0,0.006309736729667836,0.6151279199110121,0.7871781397792958,0.6351501668520578,0.5346638655462185,0.9095163806552261,0.6927951630474491
2025-10-16,2077.5719322033897,0.00010943348274938813,-0.0031534529910502984,-0.002284381122083068,0.005411484318315285,-0.0,0.0031534529910502984,0.0031534529910502984,0.010159414905000275,0.5202890494719289,0.7578781512605042,0.6086714841578654,0.5349081364829397,0.9095634095634096,0.64989098989962
2025-10-17,2077.799288135593,0.002660360385537741,-0.00032815032345412387,0.0030937556993768656,-0.0006115292002434325,-0.0,0.00326252944384009,0.00326252944384009,0.010267724754869811,0.46166666666666667,0.75748031496063,0.6077777777777778,0.5283315844700944,0.9096103896103896,0.6300646338083071
2025-10-20,2083.3269830508475,0.0038597324429541224,-0.004274697775621061,-0.0009438781313059197,-0.001114854252532771,-0.0,0.005907174616038846,0.005907174616038846,0.012893783030812678,0.25930038867295946,0.8048268625393494,0.5774569683509161,0.5275301520713161,0.9096573208722742,0.5743564724409043
2025-10-21,2091.3680677966104,-0.007147620409302058,-0.0035092915742540587,-0.01473768901705741,-0.0015024337031189772,0.007147620409302058,0.009729354354342412,0.01473768901705741,0.016689100013002722,0.3584905660377358,0.6633455689564761,0.43507214206437295,0.5078616352201258,0.909704203425013,0.5409996119727304
2025-10-23,2076.4197627118647,-0.0026003200456694575,0.0035858658473464367,-0.00961016944697679,-0.007120469012428909,0.0026003200456694575,0.0026003200456694575,0.00961016944697679,0.00961016944697679,0.3987798114254021,0.46488469601677146,0.4875207986688852,0.5290728129910949,0.9097510373443984,0.5064954002997374
2025-10-24,2071.020406779661,0.0029439839547205082,0.0008718211158726952,-0.0009172257376703907,-0.00946944647018999,-0.0,-0.0,0.007028124775043332,0.00946944647018999,0.6164079822616408,0.40230487166055523,0.4866962305986696,0.5214659685863875,0.9097978227060654,0.5569434283017499
2025-10-27,2077.1174576271187,-0.0012979852375271106,0.0034230292910000237,-0.0008784501141698708,-0.011792331176928128,0.0012979852375271106,0.0020660803315026843,0.009942837176651231,0.012376992756826688,0.2742382271468144,0.29319371727748694,0.4664819944598338,0.5070643642072213,0.9098445595854922,0.4106695135112294
2025-10-28,2074.421389830509,0.004631391516794814,0.003345119017136966,0.0015060419933781155,-0.00044523839623855643,-0.0,0.000769093365810547,0.008656087412800662,0.01109340659729674,0.2591362126245847,0.12872841444270017,0.4728682170542636,0.1903765690376569,0.909891248058001,0.32057785831624447
2025-10-29,2084.0288474576278,-7.836841322939048e-05,-0.01126793992945696,-0.009420052433966708,-0.009023876611757076,7.836841322939048e-05,0.01126793992945696,0.013226223112075108,0.01565230615614177,0.33978970669618147,0.12656903765690378,0.4394023242944106,0.1651855723993727,0.9099378881987578,0.3377058336338281
2025-10-30,2083.8655254237283,-0.005297635181996219,-0.013148885156111123,-0.00433759264064093,-0.008983476817529534,0.005297635181996219,0.013148885156111123,0.013148885156111123,0.015575158343357653,0.3595132743362832,0.15629900679560899,0.44137168141592925,0.14472309299895506,0.9099844800827729,0.35053238008080473
2025-10-31,2072.8259661016946,0.005500474043738324,-0.0017874884833388727,0.007713485982161483,-0.0029864683722506946,-0.0,0.007893064550571816,0.007893064550571816,0.010332259703878188,0.40022111663902704,0.3077324973876698,0.48092868988391374,0.17702349869451695,0.9100310237849016,0.4176368145434868
2025-11-03,2084.227491525424,-0.0013755289506037771,-0.0042868055442271125,-0.0036938570084478206,-0.01200670579016705,0.0013755289506037771,0.013320270790571076,0.013320270790571076,0.015746122608916724,0.3060773480662983,0.3300261096605744,0.4375690607734806,0.17745302713987474,0.9100775193798449,0.38748145703647047
2025-11-04,2081.3605762711863,-0.010000401139170334,-0.0018329456025661939,-0.0001711376543162002,-0.01800118275384832,0.010000401139170334,0.011961194809711917,0.011961194809711917,0.01800118275384832,0.319712865819989,0.3903966597077244,0.451131971286582,0.1794470526864893,0.9101239669421488,0.41175831064564516
2025-11-06,2060.54613559322,-0.0019806004697353607,0.0018689466743482264,0.013433230081372205,-0.010562209917155396,0.0019806004697353607,0.0019806004697353607,0.0019806004697353607,0.010562209917155396,0.7235099337748343,0.7339593114241002,0.5143487858719646,0.3044838373305527,0.9101703665462055,0.6660454999831932
2025-11-07,2056.4650169491524,0.0061541511797487125,0.008928694899295042,0.0025138590459452548,-0.012756879954493816,-0.0,-0.0,-0.0,0.012756879954493816,0.5228902371759515,0.6986444212721585,0.528957528957529,0.2855653986451277,0.9102167182662538,0.5913764805320277
2025-11-10,2069.120813559322,0.002982909436488157,0.009517987759004143,-0.008560072251104667,-0.035376424111553284,-0.0,0.0022829150853297397,0.008560072251104667,0.035376424111553284,0.44377067254685776,0.6513809275664408,0.4928335170893054,0.2859375,0.9102630221763794,0.5468280815427987
2025-11-11,2075.292813559322,0.0010855056122753837,0.0005955013342004989,-0.01092347679219352,-0.03297740904566515,-0.0,0.005250163758798609,0.011508652419688903,0.03824525142665991,0.40055096418732783,0.6734375,0.47107438016528924,0.2863092139510671,0.9103092783505154,0.5361774878145577
2025-11-12,2077.5455555555554,-0.006328799423780507,0.0016648595452322112,-0.0019483460985746381,-0.0417388267193155,0.006328799423780507,0.006328799423780507,0.012580501826626178,0.0417388267193155,0.31938325991189426,0.4659031754294638,0.46365638766519823,0.24661810613943808,0.9103554868624419,0.44371021269898636
2025-11-13,2064.3971864406776,0.005052021618896507,0.011542710696255343,0.0003999433091523841,-0.028148557977126232,-0.0,-0.0,0.006291520172085452,0.035635557591888634,0.519537699504678,0.43704474505723206,0.5035773252614199,0.27925117004680183,0.9104016477857878,0.509407252517877
2025-11-14,2074.826565656565,0.0067418234900462615,-0.006358066616382718,-0.00466612392167165,-0.026720429480422303,-0.0,0.006358066616382718,0.011286522037645574,0.04048305792693918,0.46479647964796483,0.4830993239729589,0.4730473047304731,0.2796257796257796,0.9104477611940299,0.5007418817830006
2025-11-17,2088.81468013468,-0.005881817593906935,-0.01790761554456277,-0.0106180521579341,-0.03077291103605939,0.005881817593906935,0.01790761554456277,0.01790761554456277,0.04690863170189152,0.3051126992853216,0.6174636174636174,0.416712479384277,0.28,0.9104938271604938,0.48031387499700207
2025-11-18,2076.528653198653,0.0021553875015543067,-0.011512122642001077,-0.008343669102308993,-0.03018579745399952,-0.0,0.012096950004022111,0.012096950004022111,0.04126955409736721,0.44450549450549454,0.6550649350649351,0.4681318681318681,0.3078920041536864,0.9105398457583547,0.5470919020127248
2025-11-19,2081.004377104377,0.0034702227928984364,-0.003607200162185409,-0.017833097013924215,-0.039476443767250124,-0.0,0.014221684265060541,0.017833097013924215,0.04333154532769934,0.4008786381109281,0.6791277258566979,0.4508511806699616,0.30825116761805915,0.9105858170606372,0.5375707641409438
2025-11-20,2088.225925925926,-0.012733893139199148,-0.011015617303428704,-0.023677376354237833,-0.044074253943868436,0.012733893139199148,0.01763072451588854,0.023677376354237833,0.04663991721681293,0.4659714599341383,0.694862480539699,0.4198682766190999,0.3086099585062241,0.9106317411402156,0.5583924666953876
2025-11-21,2061.63468013468,-0.004959991376853545,0.001702769013531391,-0.01523244677631852,-0.019225545512044362,0.004959991376853545,0.004959991376853545,0.01523244677631852,0.03434334860884103,0.8058145913329676,0.8309128630705395,0.5134393856280856,0.4224987039917055,0.9106776180698151,0.7348792898258617
2025-11-24,2051.4089898989896,0.0005919886187448764,0.007422482346882919,-0.027047883699152786,-0.005185599720968215,-0.0,-0.0,0.027047883699152786,0.029529824908895552,0.8300438596491228,0.8781752203214102,0.5466008771929824,0.44715025906735745,0.9107234479220113,0.7644215629818651
2025-11-25,2052.6234006734007,0.010169608851545053,0.00320535396767907,-0.022297498460428056,-0.006658999108810959,-0.0,-0.0,0.02762351950873876,0.03010399230681604,0.6717808219178082,0.8782383419689118,0.5413698630136986,0.44743656136716725,0.9107692307692308,0.7129715131766597
2025-11-26,2073.4977777777776,-0.003990816669125263,-0.014277398285148624,-0.0398681575900387,-0.018676301383875327,0.003990816669125263,0.014277398285148624,0.0398681575900387,0.0398681575900387,0.44414019715224534,0.8425686172967375,0.4786418400876232,0.44306418219461696,0.910814966683752,0.6196193809706788
2025-11-27,2065.222828282828,-3.760393141560847e-05,-0.012802789682366367,-0.02853708806884292,-0.018171847960131937,3.760393141560847e-05,0.012802789682366367,0.03602109450530533,0.03602109450530533,0.524904214559387,0.8783643892339544,0.5030103995621237,0.45835488877392655,0.910860655737705,0.6614760843013949
2025-11-28,2065.145167785235,0.0007216776577092521,-0.016906428048040323,-0.022157696114640357,-0.022908615182974046,-0.0,0.016906428048040323,0.03598484374548594,0.03598484374548594,0.5831509846827134,0.8748060010346612,0.5032822757111597,0.4581178903826267,0.9109062980030722,0.6791219934443384
2025-12-01,2066.635536912752,-0.0035965469213575796,-0.03421639545479849,-0.02037116092736979,-0.02619398966215769,0.0035965469213575796,0.03421639545479849,0.03668005023046017,0.03668005023046017,0.6211044286495353,0.8490175801447777,0.4986331328594861,0.42997416020671836,0.9109518935516888,0.6796662625124742
2025-12-02,2059.2027852349,-0.0074345087252202235,-0.025421367945499207,-0.022025905216495834,-0.011613632974933674,0.0074345087252202235,0.03073037175737714,0.03320291916580853,0.03320291916580853,0.7551912568306011,0.8956072351421188,0.5218579234972678,0.446797520661157,0.910997442455243,0.7417728077218481
2025-12-03,2043.8936241610736,-0.0025008196784559455,-0.02596142085041986,-0.022036322632664307,-0.004141569996028771,0.0025008196784559455,0.02596142085041986,0.02596142085041986,0.02596142085041986,0.8771163298743856,0.8817148760330579,0.5756417258328782,0.48012390294269486,0.911042944785276,0.7889427331004362
2025-12-04,2038.782214765101,-0.00419430535829457,-0.015938353777776526,-0.020891534310108484,0.005042287644836829,0.00419430535829457,0.023519418997819508,0.023519418997819508,0.023519418997819508,0.7549126637554585,0.7439339184305628,0.5949781659388647,0.4040247678018576,0.9110884006131833,0.7033185190584411
2025-12-05,2030.230939597316,-0.016898679262229876,-0.005341575020344713,-0.004054864239438238,0.01066577026697213,0.016898679262229876,0.01940651047037656,0.01940651047037656,0.01940651047037656,0.8297872340425532,0.7543859649122807,0.619203491543917,0.4141309953584322,0.9111338100102145,0.7352461172398731
2025-12-08,1995.9227181208053,0.005477324015097373,0.014335752297170767,0.022470051312807326,0.026699057353039457,-0.0,0.0025509387031081854,0.0025509387031081854,0.0025509387031081854,0.9323882224645582,0.8715832903558536,0.7186477644492912,0.6206185567010309,0.9111791730474732,0.8422711358967659
2025-12-09,2006.855033557047,-0.007984528866495921,0.0034840315776731856,0.015995151211121383,0.025366075688505463,0.007984528866495921,0.007984528866495921,0.007984528866495921,0.007984528866495921,0.7542234332425067,0.8298969072164948,0.6904632152588556,0.6208140133951571,0.9112244897959184,0.7687861152227163
2025-12-10,1990.831241610738,0.007763662040531694,0.004029715353967456,0.022071818962874135,0.017459134205301652,-0.0,-0.0,-0.0,-0.0,0.829520697167756,0.8948995363214837,0.7363834422657952,0.639546858908342,0.9112697603263641,0.821081510414132
2025-12-11,2006.287382550336,0.006528938121439509,-0.005033404717424972,0.010669722931682557,-0.0048181098426839375,-0.0,0.005033404717424972,0.005033404717424972,0.005033404717424972,0.7223734349482852,0.8733264675592173,0.6902558519324987,0.6242923314462172,0.91131498470948,0.7716489413642738
2025-12-12,2019.386308724832,0.0025500138655989435,0.0012936207532074917,-0.0007679347327784747,-0.013393628853807571,-0.0,0.011487342689266544,0.011487342689266544,0.013393628853807571,0.49238302502720344,0.8440555841482245,0.6550598476605005,0.624485596707819,0.9113601630157921,0.6841187085814299
2025-12-15,2024.5357718120808,-0.005279626122259962,0.008019335803963079,-0.005943913146023827,-0.01755886372903903,0.005279626122259962,0.014001652147747401,0.014001652147747401,0.01755886372903903,0.49265905383360525,0.8698559670781892,0.6383904295812942,0.6246786632390746,0.9114052953156824,0.6892462107961318
2025-12-16,2013.846979865772,-0.007445081569482759,0.012467681836230371,0.010646777145837616,-0.015481554383089513,0.007445081569482759,0.008768319474030783,0.008768319474030783,0.015481554383089513,0.7543478260869566,0.8694087403598972,0.6717391304347826,0.6212744090441933,0.9114503816793892,0.7776083871509565
2025-12-17,1998.8537248322148,-0.0013331634149175153,0.017969690869702903,0.018297972665823226,-0.03899970289284582,0.0013331634149175153,0.0013331634149175153,0.0013331634149175153,0.03899970289284582,0.7783813145029876,0.8977389516957862,0.7093970668115155,0.6435541859270673,0.9114954221770093,0.8019568603849265
2025-12-18,1996.1889261744968,0.01292948891240786,0.015782567699820893,0.02648717978009918,-0.009555430510127194,-0.0,-0.0,-0.0,0.037716822165366204,0.7540716612377851,0.921417565485362,0.716612377850163,0.6468172484599589,0.9267920691408236,0.8043331798062212
2025-12-19,2021.9986287625416,0.009284168141263649,-0.002058892060487927,0.014780567701823122,-0.022473442986862713,-0.0,0.002058892060487927,0.004696601473435202,0.049999838717454614,0.5219750406945198,0.7638603696098563,0.6456863809007054,0.5679835813237558,0.9110772357723578,0.6619346108346028
2025-12-22,2040.7712040133777,-0.0008899678377536357,-0.01385216379688825,0.004136068371686896,-0.05518102139202108,0.0008899678377536357,0.01385216379688825,0.01385216379688825,0.05873866719607623,0.27169197396963124,0.5838891739353516,0.5835140997830802,0.5492307692307692,0.9111223971559167,0.517573648718809
2025-12-23,2038.954983277592,-0.0020512835990448286,-0.0017984817916265605,0.009223394881573421,-0.061472437008439296,0.0020512835990448286,0.012973742172403324,0.012973742172403324,0.061472437008439296,0.44065040650406506,0.6348717948717948,0.5913279132791328,0.5499743721168632,0.9111675126903553,0.5878687520055628
2025-12-24,2034.772508361204,-0.003478814112456541,0.000322486807873279,-0.004513073026759629,-0.04780437930510428,0.003478814112456541,0.010944909687092719,0.010944909687092719,0.05954329359097077,0.5227518959913326,0.7447462839569452,0.6045503791982665,0.5522540983606558,0.9112125824454591,0.6485126473433611
2025-12-26,2027.6939130434785,-0.004861858656574403,0.010538290792406757,-0.015324326456956028,-0.06101677560194596,0.004861858656574403,0.007492159404505316,0.015324326456956028,0.06101677560194596,0.6908500270709258,0.7638319672131147,0.6307525717379534,0.5499231950844855,0.9112576064908723,0.7116311705367321
2025-12-29,2017.8355518394649,-0.0026431513763306436,0.016874201922676857,-0.012635397281464011,-0.05483739381462138,0.0026431513763306436,0.0026431513763306436,0.012635397281464011,0.05642926807082593,0.8051948051948052,0.8335893497183821,0.6623376623376623,0.5706243602865917,0.9113025848960973,0.7759006043992629
2025-12-30,2012.5021070234116,0.011322151049327767,0.018240908217001195,-0.011684401651595566,-0.03673747581859277,-0.0,-0.0,0.011684401651595566,0.05392865830190963,0.6700919415900486,0.8121801432958036,0.6744186046511628,0.5749360613810741,0.9113475177304964,0.7287078781875657
2025-12-31,2035.287959866221,6.914784970368792e-05,0.011041735032603972,-0.025853079552399016,-0.050390673848095924,-0.0,-0.0,0.025853079552399016,0.06452030076028137,0.35513513513513517,0.6613810741687979,0.6010810810810812,0.5639059304703476,0.9113924050632911,0.5713786063602895
2026-01-01,2035.4286956521737,0.006698169046192914,-0.004834000933102711,-0.05626808370114733,-0.03805034423816567,-0.0,0.004834000933102711,0.05626808370114733,0.0645849826973085,0.19556996218260397,0.6405930470347648,0.6007563479200432,0.5196729688298416,0.9114372469635628,0.5087930702823743
2026-01-02,2049.062341137124,0.0013774960352204157,-0.025592911703605892,-0.0351125771467965,-0.05030010953374486,-0.0,0.025592911703605892,0.06254730035617162,0.07080886201575132,0.16252699784017277,0.575370464997445,0.5502159827213823,0.5143003064351379,0.911482043500253,0.47090081511876697
2026-01-05,2051.88491638796,-0.001302676930106883,-0.02901991136007276,-0.036711395423204785,-0.02102210971398366,0.001302676930106883,0.02901991136007276,0.06383686136795685,0.07208705841381613,0.3561791689152725,0.458120531154239,0.5385860766324879,0.503318019397652,0.9115267947421637,0.4956759826192473
2026-01-06,2049.211973244147,0.004171894904767548,-0.029389223735861947,-0.05907276078619217,-0.015404551138492928,-0.0,0.029389223735861947,0.06261575253413743,0.07087671093993253,0.27238403451995685,0.3272077590607453,0.5501618122977346,0.20918367346938777,0.9115715007579586,0.39686574564566024
2026-01-07,2057.761070234113,-0.015634292659801208,-0.0364918809052065,-0.07004973551798055,-0.022271925378649415,0.015634292659801208,0.0364918809052065,0.07004973551798055,0.07473681172068403,0.338544474393531,0.39693877551020407,0.5207547169811321,0.20958694543600204,0.9116161616161617,0.4340261854265484
2026-01-08,2025.5894314381271,-0.014301299870202455,-0.05168392289956758,-0.043487568852331515,-0.003179288463109553,0.014301299870202455,0.05168392289956758,0.055279701895764255,0.060041221082945406,0.9046336206896551,0.6399796022437532,0.6357758620689655,0.4164118246687054,0.911660777385159,0.7286926808598123
2026-01-09,1996.6208695652176,-0.0021443588200292796,-0.009769700526126579,-0.04640355232965199,0.028424965632569466,0.0021443588200292796,0.03792499982443165,0.04640355232965199,0.04640355232965199,0.9176090468497577,0.7762487257900103,0.7178244480344642,0.5848191543555782,0.9117053481331987,0.8053350529102339
2026-01-12,1992.339397993311,-0.0016825315588396839,-0.007921361264890292,-0.042742059434743185,0.03867739355096389,0.0016825315588396839,0.03585753242031242,0.044354305054873366,0.044354305054873366,0.9041980624327234,0.8395313295975548,0.7357373519913887,0.5891038696537678,0.9273827534039334,0.8245412617298823
2026-01-13,1988.9872240802677,-0.003176353108768404,-0.030582327928174835,-0.025349265162731394,0.047107199882806094,0.003176353108768404,0.03423259828843417,0.04274369110525966,0.04274369110525966,0.881118881118881,0.8329938900203666,0.743410435718128,0.5928753180661578,0.9359879032258064,0.8178502970243
2026-01-14,1982.6694983277596,-0.031155205112278428,-0.03482882390685127,-0.02518880240818544,0.0414012438012612,0.031155205112278428,0.03482882390685127,0.03969341830913509,0.03969341830913509,0.7779569892473118,0.8239185750636132,0.760752688172043,0.5752797558494405,0.910831234256927,0.7797166026595443
2026-01-15,1920.8990234375,0.0292651812937319,0.008643061364410398,0.019303934886962804,0.061738618584727734,-0.0,0.0037917515931936707,0.008812777074212574,0.008812777074212574,0.7103707684040839,0.7477110885045779,0.8635142396560989,0.8668022369089985,0.9108761329305136,0.7865440985311462
2026-01-16,1977.114481605351,-0.0002817862855198916,-0.0369952846554884,-0.01574021178764906,0.03516671867482701,0.0002817862855198916,0.0369952846554884,0.0369952846554884,0.0369952846554884,0.8759398496240601,0.8673106253177427,0.7701396348012889,0.8663617886178863,0.9270256668344237,0.8622203517805608
2026-01-19,1976.557357859532,-0.024486004981635667,-0.03509872787327528,0.01628721198888683,0.04376197829864137,0.024486004981635667,0.0367238466463049,0.0367238466463049,0.0367238466463049,0.9253891572732152,0.9324186991869918,0.7707997852925389,0.8664296597257491,0.9361167002012073,0.8982255973302273
2026-01-20,1928.1593645484948,-0.007542899882076681,0.00539815078289152,0.046409762442615854,0.07464710005981567,0.007542899882076681,0.012545019063964213,0.012545019063964213,0.012545019063964213,0.9704935622317596,0.9761300152361605,0.8530042918454935,0.9096446700507614,0.9426847662141781,0.9438247084880823
2026-01-21,1913.6154515050168,0.012482142139949692,0.00998788788708671,0.05137673697629763,0.06600795685178173,-0.0,0.005040136426343378,0.005040136426343378,0.005040136426343378,0.9619302949061662,0.9796954314720812,0.8702412868632707,0.91324200913242,0.9482412060301507,0.9458023287683176
2026-01-22,1937.5014715719064,-0.017306259376840494,0.010569520508207475,0.042140885028392416,0.05838516225789814,0.017306259376840494,0.017306259376840494,0.017306259376840494,0.017306259376840494,0.802250803858521,0.9665144596651446,0.8392282958199356,0.9127789046653144,0.9522852837769965,0.8865152664977561
2026-01-23,1903.9705685618728,0.0016870746435191375,0.022071618683856098,0.0784697952105724,0.08101109598107947,-0.0,-0.0,-0.0,-0.0,0.9619710765934655,0.9731237322515213,0.8859132297803963,0.9356310187531678,0.9558232931726907,0.9498475713410746
2026-01-27,1907.1827090301003,0.016456289349242592,0.05325512707523217,0.08505487344156082,0.07752479392154599,-0.0,-0.0,-0.0,-0.0,0.9079229122055675,0.963000506842372,0.8795503211991434,0.9326241134751773,0.9593577521324635,0.9286597163103492
2026-01-28,1938.567859531772,-0.0030122398911208714,0.04079141345922399,0.07434095359055481,0.06674262983401946,0.0030122398911208714,0.0030122398911208714,0.0030122398911208714,0.0030122398911208714,0.49224184055644726,0.9498480243161095,0.8362760834670947,0.9316455696202531,0.9623871614844534,0.7853089134611917
2026-01-29,1932.7284280936456,0.013065211154176026,0.04097954993875952,0.06831071121664523,0.07589750431659681,-0.0,-0.0,-0.0,-0.0,0.6684491978609626,0.9660759493670886,0.8433155080213903,0.9326923076923077,0.9654135338345864,0.8480530299349801
2026-01-30,1957.979933110368,-0.006121437697715892,0.031241160434274606,0.04163104079694424,0.05376749977794337,0.006121437697715892,0.006121437697715892,0.006121437697715892,0.006121437697715892,0.643506146445751,0.9600202429149798,0.800106894708712,0.9327263530601922,0.9684368737474951,0.8321240039112635
2026-02-02,1945.994280936455,0.032248648535868174,0.05518025889354172,0.05172103043540477,0.04273323389343364,-0.0,-0.0,-0.0,-0.0,0.8739316239316238,0.9782498735457764,0.8221153846153846,0.9368048533872598,0.970956434651978,0.915394722902505
2026-02-03,2008.749966555184,0.004428035445728007,0.030191874265670826,0.027034450483723216,-0.010459074499883703,-0.0,-0.0,-0.0,0.010459074499883703,0.614522156967432,0.9474216380182001,0.6812600106780566,0.9368367862556846,0.9059059059059059,0.7944555848526137
2026-02-04,2017.6447826086956,-0.002832021487220615,0.03223464346215521,0.026984971500348065,-0.0025506907877076435,0.002832021487220615,0.002832021487220615,0.002832021487220615,0.014821479907224488,0.4194236926360726,0.9413845376452753,0.6579509071504803,0.9358585858585858,0.9059529764882441,0.7265391331064484
2026-02-05,2011.930769230769,0.003587960981256799,0.02625523362057769,0.013916248439700851,-0.0007523347761753119,-0.0,-0.0,-0.0,0.012023509256570253,0.6874666666666667,0.9469696969696969,0.6709333333333334,0.9379101463907118,0.9060000000000001,0.8162816347297421
2026-02-06,2019.1494983277591,0.016950330257599067,0.010075121864117964,0.015587409977743327,-0.024817098228549828,-0.0,-0.0,-0.0,0.024817098228549828,0.7510660980810235,0.8859162039374054,0.6508528784648188,0.9132189707366297,0.906046976511744,0.8128432436293874
2026-02-09,2053.37474916388,0.007803321736197022,-0.003278329393467172,0.0023563949419749264,-0.024831102334919586,-0.0,0.006760613757546663,0.006760613757546663,0.041071257113972304,0.3564198188598828,0.7270433905146316,0.527437400106553,0.897125567322239,0.9060939060939062,0.6194483418267995
2026-02-10,2069.3978929765885,0.006419717482976317,-0.003064889037489471,-0.0069398144778899384,-0.04346644251150422,-0.0,0.014451168377430545,0.014451168377430545,0.04849614780587386,0.3780617678381257,0.6742309631870903,0.47923322683706077,0.8966733870967741,0.9061407888167747,0.6036487267447538
2026-02-11,2082.6828428093645,-0.008608301194736545,-0.005085735103987243,-0.00707254408494884,-0.05349358286055561,0.008608301194736545,0.020737755329957364,0.020737755329957364,0.054565569746778064,0.3001596593932943,0.6743951612903225,0.43054816391697703,0.896221662468514,0.9061876247504991,0.5713316444937604
2026-02-12,2064.7544816053514,-0.012234774761416878,-0.012023310358521111,0.007101672781424595,-0.07030129619822967,0.012234774761416878,0.012234774761416878,0.012234774761416878,0.07030129619822967,0.42021276595744683,0.67455919395466,0.49148936170212765,0.9018126888217524,0.9062344139650874,0.6197344934575424
2026-02-13,2039.492675585284,0.00350598698794391,0.005457305099696219,0.011651399109336769,-0.05865546502637842,-0.0,-0.0,-0.0,0.05878575187012425,0.8532695374800637,0.7633434038267876,0.5800106326422116,0.8017111222949169,0.9062811565304087,0.785702827924658
2026-02-16,2046.6431103678929,0.00801913514338004,0.005653257575922055,-0.008545799011216992,-0.054245512298146226,-0.0,0.0032804022719051806,0.008545799011216992,0.06207410784368006,0.6147715196599361,0.5832913940613991,0.5552603613177471,0.801810865191147,0.9063278525161934,0.6530216498413035
2026-02-17,2063.0554180602007,0.004379645561587431,-0.0038868381680923214,-0.03650658940013918,-0.047351529472383636,-0.0,0.011209645751097841,0.03650658940013918,0.06953562739371022,0.44131704726500265,0.397887323943662,0.49814126394052044,0.8009049773755657,0.9063745019920318,0.5346149543275899
2026-02-18,2072.090869565217,-0.015521313461075437,-0.0019969650160451824,-0.02875958568790571,-0.0763285535975754,0.015521313461075437,0.015521313461075437,0.04070794857542692,0.0763285535975754,0.2075371549893843,0.19758672699849172,0.47239915074309985,0.6100502512562814,0.9064211050273768,0.37433158306762887
2026-02-19,2039.9292976588629,0.0052420991835149255,0.01935772710071304,-0.014467253324374041,-0.053672264790605606,-0.0,-0.0,0.025583728178919407,0.061765928473552445,0.8737400530503979,0.21105527638190957,0.5782493368700266,0.6790557508789553,0.9064676616915424,0.6160781232594486
2026-02-20,2050.6228093645486,0.003701559173913793,0.006160474421165185,-0.039784372875574125,-0.09208982956511691,-0.0,-0.0,0.039784372875574125,0.09208982956511691,0.5763520678685048,0.2832747363134104,0.5418875927889714,0.6792168674698794,0.9065141720537047,0.5363791468379767
2026-02-23,2058.213311036789,-0.0015434044184634566,-0.014119236904144516,-0.02712358340215748,-0.07341507257211644,0.0015434044184634566,0.014119236904144516,0.04332555992568021,0.09543811889449583,0.3778484366719661,0.18423694779116467,0.5135135135135136,0.5218263923733065,0.9065606361829026,0.4205875307264555
2026-02-24,2055.0366555183946,0.006285202278776714,-0.03274703365233855,-0.03678188750907385,-0.05540937384674394,-0.0,0.03274703365233855,0.04184674195364624,0.09403985600530262,0.5444915254237288,0.22227797290516807,0.5248940677966102,0.522567703109328,0.9066070541480379,0.4869033041000945
2026-02-25,2067.9529765886286,0.0055439924644593574,-0.026816171628466834,-0.04675169217959285,-0.08145314366909673,-0.0,0.03878844272252546,0.047831314743997266,0.09969843346288798,0.2694547379565908,0.20511534603811435,0.48173636844891476,0.5228070175438596,0.9066534260178749,0.3872732747467402
2026-02-26,2079.4176923076925,-0.007772403610098677,-0.03318263993671111,-0.07685715461665532,-0.10494877577719108,0.007772403610098677,0.0440880115829958,0.07685715461665532,0.10494877577719108,0.291005291005291,0.22255639097744362,0.44338624338624333,0.5150300601202406,0.9066997518610422,0.3925441676357274
2026-02-27,2063.255618729097,-0.01652859137788576,-0.04566353823744773,-0.06949712539083497,-0.07196053423573567,0.01652859137788576,0.04566353823744773,0.06962591169396315,0.09793758258756025,0.8016922263352724,0.3301603206412826,0.4970914859862507,0.5683525287931898,0.9067460317460316,0.6021499213405505
2026-03-02,2029.1529096989968,-0.020408816160530474,-0.01319058752822877,-0.046093620100003285,-0.056766096704900515,0.020408816160530474,0.02962459976379106,0.05398969390525443,0.08277718141672463,0.954016913319239,0.38457686529794693,0.6199788583509513,0.6751751751751752,0.9067922657411998,0.6982990492815695
2026-03-04,1987.7403010033445,0.012455396528906482,-0.00417145668931973,-0.011255852871367877,-0.02885340083966803,-0.0,0.00940778536525777,0.03428050221226475,0.0636677486334083,0.9815108293713682,0.7667667667667668,0.7432646592709985,0.7993996998499249,0.923191278493558,0.8541309205449212
2026-03-05,2012.4983946488292,-0.001034172702221059,-0.020484845688902298,-0.04897754171747648,-0.04015971467624402,0.001034172702221059,0.02159421735428535,0.04897754171747648,0.0751866654306893,0.894403379091869,0.7668834417208603,0.6721224920802534,0.7995,0.9326399207528479,0.8166170541236758
2026-03-06,2010.4171237458197,-0.02058132930100287,-0.045173490344738276,-0.03978052641931673,-0.005242091448589892,0.02058132930100287,0.045173490344738276,0.04799300206789181,0.07422925860141993,0.9150395778364117,0.728,0.6786279683377309,0.7936031984007995,0.9396039603960397,0.8129644455034394
2026-03-09,1969.040066889632,0.01693572635040197,-0.02497398780024529,-0.05447261553759841,0.02110881361733319,-0.0,0.025108936330756615,0.05447261553759841,0.054775277320504245,0.9804852320675106,0.8595702148925537,0.7816455696202531,0.8731268731268732,0.9455714992577932,0.898172053707926
2026-03-10,2002.387190635452,-0.011455657684305787,-0.0333428442776591,-0.047582085843791644,0.02295836834797771,0.011455657684305787,0.04134446415020665,0.07021912991912671,0.07051675126830681,0.749604638903532,0.8666333666333667,0.6968898260411176,0.873190214677983,0.9500494559841741,0.8139731198424769
2026-03-11,1979.4485284280936,-0.004130369001967393,-0.007114072226224399,-0.019338804052904,0.028592073714347466,0.004130369001967393,0.030235170226037167,0.05944444747634259,0.05974551778390502,0.8419388830347735,0.8766849725411882,0.7644889357218125,0.8812375249500998,0.954028670291646,0.858135787984835
2026-03-12,1971.2726755852843,-0.026213070879476774,-0.029088570915080325,-0.0364033706693363,0.05327635578549961,0.026213070879476774,0.029088570915080325,0.055543493598595894,0.05584581259517041,0.8836229594523434,0.8952095808383234,0.7783043707214322,0.8832917705735661,0.95800395256917,0.8796941192970863
2026-03-13,1919.5995652173915,0.0001384242153203985,0.005648108709684463,-0.030430416377077996,0.08889774263759853,-0.0,0.002952904736768902,0.030430416377077996,0.030430416377077996,0.9842105263157894,0.9391521197007482,0.8657894736842106,0.9307078763708873,0.9614814814814814,0.9440872599342265
2026-03-16,1919.8652842809363,0.00820714984670401,-0.030254195650433302,-0.0026473952011544233,0.1025776221547876,-0.0,0.030254195650433302,0.030564609710282853,0.030564609710282853,0.9726459758022094,0.9122632103688934,0.8648079957916885,0.916791230692576,0.9649555774925963,0.931110920360856
2026-03-17,1935.621906354515,0.015366989894357808,-0.014730394826997673,-0.011188180339055998,0.09435859333506635,-0.0,0.03814825703525837,0.038456144218856236,0.038456144218856236,0.9474237644584648,0.8809167912306926,0.8417455310199791,0.9168326693227091,0.9684262456832758,0.9108083658887144
2026-03-18,1965.3665886287624,-0.026170902852320932,-0.012312322578777568,-0.017797878267501677,0.08203604981589119,0.026170902852320932,0.052705324737003845,0.053008552226829875,0.053008552226829875,0.8223857067787703,0.8565737051792829,0.79033105622701,0.9168740666998506,0.9714003944773176,0.856222772242941
2026-03-19,1913.9311705685616,0.008626486639713438,-0.007533951640831038,0.009271944068657278,0.11742659970612945,-0.0,0.027247513924570033,0.027558890418365678,0.027558890418365678,0.9726890756302521,0.9273270283723245,0.870798319327731,0.9537313432835822,0.9733859043863973,0.941862751876585
2026-03-20,1930.4416722408023,-0.035567180754690786,-0.03587589413662173,0.03596931318413299,0.10734546610361484,0.035567180754690786,0.03587589413662173,0.03587589413662173,0.03587589413662173,0.9301837270341207,0.8855721393034827,0.8493438320209974,0.9472899055196419,0.9748768472906404,0.9122150388550615
2026-03-23,1861.781304347826,0.02434664425109756,0.02846807928990769,0.07993573787173291,0.1376815284660764,-0.0,0.0003200983788300693,0.0003200983788300693,0.0003200983788300693,0.993704092339979,0.9572352063649925,0.9150052465897167,0.9796222664015904,0.9763663220088626,0.9674697349546793
2026-03-24,1907.109431438127,0.017858927864565777,0.0035951728027980856,0.07406460246420754,0.12415080365017572,-0.0,0.02408046413620224,0.02408046413620224,0.02408046413620224,0.8610382800209753,0.9165009940357853,0.8814892501310959,0.9796323894684551,0.9778543307086615,0.9081836614257628
2026-03-25,1941.1683612040135,-0.0214595788551577,-0.00555393755953959,0.048876082754514494,0.10590953515668788,0.0214595788551577,0.04120354093543721,0.04120354093543721,0.04120354093543721,0.7458071278825996,0.8097367113760556,0.8312368972746331,0.9786494538232372,0.9793408755533695,0.8325735729384177
2026-03-27,1899.5117056856188,-0.02017695095025318,0.01693347166613246,0.09306770460283742,0.13587521477678344,0.02017695095025318,0.02017695095025318,0.02017695095025318,0.02017695095025318,0.9413305395495024,0.9374379344587883,0.8905185961236249,0.9836228287841192,0.9803343166175025,0.942156198021475
2026-03-30,1861.1853511705683,0.02879739566840578,0.0745186297944671,0.12307333174457846,0.15372773878547297,-0.0,-0.0,-0.0,-0.0,0.9926701570680627,0.9588089330024815,0.9151832460732985,0.9866071428571428,0.9813267813267812,0.9690434605090306
2026-04-01,1914.782642140468,-0.00042658771000847473,0.05004302964595664,0.10550432901026485,0.13848352308813783,0.00042658771000847473,0.00042658771000847473,0.00042658771000847473,0.00042658771000847473,0.7948717948717949,0.9067460317460316,0.8676085818942961,0.9861179970252851,0.9823182711198427,0.8833386857612892
2026-04-02,1913.9658193979933,0.008579784324729722,0.07021698745780669,0.10674101135877767,0.13288238728770474,-0.0,-0.0,-0.0,-0.0,0.8666317991631799,0.8869608329201785,0.8682008368200836,0.9851337958374629,0.9833087874324987,0.9006487996577688
2026-04-06,1930.3872333333327,0.0006681560972474632,0.05473400958567631,0.10164295705989379,0.121007914526027,-0.0,-0.0,-0.0,-0.0,0.767903815995818,0.8186323092170465,0.8468374281233664,0.9787023278850916,0.9842983316977428,0.8451873057522021
2026-04-07,1931.6770333333332,0.03530678204643278,0.07486648346028724,0.10716106424346905,0.13520924848876126,-0.0,-0.0,-0.0,-0.0,0.7439916405433646,0.8187221396731055,0.841692789968652,0.9787128712871288,0.9852869053457577,0.8368896269494738
2026-04-08,1999.878333333333,0.005363242930611856,0.04518739890009993,0.06889794129142857,0.10944679134647384,-0.0,-0.0,-0.0,-0.0,0.6083550913838119,0.5638613861386139,0.698172323759791,0.9777337951509155,0.8970588235294117,0.687040086314112
2026-04-09,2010.6041666666667,0.0187777222849681,0.05281812058978974,0.053471506284388015,0.10286594618118516,-0.0,-0.0,-0.0,-0.0,0.5208768267223381,0.32953983176645224,0.6706680584551148,0.9732937685459941,0.8971092601665851,0.5859594978677297
2026-04-10,2048.358733333333,-0.0060114795647285835,0.03412768095536389,0.046632391637389636,0.07239057507537527,0.0060114795647285835,0.0060114795647285835,0.0060114795647285835,0.0060114795647285835,0.3750652060511215,0.3298714144411474,0.5440792905581638,0.9733069698467622,0.8971596474045053,0.520222746967734
2026-04-13,2036.0450666666663,0.019768635769555454,0.04447467043624065,0.054375777405844206,0.050677300488138455,-0.0,-0.0,-0.0,-0.0,0.4598540145985401,0.34948096885813146,0.5886339937434828,0.9693675889328063,0.8972099853157123,0.5593732774776922
2026-04-15,2076.2949,0.006720015221986841,0.030045202153123896,0.03916272523073028,0.033280211656649517,-0.0,-0.0,-0.0,-0.0,0.23293381969775925,0.25296442687747034,0.4476289734236582,0.9683950617283951,0.8972602739726027,0.4370925060389962
2026-04-16,2090.2476333333334,0.012703215754548136,0.022685446089648842,0.027295107251167794,0.023820227427691965,-0.0,-0.0,-0.0,-0.0,0.23333333333333336,0.08,0.38645833333333335,0.9452122408687069,0.8973105134474327,0.37472893900439924
2026-04-17,2116.8005000000003,0.0006915940669260934,0.0006206064293727831,0.02983180907794214,0.011193598469078747,-0.0,-0.0,-0.0,-0.0,0.09370119729307652,0.07354392892398814,0.2951587714731911,0.9452392698569314,0.8973607038123167,0.31432192106583645
2026-04-20,2118.2644666666665,0.003933896576401752,0.012092037484649376,0.02362013846114963,-0.00026416093165637644,-0.0,7.093857685436245e-05,7.093857685436245e-05,0.00026416093165637644,0.26742976066597296,0.0863344844597928,0.2898022892819979,0.9452662721893492,0.8974108451392282,0.3729287152226482
2026-04-21,2126.5975,0.005680482554879296,0.009479508933872172,0.017578251957254043,0.0006528199083852826,-0.0,0.003989142280097613,0.003989142280097613,0.004181607496643092,0.29017160686427457,0.11094674556213019,0.25533021320852833,0.9452932479053722,0.8974609375,0.3822018348644551
2026-04-22,2138.6776,-0.0004730804992145732,0.008851575696433356,0.02533342722312759,0.0012519855317987272,0.0004730804992145732,0.009615006955700056,0.009615006955700056,0.009806385052306466,0.18503118503118504,0.05519960571710202,0.19906444906444906,0.9019704433497537,0.8975109809663251,0.3185228373332514
2026-04-23,2137.665833333333,-0.009146253370596047,0.004507408587014039,0.03793519333197959,0.0075385417465314575,0.009146253370596047,0.009146253370596047,0.009146253370596047,0.009337722047299546,0.29194805194805196,0.05024630541871922,0.20571428571428574,0.9020187099950764,0.8975609756097562,0.35235699570603557
2026-04-24,2118.1142,0.01216383894692763,0.029193085232181115,0.046887305069134966,0.015982259423123146,-0.0,-0.0,-0.0,0.00019323606269328053,0.4418483904465213,0.015263417035942885,0.29231568016614745,0.7185039370078741,0.8976109215017065,0.38111176074859066
2026-04-27,2143.8786000000005,0.0013424267586792382,0.011390368217055746,0.024610535316691662,0.011788795325301527,-0.0,-0.0,-0.0,0.012208571907170063,0.1785158277114686,0.030511811023622052,0.16813700051894134,0.7186424003935072,0.8976608187134503,0.28244401338853353
2026-04-28,2146.7566,0.00505491245102796,0.008022691844369545,-0.0035077407855530485,0.013045047016449818,-0.0,-0.0,0.0035077407855530485,0.013532831830279646,0.25414937759336104,0.06837186424003935,0.14782157676348548,0.7187807276302851,0.8977106673161228,0.31468321485509587
2026-04-29,2157.6082666666666,-0.00477709515635294,0.016337241199545494,-0.005660820419414736,0.018736942681716107,0.00477709515635294,0.00477709515635294,0.00851958746781234,0.018494257429156447,0.21202695697252463,0.03048180924287119,0.13893208916537067,0.5199017199017198,0.8977604673807206,0.2647796499700143
2026-04-30,2147.301166666666,0.015203885794979666,0.033277788156870436,-0.003382552685151863,0.014294606949751154,-0.0,-0.0,0.003760456369367171,0.013783004999225246,0.49222797927461137,0.025061425061425058,0.20777202072538858,0.13948919449901767,0.8978102189781022,0.31746053734583596
2026-05-01,2179.948488372093,-0.005344310550258191,0.017192322889501455,-0.018098305417028282,-0.012054876736434461,0.005344310550258191,0.007325458280599828,0.018680328581973882,0.02855277762407904,0.48213360952874157,0.023575638506876224,0.13930605903676851,0.13991163475699558,0.8978599221789884,0.30351173341233023
2026-05-04,2168.2981666666665,-0.0019917924879488957,0.013071280402779939,-0.023333166763123914,-0.014480132609871355,0.0019917924879488957,0.0019917924879488957,0.023333166763123914,0.023333166763123914,0.1987577639751553,0.026018654884634267,0.2116977225672878,0.17419038272816487,0.8979095770539619,0.22848566482433724
2026-05-05,2163.9793666666665,0.013344982448307618,-0.011438663755500733,-0.016633052068785625,-0.014532057361066775,-0.0,0.011438663755500733,0.02138396669940945,0.02138396669940945,0.3041903776513192,0.02845927379784102,0.23693740300051733,0.18097106424717999,0.8979591836734694,0.2676209507433494
2026-05-06,2192.857633333333,0.01181151310187678,-0.021644451002303722,-0.02348644943386624,-0.02037044812677402,-0.0,0.02445726443913454,0.034271595309831926,0.034271595309831926,0.12150982419855222,0.023540951446787643,0.13960703205791106,0.18137254901960784,0.8980087421078194,0.19300143982326784
2026-05-07,2218.7586,-0.0006002155139064325,-0.035479656353995415,-0.0292856931537977,-0.03135757389371352,0.0006002155139064325,0.03584538925617009,0.045545151260864,0.045545151260864,0.06976744186046512,0.06911764705882353,0.14005167958656328,0.1817736403723665,0.8980582524271844,0.18983790631103326
2026-05-08,2217.4268666666667,-0.00937404835268063,-0.03469415518815655,-0.029520890640631903,-0.0486106433952479,0.00937404835268063,0.03526634114733895,0.04497192859619126,0.0486106433952479,0.2277892561983471,0.08378245957863792,0.1518595041322314,0.18364348677766895,0.8981077147016012,0.2467719197673593
2026-05-11,2196.6406,-0.02613730515700896,-0.03593473417924753,-0.012513769426963028,-0.02898257830361395,0.02613730515700896,0.03593473417924753,0.03593473417924753,0.03960788123642467,0.343830665978317,0.16846229187071496,0.26071244192049564,0.2907488986784141,0.8981571290009698,0.33803824330787
2026-05-12,2139.226334317525,0.0028833318462606616,-0.005254492688352652,0.016611055077388803,-0.011013407982075174,-0.0,0.010060380250850653,0.010060380250850653,0.013832110163730538,0.8384932920536634,0.31326480665687717,0.47368421052631576,0.686399217221135,0.8982064953950558,0.6187427840109918
2026-05-13,2145.394433733622,-0.0024968025971670027,-0.0018827495111052306,0.024536660731222293,-0.021856958367988844,0.0024968025971670027,0.01290649837931046,0.01290649837931046,0.021856958367988844,0.6833419288292935,0.3747553816046967,0.45023207839092316,0.686552567237164,0.8982558139534885,0.5834447309153338
2026-05-14,2140.037807339528,0.00021369131659687568,0.006421806694904664,0.017737156501253404,0.0001864603052352809,-0.0,0.010435751794326875,0.010435751794326875,0.01940861525178983,0.4247422680412371,0.5838630806845966,0.4706185567010309,0.6871945259042033,0.8983050847457626,0.5647398706173292
2026-05-15,2140.4951148361456,-0.010647167903596433,0.005359197372862834,0.0061548205018227,0.016130152337209047,0.010647167903596433,0.010647167903596433,0.010647167903596433,0.019618114347702664,0.5486862442040185,0.6348973607038123,0.4703760947964966,0.6873473375671715,0.8983543078412392,0.6193370473994231
2026-05-18,2117.7049039516573,0.004854727971909778,0.024293961812165588,0.009064538542700173,0.025652417637979097,-0.0,-0.0,-0.0,0.009067489527570416,0.796086508753862,0.763067904250122,0.543254376930999,0.73046875,0.8984034833091437,0.752231041569476
2026-05-19,2127.985785185122,0.006282658615643477,0.02198104701657244,0.0021365317515897875,,-0.0,-0.0,-0.0,0.013854955459660645,0.613484302624807,0.77880859375,0.5043746783324756,0.7306002928257687,0.8984526112185687,0.6924563029553767
2026-05-20,2141.355193412382,0.005802644551400782,0.026469245200788638,0.0031909452821066164,,-0.0,-0.0,0.004120240797707453,0.020011886225891673,0.581275720164609,0.8116154221571499,0.46502057613168724,0.7307317073170733,0.8985016916384727,0.6857856228583141
2026-05-21,2153.7807164580504,-0.0008423632972408557,0.011243148480166942,-0.0021343877650750187,,0.0008423632972408557,0.0008423632972408557,0.009865638555299316,0.025665602409313704,0.49357326478149105,0.7926829268292682,0.4159383033419023,0.7294002925402243,0.8985507246376812,0.6445904118283343
2026-05-22,2151.966450632201,0.007986135369556724,0.0007913819568559077,-0.019670441713286912,,-0.0,-0.0,0.019670441713286912,0.0248441669264422,0.6423432682425488,0.7094100438810337,0.4244604316546763,0.695906432748538,0.8985997102848866,0.6652199450828861
2026-05-25,2169.1523460176945,0.0025857080866065196,-0.014868215412030539,-0.01667750735834983,,-0.0,0.014868215412030539,0.027437457830413514,0.03257019233103098,0.3430919363122753,0.7675438596491228,0.3590138674884437,0.6960545543107648,0.8986486486486487,0.5764217393232692
2026-05-26,2174.761140779874,0.010701914740198326,-0.01941769401978055,-0.02717308937522933,,-0.0,0.01941769401978055,0.029945734987902428,0.03506523196378997,0.24383983572895274,0.7481734047735021,0.3372689938398357,0.6962025316455697,0.8986975397973951,0.5357035190078199
2026-05-27,2198.0352490887967,-0.009116894849705237,-0.02267802959272147,-0.04528253685534256,,0.009116894849705237,0.02980068437658112,0.04528253685534256,0.04528253685534256,0.12570548999486916,0.7112950340798443,0.25654181631605955,0.6963503649635037,0.8987463837994214,0.47492084179333327
2026-05-29,2177.9959928469084,-0.011169219261106145,-0.013228802850577925,-0.01724482208781042,,0.011169219261106145,0.020874096469470582,0.036498394026156844,0.036498394026156844,0.46615384615384614,0.7557177615571777,0.32666666666666666,0.7232490272373541,0.8987951807228916,0.6108258752539086
2026-06-01,2153.6694780529906,-0.007786039848862059,-0.020445643356893806,0.009914311030593703,,0.007786039848862059,0.020445643356893806,0.02561527741493208,0.02561527741493208,0.7713992824192722,0.8667315175097277,0.4172219374679652,0.7627613028682546,0.8988439306358381,0.7594850833289855
2026-06-02,2136.900921675592,-0.002044375220758954,-0.00183659889430543,0.016438868339616164,,0.002044375220758954,0.012758945163504287,0.01796914605329103,0.01796914605329103,0.6429303278688525,0.7661643169664559,0.4820696721311476,0.7759961127308067,0.8988926336061627,0.7003686381555442
2026-06-03,2132.5322943821016,0.007341434557993631,-0.007908969301354318,,,-0.0,0.010736519416998602,0.01595739373286742,0.01595739373286742,0.6845878136200717,0.8066083576287659,0.49308755760368667,0.776104905293832,0.8989412897016361,0.7272004852457553
2026-06-04,2148.188140664116,0.00046344757483107735,-0.023129028045078215,,,-0.0,0.023129028045078215,0.023129028045078215,0.023129028045078215,0.44268167860798363,0.8319572608062167,0.44165813715455476,0.7762135922330097,0.898989898989899,0.6493262127407203
2026-06-05,2149.183713248188,-0.018401122718506913,-0.004069858594204834,,,0.018401122718506913,0.02358154680922986,0.02358154680922986,0.02358154680922986,0.6138107416879796,0.8912621359223302,0.4358056265984655,0.7763221737020863,0.8990384615384616,0.7206053116620718
2026-06-08,2109.6363199960915,0.011063504921812406,0.03099363928259158,,,-0.0,0.00527753669102593,0.00527753669102593,0.00527753669102593,0.8619631901840491,0.9005337214944201,0.5761758691206544,0.8501454898157128,0.8990869774147044,0.8329486321679621
2026-06-09,2132.9762918056026,-0.008115481611500885,0.018309093695157763,,,0.008115481611500885,0.016162230694007795,0.016162230694007795,0.016162230694007795,0.5487991824220746,0.799709020368574,0.49156872764435355,0.8390693165293263,0.8991354466858791,0.6890673035757912
2026-06-10,2115.666161931687,-0.008112586630125374,,,,0.008112586630125374,0.008112586630125374,0.008112586630125374,0.008112586630125374,0.7717058222676201,0.6383906931652933,0.5546475995914198,0.6531007751937985,0.899183869419107,0.7005119840305359
2026-06-11,2098.5026369125912,0.019982916290924413,,,,-0.0,-0.0,-0.0,-0.0,0.8825931597753958,0.7606589147286822,0.6115364982133742,0.6687651331719128,0.8992322456813819,0.7822061451756506
2026-06-12,2140.4368394422995,0.016157817430490606,,,,-0.0,-0.0,-0.0,-0.0,0.613265306122449,0.5990314769975786,0.4714285714285715,0.6679574056147145,0.8992805755395683,0.6274939502414034
2026-06-15,2175.0216271155045,-0.0013758357601488802,,,,0.0013758357601488802,0.0013758357601488802,0.0013758357601488802,0.0013758357601488802,0.2774094849566548,0.4641819941916747,0.3355430902600714,0.6681180454765361,0.8993288590604027,0.4600284631874854
2026-06-16,2172.029154581822,,,,,,,,,0.4648318042813455,0.31930333817126266,0.34964322120285424,0.6315280464216634,0.8993770963104936,0.4755396178007679
