date,index_close,trend_regime,relative_leadership,participation_impulse,fwd_return_1d,fwd_return_5d,fwd_return_10d,fwd_return_20d,trend_regime_level,relative_leadership_level,participation_impulse_level,combo_label,market_state
2018-10-23,551.0931627906976,-0.1526640656514156,-0.020732813409388,-0.0118983112435152,0.0031609900423708,0.0173738403914824,0.0476471905041191,0.0594304203568072,LOW,LOW,MEDIUM,LOW Trend + LOW Leadership + MEDIUM Participation,Mixed Terrain
2018-10-24,552.8351627906977,-0.1440943935693025,0.0199128401869105,0.4191337127863793,-0.0064712506087016,0.0306875610173888,0.0542853598101948,0.0502249773068625,LOW,LOW,HIGH,LOW Trend + LOW Leadership + HIGH Participation,Mixed Terrain
2018-10-25,549.2576279069767,-0.1482826839422064,0.0052676333463375,-0.0894117072418467,0.0004509257696583,0.044811182349385,0.0667239201259306,0.0607247451938519,LOW,LOW,MEDIUM,LOW Trend + LOW Leadership + MEDIUM Participation,Mixed Terrain
2018-10-26,549.5053023255814,-0.1449868266157661,0.0017691554812401,0.1436164076825945,0.0163226729767254,0.0594042980223057,0.0577767543374727,0.0619931730592553,LOW,LOW,MEDIUM,LOW Trend + LOW Leadership + MEDIUM Participation,Mixed Terrain
2018-10-29,558.4746976744185,-0.1218078494291861,0.2381497104361005,1.1300503685893064,0.0039268919014134,0.036871222642532,0.04547227877314,0.0443916236941692,LOW,MEDIUM,HIGH,LOW Trend + MEDIUM Leadership + HIGH Participation,Mixed Terrain
2018-10-30,560.6677674418605,-0.1116688350693026,0.2685868693007248,0.3539444602648349,0.0162887161878479,0.0297563677290813,0.0423830109266254,0.0461805658964451,LOW,MEDIUM,HIGH,LOW Trend + MEDIUM Leadership + HIGH Participation,Mixed Terrain
2018-10-31,569.8003255813953,-0.0834135160378819,0.3325198748093879,0.7132953901356224,0.0071431795732277,0.0228952009176406,0.0308213855648404,0.0372247008093311,LOW,MEDIUM,HIGH,LOW Trend + MEDIUM Leadership + HIGH Participation,Mixed Terrain
2018-11-01,573.8705116279069,-0.0677645137492024,0.3472699496948174,-0.84463397058463,0.0144244516387135,0.0209729165869685,0.0241164506158633,0.0327566918012207,LOW,MEDIUM,LOW,LOW Trend + MEDIUM Leadership + LOW Participation,Mixed Terrain
2018-11-02,582.1482790697675,-0.0415381130284805,0.3788865284668476,0.3153351717747569,-0.0052940747022381,-0.0015362819349243,0.01332136200705,0.0220585562502764,LOW,HIGH,HIGH,LOW Trend + HIGH Leadership + HIGH Participation,Mixed Terrain
2018-11-05,579.0663425925927,-0.0418565627204791,0.3818156352226219,-0.4769828586753936,-0.0029619039525076,0.0082952018946844,0.010684344762198,0.0182939762627145,LOW,HIGH,LOW,LOW Trend + HIGH Leadership + LOW Participation,Fog
2018-11-06,577.3512037037036,-0.0427719417404336,0.3640756003763883,-0.2877247060642443,0.0095172830325209,0.0122617772448345,0.0112473263513626,0.0074424338610254,LOW,HIGH,LOW,LOW Trend + HIGH Leadership + LOW Participation,Fog
2018-11-07,582.8460185185185,-0.0204121437961545,0.4335371176515106,2.721574577468645,0.0052504973599374,0.0077487748892448,-0.0038513126124252,0.0002152591919251,LOW,HIGH,HIGH,LOW Trend + HIGH Leadership + HIGH Participation,Mixed Terrain
2018-11-09,585.90625,-0.0158860499620338,0.3930500332657359,0.2128409439107586,-0.0079403741039026,0.0030789592728897,-0.0056239246340051,-0.0207225669319648,LOW,HIGH,MEDIUM,LOW Trend + HIGH Leadership + MEDIUM Participation,Mixed Terrain
2018-11-12,581.2539351851852,-0.0274353087373476,0.3456180770012512,-0.1304185069583444,0.0045004076037715,0.0148805045923621,0.0039861139928563,-0.0011601673744146,LOW,MEDIUM,MEDIUM,LOW Trend + MEDIUM Leadership + MEDIUM Participation,Mixed Terrain
2018-11-13,583.8698148148148,-0.0247612195815962,0.3413076094219667,-2.6179387083129164,0.0009603865904912,0.0023694874903938,-0.001033652542408,0.0166089314049904,LOW,MEDIUM,LOW,LOW Trend + MEDIUM Leadership + LOW Participation,Mixed Terrain
2018-11-14,584.4305555555555,-0.0270819876896607,0.2990086853742866,-0.131375258417578,0.0050165165521993,-0.0010021625989209,0.0036431474131988,0.0217086115798061,LOW,MEDIUM,MEDIUM,LOW Trend + MEDIUM Leadership + MEDIUM Participation,Mixed Terrain
2018-11-15,587.3623611111111,-0.0183477648051951,0.2994780530335881,0.2387851292075709,0.0005922585330668,-0.0115108921893206,0.0062118571986959,0.0168891419557946,LOW,MEDIUM,MEDIUM,LOW Trend + MEDIUM Leadership + MEDIUM Participation,Mixed Terrain
2018-11-16,587.7102314814815,-0.0091168824615691,0.3160100121591669,-0.2329869318006425,0.0037315252280487,-0.0086761703317985,0.0084367760913923,0.0217011390959309,LOW,MEDIUM,MEDIUM,LOW Trend + MEDIUM Leadership + MEDIUM Participation,Mixed Terrain
2018-11-19,589.903287037037,0.0060610389972213,0.3368005408878302,0.2262132742893974,-0.00788264805805,-0.0107346535382328,0.0086223330236727,0.0188806843808595,LOW,MEDIUM,MEDIUM,LOW Trend + MEDIUM Leadership + MEDIUM Participation,Mixed Terrain
2018-11-20,585.2532870370371,-0.0088045827155499,0.20584821960229,-0.3624588131128106,-0.002406523734461,-0.0033950953967306,0.0075291870700806,0.0371471801026952,LOW,MEDIUM,LOW,LOW Trend + MEDIUM Leadership + LOW Participation,Mixed Terrain
2018-11-21,583.8448611111112,-0.004449110706792,0.2792617571669626,0.1672071307090612,-0.0055555251589303,0.0046499700381781,-0.0037625735971688,0.0370514776367927,LOW,MEDIUM,MEDIUM,LOW Trend + MEDIUM Leadership + MEDIUM Participation,Mixed Terrain
2018-11-22,580.6012962962963,-0.0119984596133514,0.2030209357548111,-0.330118336258587,0.003461688983356,0.0179291296666579,0.0040822939946998,0.0291964237586386,LOW,MEDIUM,LOW,LOW Trend + MEDIUM Leadership + LOW Participation,Mixed Terrain
2018-11-26,582.6111574074074,-0.005134555812251,0.2531203557882182,0.2718129842889889,0.0016472774508695,0.0172627207286226,-0.0151840361730367,0.0176427944405141,LOW,MEDIUM,HIGH,LOW Trend + MEDIUM Leadership + HIGH Participation,Mixed Terrain
2018-11-27,583.5708796296296,0.0003786043671743,0.2550471315688623,0.0371352161337778,-0.00052193031552,0.0195670318697995,-0.0051258491482556,0.016267026498971,LOW,MEDIUM,MEDIUM,LOW Trend + MEDIUM Leadership + MEDIUM Participation,Mixed Terrain
2018-11-28,583.2662962962962,-0.0071584564504435,0.1355109862800754,-0.0259260100700968,0.0056465219177568,0.0109614977975249,0.0176608391186543,0.0207491305350011,LOW,MEDIUM,MEDIUM,LOW Trend + MEDIUM Leadership + MEDIUM Participation,Mixed Terrain
2018-11-29,586.5597222222221,0.0021147566865049,0.2119701745919838,0.1456456339687462,0.0075887413188484,-0.0083736066154734,0.0179998879214882,0.0213988661127464,LOW,MEDIUM,MEDIUM,LOW Trend + MEDIUM Leadership + MEDIUM Participation,Mixed Terrain
2018-11-30,591.0109722222222,0.0154200336011368,0.2337252859961926,0.0446822544996378,0.0028047514628299,-0.0136029466771351,0.0106113684515947,0.017451656323044,MEDIUM,MEDIUM,MEDIUM,MEDIUM Trend + MEDIUM Leadership + MEDIUM Participation,Mixed Terrain
2018-12-03,592.6686111111111,0.0228082876871902,0.2232459530271671,0.3048775847756625,0.0039162163728683,-0.0318961426979444,0.0131533907915875,0.0144250245398207,MEDIUM,MEDIUM,HIGH,MEDIUM Trend + MEDIUM Leadership + HIGH Participation,Mixed Terrain
2018-12-04,594.9896296296296,0.028509125133836,0.1992682794749952,-0.124553509262901,-0.0089579058956518,-0.0242189873212853,0.0101706565691777,0.0022435809649965,MEDIUM,MEDIUM,MEDIUM,MEDIUM Trend + MEDIUM Leadership + MEDIUM Participation,Mixed Terrain
2018-12-05,589.6597685185186,0.0122263145708146,0.0963989749049695,-0.3352090903061565,-0.0135869311328388,0.006626702733709,0.0293966600796393,0.0051943010764758,MEDIUM,LOW,LOW,MEDIUM Trend + LOW Leadership + LOW Participation,Mixed Terrain
2018-12-06,581.6481018518518,-0.0147801382674564,0.016719628359231,-0.4257368291614743,0.0022752238431043,0.0265962006587443,0.0409681970906583,0.0189132110950056,LOW,LOW,LOW,LOW Trend + LOW Leadership + LOW Participation,Mixed Terrain
2018-12-07,582.9714814814815,-0.012111320109418,0.0289172061163449,-0.0190321187273857,-0.0157927330159725,0.0245482435771267,0.0250120233312982,0.0168188457220763,LOW,LOW,MEDIUM,LOW Trend + LOW Leadership + MEDIUM Participation,Mixed Terrain
2018-12-10,573.7647685185185,-0.0366551946611312,-0.0245465659439961,-0.2502660579678632,0.0118773671524148,0.0465337816286339,0.0333329594759885,0.0357294119517137,LOW,LOW,MEDIUM,LOW Trend + LOW Leadership + MEDIUM Participation,Mixed Terrain
2018-12-11,580.5795833333333,-0.0147409624923636,0.0706244947875334,1.1565929372162396,0.022370206528135,0.0352431984673042,0.0215030972801046,0.026199792847489,LOW,LOW,HIGH,LOW Trend + LOW Leadership + HIGH Participation,Mixed Terrain
2018-12-12,593.5672685185185,0.0252440665893335,0.3217561198631207,2.3336524492724124,0.0059815679726149,0.0226200609263529,0.0030346961361127,0.0074182674387195,MEDIUM,MEDIUM,HIGH,MEDIUM Trend + MEDIUM Leadership + HIGH Participation,Mixed Terrain
2018-12-13,597.1177314814814,0.0321431628489038,0.3248145541685052,0.5183746741318113,0.0002757846857392,0.0139996586999755,0.0033388787480104,-0.0018446638299428,MEDIUM,MEDIUM,HIGH,MEDIUM Trend + MEDIUM Leadership + HIGH Participation,Mixed Terrain
2018-12-14,597.2824074074074,0.0337843794989349,0.2847662422601713,-0.7871245996303158,0.005327137575283,0.0004526675606335,0.0067684651934301,-0.0043478564175701,MEDIUM,MEDIUM,LOW,MEDIUM Trend + MEDIUM Leadership + LOW Participation,Mixed Terrain
2018-12-17,600.464212962963,0.0400976598374537,0.3040394150047614,-1.9100241190235596,0.000960676488954,-0.0126138519218194,0.001255124603827,-0.0045759349614307,MEDIUM,MEDIUM,LOW,MEDIUM Trend + MEDIUM Leadership + LOW Participation,Mixed Terrain
2018-12-18,601.0410648148148,0.0437752405573744,0.2910744808685072,0.0664770866787412,0.0099040345659502,-0.0132723414242585,-0.0078472637792744,-0.0070780737157679,MEDIUM,MEDIUM,MEDIUM,MEDIUM Trend + MEDIUM Leadership + MEDIUM Participation,Mixed Terrain
2018-12-19,606.9937962962963,0.0621671383050551,0.3486041452939897,0.5228297400557488,-0.002498576393407,-0.0191521421675401,-0.0235112080131393,-0.0151504843313275,MEDIUM,MEDIUM,HIGH,MEDIUM Trend + MEDIUM Leadership + HIGH Participation,Mixed Terrain
2018-12-20,605.4771759259258,0.0565294499211138,0.3053557816020159,-0.2193604814913013,-0.0130878560963584,-0.0105135932349651,-0.021186993087102,-0.017912792534997,MEDIUM,MEDIUM,MEDIUM,MEDIUM Trend + MEDIUM Leadership + MEDIUM Participation,Mixed Terrain
2018-12-21,597.5527777777778,0.0341671436875983,0.1741865603043505,-0.4138744524483226,-0.0078030454461639,0.0063129399696602,-0.0079932502475374,-0.0073149435118857,MEDIUM,MEDIUM,LOW,MEDIUM Trend + MEDIUM Leadership + LOW Participation,Mixed Terrain
2018-12-24,592.8900462962963,0.0220680122588326,0.1086702574763652,-0.6351393683299671,0.0002931341104173,0.0140461526148008,0.0023191483962152,-0.0005534721829081,MEDIUM,LOW,LOW,MEDIUM Trend + LOW Leadership + LOW Participation,Mixed Terrain
2018-12-26,593.0638425925927,0.0208137319400616,0.1535216143384716,0.0543301846281476,0.0038861283671365,0.005498049636933,0.0045978280241048,-0.003106279779541,MEDIUM,MEDIUM,MEDIUM,MEDIUM Trend + MEDIUM Leadership + MEDIUM Participation,Mixed Terrain
2018-12-27,595.3685648148147,0.0288422741264101,0.2468381373567818,0.3717875384187639,0.0062866442596523,-0.0044441814403634,0.0043703087435491,-0.0057358649843491,MEDIUM,MEDIUM,HIGH,MEDIUM Trend + MEDIUM Leadership + HIGH Participation,Mixed Terrain
2018-12-28,599.1114351851852,0.034555060302145,0.296847437436486,0.6799861142961594,0.0036949009439672,-0.0107868079633672,-0.0051662929522092,-0.0255908306182141,MEDIUM,MEDIUM,HIGH,MEDIUM Trend + MEDIUM Leadership + HIGH Participation,Mixed Terrain
2018-12-31,601.3250925925926,0.0438573106636584,0.3171320114843668,0.2820754808390538,-0.0001783099084721,-0.0142164426680521,-0.0110415870136183,-0.040630792088645,MEDIUM,MEDIUM,HIGH,MEDIUM Trend + MEDIUM Leadership + HIGH Participation,Mixed Terrain
2019-01-01,601.2178703703704,0.0404966828228007,0.2860723628218529,-0.0731240199969965,-0.0081390350727914,-0.0115645665518739,-0.0058237500333044,-0.0385966571248206,MEDIUM,MEDIUM,MEDIUM,MEDIUM Trend + MEDIUM Leadership + MEDIUM Participation,Mixed Terrain
2019-01-02,596.324537037037,0.0216759613712895,0.1306703077112228,-0.7505870496026016,-0.0060401642468794,-0.0008952992133134,0.0007752738418447,-0.0288845792241204,MEDIUM,LOW,LOW,MEDIUM Trend + LOW Leadership + LOW Participation,Mixed Terrain
2019-01-03,592.7226388888889,0.0114211942125715,0.1238723480970841,-0.4851721794663007,-0.0001243477115061,0.008853838247528,0.0085620272863555,-0.0181846030820267,MEDIUM,LOW,LOW,MEDIUM Trend + LOW Leadership + LOW Participation,Mixed Terrain
2019-01-04,592.6489351851852,0.0115376303413583,0.171287837837525,0.0032252905001612,0.0002150576777191,0.0056818035347732,0.0033450725817707,-0.0106543776267523,MEDIUM,MEDIUM,MEDIUM,MEDIUM Trend + MEDIUM Leadership + MEDIUM Participation,Mixed Terrain
2019-01-07,592.7763888888888,0.0065389455445935,0.1771223345775492,0.0823824088236853,0.0025113304701589,0.0032206417228408,0.000683772298748,-0.0140707140051092,LOW,MEDIUM,MEDIUM,LOW Trend + MEDIUM Leadership + MEDIUM Participation,Mixed Terrain
2019-01-08,594.2650462962963,0.0122499839921576,0.2404397475318245,0.1360350272925047,0.0025672077827225,0.0058079833283017,-0.0028659739602098,-0.0137925581123585,MEDIUM,MEDIUM,MEDIUM,MEDIUM Trend + MEDIUM Leadership + MEDIUM Participation,Mixed Terrain
2019-01-09,595.7906481481482,0.0129416097841952,0.1661920749273656,-0.1827932473259685,0.003658770270877,0.0016720700581658,-0.0076688477605,-0.0100387145061987,MEDIUM,MEDIUM,MEDIUM,MEDIUM Trend + MEDIUM Leadership + MEDIUM Participation,Mixed Terrain
2019-01-10,597.9705092592592,0.006499197951513,0.1539350830945434,0.0315263914253497,-0.003268153243343,-0.0002892499885608,-0.0100621988124489,-0.0074730397874352,LOW,MEDIUM,MEDIUM,LOW Trend + MEDIUM Leadership + MEDIUM Participation,Mixed Terrain
2019-01-11,596.01625,0.0004150536504641,0.0967385070622781,-0.15681439808049,-0.0022327256022645,-0.002323529117052,-0.0205306047848091,-0.0137432556640926,LOW,LOW,MEDIUM,LOW Trend + LOW Leadership + MEDIUM Participation,Mixed Terrain
2019-01-14,594.6855092592593,-0.0073953345482786,0.0807108426394544,-0.1260976920449854,0.0050968427367497,-0.0025287253058672,-0.0299195645504196,-0.0211968557610634,LOW,LOW,MEDIUM,LOW Trend + LOW Leadership + MEDIUM Participation,Mixed Terrain
2019-01-15,597.7165277777777,0.005023009523929,0.2035820143414494,0.4646515942183324,-0.0015553793189929,-0.0086238699953533,-0.0329648863494919,-0.0296243179191919,LOW,MEDIUM,HIGH,LOW Trend + MEDIUM Leadership + HIGH Participation,Mixed Terrain
2019-01-16,596.7868518518519,0.0039857802579655,0.1905430018950964,0.0471580446686537,0.0016935601736334,-0.0093253252215802,-0.0296368763709607,-0.0359698651637209,LOW,MEDIUM,MEDIUM,LOW Trend + MEDIUM Leadership + MEDIUM Participation,Mixed Terrain
2019-01-17,597.7975462962962,-0.0020874116790802,0.1322189306800232,0.0405533496872603,-0.0052963706977781,-0.0097757764671193,-0.0265195690941755,-0.0460086240952222,LOW,LOW,MEDIUM,LOW Trend + LOW Leadership + MEDIUM Participation,Mixed Terrain
2019-01-18,594.6313888888889,-0.0123893569626626,0.0307971260700399,-0.6834265419023744,-0.0024379404670089,-0.018249478863267,-0.0139527771562183,-0.0517839483190566,LOW,LOW,LOW,LOW Trend + LOW Leadership + LOW Participation,Mixed Terrain
2019-01-21,593.1817129629629,-0.0223912789330774,0.0475117847575073,-0.1859814464515015,-0.0010448987237295,-0.0274602787463245,-0.0147444044885064,-0.0486113609712219,LOW,LOW,MEDIUM,LOW Trend + LOW Leadership + MEDIUM Participation,Mixed Terrain
2019-01-22,592.5618981481482,-0.0171871246951039,0.019485870336545,-0.1259929545567137,-0.0022618359060317,-0.0245527561310403,-0.0109579894646105,-0.040992435780072,LOW,LOW,MEDIUM,LOW Trend + LOW Leadership + MEDIUM Participation,Mixed Terrain
2019-01-23,591.2216203703704,-0.0268819875122815,0.0323898239808239,-0.0628359761589976,0.0012380987357705,-0.0205027459230483,-0.0023881813448568,-0.0350088059195073,LOW,LOW,MEDIUM,LOW Trend + LOW Leadership + MEDIUM Participation,Mixed Terrain
2019-01-24,591.9536111111112,-0.0289218986026335,0.0428645956914852,0.0397243288096027,-0.0138084049691706,-0.0169090921320005,0.0026154764692365,-0.0305728880469394,LOW,LOW,MEDIUM,LOW Trend + LOW Leadership + MEDIUM Participation,Mixed Terrain
2019-01-25,583.779675925926,-0.0496411814604173,-0.0282862023252828,-0.2661194721297725,-0.0117970844689394,0.0043765718627515,0.0069296183769227,-0.0114515552028801,LOW,LOW,MEDIUM,LOW Trend + LOW Leadership + MEDIUM Participation,Mixed Terrain
2019-01-28,576.8927777777777,-0.0656536378031183,-0.021465874844711,-0.2272574356592959,0.0019415957968953,0.0130749150702311,0.0089917376648398,0.003819873453601,LOW,LOW,MEDIUM,LOW Trend + LOW Leadership + MEDIUM Participation,Mixed Terrain
2019-01-29,578.0128703703704,-0.0659002329986468,-0.0005889511662874,0.0176906002398324,0.0018807251344366,0.0139369573822447,0.0034544437768029,0.005092719484812,LOW,LOW,MEDIUM,LOW Trend + LOW Leadership + MEDIUM Participation,Mixed Terrain
2019-01-30,579.0999537037037,-0.055913277125417,0.0077742981617844,0.3214192475189298,0.0049115169860893,0.0184937369684228,-0.0065264112356985,0.0113180103319654,LOW,LOW,HIGH,LOW Trend + LOW Leadership + HIGH Participation,Mixed Terrain
2019-01-31,581.944212962963,-0.0488644062718013,0.0743536299099903,0.3540248568025897,0.0075443944090669,0.0198603897614915,-0.0200199761415974,0.0137644446159286,LOW,LOW,HIGH,LOW Trend + LOW Leadership + HIGH Participation,Mixed Terrain
2019-02-01,586.3346296296296,-0.038346678903716,0.1347138434079158,0.126996445474944,-0.0032388122444299,0.0025419216115687,-0.0383664902515848,0.0209607268255043,LOW,MEDIUM,MEDIUM,LOW Trend + MEDIUM Leadership + MEDIUM Participation,Mixed Terrain
2019-02-04,584.4356018518519,-0.0452271255624918,0.0800420101492253,-0.3323858589509612,0.0027941645821796,-0.0040304792317438,-0.0343737773599077,0.0238725094779237,LOW,LOW,LOW,LOW Trend + LOW Leadership + LOW Participation,Mixed Terrain
2019-02-05,586.0686111111112,-0.0455491824520032,0.0751062653190421,-0.2311445384769153,0.0063833222661797,-0.0103384273835971,-0.0303672098814116,0.0176064899492711,LOW,LOW,MEDIUM,LOW Trend + LOW Leadership + MEDIUM Participation,Mixed Terrain
2019-02-06,589.8096759259258,-0.038762316401126,0.166848285123009,0.2108724784829439,0.0062599446510092,-0.0245658341293237,-0.0326987150359,0.0091409744621795,LOW,MEDIUM,MEDIUM,LOW Trend + MEDIUM Leadership + MEDIUM Participation,Mixed Terrain
2019-02-07,593.5018518518518,-0.0295931012575684,0.2114207116306351,0.4478142548696467,-0.0095649331806509,-0.0391037501833123,-0.0331017875696977,0.0142828503764536,LOW,MEDIUM,HIGH,LOW Trend + MEDIUM Leadership + HIGH Participation,Mixed Terrain
2019-02-08,587.8250462962963,-0.0381817147957665,0.0650439788477833,-0.2208170641522361,-0.0097733161187967,-0.0408046895409559,-0.0182546756439954,0.0319804149335503,LOW,LOW,MEDIUM,LOW Trend + LOW Leadership + MEDIUM Participation,Mixed Terrain
2019-02-11,582.0800462962962,-0.053946166195286,0.0176363510094243,-0.5765618830270189,-0.0035570072812786,-0.0304660910755162,-0.0051257745907893,0.0401990657865007,LOW,LOW,LOW,LOW Trend + LOW Leadership + LOW Participation,Mixed Terrain
2019-02-12,580.0095833333334,-0.0599631171814045,0.0090944133606704,-0.3733509370046156,-0.0080844768928226,-0.0202380117122904,0.0016326358592253,0.0407540360723603,LOW,LOW,LOW,LOW Trend + LOW Leadership + LOW Participation,Mixed Terrain
2019-02-14,575.3205092592593,-0.0714819267840929,0.0238676749490513,0.035705181096035,-0.0087374002397858,-0.00833770354898,0.017961646660239,0.0482536988440338,LOW,LOW,MEDIUM,LOW Trend + LOW Leadership + MEDIUM Participation,Mixed Terrain
2019-02-15,570.2937037037037,-0.0814842513858323,0.0022410314091978,0.0075115082303624,-0.0113181609476078,0.0062462129649893,0.0344746014561696,0.056139607726493,LOW,LOW,MEDIUM,LOW Trend + LOW Leadership + MEDIUM Participation,Mixed Terrain
2019-02-18,563.8390277777778,-0.0932562933243124,-0.0006146136286026,-0.2337225586082867,0.0008997511520516,0.0235093037372844,0.0616942072792476,0.0673883068314005,LOW,LOW,MEDIUM,LOW Trend + LOW Leadership + MEDIUM Participation,Mixed Terrain
2019-02-19,564.3463425925926,-0.0881234217819327,0.0233971261054548,0.2218651104553386,0.0069549489449487,0.0261365964114006,0.0603197028748681,0.0624380992726671,LOW,LOW,MEDIUM,LOW Trend + LOW Leadership + MEDIUM Participation,Mixed Terrain
2019-02-20,568.2713425925926,-0.0779012600962567,0.1072791962666913,0.6839253377098446,0.0039634495812144,0.022322408741064,0.0494761525389579,0.0550945561755229,LOW,LOW,HIGH,LOW Trend + LOW Leadership + HIGH Participation,Mixed Terrain
2019-02-21,570.5236574074074,-0.0676523202673697,0.1946817864034241,0.6086348231976726,0.0058406381207127,0.0265204700262777,0.0432540410608803,0.0433231783243965,LOW,MEDIUM,HIGH,LOW Trend + MEDIUM Leadership + HIGH Participation,Mixed Terrain
2019-02-22,573.8558796296296,-0.0579886602485949,0.2575914902031562,0.4107784956108983,0.0056435966347532,0.028053162464088,0.0490068523625149,0.0436135121357013,LOW,MEDIUM,HIGH,LOW Trend + MEDIUM Leadership + HIGH Participation,Mixed Terrain
2019-02-25,577.0944907407408,-0.045436203997805,0.2774805507753857,-0.1968633956572006,0.0034690063352966,0.0373078226084837,0.0511691671264118,0.041753304248189,LOW,MEDIUM,MEDIUM,LOW Trend + MEDIUM Leadership + MEDIUM Participation,Mixed Terrain
2019-02-26,579.0964351851852,-0.0392798483989742,0.2263098077822168,-0.4077195847084187,0.0032120601674878,0.03331243285057,0.0455583622730271,0.0461390881692047,LOW,MEDIUM,LOW,LOW Trend + MEDIUM Leadership + LOW Participation,Mixed Terrain
2019-02-27,580.9565277777778,-0.034672669713161,0.2341561935898118,-0.3215804849042667,0.0080861216985619,0.0265608418300566,0.0390576333203995,0.0546506117266216,LOW,MEDIUM,LOW,LOW Trend + MEDIUM Leadership + LOW Participation,Mixed Terrain
2019-02-28,585.6542129629629,-0.0225477689318195,0.292311351038403,0.2043312308293744,0.0073424536077926,0.016301254113495,0.0297575574513815,0.0445887872623609,LOW,MEDIUM,MEDIUM,LOW Trend + MEDIUM Leadership + MEDIUM Participation,Mixed Terrain
2019-03-01,589.9543518518518,-0.00619738198075,0.3459981309462916,1.290059567947388,0.014696523130242,0.0203819127876654,0.0209430045356617,0.0332692877838791,LOW,MEDIUM,HIGH,LOW Trend + MEDIUM Leadership + HIGH Participation,Mixed Terrain
2019-03-05,598.6246296296296,0.0364539545294358,0.3855660932830895,1.8875418756482116,-0.0003960467404757,0.0133628072745768,0.0053632199489386,0.0165392243268751,MEDIUM,HIGH,HIGH,MEDIUM Trend + HIGH Leadership + HIGH Participation,Fog
2019-03-06,598.3875462962963,0.036284381568174,0.3935804973944561,-0.0777316016899364,-0.0033428571273833,0.0118511391454707,0.0019978845927841,0.0195837254300157,MEDIUM,HIGH,MEDIUM,MEDIUM Trend + HIGH Leadership + MEDIUM Participation,Fog
2019-03-07,596.3872222222222,0.0347876016128394,0.3928172457505165,-0.968177886839416,-0.0019888271695216,0.0121734542962546,0.0053535314956632,0.0229803467856299,MEDIUM,HIGH,LOW,MEDIUM Trend + HIGH Leadership + LOW Participation,Fog
2019-03-08,595.2011111111111,0.0294153303235202,0.3450214167554174,-1.7138510275810537,0.0113871408543517,0.0132404671188013,6.627078429133348e-05,0.0286506801622608,MEDIUM,MEDIUM,LOW,MEDIUM Trend + MEDIUM Leadership + LOW Participation,Mixed Terrain
2019-03-11,601.97875,0.0534861980793396,0.406746115397875,1.160605330653977,0.0077165268461474,0.0005498840590612,-0.0051413774987905,0.0159650184526476,MEDIUM,HIGH,HIGH,MEDIUM Trend + HIGH Leadership + HIGH Participation,Fog
2019-03-12,606.6239351851852,0.0694688852035909,0.4320023042759771,0.3704662178738787,-0.0018871903141529,-0.0078940999888805,-0.0089575143304126,0.0031790819637531,MEDIUM,HIGH,HIGH,MEDIUM Trend + HIGH Leadership + HIGH Participation,Fog
2019-03-13,605.4791203703704,0.0696231208563306,0.4281722684134531,0.060975967366955,-0.0030253818735073,-0.0097378499380923,0.0005554217890955,0.0119463672646036,MEDIUM,HIGH,MEDIUM,MEDIUM Trend + HIGH Leadership + MEDIUM Participation,Fog
2019-03-14,603.6473148148148,0.0657999103393289,0.4063381626138008,-1.0436961592701457,-0.0009367439381989,-0.0067378992915134,0.0150068464983923,0.0222347568038938,MEDIUM,HIGH,LOW,MEDIUM Trend + HIGH Leadership + LOW Participation,Fog
2019-03-15,603.0818518518519,0.0642509053287902,0.4373567819474353,-0.2226013507219188,-0.0012802297581372,-0.0130020432089251,0.014402642353688,0.0291884657759875,MEDIUM,HIGH,MEDIUM,MEDIUM Trend + HIGH Leadership + MEDIUM Participation,Fog
2019-03-18,602.3097685185186,0.0611783785936168,0.4225158922608548,0.07708517272025,-0.0007879389612104,-0.0056881337437801,0.0120734293623212,0.0236847793160044,MEDIUM,HIGH,MEDIUM,MEDIUM Trend + HIGH Leadership + MEDIUM Participation,Fog
2019-03-19,601.8351851851852,0.0682967348130247,0.4764111363953345,0.2264542885773737,-0.003742103627485,-0.0010718758365616,0.0111163847614239,0.0134504462357505,MEDIUM,HIGH,MEDIUM,MEDIUM Trend + HIGH Leadership + MEDIUM Participation,Fog
2019-03-20,599.5830555555556,0.0633443080601124,0.4353161409813643,-0.1507706867540229,-5.096133933735203e-06,0.0103944917278162,0.0175507764114477,0.0157427573639816,MEDIUM,HIGH,MEDIUM,MEDIUM Trend + HIGH Leadership + MEDIUM Participation,Fog
2019-03-22,599.58,0.0552258245753847,0.327334121848011,-0.1668395331348812,-0.0072374736389548,0.0218922535898584,0.0175329520788007,0.0191842813561577,MEDIUM,MEDIUM,MEDIUM,MEDIUM Trend + MEDIUM Leadership + MEDIUM Participation,Mixed Terrain
2019-03-25,595.2405555555555,0.0389126621704825,0.1931581157692562,-0.4320897936800722,0.0061205413684291,0.0277656963462327,0.0285825151922707,0.0224697792710313,MEDIUM,MEDIUM,LOW,MEDIUM Trend + MEDIUM Leadership + LOW Participation,Mixed Terrain
2019-03-26,598.88375,0.0461606685268026,0.3261676017159369,0.6789384051050127,0.0038510689137793,0.0178631712130494,0.0212154727054321,0.0120184685677551,MEDIUM,MEDIUM,HIGH,MEDIUM Trend + MEDIUM Leadership + HIGH Participation,Mixed Terrain
2019-03-27,601.1900925925926,0.0486696856154194,0.2866271535707969,0.1083764703778541,0.0076936132698521,0.0122013389183459,0.0122462926359467,0.0023410925617772,MEDIUM,MEDIUM,MEDIUM,MEDIUM Trend + MEDIUM Leadership + MEDIUM Participation,Mixed Terrain
2019-03-28,605.8154166666666,0.0612407911757532,0.3906532338911255,0.7177477540003083,0.0113743238471137,0.0070826639913623,0.0113846222082729,-0.0079176749409436,MEDIUM,HIGH,HIGH,MEDIUM Trend + HIGH Leadership + HIGH Participation,Fog
2019-04-01,612.7061574074074,0.0798606881619952,0.4292859026491157,-0.0097037542317998,-0.0015314573258149,-0.0042659111033904,0.0071210458633226,-0.0192222206193538,MEDIUM,HIGH,MEDIUM,MEDIUM Trend + HIGH Leadership + MEDIUM Participation,Fog
2019-04-02,611.7678240740739,0.0769035344007642,0.3933232346608396,-0.0524562241427508,-0.0035734326407564,0.0007947520032451,0.0145758920619454,-0.0238093838356071,MEDIUM,HIGH,MEDIUM,MEDIUM Trend + HIGH Leadership + MEDIUM Participation,Fog
2019-04-03,609.581712962963,0.0696415745985851,0.2856350950288281,-0.6746424024397336,-0.0017328214968295,0.0032934696796109,0.0114728335087299,-0.024916442893776,MEDIUM,MEDIUM,LOW,MEDIUM Trend + MEDIUM Leadership + LOW Participation,Mixed Terrain
2019-04-04,608.5254166666666,0.0649279835930868,0.197719326410623,-0.4812232928434192,0.002597733790145,4.4411833765023445e-05,0.0023084004072164,-0.0308194392326094,MEDIUM,MEDIUM,LOW,MEDIUM Trend + MEDIUM Leadership + LOW Participation,Mixed Terrain
2019-04-05,610.1062037037037,0.0705688285900956,0.2549470004597511,0.3980973265420659,-2.261294216077125e-05,0.0042717031786256,-0.0017768342272238,-0.0367997806671428,MEDIUM,MEDIUM,HIGH,MEDIUM Trend + MEDIUM Leadership + HIGH Participation,Mixed Terrain
2019-04-08,610.0924074074074,0.0642638123852676,0.1770048568862189,-0.02367403382698,0.00354310321539,0.0114357408204546,0.0016228754793476,-0.0370781260868704,MEDIUM,MEDIUM,MEDIUM,MEDIUM Trend + MEDIUM Leadership + MEDIUM Participation,Mixed Terrain
2019-04-09,612.2540277777778,0.0731763425815203,0.2007435169905712,0.1594194166992441,-0.0010856211568561,0.0137701961677108,-0.0059428736449955,-0.0471516320456177,MEDIUM,MEDIUM,MEDIUM,MEDIUM Trend + MEDIUM Leadership + MEDIUM Participation,Mixed Terrain
2019-04-10,611.5893518518518,0.0684139563700588,0.1328149174431625,-0.3514592292256899,-0.0049656022400371,0.0081525137721976,-0.0090059388870323,-0.0451517491878942,MEDIUM,MEDIUM,LOW,MEDIUM Trend + MEDIUM Leadership + LOW Participation,Mixed Terrain
2019-04-11,608.5524423963134,0.0633768691306237,0.2004355780830013,0.1431427946902659,0.0068358182914687,0.0022638880300325,-0.009785365623198,-0.0400176741700726,MEDIUM,MEDIUM,MEDIUM,MEDIUM Trend + MEDIUM Leadership + MEDIUM Participation,Mixed Terrain
2019-04-12,612.712396313364,0.0700164794477886,0.2559756216006216,0.1919435344500717,0.007110790915765,-0.0060228097502949,-0.019085021390845,-0.0461766239607788,MEDIUM,MEDIUM,MEDIUM,MEDIUM Trend + MEDIUM Leadership + MEDIUM Participation,Mixed Terrain
2019-04-15,617.0692660550458,0.0807385385205838,0.2775001622842459,0.3733136192007101,0.0058593418739161,-0.009701916735854,-0.0261570012769364,-0.0447797931474204,MEDIUM,MEDIUM,HIGH,MEDIUM Trend + MEDIUM Leadership + HIGH Participation,Mixed Terrain
2019-04-16,620.6848858447488,0.0870540884527095,0.301330414501353,0.2113001318776192,-0.0066209818745662,-0.0194453041598838,-0.0378338143039661,-0.0263200931597213,HIGH,MEDIUM,MEDIUM,HIGH Trend + MEDIUM Leadership + MEDIUM Participation,Fog
2019-04-18,616.5753424657535,0.0722072824445727,0.1892432093280069,-0.4386477002787829,-0.0107776049766717,-0.0170196993260756,-0.0359765237354661,-0.024074946308228,MEDIUM,MEDIUM,LOW,MEDIUM Trend + MEDIUM Leadership + LOW Participation,Mixed Terrain
2019-04-22,609.9301369863015,0.0483006878982552,0.0250536167126095,-0.5923663126452782,-0.0014886801168189,-0.0120220371073267,-0.0330515434434817,-0.0096325127438057,MEDIUM,LOW,LOW,MEDIUM Trend + LOW Leadership + LOW Participation,Mixed Terrain
2019-04-23,609.0221461187214,0.0415016534155041,0.0687933833601346,-0.3432477211375365,0.0033830712231639,-0.0131413595489737,-0.0350852871790506,-0.0122615900854615,MEDIUM,LOW,LOW,MEDIUM Trend + LOW Leadership + LOW Participation,Mixed Terrain
2019-04-24,611.0825114155251,0.0468539399822819,0.1483860320308807,0.4443375922350663,-0.004037150331394,-0.0166162944462583,-0.0386382964223904,0.0008750098167731,MEDIUM,MEDIUM,HIGH,MEDIUM Trend + MEDIUM Leadership + HIGH Participation,Mixed Terrain
2019-04-25,608.6154794520548,0.038784516894707,0.084117562863016,-0.1000786002897437,-0.00416365342732,-0.0187531712632587,-0.0414551209463444,0.016339803817017,MEDIUM,LOW,MEDIUM,MEDIUM Trend + LOW Leadership + MEDIUM Participation,Mixed Terrain
2019-04-26,606.0814155251143,0.0293610338966874,0.077812657505252,0.0083792631863343,-0.0057482067413674,-0.0192850501646817,-0.0364742955777829,0.022500480856777,MEDIUM,LOW,MEDIUM,MEDIUM Trend + LOW Leadership + MEDIUM Participation,Mixed Terrain
2019-04-30,602.5975342465753,0.0123059659557706,0.0644267073054732,-0.5307944463916624,-0.0026199362485967,-0.0212854002072913,-0.0305310661924336,0.0244988855704295,MEDIUM,LOW,LOW,MEDIUM Trend + LOW Leadership + LOW Participation,Mixed Terrain
2019-05-02,601.0187671232876,0.005191761613285,0.0655038876840197,0.0124473223346157,-0.0001500496379398,-0.0222361407506629,-0.0276187061679364,0.0283636361426198,LOW,LOW,MEDIUM,LOW Trend + LOW Leadership + MEDIUM Participation,Mixed Terrain
2019-05-03,600.9285844748857,0.0020348934124699,0.0441447452230078,-0.0772566716880798,-0.0062013614242065,-0.0223941090865762,-0.0191229919965567,0.0324724991823919,LOW,LOW,MEDIUM,LOW Trend + LOW Leadership + MEDIUM Participation,Mixed Terrain
2019-05-06,597.2020091324201,-0.0167894098095166,0.0064296420125618,-0.2315189243562535,-0.0047034404885368,-0.0231358196717049,0.0119664578899285,0.0448427537732274,LOW,LOW,MEDIUM,LOW Trend + LOW Leadership + MEDIUM Participation,Mixed Terrain
2019-05-07,594.3931050228312,-0.0297290348041549,-0.0125465852168295,-0.2971782301284768,-0.0077761676869445,-0.017527259491647,0.0123457340202493,0.0456776871293989,LOW,LOW,LOW,LOW Trend + LOW Leadership + LOW Participation,Mixed Terrain
2019-05-08,589.77100456621,-0.0484212568418992,-0.0129946515659236,-0.3630702979651573,-0.0035888087513262,-0.009446743705571,0.0242195233271023,0.0443772581030408,LOW,LOW,LOW,LOW Trend + LOW Leadership + LOW Participation,Mixed Terrain
2019-05-09,587.6544292237443,-0.0536181653248836,-0.01278453965921,0.0510186849708527,-0.0003115862209579,-0.0055049748120225,0.0236535900948837,0.0484455188773074,LOW,LOW,MEDIUM,LOW Trend + LOW Leadership + MEDIUM Participation,Mixed Terrain
2019-05-10,587.4713242009133,-0.0547227950420013,-0.0074711552992972,0.0433116782172395,-0.0069553574634789,0.0033460488735017,0.0411013940872815,0.0553025730120158,LOW,LOW,MEDIUM,LOW Trend + LOW Leadership + MEDIUM Participation,Mixed Terrain
2019-05-13,583.3852511415525,-0.0730595080030454,-0.0326427225587408,-0.212807094566849,0.0010109472057162,0.0359336315820657,0.06029443798231,0.0666026045274872,LOW,LOW,MEDIUM,LOW Trend + LOW Leadership + MEDIUM Participation,Mixed Terrain
2019-05-14,583.9750228310502,-0.0706596300033752,-0.0141231547062556,0.1501806012315973,0.0003845476283506,0.030405926068177,0.0612072684349653,0.0616740739130567,LOW,LOW,MEDIUM,LOW Trend + LOW Leadership + MEDIUM Participation,Mixed Terrain
2019-05-15,584.1995890410958,-0.0712484595226483,-0.0043065301284938,-0.1676783675344956,0.0003762709795107,0.0339873366916341,0.0567629862534473,0.0584782472931977,LOW,LOW,MEDIUM,LOW Trend + LOW Leadership + MEDIUM Participation,Mixed Terrain
2019-05-16,584.4194063926941,-0.0705283877808742,0.0150889052511727,0.2800350323076889,0.0085856587168233,0.0293199706065847,0.0575724180068655,0.0516163057665237,LOW,LOW,HIGH,LOW Trend + LOW Leadership + HIGH Participation,Mixed Terrain
2019-05-17,589.4370319634703,-0.0576924801589317,0.0527830448863119,0.1234137377629003,0.0252976468297936,0.0376294352842363,0.0526013870831476,0.0316859109663574,LOW,LOW,MEDIUM,LOW Trend + LOW Leadership + MEDIUM Participation,Mixed Terrain
2019-05-20,604.348401826484,-0.0144175883199121,0.2774078564016859,2.237703036263433,-0.0043304120895519,0.023515798365423,0.0324875351618372,0.0027360310323281,LOW,MEDIUM,HIGH,LOW Trend + MEDIUM Leadership + HIGH Participation,Mixed Terrain
2019-05-21,601.7313242009131,-0.0234566014795617,0.1609628458297717,-0.2362505123606832,0.0038616121092289,0.0298924351923324,0.0329254640870377,0.0031295540205296,LOW,MEDIUM,MEDIUM,LOW Trend + MEDIUM Leadership + MEDIUM Participation,Mixed Terrain
2019-05-22,604.0549771689498,-0.015524408888904,0.2027881196505119,-0.0099440605228373,-0.0041393764697097,0.0220270101514847,0.0196810686740844,0.0085009952524808,LOW,MEDIUM,MEDIUM,LOW Trend + MEDIUM Leadership + MEDIUM Participation,Mixed Terrain
2019-05-23,601.5545662100456,-0.0207457435152354,0.1637109945596627,-1.931440050787518,0.0167277400373235,0.0274476821659561,0.0242190610400983,0.0106066132307887,LOW,MEDIUM,LOW,LOW Trend + MEDIUM Leadership + LOW Participation,Mixed Terrain
2019-05-24,611.6172146118721,0.0115990662026503,0.323198897221783,1.779738903761534,0.0113517445365483,0.0144289967976958,0.0136405339627696,-0.0086332238275094,MEDIUM,MEDIUM,HIGH,MEDIUM Trend + MEDIUM Leadership + HIGH Participation,Mixed Terrain
2019-05-27,618.5601369863012,0.0371862201831793,0.358526007616275,0.8028810409796526,0.0018727392168012,0.0087656065599985,0.0059494479261641,-0.0148585605383304,MEDIUM,HIGH,HIGH,MEDIUM Trend + HIGH Leadership + HIGH Participation,Fog
2019-05-28,619.7185388127854,0.045149767937515,0.3483677667233319,0.1630984786426144,-0.0038050120853212,0.0029449957986522,0.0004398815311354,-0.0130614605127855,MEDIUM,MEDIUM,MEDIUM,MEDIUM Trend + MEDIUM Leadership + MEDIUM Participation,Mixed Terrain
2019-05-29,617.3605022831051,0.0390651052690877,0.2896280983130773,-1.5285126557873965,0.0011425131072442,-0.0022953810947252,0.0016231274770812,-0.005056953690387,MEDIUM,MEDIUM,LOW,MEDIUM Trend + MEDIUM Leadership + LOW Participation,Mixed Terrain
2019-05-30,618.0658447488585,0.0364864260898498,0.3435717285442835,-0.6236826721682616,0.0038448859684676,-0.0031423703434237,-0.0056318717649299,-0.0053836382492974,MEDIUM,MEDIUM,LOW,MEDIUM Trend + MEDIUM Leadership + LOW Participation,Mixed Terrain
2019-05-31,620.4422374429224,0.0390041773582045,0.3373615591150755,-0.1074701954896238,0.0057055340920841,-0.0007772479270753,-0.0198702722354839,-0.0078315769021728,MEDIUM,MEDIUM,MEDIUM,MEDIUM Trend + MEDIUM Leadership + MEDIUM Participation,Mixed Terrain
2019-06-03,623.982191780822,0.0494848416034342,0.3596742071821653,0.3233960285006556,-0.0039080994730416,-0.0027916877969678,-0.0288153639790389,-0.0096783730363458,MEDIUM,HIGH,HIGH,MEDIUM Trend + HIGH Leadership + HIGH Participation,Fog
2019-06-04,621.543607305936,0.049789677459328,0.3516206124972662,-0.0925833885027167,-0.0090101202595832,-0.0024977583795828,-0.0288461375989443,-0.0056007267221355,MEDIUM,MEDIUM,MEDIUM,MEDIUM Trend + MEDIUM Leadership + MEDIUM Participation,Mixed Terrain
2019-06-06,615.9434246575344,0.0341655203800881,0.222519707622082,-0.2250508017407429,0.0002926052999141,0.0039275237355382,-0.0109642845837485,0.0060557995078756,MEDIUM,MEDIUM,MEDIUM,MEDIUM Trend + MEDIUM Leadership + MEDIUM Participation,Mixed Terrain
2019-06-07,616.1236529680365,0.0304089383359507,0.2075032794113677,-0.2334515417256984,0.006226586194967,-0.0024973490169943,-0.0132905628562371,-0.007058674964757,MEDIUM,MEDIUM,MEDIUM,MEDIUM Trend + MEDIUM Leadership + MEDIUM Participation,Mixed Terrain
2019-06-10,619.9599999999999,0.0371004163853583,0.2591849270001009,0.0039113421243179,0.0036780248895127,-0.0191078758653157,-0.0219740204184624,-0.0322694572670376,MEDIUM,MEDIUM,MEDIUM,MEDIUM Trend + MEDIUM Leadership + MEDIUM Participation,Mixed Terrain
2019-06-11,622.2402283105022,0.0439482664860604,0.2859779877410975,0.3435353885715526,-0.0036144991205365,-0.0260965295451454,-0.0206849444645471,-0.0355492651383489,MEDIUM,MEDIUM,HIGH,MEDIUM Trend + MEDIUM Leadership + HIGH Participation,Mixed Terrain
2019-06-12,619.9911415525114,0.0361399780400379,0.2034791626605575,-0.1892734423498142,-0.0026267866840932,-0.0264143558981473,-0.0134954056642141,-0.0393495441953382,MEDIUM,MEDIUM,MEDIUM,MEDIUM Trend + MEDIUM Leadership + MEDIUM Participation,Mixed Terrain
2019-06-13,618.3625570776255,0.029426469994395,0.1700572757964527,-0.1660400459640134,-0.00610900492832,-0.0148335492027108,-0.0066692561146169,-0.0329235546496812,MEDIUM,MEDIUM,MEDIUM,MEDIUM Trend + MEDIUM Leadership + MEDIUM Participation,Mixed Terrain
2019-06-14,614.5849771689498,0.0184036684595663,0.1015915595883647,-0.3898912307223006,-0.0105292126081891,-0.0108202357443425,0.0002496394530193,-0.0256159189891876,MEDIUM,LOW,LOW,MEDIUM Trend + LOW Leadership + LOW Participation,Mixed Terrain
2019-06-17,608.1138812785388,-0.0025099744126122,0.0362710996995315,-0.2122965183337908,-0.0034729736244127,-0.0029219773333128,0.0122827570598935,-0.0172612994821367,LOW,LOW,MEDIUM,LOW Trend + LOW Leadership + MEDIUM Participation,Mixed Terrain
2019-06-18,606.0019178082191,-0.0124126691864414,0.0247891706504567,-0.0071649237695337,-0.0039396623215471,0.0055565928706167,0.0197047916872934,-0.0084666842601509,LOW,LOW,MEDIUM,LOW Trend + LOW Leadership + MEDIUM Participation,Mixed Terrain
2019-06-19,603.6144748858447,-0.0193511271341417,0.0059327645752394,-0.1181457627669595,0.0092369732805202,0.0132694543229949,0.0239358682251826,-0.008318181711587,LOW,LOW,MEDIUM,LOW Trend + LOW Leadership + MEDIUM Participation,Mixed Terrain
2019-06-20,609.1900456621005,-0.0014488655291412,0.0994401760106104,1.1511412395017917,-0.0020601499318428,0.0082872220034355,0.0172087658982678,-0.0255703160888104,LOW,LOW,HIGH,LOW Trend + LOW Leadership + HIGH Participation,Mixed Terrain
2019-06-21,607.9350228310503,-0.0014027064306236,0.0499531492184184,-0.0018471237577102,-0.0026286304780379,0.0111909640667708,0.0063158288112856,-0.0366240173618652,LOW,LOW,MEDIUM,LOW Trend + LOW Leadership + MEDIUM Participation,Mixed Terrain
2019-06-24,606.33698630137,-0.0138651868712629,0.0255021543497297,0.0766332186668971,0.0050009112282904,0.0152492924801825,-0.0105267519099853,-0.0376447353665705,LOW,LOW,MEDIUM,LOW Trend + LOW Leadership + MEDIUM Participation,Mixed Terrain
2019-06-25,609.3692237442923,-0.0054498002150992,0.0988847171467109,-0.4920903317960838,0.003700360564476,0.0140700174579804,-0.0151782826065862,-0.0408869831753972,LOW,LOW,LOW,LOW Trend + LOW Leadership + LOW Participation,Mixed Terrain
2019-06-26,611.624109589041,0.0007404067074939,0.1683789823286911,0.3740478011947895,0.0042745686161733,0.0105267299400773,-0.0262078237441272,-0.0529011349974107,LOW,MEDIUM,HIGH,LOW Trend + MEDIUM Leadership + HIGH Participation,Mixed Terrain
2019-06-27,614.2385388127854,0.0135579365314667,0.1985081027935724,0.3584401083348794,0.0008137929845055,0.0088482167582224,-0.0264305707808573,-0.0523278238901078,MEDIUM,MEDIUM,HIGH,MEDIUM Trend + MEDIUM Leadership + HIGH Participation,Mixed Terrain
2019-06-28,614.7384018264842,0.0140105753597434,0.1771198850461939,-0.2776155620730599,0.0013742341751186,-0.0048211815856012,-0.025859102989881,-0.0480803806694369,MEDIUM,MEDIUM,LOW,MEDIUM Trend + MEDIUM Leadership + LOW Participation,Mixed Terrain
2019-07-01,615.583196347032,0.0150110393621788,0.1788089432873122,-0.1372889538219781,0.0038335403365497,-0.0253888819042648,-0.0291855771877799,-0.0576849374315852,MEDIUM,MEDIUM,MEDIUM,MEDIUM Trend + MEDIUM Leadership + MEDIUM Participation,Mixed Terrain
2019-07-02,617.9430593607304,0.0169895236744292,0.2029296826497059,-0.0863457061329895,0.0001933059251741,-0.0288424857860256,-0.0276270898961153,-0.0692500040456798,MEDIUM,MEDIUM,MEDIUM,MEDIUM Trend + MEDIUM Leadership + MEDIUM Participation,Mixed Terrain
2019-07-03,618.0625114155251,0.0256852488131154,0.2452902990139955,0.2657574944935164,0.0026064404492678,-0.0363518871849959,-0.0315000684492834,-0.0667438556618021,MEDIUM,MEDIUM,MEDIUM,MEDIUM Trend + MEDIUM Leadership + MEDIUM Participation,Mixed Terrain
2019-07-04,619.6734545454547,0.0317748133721011,0.2346113282131756,0.0951157779686804,-0.0127467428592892,-0.0349693709648836,-0.0420553611227497,-0.0745698467579993,MEDIUM,MEDIUM,MEDIUM,MEDIUM Trend + MEDIUM Leadership + MEDIUM Participation,Mixed Terrain
2019-07-05,611.7746363636363,0.003605386721778,0.0275392940336407,-0.3884923397741378,-0.0193215089157161,-0.0211398404136043,-0.0426703475626274,-0.0615309767218199,LOW,LOW,LOW,LOW Trend + LOW Leadership + LOW Participation,Mixed Terrain
2019-07-08,599.9542272727273,-0.0347110295820227,-0.0396124815243925,-0.618108985598548,0.0002763847211675,-0.0038956002173803,-0.0274064847219783,-0.0517872083120281,LOW,LOW,LOW,LOW Trend + LOW Leadership + LOW Participation,Mixed Terrain
2019-07-09,600.1200454545453,-0.0351902135117733,-0.0240862266673625,-0.038686819847775,-0.0075406125183589,0.0012514920310264,-0.0261049285517949,-0.0406292195629645,LOW,LOW,MEDIUM,LOW Trend + LOW Leadership + MEDIUM Participation,Mixed Terrain
2019-07-10,595.5947727272727,-0.0479596534545024,-0.0378904202933186,-0.1251934622843284,0.0040448489802211,0.0050348448476067,-0.0274117125852422,-0.0330813697690276,LOW,LOW,MEDIUM,LOW Trend + LOW Leadership + MEDIUM Participation,Mixed Terrain
2019-07-11,598.0038636363637,-0.0383695172130524,-0.0112426408678619,0.325187434200513,0.0014012527283002,-0.0073427619234749,-0.026600314607271,-0.0272321135048916,LOW,LOW,HIGH,LOW Trend + LOW Leadership + HIGH Participation,Mixed Terrain
2019-07-12,598.8418181818182,-0.0321888440875971,0.0093673173369714,-0.0990790317233676,-0.0020452358036574,-0.0219954882606729,-0.0228111536511387,-0.0217057623351741,LOW,LOW,MEDIUM,LOW Trend + LOW Leadership + MEDIUM Participation,Mixed Terrain
2019-07-15,597.6170454545454,-0.035976332357671,0.0108490660892511,-0.0075003203072611,0.0054450345405903,-0.0236028317009028,-0.0293561360174784,-0.0311875764161831,LOW,LOW,MEDIUM,LOW Trend + LOW Leadership + MEDIUM Participation,Mixed Terrain
2019-07-16,600.871090909091,-0.0223332779117169,0.0773914236499923,0.0858794443091687,-0.0037904817581505,-0.0273222270334192,-0.0428055057036889,-0.0305122926079138,LOW,LOW,MEDIUM,LOW Trend + LOW Leadership + MEDIUM Participation,Mixed Terrain
2019-07-17,598.5935000000001,-0.0252438499560045,0.0757728486058834,-0.0552663418043062,-0.0083205653981146,-0.0322840124391595,-0.0363900771330856,-0.0239707368568609,LOW,LOW,MEDIUM,LOW Trend + LOW Leadership + MEDIUM Participation,Mixed Terrain
2019-07-18,593.6128636363637,-0.0488403777045055,-0.0006221699066554,-0.2268160450636585,-0.0133805450031982,-0.0194000022818668,-0.0339419255723982,-0.0088730595335013,LOW,LOW,MEDIUM,LOW Trend + LOW Leadership + MEDIUM Participation,Mixed Terrain
2019-07-19,585.67,-0.069695953496117,-0.0218334720463427,-0.5313540256595595,-0.0036853673415216,-0.0008340098442032,-0.0197012900531945,-0.0002613706064452,LOW,LOW,LOW,LOW Trend + LOW Leadership + LOW Participation,Mixed Terrain
2019-07-22,583.511590909091,-0.0733805799467804,-0.0224034097963486,-0.0895296896448163,0.0016149870046204,-0.005892381198317,-0.0250677422860262,-0.0034358337672771,LOW,LOW,MEDIUM,LOW Trend + LOW Leadership + MEDIUM Participation,Mixed Terrain
2019-07-23,584.4539545454545,-0.0711776713604822,-0.0105546162032716,0.1277119624612035,-0.0088723063726848,-0.015918199326224,-0.0149136097275567,-0.0122562787159599,LOW,LOW,MEDIUM,LOW Trend + LOW Leadership + MEDIUM Participation,Mixed Terrain
2019-07-24,579.2685,-0.0881336946767964,-0.0239178992663647,-0.1575468729179782,0.0048824901186113,-0.0042430472852634,-0.0058294524591241,0.0010116636531725,LOW,LOW,MEDIUM,LOW Trend + LOW Leadership + MEDIUM Participation,Mixed Terrain
2019-07-25,582.0967727272728,-0.0837682039461931,0.010296017465371,0.011665158130988,0.005299415615757,-0.0148296179118607,-0.0006490642098015,0.0062696827835979,LOW,LOW,MEDIUM,LOW Trend + LOW Leadership + MEDIUM Participation,Mixed Terrain
2019-07-26,585.1815454545455,-0.0769054105541717,0.0711940210826541,0.2879775249624141,-0.0087293034313982,-0.018883028840933,0.0011311951830954,0.009397698142648,LOW,LOW,HIGH,LOW Trend + LOW Leadership + HIGH Participation,Mixed Terrain
2019-07-29,580.0733181818182,-0.0829369773229282,0.0007992601338107,-0.035410754749723,-0.0084865447651483,-0.0192890193426177,-0.001886830450038,0.0159284489631101,LOW,LOW,MEDIUM,LOW Trend + LOW Leadership + MEDIUM Participation,Mixed Terrain
2019-07-30,575.1505000000001,-0.0979366960588018,-0.0215884213231268,-0.3323709637134131,0.0028864381820694,0.0010208395257176,0.0128429626048074,0.0225328353069544,LOW,LOW,LOW,LOW Trend + LOW Leadership + LOW Participation,Mixed Terrain
2019-07-31,576.8106363636364,-0.0926854749336108,0.0044516440761832,0.1081065991849218,-0.0058011003138417,-0.0015931650484947,0.0128883482636572,0.0287159446006737,LOW,LOW,MEDIUM,LOW Trend + LOW Leadership + MEDIUM Participation,Mixed Terrain
2019-08-01,573.4645,-0.101097770415036,-0.0192486204319739,-0.0988337341121876,0.001163185261765,0.0143940113912097,0.0259496470269144,0.0273073549322302,LOW,LOW,MEDIUM,LOW Trend + LOW Leadership + MEDIUM Participation,Mixed Terrain
2019-08-02,574.1315454545455,-0.09487411551044,0.0130894042578692,0.1048679334847653,-0.0091394955891485,0.020399426992262,0.0198306080070269,0.0229367749306326,LOW,LOW,MEDIUM,LOW Trend + LOW Leadership + MEDIUM Participation,Mixed Terrain
2019-08-05,568.8842727272727,-0.0972338494738311,0.0045935842056508,-0.5775423180416622,0.0120470260207901,0.0177444621665343,0.022188114453687,0.0358935954328094,LOW,LOW,LOW,LOW Trend + LOW Leadership + LOW Participation,Mixed Terrain
2019-08-06,575.7376363636364,-0.0789649326705723,0.1667893855077391,1.633970290785688,0.0002675618976699,0.0118100668960008,0.002697561389374,0.0335659297667003,LOW,MEDIUM,HIGH,LOW Trend + MEDIUM Leadership + HIGH Participation,Mixed Terrain
2019-08-07,575.8916818181818,-0.0784968885101049,0.0827177778412695,-0.0589126137538909,0.0101186957743077,0.0145046215682762,0.0068812299149463,0.0427891891293201,LOW,LOW,MEDIUM,LOW Trend + LOW Leadership + MEDIUM Participation,Mixed Terrain
2019-08-08,581.7189545454545,-0.066038975775457,0.2200827916549809,1.0314083260717386,0.0070902717236855,0.0113916638958233,0.0069232406211026,0.0405611041504416,LOW,MEDIUM,HIGH,LOW Trend + MEDIUM Leadership + HIGH Participation,Mixed Terrain
2019-08-09,585.8435000000001,-0.0547169267853963,0.2316494989125598,-0.9939215146908054,-0.011717603452427,-0.0005574473781426,0.0082571624971097,0.0285549249834982,LOW,MEDIUM,LOW,LOW Trend + MEDIUM Leadership + LOW Participation,Mixed Terrain
2019-08-13,578.9788181818182,-0.0635378824158096,0.0782406645039579,-0.1736733318607695,0.0061458520935058,0.0043661768276226,0.0178489573694142,0.047937429845835,LOW,LOW,MEDIUM,LOW Trend + LOW Leadership + MEDIUM Participation,Mixed Terrain
2019-08-14,582.5371363636364,-0.0539136892274983,0.1448715518216336,-0.4065496751706907,0.0029313776874309,-0.0090061423628466,0.009567004027186,0.0436361038291175,LOW,MEDIUM,LOW,LOW Trend + MEDIUM Leadership + LOW Participation,Mixed Terrain
2019-08-16,584.2447727272727,-0.0522395977050967,0.1964919583502964,-0.1059635613043723,0.0070191961000354,-0.0075143981518244,0.0156262004239151,0.0243497647080896,LOW,MEDIUM,MEDIUM,LOW Trend + MEDIUM Leadership + MEDIUM Participation,Mixed Terrain
2019-08-19,588.345701357466,-0.0388536759853925,0.2094858784212013,0.37119918570101,-0.0048080206484319,-0.0044180938346957,0.0013233669988095,0.0222385952175132,LOW,MEDIUM,HIGH,LOW Trend + MEDIUM Leadership + HIGH Participation,Mixed Terrain
2019-08-20,585.5169230769231,-0.0406214583080998,0.1455545736285372,-0.4196674177881472,-0.0068489583091835,0.0088195262970631,0.0030457675021893,0.0153262822817141,LOW,MEDIUM,LOW,LOW Trend + MEDIUM Leadership + LOW Participation,Mixed Terrain
2019-08-21,581.5067420814479,-0.0505097055161976,0.0507140114566474,-0.4139557871372349,-0.0072501620264222,0.0134241682494509,0.0134079831151698,0.0718742742105909,LOW,LOW,LOW,LOW Trend + LOW Leadership + LOW Participation,Mixed Terrain
2019-08-22,577.2907239819004,-0.0626165150437297,0.0211532561341484,-0.4516434970866202,0.0044410914613237,0.0187419389604663,0.0307853230784305,0.1148528938677568,LOW,LOW,LOW,LOW Trend + LOW Leadership + LOW Participation,Mixed Terrain
2019-08-23,579.8545248868778,-0.0515460585512247,0.1145682162707943,0.6095976885311497,0.0101608415591833,0.0233158028012174,0.0356625569605733,0.1099428093381169,LOW,LOW,HIGH,LOW Trend + LOW Leadership + HIGH Participation,Mixed Terrain
2019-08-26,585.7463348416289,-0.0330986521450148,0.2326051909994441,1.1254151789570648,0.0084244148741976,0.005766939714302,0.0334065817257234,0.085204869351235,LOW,MEDIUM,HIGH,LOW Trend + MEDIUM Leadership + HIGH Participation,Mixed Terrain
2019-08-27,590.6809049773756,-0.0237031327815765,0.302558792949679,0.7235716926020392,-0.0023158333721464,-0.0057232821573813,0.0201315331458868,0.0848596094034903,LOW,MEDIUM,HIGH,LOW Trend + MEDIUM Leadership + HIGH Participation,Mixed Terrain
2019-08-28,589.3129864253393,-0.0273362464051762,0.2766220573187746,-0.5349227623434396,-0.002040876342166,-1.5970740375070847e-05,0.0295608422630633,0.0876611454396369,LOW,MEDIUM,LOW,LOW Trend + MEDIUM Leadership + LOW Participation,Mixed Terrain
2019-08-29,588.1102714932126,-0.0273818731478038,0.2044662095713017,-0.9618618635301204,0.0089507485321687,0.0118218202838036,0.0337462492989859,0.0849428533461686,LOW,MEDIUM,LOW,LOW Trend + MEDIUM Leadership + LOW Participation,Mixed Terrain
2019-08-30,593.3742986425339,-0.0143152583892574,0.2953214489286001,0.1130941346412544,-0.0071624268353426,0.0120654387683234,0.0085893454506522,0.0668738804305912,LOW,MEDIUM,MEDIUM,LOW Trend + MEDIUM Leadership + MEDIUM Participation,Mixed Terrain
2019-09-03,589.124298642534,-0.0262185139348209,0.1564095306154552,-0.19140756625232,-0.0030961668930041,0.0274811598194635,0.0208875862763409,0.0695549517524489,LOW,MEDIUM,MEDIUM,LOW Trend + MEDIUM Leadership + MEDIUM Participation,Mixed Terrain
2019-09-04,587.3002714932127,-0.0275652809357782,0.2046476295786989,0.2266310682722798,0.0034110373596922,0.0260036414805808,0.0122432247634185,0.062800416192531,LOW,MEDIUM,MEDIUM,LOW Trend + MEDIUM Leadership + MEDIUM Participation,Mixed Terrain
2019-09-05,589.3035746606334,-0.0187116889538739,0.2896233339243485,-0.0077568211687046,0.0097729438898235,0.0295772853745841,0.0576927477082804,0.0547239815583175,LOW,MEDIUM,MEDIUM,LOW Trend + MEDIUM Leadership + MEDIUM Participation,Mixed Terrain
2019-09-06,595.0628054298643,-0.0031422729170782,0.3294212784811343,0.779919428972165,0.0091936757426569,0.0216682706141213,0.081556817803982,0.0534335845294691,LOW,MEDIUM,HIGH,LOW Trend + MEDIUM Leadership + HIGH Participation,Mixed Terrain
2019-09-09,600.5336199095022,0.0129447532459214,0.3649821871643937,0.4821471788553091,0.0079604165013724,-0.0034346527255209,0.0717224465423747,0.0392453246011539,MEDIUM,HIGH,HIGH,MEDIUM Trend + HIGH Leadership + HIGH Participation,Fog
2019-09-11,605.3141176470588,0.0295088801044193,0.3583257607838574,0.2052450211153295,-0.0045297150232459,-0.006417220870776,0.0501238220672175,0.0366574313805405,MEDIUM,HIGH,MEDIUM,MEDIUM Trend + HIGH Leadership + MEDIUM Participation,Fog
2019-09-12,602.57221719457,0.0252034223962063,0.3207065192038232,-0.447711216853654,0.0069059896014418,-0.0134116645992653,0.0634507160640303,0.0456288687902586,MEDIUM,MEDIUM,LOW,MEDIUM Trend + MEDIUM Leadership + LOW Participation,Mixed Terrain
2019-09-13,606.7335746606335,0.0384031732464736,0.3924717675578169,0.0192735179766624,0.0020160622730784,0.0273077725519821,0.056432122116129,0.0395148568714003,MEDIUM,HIGH,MEDIUM,MEDIUM Trend + HIGH Leadership + MEDIUM Participation,Fog
2019-09-16,607.9567873303168,0.0427226697843026,0.3579906190922581,-0.3840753526567093,-0.0156027402816869,0.058618388093683,0.0495253105700754,0.039236000853899,MEDIUM,HIGH,LOW,MEDIUM Trend + HIGH Leadership + LOW Participation,Fog
2019-09-17,598.4709954751131,0.0156042464981478,0.1540713254781558,-0.3002729556610505,0.0049437446512452,0.0754161274756781,0.0577881724041975,0.0705810327866003,MEDIUM,MEDIUM,LOW,MEDIUM Trend + MEDIUM Leadership + LOW Participation,Mixed Terrain
2019-09-18,601.4296832579187,0.0202948492034989,0.2564512112136257,-0.0355577979609402,-0.0115374460728473,0.0569062227382264,0.0476716203922324,0.0744926692238996,MEDIUM,MEDIUM,MEDIUM,MEDIUM Trend + MEDIUM Leadership + MEDIUM Participation,Mixed Terrain
2019-09-19,594.4907207207208,0.0045938657843651,0.1396653028776172,-0.2793103869620251,0.0484639968164135,0.0779072465235213,0.0499456950585457,0.0887049661857592,LOW,MEDIUM,LOW,LOW Trend + MEDIUM Leadership + LOW Participation,Mixed Terrain
2019-09-20,623.3021171171172,0.0813453145775097,0.4033234311050481,1.9800711802141588,0.0325558289629619,0.0283501695814074,-0.0028068322831893,0.0420541431425718,MEDIUM,HIGH,HIGH,MEDIUM Trend + HIGH Leadership + HIGH Participation,Fog
2019-09-23,643.5942342342341,0.1261429008378141,0.4590819643894393,0.8765188147366537,1.7287485708061823e-05,-0.0085895707328323,-0.0260025481893914,0.0115412220696624,HIGH,HIGH,HIGH,HIGH Trend + HIGH Leadership + HIGH Participation,Fog
2019-09-24,643.6053603603602,0.1228186669483629,0.4341320121356528,0.2259761409989948,-0.0123531997638023,-0.0163917525701039,-0.030303668683995,0.0123111522311976,HIGH,HIGH,MEDIUM,HIGH Trend + HIGH Leadership + MEDIUM Participation,Fog
2019-09-25,635.6547747747748,0.1012502219754659,0.3129299832918246,-1.737455338636057,0.0081035827708619,-0.0087373904584163,-0.0128236217517356,0.0459542348391923,HIGH,MEDIUM,LOW,HIGH Trend + MEDIUM Leadership + LOW Participation,Fog
2019-09-26,640.8058558558558,0.1090970593592127,0.3778604381184055,-0.5359416577085246,0.0002605812360421,-0.0259405914146672,-0.0167585079445266,0.0374427973273678,HIGH,HIGH,LOW,HIGH Trend + HIGH Leadership + LOW Participation,Fog
2019-09-27,640.9728378378378,0.109980056819686,0.3391009701139728,-0.0746759211466115,-0.0045349843709557,-0.0302980470915654,-0.0160135846786272,0.0418685860985983,HIGH,MEDIUM,MEDIUM,HIGH Trend + MEDIUM Leadership + MEDIUM Participation,Fog
2019-09-30,638.066036036036,0.1024244318716577,0.258782930611757,-0.0097466140099792,-0.0078526284310993,-0.0175638433311926,-0.0098037747280125,0.0511022308836601,HIGH,MEDIUM,MEDIUM,HIGH Trend + MEDIUM Leadership + MEDIUM Participation,Fog
2019-10-01,633.0555405405406,0.078818899657596,0.1028448760741006,-0.6232989618523785,-0.0046674099514347,-0.0141437570803639,0.0120939718519696,0.0546839637729332,MEDIUM,LOW,LOW,MEDIUM Trend + LOW Leadership + LOW Participation,Mixed Terrain
2019-10-03,630.1008108108108,0.0712249542499212,0.1663357562538758,-0.058472664214543,-0.0093918905297436,-0.004122248992332,0.0256006255296157,0.0581370149539717,MEDIUM,MEDIUM,MEDIUM,MEDIUM Trend + MEDIUM Leadership + MEDIUM Participation,Mixed Terrain
2019-10-04,624.182972972973,0.0603197106534925,0.1086203187327304,-0.1964827779985484,-0.0042140854112567,0.0094266154499509,0.0369155007822117,0.0609303940892245,MEDIUM,LOW,MEDIUM,MEDIUM Trend + LOW Leadership + MEDIUM Participation,Mixed Terrain
2019-10-07,621.5526126126126,0.0456303235682173,0.0701274084028738,-0.0623482033850454,0.008537541993792,0.0147307761628145,0.0449872470832062,0.0568637557651843,MEDIUM,LOW,MEDIUM,MEDIUM Trend + LOW Leadership + MEDIUM Participation,Mixed Terrain
2019-10-09,626.859144144144,0.0567683423186229,0.1205963778407871,0.3955916883668399,-0.0043987352073359,0.0078988019226537,0.038546066203009,0.0498468790304502,MEDIUM,LOW,HIGH,MEDIUM Trend + LOW Leadership + HIGH Participation,City
2019-10-10,624.1017567567567,0.0437621092149473,0.1027597828275316,-0.03893021737235,0.0054504278906355,0.0266141530479433,0.0439465630001494,0.0441762502470348,MEDIUM,LOW,MEDIUM,MEDIUM Trend + LOW Leadership + MEDIUM Participation,Mixed Terrain
2019-10-11,627.5033783783783,0.0499549940191366,0.1379453179868137,0.2280245504430504,0.0040852807164843,0.0298459067811014,0.0595413928919457,0.0386790976990234,MEDIUM,MEDIUM,MEDIUM,MEDIUM Trend + MEDIUM Leadership + MEDIUM Participation,Mixed Terrain
2019-10-14,630.0669058295963,0.0564385770281465,0.174814352235945,-0.142599827879281,0.0010183985016327,0.0272321780618076,0.055125120033926,0.0321243739314307,MEDIUM,MEDIUM,MEDIUM,MEDIUM Trend + MEDIUM Leadership + MEDIUM Participation,Mixed Terrain
2019-10-15,630.7085650224216,0.0582299482256268,0.2195257984551988,0.3074977027940651,0.0017472655293369,0.0298172398345952,0.0588241563866724,0.033203312449487,MEDIUM,MEDIUM,HIGH,MEDIUM Trend + MEDIUM Leadership + HIGH Participation,Mixed Terrain
2019-10-16,631.8105803571428,0.0567456601579499,0.26858137383469,0.0020485237048266,0.0140882668764379,0.0304070847409412,0.0615090262487547,0.0335328803127239,MEDIUM,MEDIUM,MEDIUM,MEDIUM Trend + MEDIUM Leadership + MEDIUM Participation,Mixed Terrain
2019-10-17,640.7116964285714,0.0813036428520716,0.3453928720500565,0.6144767210374267,0.0086155587863996,0.0168830810492406,0.0420810647088736,0.0204164007909175,MEDIUM,MEDIUM,HIGH,MEDIUM Trend + MEDIUM Leadership + HIGH Participation,Mixed Terrain
2019-10-18,646.2317857142856,0.0981728198002889,0.3943518163560335,0.8540777346685271,0.0015369319610558,0.0288348828842373,0.0317242293095856,0.0138724550954463,HIGH,HIGH,HIGH,HIGH Trend + HIGH Leadership + HIGH Participation,Fog
2019-10-22,647.225,0.0983531121830594,0.3541932075610477,0.0120742646685553,0.0035374924816387,0.027153493210023,0.0231599327899878,0.0118877708679361,HIGH,HIGH,MEDIUM,HIGH Trend + HIGH Leadership + MEDIUM Participation,Fog
2019-10-23,649.5145535714286,0.0898531647170452,0.3055478494872417,-0.5204080073320938,0.0023210328922851,0.0281670527837891,0.0113652187767154,0.0035606949860769,HIGH,MEDIUM,LOW,HIGH Trend + MEDIUM Leadership + LOW Participation,Fog
2019-10-24,651.0220982142857,0.0779773272651135,0.2523960410158421,-0.8460571689518865,0.0007784462550131,0.0301841301058534,0.0108813784917194,-0.0032831615395984,MEDIUM,MEDIUM,LOW,MEDIUM Trend + MEDIUM Leadership + LOW Participation,Mixed Terrain
2019-10-25,651.5288839285714,0.0782901040183057,0.2358324917174436,-0.0953863157991352,0.020470189383529,0.0247796272051581,0.0002200182030631,0.0056860761641213,MEDIUM,MEDIUM,MEDIUM,MEDIUM Trend + MEDIUM Leadership + MEDIUM Participation,Mixed Terrain
2019-10-27,664.8658035714286,0.1053921643336967,0.3488162301703433,1.0223821770558308,-9.984560525577724e-05,0.0028083674780234,-0.0196899293721598,-0.0155651711133436,HIGH,MEDIUM,HIGH,HIGH Trend + MEDIUM Leadership + HIGH Participation,Fog
2019-10-29,664.7994196428572,0.1047574675912318,0.3447878889690688,0.5080476454133832,0.0045277486019379,-0.0038879879652208,-0.021799069765068,-0.0114831225610679,HIGH,MEDIUM,HIGH,HIGH Trend + MEDIUM Leadership + HIGH Participation,Fog
2019-10-30,667.8094642857143,0.1115969694962782,0.3705961076502426,0.3380710076485378,0.0042874050099297,-0.0163415409602772,-0.0241974493901033,-0.0117188178942186,HIGH,HIGH,HIGH,HIGH Trend + HIGH Leadership + HIGH Participation,Fog
2019-10-31,670.6726339285714,0.1214891576561928,0.3847488092223171,-0.6285669851022995,-0.0044717899480845,-0.0187371859554374,-0.0263550711715522,-0.0192636430364051,HIGH,HIGH,LOW,HIGH Trend + HIGH Leadership + LOW Participation,Fog
2019-11-01,667.6735267857142,0.1175844161124237,0.403734261841244,-0.1881749056121815,-0.0014086760618075,-0.0239657467323735,-0.0207898067162447,-0.0180886630127652,HIGH,HIGH,MEDIUM,HIGH Trend + HIGH Leadership + MEDIUM Participation,Fog
2019-11-04,666.7329910714286,0.114399207413463,0.3971482736254472,-0.2003488148053313,-0.0067767811581781,-0.0224352903105152,-0.01730285449057,-0.0164739191013965,HIGH,HIGH,MEDIUM,HIGH Trend + HIGH Leadership + MEDIUM Participation,Fog
2019-11-05,662.2146875,0.1042488564423722,0.3018089135162963,-0.466568994793238,-0.0080310192886977,-0.0179809916790982,-0.0110170087400847,-0.0058371499477976,HIGH,MEDIUM,LOW,HIGH Trend + MEDIUM Leadership + LOW Participation,Fog
2019-11-06,656.8964285714285,0.0956721562324573,0.3183462346004005,-0.0987759015105733,0.0018415193741134,-0.0079864188201007,-0.0077168204380989,-0.0009188228194266,HIGH,MEDIUM,MEDIUM,HIGH Trend + MEDIUM Leadership + MEDIUM Participation,Fog
2019-11-07,658.1061160714287,0.0926652028320198,0.336487912267829,0.0052511458844746,-0.0097763624610854,-0.0077633485209893,-0.0140120694007164,-0.0083246181870503,HIGH,MEDIUM,MEDIUM,HIGH Trend + MEDIUM Leadership + MEDIUM Participation,Fog
2019-11-08,651.6722321428572,0.0726535761551517,0.2041779234040535,-0.1658876619058305,0.0001571506491062,0.0032539227035282,0.0054648555933505,0.0004486397563192,MEDIUM,MEDIUM,MEDIUM,MEDIUM Trend + MEDIUM Leadership + MEDIUM Participation,Mixed Terrain
2019-11-11,651.7746428571429,0.0725006462166361,0.2420291806754565,0.1079950433242432,-0.0022511341288536,0.0052502261682252,0.004207605718234,-0.0090746061987903,MEDIUM,MEDIUM,MEDIUM,MEDIUM Trend + MEDIUM Leadership + MEDIUM Participation,Mixed Terrain
2019-11-13,650.3074107142858,0.05858646918694,0.1766417631168729,-0.2581517892215763,0.0020648201681541,0.0070914950525458,0.0105458366324826,-0.0045532037526757,MEDIUM,MEDIUM,MEDIUM,MEDIUM Trend + MEDIUM Leadership + MEDIUM Participation,Mixed Terrain
2019-11-14,651.6501785714287,0.0579830436313206,0.2285470376455216,0.0760016036723522,0.0020667996440904,0.0002717688417945,0.0127880701767846,0.001089130589073,MEDIUM,MEDIUM,MEDIUM,MEDIUM Trend + MEDIUM Leadership + MEDIUM Participation,Mixed Terrain
2019-11-15,652.9970089285715,0.0578311639167813,0.1783500619439293,-0.1757574154044472,0.0012185573208365,-0.0062976114321243,0.0072833821911646,0.0072193915239575,MEDIUM,MEDIUM,MEDIUM,MEDIUM Trend + MEDIUM Leadership + MEDIUM Participation,Mixed Terrain
2019-11-18,653.7927232142857,0.0585246264338458,0.1745351648453216,0.0313607044683903,0.0021472920678429,0.0022037620185568,0.0027584922236372,0.004578572678636,MEDIUM,MEDIUM,MEDIUM,MEDIUM Trend + MEDIUM Leadership + MEDIUM Participation,Mixed Terrain
2019-11-19,655.1966071428571,0.0560162985270659,0.1837369899446066,0.0603733235672652,-0.0004236051283407,-0.0010371750464214,0.0008435308812704,0.0066166071743458,MEDIUM,MEDIUM,MEDIUM,MEDIUM Trend + MEDIUM Leadership + MEDIUM Participation,Mixed Terrain
2019-11-20,654.9190625,0.0590365655774036,0.1794070010314465,0.0938805295420143,-0.0047208668846552,0.0034300176269055,0.005237561048131,0.0066235011182882,MEDIUM,MEDIUM,MEDIUM,MEDIUM Trend + MEDIUM Leadership + MEDIUM Participation,Mixed Terrain
2019-11-21,651.8272767857143,0.0464509657354932,0.134059062548434,-0.0603730194939133,-0.0045143696658795,0.0125129007184541,0.0068508645099412,0.0137710396686347,MEDIUM,MEDIUM,MEDIUM,MEDIUM Trend + MEDIUM Leadership + MEDIUM Participation,Mixed Terrain
2019-11-22,648.8846874999999,0.0331510655551453,0.1329131876904676,-0.2267487767847924,0.0097842334824926,0.0136670634784947,0.00576827670721,0.0168760036537969,MEDIUM,MEDIUM,MEDIUM,MEDIUM Trend + MEDIUM Leadership + MEDIUM Participation,Mixed Terrain
2019-11-25,655.2335267857143,0.0494364408800609,0.2982534302878853,0.6606416636520883,-0.0010934623840149,0.0005535103998841,-0.0049889519351435,0.0125918846681638,MEDIUM,MEDIUM,HIGH,MEDIUM Trend + MEDIUM Leadership + HIGH Participation,Mixed Terrain
2019-11-26,654.5170535714286,0.0387131252930152,0.1347820724228026,-0.0428941589013753,0.0040463313258096,0.0018826585741857,-0.0132265597685098,0.0095696922662849,MEDIUM,MEDIUM,MEDIUM,MEDIUM Trend + MEDIUM Leadership + MEDIUM Participation,Mixed Terrain
2019-11-27,657.1654464285714,0.0421501154721205,0.1821385565717404,0.2532359841817524,0.0042882357440703,0.0018013647085228,-0.0149414700826179,0.0067554063698624,MEDIUM,MEDIUM,MEDIUM,MEDIUM Trend + MEDIUM Leadership + MEDIUM Participation,Mixed Terrain
2019-11-28,659.9835267857143,0.0440072276953259,0.2575876706483762,-0.4721883798482854,-0.0033796162796541,-0.0055920632759298,-0.0115512217533028,0.0067217586802592,MEDIUM,MEDIUM,LOW,MEDIUM Trend + MEDIUM Leadership + LOW Participation,Mixed Terrain
2019-11-29,657.7530357142857,0.0412724498581699,0.1696690247330716,0.0175139368811675,-0.0032790884116568,-0.0077922890620313,-6.3527968731103e-05,0.0152374819359306,MEDIUM,MEDIUM,MEDIUM,MEDIUM Trend + MEDIUM Leadership + MEDIUM Participation,Mixed Terrain
2019-12-02,655.5962053571429,0.0293410083688898,0.1137669497241327,-0.3480498862237269,0.000233497930421,-0.00553939622161,0.0018150735886193,0.016277713409039,MEDIUM,LOW,LOW,MEDIUM Trend + LOW Leadership + LOW Participation,Mixed Terrain
2019-12-03,655.7492857142857,0.0224433857439314,0.0606906274769817,-0.3949819294007161,0.0039648618973495,-0.0150808262957642,0.00576821062928,0.0187590749513368,MEDIUM,LOW,LOW,MEDIUM Trend + LOW Leadership + LOW Participation,Mixed Terrain
2019-12-04,658.3492410714285,0.0287188948445368,0.1521577438306372,0.3168421873728794,-0.0031235456810502,-0.0167127290708095,0.0013787189455118,0.0180095331783236,MEDIUM,MEDIUM,HIGH,MEDIUM Trend + MEDIUM Leadership + HIGH Participation,Mixed Terrain
2019-12-05,656.2928571428572,0.0288185032999202,0.1237646483818397,-0.0396704512264016,-0.0055847373232769,-0.0059926698664578,0.0068730885602028,0.0215561432722759,MEDIUM,LOW,MEDIUM,MEDIUM Trend + LOW Leadership + MEDIUM Participation,Mixed Terrain
2019-12-06,652.6276339285714,0.0118681381663552,0.0329371920755317,-0.1542485634900657,-0.0010159479614653,0.0077894588079685,0.0110440219718925,0.0100309470116648,MEDIUM,LOW,MEDIUM,MEDIUM Trend + LOW Leadership + MEDIUM Participation,Mixed Terrain
2019-12-09,651.9645982142857,0.0132139431327139,0.0103481323153868,-0.3057230306142012,-0.0093633206283727,0.0073954360608017,0.0176689863268346,0.0148987877094279,MEDIUM,LOW,LOW,MEDIUM Trend + LOW Leadership + LOW Participation,Mixed Terrain
2019-12-10,645.8600446428571,-0.0025587757580989,0.0134629096144752,-0.2177427235534561,0.0023014025111174,0.0211682719574155,0.0231018094988926,0.0219261207975385,LOW,LOW,MEDIUM,LOW Trend + LOW Leadership + MEDIUM Participation,Mixed Terrain
2019-12-11,647.3464285714286,-0.001569851154079,0.03544892783298,0.2564225372708402,0.007744666412883,0.0183989445924843,0.0220259769277875,0.0314940940211962,LOW,LOW,MEDIUM,LOW Trend + LOW Leadership + MEDIUM Participation,Mixed Terrain
2019-12-12,652.3599107142857,0.0116781993647652,0.1462539425066264,0.5986640473662882,0.008203047424933,0.0129433234913189,0.0184865223527055,0.0276556365207583,MEDIUM,MEDIUM,HIGH,MEDIUM Trend + MEDIUM Leadership + HIGH Participation,Mixed Terrain
2019-12-13,657.7112500000001,0.0265913513204222,0.2264088094833051,1.0073235007925478,-0.0014065279949435,0.0032294078246992,0.0153019820084963,0.0247622097517279,MEDIUM,MEDIUM,HIGH,MEDIUM Trend + MEDIUM Leadership + HIGH Participation,Mixed Terrain
2019-12-16,656.7861607142858,0.0225988307081577,0.1803651124895984,-0.2006223508839779,0.0041803941133806,0.0101981306429235,0.0144364366255866,0.0315503456019943,MEDIUM,MEDIUM,MEDIUM,MEDIUM Trend + MEDIUM Leadership + MEDIUM Participation,Mixed Terrain
2019-12-17,659.5317857142857,0.0332110108585053,0.2321815558635338,-0.1699552384817824,-0.0004167594002022,0.001893456342676,0.0129163600368011,0.0331993502966663,MEDIUM,MEDIUM,MEDIUM,MEDIUM Trend + MEDIUM Leadership + MEDIUM Participation,Mixed Terrain
2019-12-18,659.256919642857,0.0310241030027797,0.2292269467602228,-0.6840504741680677,0.0023461208862387,0.0035615044129433,0.0166079165835726,0.0372557577169372,MEDIUM,MEDIUM,LOW,MEDIUM Trend + MEDIUM Leadership + LOW Participation,Mixed Terrain
2019-12-19,660.8036160714286,0.0329722734830552,0.1857816843856566,0.1992019898508606,-0.0014654099807183,0.0054723682291333,0.014582825659855,0.0377163871290104,MEDIUM,MEDIUM,MEDIUM,MEDIUM Trend + MEDIUM Leadership + MEDIUM Participation,Mixed Terrain
2019-12-20,659.8352678571428,0.0336214262249325,0.2243405815830381,-0.1478119456790556,0.0055299922667386,0.0120337124187519,-0.0010020087535375,0.0365706132009413,MEDIUM,MEDIUM,MEDIUM,MEDIUM Trend + MEDIUM Leadership + MEDIUM Participation,Mixed Terrain
2019-12-23,663.4841517857142,0.0380437667603702,0.1908895573347049,0.0174023901503741,-0.0040748093549709,0.004195519526418,-0.0027221018372637,0.0280761496819585,MEDIUM,MEDIUM,MEDIUM,MEDIUM Trend + MEDIUM Leadership + MEDIUM Participation,Mixed Terrain
2019-12-24,660.7805803571428,0.0315211793580231,0.1191263245069595,-0.1715531181894411,0.0012474424018942,0.0110020717515846,-0.0011491414543877,0.0309233161402386,MEDIUM,LOW,MEDIUM,MEDIUM Trend + LOW Leadership + MEDIUM Participation,Mixed Terrain
2019-12-26,661.6048660714285,0.0324118299190281,0.2024913042353747,-0.0366145829531164,0.0042546705120241,0.0130001122136116,0.0092640669681116,0.0359576136193182,MEDIUM,MEDIUM,MEDIUM,MEDIUM Trend + MEDIUM Leadership + MEDIUM Participation,Mixed Terrain
2019-12-27,664.4197767857142,0.041868380843612,0.256097129253009,0.5956068101093923,0.0050506608108593,0.0090608729972034,0.0090026858154903,0.0391625265411825,MEDIUM,MEDIUM,HIGH,MEDIUM Trend + MEDIUM Leadership + HIGH Participation,Mixed Terrain
2019-12-30,667.7755357142858,0.0505965113871042,0.2874756836578573,0.4065373284812384,-0.0022578293657808,-0.0128807183123714,0.0093176492421664,0.0346609866499729,MEDIUM,MEDIUM,HIGH,MEDIUM Trend + MEDIUM Leadership + HIGH Participation,Mixed Terrain
2019-12-31,666.2678125,0.048998260089968,0.2532410467131833,-0.0431953505605717,0.0026756856339742,-0.0068887196060624,0.0168703610778564,0.0344234297139871,MEDIUM,MEDIUM,MEDIUM,MEDIUM Trend + MEDIUM Leadership + MEDIUM Participation,Mixed Terrain
2020-01-01,668.0505357142857,0.0555896119735118,0.3057366142297127,-0.2162702089121846,0.0032262048182305,-0.0120189795307936,0.0200243485643061,0.0347849807128042,MEDIUM,MEDIUM,MEDIUM,MEDIUM Trend + MEDIUM Leadership + MEDIUM Participation,Mixed Terrain
2020-01-02,670.2058035714286,0.0677295364053219,0.3564643042776417,0.5369945739473125,0.0003494395711336,-0.0036880995376554,0.0203105256181301,0.0229786159768352,MEDIUM,HIGH,HIGH,MEDIUM Trend + HIGH Leadership + HIGH Participation,Fog
2020-01-03,670.4399999999999,0.0671070321569734,0.3511411858959229,0.0274707589310482,-0.0168037301729354,-5.766468928714019e-05,0.022801057621008,0.0196936233773983,MEDIUM,MEDIUM,MEDIUM,MEDIUM Trend + MEDIUM Leadership + MEDIUM Participation,Mixed Terrain
2020-01-06,659.1741071428571,0.0273396005747284,0.1047914732776811,-0.5704699256542927,0.003798652263723,0.022488029528292,0.0376103078121299,0.0355978463309742,MEDIUM,LOW,LOW,MEDIUM Trend + LOW Leadership + LOW Participation,Mixed Terrain
2020-01-07,661.6780803571429,0.0380282532967824,0.2421875904396128,-0.068534916401,-0.002503982535206,0.023923885623869,0.0308823163292411,0.0432639847185074,MEDIUM,MEDIUM,MEDIUM,MEDIUM Trend + MEDIUM Leadership + MEDIUM Participation,Mixed Terrain
2020-01-08,660.02125,0.0361630798058996,0.2183744623049483,-0.0916905517873752,0.0116856356627044,0.0324331413571912,0.0321093557864342,0.0499866211017558,MEDIUM,MEDIUM,MEDIUM,MEDIUM Trend + MEDIUM Leadership + MEDIUM Participation,Mixed Terrain
2020-01-09,667.7340178571428,0.0610031683406344,0.3645156375313213,1.8577228807435464,0.0039945867025485,0.0240874621136704,0.0264485257375659,0.040586493151612,MEDIUM,HIGH,HIGH,MEDIUM Trend + HIGH Leadership + HIGH Participation,Fog
2020-01-10,670.4013392857142,0.0663816377848927,0.3824863929117298,-0.2121884416373072,0.0053643906002467,0.0228600405274292,0.0298907437509114,0.0448125756226782,MEDIUM,HIGH,MEDIUM,MEDIUM Trend + HIGH Leadership + MEDIUM Participation,Fog
2020-01-13,673.9976339285713,0.0721765265950528,0.3918544871570603,0.5743553824433988,0.0052082633026411,0.0147896873578208,0.0251093770398596,0.0415125053096376,MEDIUM,HIGH,HIGH,MEDIUM Trend + HIGH Leadership + HIGH Participation,Fog
2020-01-14,677.5079910714285,0.0815684124264929,0.4166405621146237,-1.0919949625908518,0.0057856460443701,0.0067958476240959,0.01726185491091,0.033992812024687,MEDIUM,HIGH,LOW,MEDIUM Trend + HIGH Leadership + LOW Participation,Fog
2020-01-15,681.4278125000001,0.0913314691954354,0.4037383194064373,0.1499199409391864,0.0035076690009414,-0.0003136140809383,0.0144708625527163,0.0319142126927156,HIGH,HIGH,MEDIUM,HIGH Trend + HIGH Leadership + MEDIUM Participation,Fog
2020-01-16,683.8180357142857,0.0928132782158654,0.4336119029562539,-0.0857183929867025,0.00279124746271,0.0023055292748359,0.0026149787654976,0.0313667535301398,HIGH,HIGH,MEDIUM,HIGH Trend + HIGH Leadership + MEDIUM Participation,Fog
2020-01-17,685.7267410714286,0.0995573964485557,0.4269596778788062,-0.1739222953144775,-0.0025679221061021,0.0068735730646558,-0.0030381609604877,0.020974098191836,HIGH,HIGH,MEDIUM,HIGH Trend + HIGH Leadership + MEDIUM Participation,Fog
2020-01-20,683.9658482142859,0.0904531267858654,0.3444406887911029,-0.4194571860653185,-0.0027101003306935,0.0101692890759541,-0.0019395156987203,0.0163870963952028,HIGH,MEDIUM,LOW,HIGH Trend + MEDIUM Leadership + LOW Participation,Fog
2020-01-21,682.1122321428572,0.0820692195445202,0.3328032540479006,-0.3032584776914396,-0.0013166821494736,0.0103953619907277,0.0120107486501028,0.0197451273008719,MEDIUM,MEDIUM,LOW,MEDIUM Trend + MEDIUM Leadership + LOW Participation,Mixed Terrain
2020-01-22,681.2141071428571,0.0781005340092811,0.3147367106512859,-0.1961130105652651,0.0061368239846977,0.0147891147082717,0.0173210960787189,0.0318660956973093,MEDIUM,MEDIUM,MEDIUM,MEDIUM Trend + MEDIUM Leadership + MEDIUM Participation,Mixed Terrain
2020-01-23,685.3945982142858,0.0900537717207137,0.4108530948391144,0.7022939695142538,0.0073615049307818,0.0003087376868862,0.0137736740416543,0.0266242614802381,HIGH,HIGH,HIGH,HIGH Trend + HIGH Leadership + HIGH Participation,Fog
2020-01-24,690.4401339285714,0.0962836150706836,0.4175259998149992,0.3404205884352314,0.000696889839743,-0.0098440700901255,0.0144887522898018,0.0062796382664549,HIGH,HIGH,HIGH,HIGH Trend + HIGH Leadership + HIGH Participation,Fog
2020-01-27,690.9212946428571,0.0930041406919079,0.356345076757303,-0.0885833159153091,-0.0024869097853752,-0.0119869064577787,0.0160013444781319,0.002820509391026,HIGH,HIGH,MEDIUM,HIGH Trend + HIGH Leadership + MEDIUM Participation,Fog
2020-01-28,689.2030357142856,0.0867704580076454,0.2771128355273411,-0.6520621143955533,0.0030261401820996,0.0015987668987238,0.0164470505140903,-0.0010286855651336,HIGH,MEDIUM,LOW,HIGH Trend + MEDIUM Leadership + LOW Participation,Fog
2020-01-29,691.2886607142857,0.0875460211787276,0.3543815092500633,0.0311323487093474,-0.0082200905064339,0.002495081326503,0.0171945304531533,-0.0078370067910178,HIGH,HIGH,MEDIUM,HIGH Trend + HIGH Leadership + MEDIUM Participation,Fog
2020-01-30,685.6062053571428,0.0708001151609808,0.1749584697269843,-0.2239103434904381,-0.0028628861358941,0.0134607805045314,0.0286767855792895,-0.0218682254540251,MEDIUM,MEDIUM,MEDIUM,MEDIUM Trend + MEDIUM Leadership + MEDIUM Participation,Mixed Terrain
2020-01-31,683.6433928571429,0.0616329701914513,0.1204940001457866,-0.1298194034442542,-0.0014687586442702,0.0245747378214886,0.0240854345793792,-0.0263504782542487,MEDIUM,LOW,MEDIUM,MEDIUM Trend + LOW Leadership + MEDIUM Participation,Mixed Terrain
2020-02-03,682.6392857142857,0.0380491576317894,0.1045060742879204,-0.600432203271156,0.011229393268773,0.0283278137899642,0.0183622259193572,-0.010478630734701,MEDIUM,LOW,LOW,MEDIUM Trend + LOW Leadership + LOW Participation,Mixed Terrain
2020-02-04,690.3049107142857,0.0598854788194748,0.2774406131325275,1.514497853832163,0.0039237319429885,0.0148245825634765,0.0076425854775612,-0.0354070373922495,MEDIUM,MEDIUM,HIGH,MEDIUM Trend + MEDIUM Leadership + HIGH Participation,Mixed Terrain
2020-02-05,693.0134821428572,0.0735062372350939,0.3109897756363303,0.5493592399109326,0.0026284017614066,0.0146628640882706,0.0142973537800938,-0.0354088272092214,MEDIUM,MEDIUM,HIGH,MEDIUM Trend + MEDIUM Leadership + HIGH Participation,Mixed Terrain
2020-02-06,694.835,0.0796113222147046,0.3273180541711888,0.3799347323867938,0.0080720602733024,0.0150139061791647,0.0126759924504173,-0.0410761059408759,MEDIUM,MEDIUM,HIGH,MEDIUM Trend + MEDIUM Leadership + HIGH Participation,Mixed Terrain
2020-02-07,700.4437500000001,0.0852068803164878,0.3140427713169784,-1.2505554108500254,0.0021889185044683,-0.0004775671544954,-0.0080918728816047,-0.0799583044931975,HIGH,MEDIUM,LOW,HIGH Trend + MEDIUM Leadership + LOW Participation,Fog
2020-02-10,701.9769642857143,0.073075594496071,0.2352664849827026,-0.579454179872042,-0.002049314296282,-0.0096910612909305,-0.0129732457134453,-0.0876593808659269,MEDIUM,MEDIUM,LOW,MEDIUM Trend + MEDIUM Leadership + LOW Participation,Mixed Terrain
2020-02-11,700.5383928571429,0.0691988840474126,0.2365144538892768,-0.1781211756184968,0.0037637505846905,-0.0070770822951226,-0.0171929625555854,-0.1485715068639811,MEDIUM,MEDIUM,MEDIUM,MEDIUM Trend + MEDIUM Leadership + MEDIUM Participation,Mixed Terrain
2020-02-12,703.1750446428571,0.0603328150732553,0.2092703643869913,-0.1203036119200211,0.0029752802990974,-0.0003602283291455,-0.0246084072365389,-0.1316424399253869,MEDIUM,MEDIUM,MEDIUM,MEDIUM Trend + MEDIUM Leadership + MEDIUM Participation,Mixed Terrain
2020-02-13,705.2671875,0.0607208227178606,0.200030903733966,-0.0135811952338589,-0.0073134643437122,-0.0023033317223682,-0.0491359499328554,-0.1734238258866558,MEDIUM,MEDIUM,MEDIUM,MEDIUM Trend + MEDIUM Leadership + MEDIUM Participation,Mixed Terrain
2020-02-14,700.1092410714285,0.0473714712729246,0.1238564949978891,-0.2303010255797239,-0.007049155020259,-0.0076179438068563,-0.0492497121144424,-0.1712925285193056,MEDIUM,LOW,MEDIUM,MEDIUM Trend + LOW Leadership + MEDIUM Participation,Mixed Terrain
2020-02-17,695.1740625000001,0.0377163989758852,0.0803858054989834,-0.2742334841608125,0.000584835542537,-0.00331430354127,-0.0283208232984302,-0.204510894913973,MEDIUM,LOW,LOW,MEDIUM Trend + LOW Leadership + LOW Participation,Mixed Terrain
2020-02-18,695.5806249999999,0.0362588593554138,0.0906385024017051,-0.0752809165567151,0.0105539398418819,-0.01018798144356,-0.0427231078660773,-0.2380311001741479,MEDIUM,LOW,MEDIUM,MEDIUM Trend + LOW Leadership + MEDIUM Participation,Mixed Terrain
2020-02-19,702.9217410714285,0.0491791119110889,0.2583014341308585,0.964423633048179,0.0010256933321741,-0.0242569169360514,-0.0490055315673159,-0.2080617336554496,MEDIUM,MEDIUM,HIGH,MEDIUM Trend + MEDIUM Leadership + HIGH Participation,Mixed Terrain
2020-02-20,703.6427232142858,0.0530549570997295,0.2266377080126615,0.2741785251996593,-0.0126013880446254,-0.0469407383020897,-0.0530792660160006,-0.2975105251073227,MEDIUM,MEDIUM,HIGH,MEDIUM Trend + MEDIUM Leadership + HIGH Participation,Mixed Terrain
2020-02-24,694.7758482142856,0.0245079077419699,0.0960438477989701,-0.2571056710838026,-0.0027430481015231,-0.0419513513447521,-0.0724527097286448,-0.2778929406767172,MEDIUM,LOW,MEDIUM,MEDIUM Trend + LOW Leadership + MEDIUM Participation,Mixed Terrain
2020-02-25,692.8700446428572,0.0173152894784648,0.0792980438449909,-0.8938851773993393,-0.006315732909355,-0.025089674554385,-0.0756677920108319,-0.250028076152448,MEDIUM,LOW,LOW,MEDIUM Trend + LOW Leadership + LOW Participation,Mixed Terrain
2020-02-26,688.4940625,0.0091638683763949,0.0564291573532766,-0.3466294292050214,-0.0038098160276957,-0.0328700054278661,-0.1336768453042606,-0.2194022448191307,MEDIUM,LOW,LOW,MEDIUM Trend + LOW Leadership + LOW Participation,Mixed Terrain
2020-02-27,685.8710267857142,-0.0034344486963063,0.0258505686864474,-0.0793099185478763,-0.0222458915803815,-0.0253638637678587,-0.10973442203413,-0.2156246706888807,LOW,LOW,MEDIUM,LOW Trend + LOW Leadership + MEDIUM Participation,Mixed Terrain
2020-02-28,670.6132142857142,-0.0317951915111708,0.0182008165747331,-0.408323394073411,-0.0074322302029539,-0.0064408667546811,-0.130710458498272,-0.1993512310723901,LOW,LOW,LOW,LOW Trend + LOW Leadership + LOW Participation,Mixed Terrain
2020-03-02,665.6290624999999,-0.0409963365137947,0.018420301351021,-0.0980051912771991,0.0148086956679205,-0.0318369619608622,-0.1283647430454984,-0.1696362166177701,LOW,LOW,MEDIUM,LOW Trend + LOW Leadership + MEDIUM Participation,Mixed Terrain
2020-03-03,675.4861607142857,-0.0244215437768814,0.070726752176298,1.0099195163712618,-0.0142458903607123,-0.0518797638473348,-0.1813253549526827,-0.1916367654366516,LOW,LOW,HIGH,LOW Trend + LOW Leadership + HIGH Participation,Mixed Terrain
2020-03-04,665.8632589285714,-0.0442573137305105,0.0049896008983474,-0.0715097488943544,0.0039218691471736,-0.1042329784435982,-0.2040245553955637,-0.1886623142042017,LOW,LOW,MEDIUM,LOW Trend + LOW Leadership + MEDIUM Participation,Mixed Terrain
2020-03-05,668.4746875,-0.0408034323950825,0.0118363584524185,0.2548705895512707,-0.0032623577410003,-0.0865662118710687,-0.1672524997440535,-0.1505498686349119,LOW,LOW,MEDIUM,LOW Trend + LOW Leadership + MEDIUM Participation,Mixed Terrain
2020-03-06,666.2938839285715,-0.0504380092788976,0.004867591493734,-1.1833594421077502,-0.0328029854372362,-0.1250751843402435,-0.2581327563321179,-0.1324393492143715,LOW,LOW,LOW,LOW Trend + LOW Leadership + LOW Participation,Mixed Terrain
2020-03-09,644.437455357143,-0.0939288759430068,-0.016345518645952,-0.2635807279437904,-0.0061997593554569,-0.0997019895328146,-0.2214876083439052,-0.0761671533214213,LOW,LOW,MEDIUM,LOW Trend + LOW Leadership + MEDIUM Participation,Mixed Terrain
2020-03-11,640.4420982142857,-0.0972715800257896,-0.0051846968639245,-0.3672735954094288,-0.0686771686662039,-0.136528666058874,-0.1886337862454528,-0.0726408774841304,LOW,LOW,LOW,LOW Trend + LOW Leadership + LOW Participation,Mixed Terrain
2020-03-12,596.4583482142856,-0.1664418383676969,-0.0071612963218344,-0.2771533308373134,0.0237217198812005,-0.1114034950500599,-0.0989531435818285,-0.0017233454321136,LOW,LOW,LOW,LOW Trend + LOW Leadership + LOW Participation,Mixed Terrain
2020-03-13,610.6073660714285,-0.1461782858022138,-0.0054285318840897,0.5817829206370047,-0.0452832933836002,-0.0883329354810289,-0.1189423148277784,-0.0173476625151518,LOW,LOW,HIGH,LOW Trend + LOW Leadership + HIGH Participation,Mixed Terrain
2020-03-16,582.9570535714286,-0.1835986139097891,-0.0103550563724295,-0.3398167271476418,-0.0047538572968266,-0.1520788639324847,-0.0789619215428943,0.04109914301693,LOW,LOW,LOW,LOW Trend + LOW Leadership + LOW Participation,Mixed Terrain
2020-03-17,580.1857589285714,-0.1847286929362578,-0.0110522046966042,0.0242343312200653,-0.0468511431952866,-0.1352725624128539,-0.0473494770237663,0.0433231687077095,LOW,LOW,MEDIUM,LOW Trend + LOW Leadership + MEDIUM Participation,Mixed Terrain
2020-03-18,553.0033928571429,-0.2207926644602021,-0.014816053105359,-0.7194138923827723,-0.0415776640481735,-0.0603437753385006,-0.0125952483643522,0.0721038502196393,LOW,LOW,LOW,LOW Trend + LOW Leadership + LOW Participation,Mixed Terrain
2020-03-19,530.0108035714285,-0.2495972736923604,-0.0068294507150908,-0.0588375716486814,0.0503005245344561,0.0140112541506483,0.019299893351605,0.1268743881736915,LOW,LOW,MEDIUM,LOW Trend + LOW Leadership + MEDIUM Participation,Mixed Terrain
2020-03-20,556.670625,-0.2153724382154698,0.0098305601537688,1.1125018393616657,-0.1120393551521473,-0.0335751729310306,0.020057257576886,0.0782872626778978,LOW,LOW,HIGH,LOW Trend + LOW Leadership + HIGH Participation,Mixed Terrain
2020-03-23,494.3016071428571,-0.2940404513028617,-0.0029463206218012,-0.1920575692963753,0.0149725135282863,0.0862308288819071,0.1694284364090572,0.2034487812109124,LOW,LOW,MEDIUM,LOW Trend + LOW Leadership + MEDIUM Participation,Mixed Terrain
2020-03-24,501.7025446428572,-0.2807986385655646,0.0100035809910119,0.2806299487953034,0.0357393756634216,0.101677224021502,0.1866642799523719,0.2082921462476878,LOW,LOW,HIGH,LOW Trend + LOW Leadership + HIGH Participation,Mixed Terrain
2020-03-25,519.6330803571428,-0.2551594781257584,0.0080957161683547,-0.1573681732637935,0.0342623284750804,0.0508148892339315,0.1429599936440198,0.1695851910310379,LOW,LOW,MEDIUM,LOW Trend + LOW Leadership + MEDIUM Participation,Mixed Terrain
2020-03-26,537.4369196428571,-0.2296629379926087,0.0120550690289285,1.5496719190700647,0.0010110821145374,0.005215562627445,0.1079075937695641,0.1434826215254514,LOW,LOW,HIGH,LOW Trend + LOW Leadership + HIGH Participation,Mixed Terrain
2020-03-27,537.9803125000001,-0.227492688975101,0.0096706892915984,-0.0238884372514062,-0.0019604212850364,0.0554957085183505,0.1153098758712578,0.1533968540902692,LOW,LOW,MEDIUM,LOW Trend + LOW Leadership + MEDIUM Participation,Mixed Terrain
2020-03-30,536.9256444444445,-0.2209766388236625,0.0166014128429611,-0.886384189803482,0.0294056027786837,0.0765929352353109,0.1303540726143994,0.12484575766212,LOW,LOW,LOW,LOW Trend + LOW Leadership + LOW Participation,Mixed Terrain
2020-03-31,552.7142666666666,-0.1968052679076063,0.0493569929528256,0.452692085757377,-0.012078734513497,0.0771433357046611,0.0951793375898224,0.0845741392116528,LOW,LOW,HIGH,LOW Trend + LOW Leadership + HIGH Participation,Mixed Terrain
2020-04-01,546.0381777777777,-0.2078276231436632,0.0201093367425584,-0.2157264569151165,-0.0106187121307512,0.0876891880331691,0.0857795128529474,0.1025322690094359,LOW,LOW,MEDIUM,LOW Trend + LOW Leadership + MEDIUM Participation,Mixed Terrain
2020-04-03,540.2399555555555,-0.2097611509272903,0.0105011176455188,0.0037900914148426,0.0510809229709368,0.102159213366834,0.1055376298219419,0.1059051208438324,LOW,LOW,MEDIUM,LOW Trend + LOW Leadership + MEDIUM Participation,Mixed Terrain
2020-04-07,567.8359111111112,-0.1677428952093559,0.2391259391126791,1.2729620562598156,0.0179883734800379,0.0566692662700365,0.0570850358335131,0.0504691965785417,LOW,MEDIUM,HIGH,LOW Trend + MEDIUM Leadership + HIGH Participation,Mixed Terrain
2020-04-08,578.0503555555555,-0.1484504338108028,0.2953728448266917,0.3609667947065542,0.0299318790604401,0.0499363646365911,0.0290914294048816,0.0396928895006687,LOW,MEDIUM,HIGH,LOW Trend + MEDIUM Leadership + HIGH Participation,Mixed Terrain
2020-04-09,595.3524888888888,-0.1143617806895514,0.3533821734134125,2.2840137877205176,-0.0024064175314699,0.0167442913930877,0.0182257666811915,0.0085954681114777,LOW,HIGH,HIGH,LOW Trend + HIGH Leadership + HIGH Participation,Mixed Terrain
2020-04-13,593.9198222222224,-0.1091466382948214,0.3259584438706074,-2.692330384146179,0.002543478371491,-0.0017557177190249,0.0232949512975786,0.0172391394992632,LOW,MEDIUM,LOW,LOW Trend + MEDIUM Leadership + LOW Participation,Mixed Terrain
2020-04-15,595.4304444444444,-0.0876599323486232,0.4044185385923554,-0.0021681354384532,0.0076991547104858,0.0030652708012914,0.0321101037270141,0.0124623195096582,LOW,HIGH,MEDIUM,LOW Trend + HIGH Leadership + MEDIUM Participation,Mixed Terrain
2020-04-16,600.0147555555556,-0.0835633371283832,0.410408681471285,-1.423196754688758,0.0115019393597135,0.0003934718049898,0.0341492342558686,-8.399793427293911e-05,LOW,HIGH,LOW,LOW Trend + HIGH Leadership + LOW Participation,Fog
2020-04-17,606.9160888888889,-0.0568700815906504,0.4413378348830851,0.8094971152219163,-0.0026277840934555,-0.0198535224931698,-0.0048730880754376,-0.0323382064458188,LOW,HIGH,HIGH,LOW Trend + HIGH Leadership + HIGH Participation,Mixed Terrain
2020-04-20,605.3212444444445,-0.0496568909260535,0.4487230409906542,0.0518832941330621,-0.0205579729639241,0.0014570775569084,-0.0096835267194764,-0.0326085073064602,LOW,HIGH,MEDIUM,LOW Trend + HIGH Leadership + MEDIUM Participation,Mixed Terrain
2020-04-21,592.8770666666667,-0.0626932625258123,0.3935299611707085,-0.7968829006784164,0.0073852297204728,0.0250947282756912,0.0154292431918057,-0.0009602140492456,LOW,HIGH,LOW,LOW Trend + HIGH Leadership + LOW Participation,Fog
2020-04-22,597.2556000000001,-0.0351216488951666,0.4897846945977607,-0.4490122352938513,0.0050150127423576,0.0289560747153774,0.0003324093291603,-0.0019541977598125,LOW,HIGH,LOW,LOW Trend + HIGH Leadership + LOW Participation,Fog
2020-04-23,600.2508444444445,-0.0413664471756008,0.4536922838687157,0.2322178550819592,-0.0089698795555399,0.0337424857341122,-0.0062585686398962,-0.0099075616090579,LOW,HIGH,MEDIUM,LOW Trend + HIGH Leadership + MEDIUM Participation,Mixed Terrain
2020-04-24,594.8666666666667,-0.0187914452171771,0.4417514686717579,-0.0286252816787959,0.0190573424483544,0.0152838731368372,0.0103017669692553,0.0044826478389179,LOW,HIGH,MEDIUM,LOW Trend + HIGH Leadership + MEDIUM Participation,Mixed Terrain
2020-04-27,606.2032444444444,0.0003836520231556,0.5246512854165798,0.2033637426572825,0.0025600508168401,-0.0111243951698488,-0.0094579207135002,-0.0144411412292746,LOW,HIGH,MEDIUM,LOW Trend + HIGH Leadership + MEDIUM Participation,Mixed Terrain
2020-04-28,607.7551555555556,-0.0053910579287567,0.4759173878870757,-0.1264823117187523,0.0111798676820948,-0.0094288701495361,-0.0059179533629442,-0.0057309628563139,LOW,HIGH,MEDIUM,LOW Trend + HIGH Leadership + MEDIUM Participation,Mixed Terrain
2020-04-29,614.5497777777776,0.0029594853038211,0.4645646137516405,0.4880609652476314,0.0096900567497655,-0.0278181606480478,-0.0190365195984483,-0.0038974873746777,LOW,HIGH,HIGH,LOW Trend + HIGH Leadership + HIGH Participation,Mixed Terrain
2020-04-30,620.5048,0.0194816475118164,0.5034064289982794,0.240396209261893,-0.0266658157465773,-0.0386953761947801,-0.0331027970201752,0.0047158020014959,MEDIUM,HIGH,MEDIUM,MEDIUM Trend + HIGH Leadership + MEDIUM Participation,Fog
2020-05-04,603.9585333333332,-0.0171825995882589,0.2820683063548536,-0.3890743526770562,-0.0074490765260042,-0.0049071065732472,-0.0275996137188813,0.0397181793275436,LOW,MEDIUM,LOW,LOW Trend + MEDIUM Leadership + LOW Participation,Mixed Terrain
2020-05-05,599.4595999999999,-0.0318099066215608,0.1996312668083232,-0.4540874846817265,0.0042790391731337,0.0016852215265588,-0.0231491459604245,0.049595038968802,LOW,MEDIUM,LOW,LOW Trend + MEDIUM Leadership + LOW Participation,Mixed Terrain
2020-05-06,602.0247111111111,-0.021099674915459,0.2606725945401827,-0.266674129323345,-0.0075920102504467,0.0035443358692697,-0.0161404227334779,0.0479552112884844,LOW,MEDIUM,MEDIUM,LOW Trend + MEDIUM Leadership + MEDIUM Participation,Mixed Terrain
2020-05-07,597.4541333333333,-0.0182579914688845,0.2181491317561712,0.1182317352172104,-0.0016068179069144,0.0090329202769856,-0.0022858472520211,0.0687508285154829,LOW,MEDIUM,MEDIUM,LOW Trend + MEDIUM Leadership + MEDIUM Participation,Mixed Terrain
2020-05-08,596.4941333333333,-0.0291635630021212,0.1468307194306171,0.0287837736667604,0.0075452730540035,0.0058176971545889,-0.003671974272188,0.0689227976387663,LOW,MEDIUM,MEDIUM,LOW Trend + MEDIUM Leadership + MEDIUM Participation,Mixed Terrain
2020-05-11,600.9948444444444,-0.0216001252409249,0.1885234778985316,0.0747044564026415,-0.0008735885624902,-0.0228044108198672,-0.0057597831861602,0.053737122093264,LOW,MEDIUM,MEDIUM,LOW Trend + MEDIUM Leadership + MEDIUM Participation,Mixed Terrain
2020-05-12,600.4698222222222,-0.0287906806320885,0.1317332372484257,-0.0079486616964306,0.0061429676066244,-0.0247925864865371,-0.0050308014368897,0.0558090401952662,LOW,LOW,MEDIUM,LOW Trend + LOW Leadership + MEDIUM Participation,Mixed Terrain
2020-05-13,604.1584888888889,-0.0119644985603387,0.351375721991493,1.326358967639207,-0.0021643327438877,-0.019615235619557,0.0001881036955277,0.0353768834461833,LOW,MEDIUM,HIGH,LOW Trend + MEDIUM Leadership + HIGH Participation,Mixed Terrain
2020-05-14,602.8508888888889,-0.014100910503238,0.2037501673855906,-0.1902331071668692,-0.0047881381391897,-0.0112174412762467,0.0154328193925969,0.0407278895942206,LOW,MEDIUM,MEDIUM,LOW Trend + MEDIUM Leadership + MEDIUM Participation,Mixed Terrain
2020-05-15,599.9643555555556,-0.0190701975918395,0.1417766307981188,0.0762288523430796,-0.021125995781379,-0.009434782718203,0.039113360660389,0.0412382276339675,LOW,MEDIUM,MEDIUM,LOW Trend + MEDIUM Leadership + MEDIUM Participation,Mixed Terrain
2020-05-18,587.2895111111111,-0.0506660296706523,0.0265226953417512,-1.450126877327496,-0.0029063840858651,0.0174423910857062,0.069228472135719,0.0656242682957655,LOW,LOW,LOW,LOW Trend + LOW Leadership + LOW Participation,Mixed Terrain
2020-05-19,585.5826222222222,-0.0461506877974896,0.0694599158672188,0.2052987566047741,0.011484554527992,0.0202641866497403,0.0744680568465565,0.0701202502290405,LOW,LOW,MEDIUM,LOW Trend + LOW Leadership + MEDIUM Participation,Mixed Terrain
2020-05-20,592.3077777777778,-0.0219355346061735,0.1749311752446967,0.8428558710523074,0.0063829428018842,0.0201995584127621,0.0651471363424043,0.0608863635084611,LOW,MEDIUM,HIGH,LOW Trend + MEDIUM Leadership + HIGH Participation,Mixed Terrain
2020-05-21,596.0884444444446,-0.0122901328323004,0.1913955277410748,0.4688205696611158,-0.0029938883044204,0.026952599875186,0.0711994267815583,0.0596669845414434,LOW,MEDIUM,HIGH,LOW Trend + MEDIUM Leadership + HIGH Participation,Mixed Terrain
2020-05-22,594.3038222222222,-0.0151750505693102,0.1275226105375543,-0.1745277096683674,0.0054339583584481,0.0490105472427275,0.0728623204771583,0.0717257525443777,LOW,LOW,MEDIUM,LOW Trend + LOW Leadership + MEDIUM Participation,Mixed Terrain
2020-05-26,597.5332444444443,-0.0055480849870009,0.183427293965994,-0.5457412847801982,-0.0001410242316224,0.0508982931158905,0.0598415798046161,0.078270679946548,LOW,MEDIUM,LOW,LOW Trend + MEDIUM Leadership + LOW Participation,Mixed Terrain
2020-05-27,597.4489777777777,-0.0011517749027751,0.2276870996951571,0.1402942571594193,0.0114204824333863,0.0531272888983846,0.061147462373728,0.0712129987929424,LOW,MEDIUM,MEDIUM,LOW Trend + MEDIUM Leadership + MEDIUM Participation,Mixed Terrain
2020-05-28,604.2721333333334,0.0208881812243515,0.3161244171425724,0.874999106057434,0.0130445274730155,0.0440576331944038,0.0351821618559937,0.0660084496146438,MEDIUM,MEDIUM,HIGH,MEDIUM Trend + MEDIUM Leadership + HIGH Participation,Mixed Terrain
2020-05-29,612.1545777777777,0.0356083845033536,0.3469744634935967,0.5092158513928838,0.018420837496528,0.043085559072298,0.0249106289638683,0.0537172963865775,MEDIUM,MEDIUM,HIGH,MEDIUM Trend + MEDIUM Leadership + HIGH Participation,Mixed Terrain
2020-06-01,623.4309777777779,0.0727404869736872,0.3674374734417363,1.5688753790639285,0.0072432860249982,0.0227374007793572,0.002044884662274,0.0273797395160273,MEDIUM,HIGH,HIGH,MEDIUM Trend + HIGH Leadership + HIGH Participation,Fog
2020-06-02,627.9466666666667,0.0893037350734859,0.4225458877423023,0.2116745450964095,0.0019797151916653,0.0085101353264254,-0.0033708453654947,0.019287271388936,HIGH,HIGH,MEDIUM,HIGH Trend + HIGH Leadership + MEDIUM Participation,Fog
2020-06-03,629.1898222222223,0.0969259649656171,0.4385290025701994,-0.0943151926921488,0.0027100106373123,0.0076155784394615,-0.0040464735920361,0.0173913246177392,HIGH,HIGH,MEDIUM,HIGH Trend + HIGH Leadership + MEDIUM Participation,Fog
2020-06-04,630.8949333333333,0.096432388536274,0.4386096272315525,-1.4172062237869314,0.0121013282296131,-0.0085009400403065,-0.0040001730170108,0.024249151258572,HIGH,HIGH,LOW,HIGH Trend + HIGH Leadership + LOW Participation,Fog
2020-06-05,638.5295999999998,0.1150106764240876,0.4708327763672589,0.9477539771261906,-0.0014461697973312,-0.017424198763325,-0.0107659152458327,0.017881081785402,HIGH,HIGH,HIGH,HIGH Trend + HIGH Leadership + HIGH Participation,Fog
2020-06-08,637.6061777777778,0.1123213517787485,0.484932072726339,-0.0206716914049776,-0.0067684413206926,-0.020232482063641,-0.0010593791123869,0.0277184683628117,HIGH,HIGH,MEDIUM,HIGH Trend + HIGH Leadership + MEDIUM Participation,Fog
2020-06-09,633.2905777777778,0.099738803374644,0.4429762520733121,-0.1775512730073494,0.0010909508417338,-0.0117807251268471,0.0173885423001891,0.0390940076094961,HIGH,HIGH,MEDIUM,HIGH Trend + HIGH Leadership + MEDIUM Participation,Fog
2020-06-10,633.9814666666666,0.10116627777639,0.4747341048503241,-1.2023057166478834,-0.0133280447104551,-0.0115739100119505,0.009485520887642,0.0364155755552058,HIGH,HIGH,LOW,HIGH Trend + HIGH Leadership + LOW Participation,Fog
2020-06-11,625.5317333333334,0.0790365879688288,0.4037256756414471,-0.4157733819961857,0.0029926539298406,0.0045393558148998,0.0297786118178284,0.0502672073337924,MEDIUM,HIGH,LOW,MEDIUM Trend + HIGH Leadership + LOW Participation,Fog
2020-06-12,627.4037333333334,0.0816889570627782,0.4082471510393895,0.2128227785032699,-0.0043001196323418,0.0067763560929468,0.0281065164206864,0.0432547987530125,MEDIUM,HIGH,MEDIUM,MEDIUM Trend + HIGH Leadership + MEDIUM Participation,Fog
2020-06-15,624.7058222222222,0.0707206579692154,0.3925892142302294,-0.3052674307864529,0.0017994603113102,0.0195690330616773,0.0252831537204962,0.0503261232789322,MEDIUM,HIGH,LOW,MEDIUM Trend + HIGH Leadership + LOW Participation,Fog
2020-06-16,625.8299555555556,0.0740954876355949,0.4226530047696488,0.0529742153119232,0.0013004597485974,0.0295169990797643,0.0227347520881426,0.0381060556456445,MEDIUM,HIGH,MEDIUM,MEDIUM Trend + HIGH Leadership + MEDIUM Participation,Fog
2020-06-17,626.6438222222222,0.0730351414882492,0.3947697816668351,-0.0369568916635023,0.0027566253124404,0.0213060249146672,0.0215248981416771,0.0386147409912673,MEDIUM,HIGH,MEDIUM,MEDIUM Trend + HIGH Leadership + MEDIUM Participation,Fog
2020-06-18,628.3712444444444,0.0766529287369734,0.454808794606846,0.7702263253292552,0.0052262098704141,0.0251252037631257,0.0283627803040424,0.0416983505787413,MEDIUM,HIGH,HIGH,MEDIUM Trend + HIGH Leadership + HIGH Participation,Fog
2020-06-19,631.6552444444444,0.0803398348711422,0.4750973210074971,0.5977756197008791,0.0083518132922439,0.0211865924330172,0.02895876463694,0.0421309289462614,MEDIUM,HIGH,HIGH,MEDIUM Trend + HIGH Leadership + HIGH Participation,Fog
2020-06-22,636.9307111111111,0.0915366480849327,0.517193163344689,0.593536772261839,0.0115740480684416,0.0056044470492204,0.0288083664568852,0.0423942154252114,HIGH,HIGH,HIGH,HIGH Trend + HIGH Leadership + HIGH Participation,Fog
2020-06-23,644.3025777777779,0.107399384936129,0.5285769422399216,0.4045950338415836,-0.0066854717259137,-0.0065877950511589,0.0213344896338558,0.0313036497413774,HIGH,HIGH,HIGH,HIGH Trend + HIGH Leadership + HIGH Participation,Fog
2020-06-24,639.9951111111112,0.097501727048137,0.4722488144040576,-0.6651721270633968,0.0065064385908502,0.0002143071926243,0.0266770093382657,0.0339960235807352,HIGH,HIGH,LOW,HIGH Trend + HIGH Leadership + LOW Participation,Fog
2020-06-25,644.1592,0.0955053486182145,0.465714030061956,-0.4278340375838767,0.0013640520335138,0.0031582254821476,0.0198961167777569,0.0395986996175272,HIGH,HIGH,LOW,HIGH Trend + HIGH Leadership + LOW Participation,Fog
2020-06-26,645.0378666666668,0.0965810920734122,0.4718538832104076,-0.7795051635599519,-0.0070344879666668,0.0076109226869158,0.0147341565201475,0.0358157095617883,HIGH,HIGH,LOW,HIGH Trend + HIGH Leadership + LOW Participation,Fog
2020-06-29,640.5003555555556,0.0777083451557996,0.3467026830939688,-0.0648602949996283,-0.0006905712186958,0.0230745990391678,0.0244254179614298,0.0382691781661252,MEDIUM,MEDIUM,MEDIUM,MEDIUM Trend + MEDIUM Leadership + MEDIUM Participation,Mixed Terrain
2020-06-30,640.0580444444445,0.0720956014447802,0.2471829622493348,-0.2148774901372361,0.0001159617051398,0.028107450810364,0.0150296091201729,0.0430510260666636,MEDIUM,MEDIUM,MEDIUM,MEDIUM Trend + MEDIUM Leadership + MEDIUM Participation,Mixed Terrain
2020-07-01,640.1322666666667,0.0705140836969583,0.2811547154160999,0.0490986470858753,0.0094688764322037,0.0264570322133426,0.0167297369654715,0.043363954782678,MEDIUM,MEDIUM,MEDIUM,MEDIUM Trend + MEDIUM Leadership + MEDIUM Participation,Mixed Terrain
2020-07-02,646.1936,0.0819832788072675,0.3792021609972454,0.5750295180129009,0.0058087854785315,0.0166851956854208,0.0129677683110587,0.0319166818667899,MEDIUM,HIGH,HIGH,MEDIUM Trend + HIGH Leadership + HIGH Participation,Fog
2020-07-03,649.9472,0.0852662137445683,0.378663292793685,0.2106385770511674,0.0082044271356882,0.0070694289560069,0.0128014501280515,0.0364387206290672,HIGH,HIGH,MEDIUM,HIGH Trend + HIGH Leadership + MEDIUM Participation,Fog
2020-07-06,655.2796444444446,0.0960771714997164,0.4006828350169562,0.4587761877852107,0.0042253716004674,0.001320352321845,0.0132054223228321,0.0340862106573396,HIGH,HIGH,HIGH,HIGH Trend + HIGH Leadership + HIGH Participation,Fog
2020-07-07,658.0484444444445,0.1007020014076931,0.4061503822458113,-0.2932204331010362,-0.0014895222168714,-0.0127203063063914,0.0097609159474241,0.0399963798680136,HIGH,HIGH,LOW,HIGH Trend + HIGH Leadership + LOW Participation,Fog
2020-07-08,657.0682666666668,0.100386285451509,0.3533075233840911,-0.2163607313386258,-0.0001412334223215,-0.0094765732442753,0.0071288381602963,0.0442233095211617,HIGH,HIGH,MEDIUM,HIGH Trend + HIGH Leadership + MEDIUM Participation,Fog
2020-07-09,656.9754666666665,0.0997427659981478,0.3907457081540245,-0.3030764672924215,-0.0037041126108681,-0.0036564193027872,0.0193182251757348,0.0493713683744527,HIGH,HIGH,LOW,HIGH Trend + HIGH Leadership + LOW Participation,Fog
2020-07-10,654.5419555555555,0.0937491969547488,0.2891051534946269,-0.2497913240155119,0.0024488711155703,0.0056917835128673,0.0207754443921905,0.0583802997366638,HIGH,MEDIUM,MEDIUM,HIGH Trend + MEDIUM Leadership + MEDIUM Participation,Fog
2020-07-13,656.1448444444445,0.0958470447544396,0.3283274918347058,0.0334842677730923,-0.0098560216277449,0.0118693982134971,0.013513682852817,0.0712520860062129,HIGH,MEDIUM,MEDIUM,HIGH Trend + MEDIUM Leadership + MEDIUM Participation,Fog
2020-07-14,649.6778666666668,0.0833225781727817,0.2176448718466586,-0.4035526914226823,0.001791109877907,0.022770874755571,0.0276065020120739,0.0758432623566194,HIGH,MEDIUM,LOW,HIGH Trend + MEDIUM Leadership + LOW Participation,Fog
2020-07-15,650.8415111111111,0.0745697137962796,0.1973288826651043,-0.0324335956484802,0.0057337734518607,0.0167642793254869,0.0261959661932373,0.0747197440250686,MEDIUM,MEDIUM,MEDIUM,MEDIUM Trend + MEDIUM Leadership + MEDIUM Participation,Mixed Terrain
2020-07-16,654.5732888888889,0.0782513648879672,0.1963597893127555,0.0424278655338838,0.0056436427218844,0.023058957696546,0.0187063341485436,0.0765761633753734,MEDIUM,MEDIUM,MEDIUM,MEDIUM Trend + MEDIUM Leadership + MEDIUM Participation,Mixed Terrain
2020-07-17,658.2674666666667,0.086458721030614,0.3328518963695249,0.904384317510938,0.0086065657336988,0.0149982938377362,0.0233385038084485,0.0652344086004081,HIGH,MEDIUM,HIGH,HIGH Trend + MEDIUM Leadership + HIGH Participation,Fog
2020-07-20,663.9328888888888,0.0950466617232714,0.3566099022679384,0.4454403061282034,0.000811393922679,0.0016249969039709,0.0206086425067062,0.0657440611467425,HIGH,HIGH,HIGH,HIGH Trend + HIGH Leadership + HIGH Participation,Fog
2020-07-21,664.4716,0.091992038026415,0.298455166680224,0.0159100913837586,-0.0040922742221038,0.004727967305149,0.0299431909505236,0.0724591790930819,HIGH,MEDIUM,MEDIUM,HIGH Trend + MEDIUM Leadership + MEDIUM Participation,Fog
2020-07-22,661.7523999999999,0.0880051677734077,0.2779952500056283,-0.7486448301108227,0.0119601631466192,0.0092761784216173,0.0368319026874706,0.0847172178328667,HIGH,MEDIUM,LOW,HIGH Trend + MEDIUM Leadership + LOW Participation,Fog
2020-07-23,669.6670666666668,0.096050596060523,0.3256675566758762,0.0664130372407139,-0.0022798061710134,-0.0042545187794479,0.0294835728984799,0.0750241463270402,HIGH,MEDIUM,MEDIUM,HIGH Trend + MEDIUM Leadership + MEDIUM Participation,Fog
2020-07-24,668.1403555555556,0.0908325580821739,0.2530566048827184,-0.2178563928175317,-0.0046825158093862,0.0082169694484683,0.0368394983941493,0.0821296199439494,HIGH,MEDIUM,MEDIUM,HIGH Trend + MEDIUM Leadership + MEDIUM Participation,Fog
2020-07-27,665.0117777777778,0.0730097181234727,0.1581232997319987,-0.165939244170463,0.0039118438336764,0.0189528472845763,0.0569685482596298,0.0977595183186426,MEDIUM,MEDIUM,MEDIUM,MEDIUM Trend + MEDIUM Leadership + MEDIUM Participation,Mixed Terrain
2020-07-28,667.6132,0.0756381407369308,0.2444924488784187,-0.1997117257332272,0.000416009349925,0.0250965678929055,0.0469408866624501,0.0948474382620225,MEDIUM,MEDIUM,MEDIUM,MEDIUM Trend + MEDIUM Leadership + MEDIUM Participation,Mixed Terrain
2020-07-29,667.8909333333334,0.0756046445397555,0.2629443815032444,0.2004725945046866,-0.0016065164598397,0.0273024617592252,0.0472850989775708,0.0993782036367529,MEDIUM,MEDIUM,MEDIUM,MEDIUM Trend + MEDIUM Leadership + MEDIUM Participation,Mixed Terrain
2020-07-30,666.8179555555556,0.0654720594290156,0.1511718365800637,-0.1003490295772777,0.0102164148882479,0.0338822443226884,0.0568071752250354,0.1058234323333955,MEDIUM,MEDIUM,MEDIUM,MEDIUM Trend + MEDIUM Leadership + MEDIUM Participation,Mixed Terrain
2020-07-31,673.6304444444445,0.0706584867918099,0.2001579221985331,-0.0374598577919899,0.0059160034004799,0.028389255302198,0.0409404167204106,0.090868535853076,MEDIUM,MEDIUM,MEDIUM,MEDIUM Trend + MEDIUM Leadership + MEDIUM Participation,Mixed Terrain
2020-08-03,677.6156444444446,0.0674038351133451,0.2034324671612856,-0.1109446698781113,0.0099648755321926,0.0373085968368036,0.0442240215889018,0.0494329255408663,MEDIUM,MEDIUM,MEDIUM,MEDIUM Trend + MEDIUM Leadership + MEDIUM Participation,Mixed Terrain
2020-08-04,684.3679999999999,0.0760703591690908,0.2895074197085885,0.4578003711487458,0.0025687933977041,0.0213095228817765,0.0412799351615895,0.0461478159346655,MEDIUM,MEDIUM,HIGH,MEDIUM Trend + MEDIUM Leadership + HIGH Participation,Mixed Terrain
2020-08-05,686.126,0.0809635231160308,0.2805339826197873,-0.0566095713307894,0.0047881066224637,0.0194515616989039,0.0461842609407343,0.0539980801276496,MEDIUM,MEDIUM,MEDIUM,MEDIUM Trend + MEDIUM Leadership + MEDIUM Participation,Mixed Terrain
2020-08-06,689.4112444444446,0.0855409746556912,0.3313329988041899,0.3383998754235317,0.0048491617936408,0.022173638272863,0.0442363284149762,0.0544363344008458,HIGH,MEDIUM,HIGH,HIGH Trend + MEDIUM Leadership + HIGH Participation,Fog
2020-08-07,692.754311111111,0.093195704777784,0.3505827258373128,0.007696774363218,0.014640431765708,0.012204679651699,0.0436809377149935,0.0429055922783931,HIGH,MEDIUM,MEDIUM,HIGH Trend + MEDIUM Leadership + MEDIUM Participation,Fog
2020-08-10,702.8965333333333,0.1121076724817898,0.3868564613374091,0.4227515412849031,-0.0056124587200188,0.0066666995464861,0.0385924161378101,0.0326770073161672,HIGH,HIGH,HIGH,HIGH Trend + HIGH Leadership + HIGH Participation,Fog
2020-08-11,698.9515555555556,0.1080125528964936,0.381554522713131,-0.2242542630108328,0.0007449252563043,0.019553731589091,0.0457586022380827,0.0367735263863362,HIGH,HIGH,MEDIUM,HIGH Trend + HIGH Leadership + MEDIUM Participation,Fog
2020-08-12,699.4722222222222,0.1073032316167696,0.3853218181117733,-0.2105045208147804,0.0074710297446487,0.0262226281720345,0.0497410921916476,0.0301469888977257,HIGH,HIGH,MEDIUM,HIGH Trend + HIGH Leadership + MEDIUM Participation,Fog
2020-08-13,704.698,0.1169629712577791,0.3958166525744211,-0.1462202649491481,-0.0049508363078147,0.0215840922872869,0.0463814575236232,0.0306414569806179,HIGH,HIGH,MEDIUM,HIGH Trend + HIGH Leadership + MEDIUM Participation,Fog
2020-08-14,701.2091555555555,0.1020941639828747,0.3464920694809231,-0.1443230308798022,0.0090891251594231,0.0310967324060638,0.0479644351690837,0.0373391100970861,HIGH,MEDIUM,MEDIUM,HIGH Trend + MEDIUM Leadership + MEDIUM Participation,Fog
2020-08-17,707.5825333333333,0.113197290815567,0.3894179082971706,0.3293482187931177,0.0071173793813261,0.0317142869687723,0.0049883012114952,0.0433313063449805,HIGH,HIGH,HIGH,HIGH Trend + HIGH Leadership + HIGH Participation,Fog
2020-08-18,712.6186666666666,0.1224937852034502,0.428727668075512,0.5295074575059151,0.0072907935177424,0.0257022948738054,0.004674901156451,0.0459149197727366,HIGH,HIGH,HIGH,HIGH Trend + HIGH Leadership + HIGH Participation,Fog
2020-08-19,717.8142222222223,0.1372559346823871,0.4463257554843743,0.536162632741349,0.0029172512603072,0.0229175067611844,0.0074688747275639,0.0373653745167796,HIGH,HIGH,HIGH,HIGH Trend + HIGH Leadership + HIGH Participation,Fog
2020-08-20,719.9082666666666,0.1348969358901635,0.4548461663777297,-0.2332905848232128,0.0043147196715276,0.0242734449601851,0.0097679095318892,0.0288204230005995,HIGH,HIGH,MEDIUM,HIGH Trend + HIGH Leadership + MEDIUM Participation,Fog
2020-08-21,723.0144690265487,0.1416956227854401,0.4634932768391825,-0.3034835709990269,0.009693498710261,0.016358991579441,-0.0007428950827615,0.0255823593047961,HIGH,HIGH,LOW,HIGH Trend + HIGH Leadership + LOW Participation,Fog
2020-08-24,730.0230088495575,0.1533086750703982,0.4907528523320229,-0.0571384800403952,0.0012487180668325,-0.025904444762318,-0.0056956017873117,-0.0144960275224685,HIGH,HIGH,MEDIUM,HIGH Trend + HIGH Leadership + MEDIUM Participation,Fog
2020-08-25,730.9346017699114,0.1494049820390233,0.4729869853140711,-0.0340271618446595,0.0045559927458616,-0.020500484226704,-0.0085919215319069,-0.0275168377592948,HIGH,HIGH,MEDIUM,HIGH Trend + HIGH Leadership + MEDIUM Participation,Fog
2020-08-26,734.2647345132743,0.1528319815868388,0.4655753657407871,0.0460074170237199,0.0042466779271033,-0.015102519930991,-0.018665653311726,-0.0319672626574908,HIGH,HIGH,MEDIUM,HIGH Trend + HIGH Leadership + MEDIUM Participation,Fog
2020-08-27,737.3829203539822,0.1545299436030621,0.4512970512293766,-0.2258917898698728,-0.0034455147341825,-0.0141617802352181,-0.0150423160022882,-0.0512294917195195,HIGH,HIGH,MEDIUM,HIGH Trend + HIGH Leadership + MEDIUM Participation,Fog
2020-08-28,734.842256637168,0.1471453567809595,0.4136146233147068,-0.0347855572450344,-0.0322927652584518,-0.016826620125263,-0.010139013038437,-0.0305281339351921,HIGH,HIGH,MEDIUM,HIGH Trend + HIGH Leadership + MEDIUM Participation,Fog
2020-08-31,711.112168141593,0.0998106924163719,0.0992672528157183,-0.6288283846601843,0.0068033153850053,0.0207462634095227,0.0381526880335456,0.0175968903254186,HIGH,LOW,LOW,HIGH Trend + LOW Leadership + LOW Participation,City
2020-09-01,715.9500884955752,0.1024355388524566,0.1478962630301586,0.1482600660880352,0.010092041814355,0.0121578035548035,0.0410481227000054,0.0106948054420168,HIGH,MEDIUM,MEDIUM,HIGH Trend + MEDIUM Leadership + MEDIUM Participation,Fog
2020-09-02,723.1754867256637,0.1131634966841474,0.3857216614467041,0.6946421731581538,0.0052058993012993,-0.003617770836905,0.029674861962659,0.002449129533548,HIGH,HIGH,HIGH,HIGH Trend + HIGH Leadership + HIGH Participation,Fog
2020-09-03,726.9402654867257,0.119576681803412,0.3664164797741153,0.4011458276882104,-0.0061393219854098,-0.0008931848546916,0.018868210495561,-0.000374645821223,HIGH,HIGH,HIGH,HIGH Trend + HIGH Leadership + HIGH Participation,Fog
2020-09-04,722.4773451327434,0.101080989467729,0.1395699835386676,-0.4638057887396223,0.0046890651805966,0.0068020628138629,0.0263448258291225,0.0006750974128679,HIGH,MEDIUM,LOW,HIGH Trend + MEDIUM Leadership + LOW Participation,Fog
2020-09-07,725.8650884955753,0.0931850529872297,0.1472480515317471,-0.6331269700634292,-0.0016678298601406,0.0170526459395321,-0.008850836575777,-0.0009088984011472,HIGH,MEDIUM,LOW,HIGH Trend + MEDIUM Leadership + LOW Participation,Fog
2020-09-08,724.6544690265487,0.0794556789507865,0.0963154682260299,-0.4783767625538134,-0.0056513354457428,0.028543295367319,-0.0190889267884828,0.0028394722237388,MEDIUM,LOW,LOW,MEDIUM Trend + LOW Leadership + LOW Participation,Mixed Terrain
2020-09-09,720.559203539823,0.0645082739391591,0.0669079078049332,-0.0554778495749629,0.0079546134215571,0.0334135152405599,-0.013554615091843,0.0104364702703787,MEDIUM,LOW,MEDIUM,MEDIUM Trend + LOW Leadership + MEDIUM Participation,Mixed Terrain
2020-09-10,726.2909734513274,0.0746993938277225,0.1865395384332752,0.6356351801627225,0.0015155192682227,0.0197790617086108,-0.0367398278171261,-0.0006243688382528,MEDIUM,MEDIUM,HIGH,MEDIUM Trend + MEDIUM Leadership + HIGH Participation,Mixed Terrain
2020-09-11,727.3916814159293,0.0810215706876121,0.2152413418440911,0.3126409108063636,0.0149181351820042,0.0194107300104653,-0.0205979639215205,-0.005019040149562,MEDIUM,MEDIUM,HIGH,MEDIUM Trend + MEDIUM Leadership + HIGH Participation,Mixed Terrain
2020-09-14,738.2430088495574,0.1023827053330204,0.3025375342197527,0.8121192241902385,0.0096113158412716,-0.0254691658477325,-0.0198003607225286,-0.0200528579811037,HIGH,MEDIUM,HIGH,HIGH Trend + MEDIUM Leadership + HIGH Participation,Fog
2020-09-15,745.3384955752213,0.1128406283503031,0.3397100144616127,-0.3077368756413158,-0.0009430293891532,-0.0463103715422997,-0.0291564977604165,-0.0308116239775871,HIGH,MEDIUM,LOW,HIGH Trend + MEDIUM Leadership + LOW Participation,Fog
2020-09-16,744.6356194690266,0.108954582101021,0.3054509291328793,-0.0522534768092176,-0.0053439453221908,-0.0454495026818665,-0.0264410965391697,-0.0401896216799009,HIGH,MEDIUM,MEDIUM,HIGH Trend + MEDIUM Leadership + MEDIUM Participation,Fog
2020-09-17,740.6563274336283,0.0955893290982401,0.227098988585107,-0.7904000446783971,0.0011537841377593,-0.0554226809001562,-0.0188865018248284,-0.0278250731861122,HIGH,MEDIUM,LOW,HIGH Trend + MEDIUM Leadership + LOW Participation,Fog
2020-09-18,741.5108849557523,0.0944274683639995,0.2195585892719136,-0.1719951505761167,-0.0297639726972185,-0.0392468832769449,-0.0250108226497048,-0.0274381521053682,HIGH,MEDIUM,MEDIUM,HIGH Trend + MEDIUM Leadership + MEDIUM Participation,Fog
2020-09-21,719.440575221239,0.0409251261620656,0.0066592601982627,-0.4944476716117456,-0.0119801170489092,0.0058169581982854,0.0080128586772871,0.003463743380176,MEDIUM,LOW,LOW,MEDIUM Trend + LOW Leadership + LOW Participation,Mixed Terrain
2020-09-22,710.821592920354,0.0180673725822738,-0.0010875587182573,-0.2661044666896368,-4.12087022819696e-05,0.0179868515605274,0.0223551345387791,0.0147217258465255,MEDIUM,LOW,MEDIUM,MEDIUM Trend + LOW Leadership + MEDIUM Participation,Mixed Terrain
2020-09-23,710.7923008849557,0.0115681359321296,0.0001750505315565,-0.2628743027524677,-0.0157361478584351,0.0199134631390398,0.0243207436815728,0.0197762160155301,MEDIUM,LOW,MEDIUM,MEDIUM Trend + LOW Leadership + MEDIUM Participation,Mixed Terrain
2020-09-24,699.6071681415928,-0.0195491631896731,-0.0206246414415218,-0.2231073416391726,0.0182984483960091,0.0386799241698347,0.0374929432585495,0.0413070144257623,LOW,LOW,MEDIUM,LOW Trend + LOW Leadership + MEDIUM Participation,Mixed Terrain
2020-09-25,712.4088938053097,0.0121326161629727,0.092823987270317,2.361515692011655,0.0157446619008758,0.0148176054591386,0.0159065666580973,0.0131476756162054,MEDIUM,LOW,HIGH,MEDIUM Trend + LOW Leadership + HIGH Participation,City
2020-09-28,723.6255309734513,0.0471750100805986,0.3415517732382604,2.314865562906011,-2.555959461014723e-05,0.0021832008906823,-0.0002575977876927,0.0043732564640972,MEDIUM,MEDIUM,HIGH,MEDIUM Trend + MEDIUM Leadership + HIGH Participation,Mixed Terrain
2020-09-29,723.6070353982301,0.042684664215587,0.2787095852756539,0.0969223641529393,0.0018512835066262,0.0042910996065963,-0.0017048331820241,-0.0017802076353503,MEDIUM,MEDIUM,MEDIUM,MEDIUM Trend + MEDIUM Leadership + MEDIUM Participation,Mixed Terrain
2020-09-30,724.9466371681416,0.0429972094415955,0.1857384973629972,-2.205990745590709,0.0023743584666653,0.0043212298903954,-0.0141219243045876,-0.0073381092236021,MEDIUM,MEDIUM,LOW,MEDIUM Trend + MEDIUM Leadership + LOW Participation,Mixed Terrain
2020-10-01,726.6679203539824,0.0470590231798687,0.2287500866292429,-1.7562729750067447,-0.0050956324491114,-0.0011427783320581,-0.0091106394702642,-0.0131464083177866,MEDIUM,MEDIUM,LOW,MEDIUM Trend + MEDIUM Leadership + LOW Participation,Mixed Terrain
2020-10-05,722.9650877192983,0.0432912951113103,0.3133336469513972,0.3805895067407422,0.0030987155478863,0.0010730610043625,-0.0024895963073765,-0.0119067826402727,MEDIUM,MEDIUM,HIGH,MEDIUM Trend + MEDIUM Leadership + HIGH Participation,Mixed Terrain
2020-10-06,725.205350877193,0.0460842337221767,0.3269356498486482,0.2186506763962822,0.0020776934204114,-0.0024354815329232,-0.0045129536373974,-0.0089188732885492,MEDIUM,MEDIUM,MEDIUM,MEDIUM Trend + MEDIUM Leadership + MEDIUM Participation,Mixed Terrain
2020-10-07,726.7121052631578,0.0416819354482706,0.2768391227939688,-0.3789247252140632,0.0018813405921747,-0.0059703135783731,-0.0074664942096636,-0.0062943788880058,MEDIUM,MEDIUM,LOW,MEDIUM Trend + MEDIUM Leadership + LOW Participation,Mixed Terrain
2020-10-08,728.0792982456142,0.0407406792624817,0.236698096861198,-0.2016509004943877,-0.0030790578045769,-0.0183637999935497,-0.0044366256312539,0.0028679916325096,MEDIUM,MEDIUM,MEDIUM,MEDIUM Trend + MEDIUM Leadership + MEDIUM Participation,Mixed Terrain
2020-10-09,725.8375000000001,0.0326730635324254,0.2062159830359634,-0.1966025944912085,-0.0028885620232556,-0.0079769770547396,0.0036762381778072,0.0098294674357124,MEDIUM,MEDIUM,MEDIUM,MEDIUM Trend + MEDIUM Leadership + MEDIUM Participation,Mixed Terrain
2020-10-12,723.7408733624453,0.0209361464508162,0.1491597216947999,-0.0757040271280542,-0.0004169264663592,-0.0035588384609657,-0.0027156936793583,0.0160405066688325,MEDIUM,MEDIUM,MEDIUM,MEDIUM Trend + MEDIUM Leadership + MEDIUM Participation,Mixed Terrain
2020-10-13,723.4391266375545,0.0156809859714147,0.0876892794873785,-0.2109996840214282,-0.0014731308893545,-0.0020825441021765,0.0046320474569674,0.0173493833071485,MEDIUM,LOW,MEDIUM,MEDIUM Trend + LOW Leadership + MEDIUM Participation,Mixed Terrain
2020-10-14,722.373406113537,0.012225096085159,0.0832687883747003,0.0447049463165353,-0.0106100396491406,-0.0015051669499696,-7.550317364191095e-05,0.02276496248931,MEDIUM,LOW,MEDIUM,MEDIUM Trend + LOW Leadership + MEDIUM Participation,Mixed Terrain
2020-10-15,714.7089956331877,-0.0095805507413919,-0.01635156758083,-0.2843470152391233,0.007469495020296,0.0141877147177378,0.0068809878708384,0.0348433869564037,LOW,LOW,LOW,LOW Trend + LOW Leadership + LOW Participation,Mixed Terrain
2020-10-16,720.0475109170305,0.004930044288874,0.100120596285568,0.6576103816206439,0.0015522386683848,0.0117469201450073,-0.0040728753464108,0.0348621464085827,LOW,LOW,HIGH,LOW Trend + LOW Leadership + HIGH Participation,Mixed Terrain
2020-10-19,721.1651965065502,0.01084406697892,0.2114906093115029,0.2654636384494223,0.0010640228456095,0.0008461561145316,-0.0094406898394596,0.0594635694793537,MEDIUM,MEDIUM,MEDIUM,MEDIUM Trend + MEDIUM Leadership + MEDIUM Participation,Mixed Terrain
2020-10-20,721.9325327510917,0.0202463121233715,0.2248712894138324,0.32960644674021,-0.0008954011415863,0.0067286041740828,-0.0044258935033364,0.0441893135570434,MEDIUM,MEDIUM,HIGH,MEDIUM Trend + MEDIUM Leadership + HIGH Participation,Mixed Terrain
2020-10-21,721.286113537118,0.0208703867074209,0.2890379717209833,-0.3970729268971353,0.0049397449437114,0.0014318189028186,0.0011809327491916,0.0521422432467184,MEDIUM,MEDIUM,LOW,MEDIUM Trend + MEDIUM Leadership + LOW Participation,Mixed Terrain
2020-10-22,724.8490829694323,0.0333659033413623,0.3074680969865826,-0.0572587173169054,0.0050448688490734,-0.0072045112959517,0.0073371695381976,0.0436401036107862,MEDIUM,MEDIUM,MEDIUM,MEDIUM Trend + MEDIUM Leadership + MEDIUM Participation,Mixed Terrain
2020-10-23,728.5058515283843,0.045457217326356,0.3520235791957944,0.3261241788670004,-0.0092386858212633,-0.0156361192472431,0.0061306913762115,0.0459600148272614,MEDIUM,HIGH,HIGH,MEDIUM Trend + HIGH Leadership + HIGH Participation,Fog
2020-10-26,721.7754148471616,0.0198450581650611,0.1582876555527148,-0.3481896301557862,0.006947751411382,-0.010278149035339,0.0188072751464321,0.0606067994514012,MEDIUM,MEDIUM,LOW,MEDIUM Trend + MEDIUM Leadership + LOW Participation,Mixed Terrain
2020-10-27,726.7901310043668,0.0281987445994594,0.2344854162801783,0.0656977185734409,-0.0061520735970463,-0.0110799451124866,0.012658700150341,0.0575155673442127,MEDIUM,MEDIUM,MEDIUM,MEDIUM Trend + MEDIUM Leadership + MEDIUM Participation,Mixed Terrain
2020-10-28,722.318864628821,0.0173619668612317,0.166827452232723,-0.5436399855034474,-0.0037268375468576,-0.0002505274436974,0.0228421903208142,0.052660578478991,MEDIUM,MEDIUM,LOW,MEDIUM Trend + MEDIUM Leadership + LOW Participation,Mixed Terrain
2020-10-29,719.6268995633187,0.0076402404427526,0.1061615984876749,-0.0324573674139387,-0.0034907705691255,0.0146472068010012,0.0277713050722061,0.0616552512413033,MEDIUM,LOW,MEDIUM,MEDIUM Trend + LOW Leadership + MEDIUM Participation,Mixed Terrain
2020-10-30,717.114847161572,0.0033084724222709,0.1452853957759442,-0.1290530964586174,-0.0038458938748366,0.0221125653318461,0.0390942477528526,0.0794223334285311,LOW,MEDIUM,MEDIUM,LOW Trend + MEDIUM Leadership + MEDIUM Participation,Mixed Terrain
2020-11-02,714.3568995633188,-0.0020239526173897,0.0789692482207694,0.0585166266081983,0.0061320002423161,0.029387473009131,0.0695609627934807,0.0922811264634577,LOW,LOW,MEDIUM,LOW Trend + LOW Leadership + MEDIUM Participation,Mixed Terrain
2020-11-03,718.7373362445414,0.005146137675631,0.1440901657938016,0.2229427314260649,0.0047313079676059,0.0240046150803645,0.0488313293235924,0.0894505374995027,LOW,MEDIUM,MEDIUM,LOW Trend + MEDIUM Leadership + MEDIUM Participation,Mixed Terrain
2020-11-04,722.1379039301311,0.010701053909785,0.1518491090957459,0.0636249203247245,0.0111190945759189,0.0230985045738156,0.0509011996039416,0.0948130847281585,MEDIUM,MEDIUM,MEDIUM,MEDIUM Trend + MEDIUM Leadership + MEDIUM Participation,Mixed Terrain
2020-11-05,730.167423580786,0.0322980070384189,0.3373099985736867,1.7696944090014348,0.0038411361538546,0.0129346418964506,0.0360385133899421,0.0868500339157725,MEDIUM,MEDIUM,HIGH,MEDIUM Trend + MEDIUM Leadership + HIGH Participation,Mixed Terrain
2020-11-06,732.972096069869,0.0468741951605968,0.3471383369359397,0.2386007154558507,0.003244253923176,0.0166142976781555,0.0395866300396523,0.0913125665733354,MEDIUM,MEDIUM,MEDIUM,MEDIUM Trend + MEDIUM Leadership + MEDIUM Participation,Mixed Terrain
2020-11-09,735.3500436681223,0.0601828998500147,0.3553230249695194,0.4107209099978925,0.00087074949185,0.039026596726414,0.0410279012769725,0.0876753227349289,MEDIUM,HIGH,HIGH,MEDIUM Trend + HIGH Leadership + HIGH Participation,Fog
2020-11-10,735.9903493449782,0.057427047147016,0.3131224843280117,-1.4443526766398544,0.0038422518237168,0.024244728859234,0.0442961356942988,0.0893868517713023,MEDIUM,MEDIUM,LOW,MEDIUM Trend + MEDIUM Leadership + LOW Participation,Mixed Terrain
2020-11-11,738.8182096069869,0.0680813511810935,0.3633140927598614,0.120268058052791,0.0010742400660277,0.0271749933225711,0.029152481624584,0.0858256638700172,MEDIUM,HIGH,MEDIUM,MEDIUM Trend + HIGH Leadership + MEDIUM Participation,Fog
2020-11-12,739.6118777292576,0.0715181534516332,0.3857967587369272,-0.1257112637570287,0.0074877582435544,0.0228088472225962,0.0329683714673436,0.0896898479504653,MEDIUM,HIGH,MEDIUM,MEDIUM Trend + HIGH Leadership + MEDIUM Participation,Fog
2020-11-13,745.1499126637556,0.0831922926428981,0.3938258442261271,0.2338030199704286,0.0253617967206034,0.0225969007262274,0.038810806394985,0.0887598421770641,MEDIUM,HIGH,MEDIUM,MEDIUM Trend + HIGH Leadership + MEDIUM Participation,Fog
2020-11-14,764.0482532751091,0.1115426993661952,0.4088255913402321,1.1677361487865143,-0.0133682884863178,0.0019261340921048,0.0212425139476262,0.0605797491584845,HIGH,HIGH,HIGH,HIGH Trend + HIGH Leadership + HIGH Participation,Fog
2020-11-17,753.8342358078602,0.0985450229141793,0.4151409529511717,0.1048317578117445,0.0067141467863507,0.0195767732750717,0.0387280652668016,0.0799229372007004,HIGH,HIGH,MEDIUM,HIGH Trend + HIGH Leadership + MEDIUM Participation,Fog
2020-11-18,758.8955895196507,0.1063381860170346,0.4074615651827208,0.0749966772286401,-0.0031809612555225,0.001925171771965,0.0417849795401947,0.0730017977745067,HIGH,HIGH,MEDIUM,HIGH Trend + HIGH Leadership + MEDIUM Participation,Fog
2020-11-19,756.4815720524017,0.1029391724309375,0.3649182423194883,-1.2883120489529942,0.0072789865839486,0.0099329647688668,0.0490440460167584,0.0768629049631517,HIGH,HIGH,LOW,HIGH Trend + HIGH Leadership + LOW Participation,Fog
2020-11-20,761.9879912663755,0.1103254444774373,0.3809141589392528,0.1837498512213429,0.0046351404980937,0.0158556178463309,0.0497562541100689,0.0358808047783536,HIGH,HIGH,MEDIUM,HIGH Trend + HIGH Leadership + MEDIUM Participation,Fog
2020-11-23,765.5199126637555,0.1217031221588457,0.4264544727231628,0.1842892834367416,0.004012913334694,0.0192792454436023,0.0448090021417644,0.0368314344801825,HIGH,HIGH,MEDIUM,HIGH Trend + HIGH Leadership + MEDIUM Participation,Fog
2020-11-24,768.5918777292577,0.1250518538694063,0.4289509594067958,0.3155798606721584,-0.0107147682423153,0.0187835702947725,0.0431780933930441,0.0521333347423638,HIGH,HIGH,HIGH,HIGH Trend + HIGH Leadership + HIGH Participation,Fog
2020-11-25,760.3565938864627,0.1112723175832984,0.3892707282947379,-0.4731750883437829,0.0047860214518977,0.039783218239477,0.0550678186734494,0.0692465831074664,HIGH,HIGH,LOW,HIGH Trend + HIGH Leadership + LOW Participation,Fog
2020-11-26,763.9956768558952,0.1202284478658108,0.4360916943713846,0.1701322839934464,0.0131860756659667,0.0387264131504436,0.0549111454424768,0.0713706912422798,HIGH,HIGH,MEDIUM,HIGH Trend + HIGH Leadership + MEDIUM Participation,Fog
2020-11-27,774.0697816593886,0.1380137700404424,0.4616537754149376,0.2875990869887766,0.0080209529420804,0.033371510348694,0.0480828996719997,0.0574048084084357,HIGH,HIGH,HIGH,HIGH Trend + HIGH Leadership + HIGH Participation,Fog
2020-12-01,780.278558951965,0.1472643830389106,0.4865334683239625,0.6145895178424139,0.0035246621979532,0.0250468719070713,0.0385189949239381,0.0524211513534607,HIGH,HIGH,HIGH,HIGH Trend + HIGH Leadership + HIGH Participation,Fog
2020-12-02,783.0287772925765,0.1480768996098832,0.4747553074203877,-0.1718514836076374,0.0096768460215423,0.0239447551075184,0.0396589572491408,0.0488713097540458,HIGH,HIGH,MEDIUM,HIGH Trend + HIGH Leadership + MEDIUM Participation,Fog
2020-12-03,790.6060262008733,0.1581348087798099,0.4957723546336232,0.3044163634623177,0.0037647864846148,0.0146997952706446,0.0299647420987869,0.0466628386007352,HIGH,HIGH,HIGH,HIGH Trend + HIGH Leadership + HIGH Participation,Fog
2020-12-04,793.5824890829695,0.1576179414186251,0.4788194944309542,-0.130745990342445,0.0079628398970583,0.0155813235199682,0.0265182944910864,0.0530118270257384,HIGH,HIGH,MEDIUM,HIGH Trend + HIGH Leadership + MEDIUM Participation,Fog
2020-12-07,799.9016593886462,0.1654510064035537,0.4953735617030559,0.4399985885766884,-9.946637545155124e-05,0.0142363024100999,-0.0132177820111947,0.0520380016146091,HIGH,HIGH,HIGH,HIGH Trend + HIGH Leadership + HIGH Participation,Fog
2020-12-08,799.8220960698691,0.160728266787357,0.4824211390842234,-0.6311992023554995,0.0024456857927901,0.0131429336414659,-0.0076354315910646,0.0530978886898756,HIGH,HIGH,LOW,HIGH Trend + HIGH Leadership + LOW Participation,Fog
2020-12-09,801.7782096069868,0.1631022281978218,0.4987576285631784,0.0824840671345653,0.0005607078284126,0.015346728486316,0.0085845757364322,0.0543743897638877,HIGH,HIGH,MEDIUM,HIGH Trend + HIGH Leadership + MEDIUM Participation,Fog
2020-12-10,802.2277729257642,0.1609175388960165,0.4683101697212414,-0.5872175269390885,0.0046368148609745,0.0150438059604325,0.0134387232584196,0.0646294140726893,HIGH,HIGH,LOW,HIGH Trend + HIGH Leadership + LOW Participation,Fog
2020-12-11,805.9475545851528,0.1639470459909771,0.4581487569745078,0.14564779585573,0.006627908595914,0.0107691730025234,0.0156027793155024,0.0635130776385755,HIGH,HIGH,MEDIUM,HIGH Trend + HIGH Leadership + MEDIUM Participation,Fog
2020-12-14,811.2893013100437,0.1697020688010519,0.4556326686627846,0.1667403426338846,-0.0011773808738853,-0.0270687258541785,0.0088942475250319,0.0579725247294926,HIGH,HIGH,MEDIUM,HIGH Trend + HIGH Leadership + MEDIUM Participation,Fog
2020-12-15,810.3341048034935,0.1606963303021692,0.4587989792234839,0.0354627615239345,0.0046262119172255,-0.0205088191829441,0.013386521091548,0.0549727426570667,HIGH,HIGH,MEDIUM,HIGH Trend + HIGH Leadership + MEDIUM Participation,Fog
2020-12-16,814.0828820960697,0.1694533459332484,0.4660299577288763,0.2510127925238616,0.0002621966219336,-0.0066599443915722,0.0088609369838743,0.0531599896108345,HIGH,HIGH,MEDIUM,HIGH Trend + HIGH Leadership + MEDIUM Participation,Fog
2020-12-17,814.2963318777294,0.1660412378076746,0.4364198679919287,-0.4326309691953318,0.0004060086491477,-0.0015812940215857,0.0162122991394075,0.0411878104523604,HIGH,HIGH,LOW,HIGH Trend + HIGH Leadership + LOW Participation,Fog
2020-12-18,814.626943231441,0.1654251128359688,0.4115469087572341,-0.0417465151332562,-0.0310549630320777,0.0047821069756419,0.0258091187237794,0.0292760792748008,HIGH,HIGH,MEDIUM,HIGH Trend + HIGH Leadership + MEDIUM Participation,Fog
2020-12-21,789.3287336244541,0.1109381929935248,0.0907079438555217,-0.6954257303649122,0.005557095996886,0.036963529012657,0.0661298738832198,0.0735839994051659,HIGH,LOW,LOW,HIGH Trend + LOW Leadership + LOW Participation,City
2020-12-22,793.7151091703057,0.1171487669424309,0.2036061758142949,0.4512839398521994,0.0188304670380998,0.0346050489665643,0.0612006133777169,0.0717462338955887,HIGH,MEDIUM,HIGH,HIGH Trend + MEDIUM Leadership + HIGH Participation,Fog
2020-12-23,808.6611353711791,0.1460167725835374,0.4067393753983811,3.189016178081831,0.0053762378269326,0.0156249426244468,0.0454000736567099,0.0482981735943934,HIGH,HIGH,HIGH,HIGH Trend + HIGH Leadership + HIGH Participation,Fog
2020-12-24,813.0086899563319,0.1539975409702952,0.4081200608695075,0.4634539635586024,0.0067820756788936,0.0178217746266644,0.0505118756955336,0.0363509867574207,HIGH,HIGH,HIGH,HIGH Trend + HIGH Leadership + HIGH Participation,Fog
2020-12-28,818.5225764192139,0.1603076378854158,0.4293851388016792,0.4900068762805902,-2.1339972056444445e-05,0.0209269368972224,0.0471742489276798,0.0229424439080168,HIGH,HIGH,HIGH,HIGH Trend + HIGH Leadership + HIGH Participation,Fog
2020-12-29,818.5051091703056,0.154783920725645,0.3900125220046426,-3.0242896143815456,0.0032700470508408,0.0281266833929381,0.0486456110983455,0.0165904751163412,HIGH,HIGH,LOW,HIGH Trend + HIGH Leadership + LOW Participation,Fog
2020-12-30,821.1816593886462,0.1555783747785408,0.3703356543211635,-0.032529640005116,0.000139749620581,0.0257060067875349,0.0410368804991849,0.0083884337513413,HIGH,HIGH,MEDIUM,HIGH Trend + HIGH Leadership + MEDIUM Participation,Fog
2020-12-31,821.2964192139738,0.152039406702426,0.3382716791233011,-0.7001678891444238,0.007550901524951,0.0293170537495093,0.0439099691572935,-0.002156405401876,HIGH,MEDIUM,LOW,HIGH Trend + MEDIUM Leadership + LOW Participation,Fog
2021-01-01,827.4979475982534,0.1576241954990791,0.3798623230101928,0.5402656147943475,0.0098535581270058,0.0321177065413635,0.0245770606536681,0.0075699867169418,HIGH,HIGH,HIGH,HIGH Trend + HIGH Leadership + HIGH Participation,Fog
2021-01-04,835.6517467248908,0.1662057537749788,0.4057791099824288,0.8589172835304854,0.0070306757923697,0.0257092952314761,0.0033797326303111,0.0204529149991727,HIGH,HIGH,HIGH,HIGH Trend + HIGH Leadership + HIGH Participation,Fog
2021-01-05,841.526943231441,0.1703216762949549,0.4062176548721206,0.1087000025807169,0.0009078942431899,0.019957586975267,0.006991761233362,0.0267948901307473,HIGH,HIGH,MEDIUM,HIGH Trend + HIGH Leadership + MEDIUM Participation,Fog
2021-01-06,842.29096069869,0.1667131023414194,0.3992488810462329,-0.4877473180500533,0.0036607893537188,0.0149466548993559,0.0099374429160059,0.041984918765892,HIGH,HIGH,LOW,HIGH Trend + HIGH Leadership + LOW Participation,Fog
2021-01-07,845.3744104803493,0.1677401022997708,0.3885024303117315,-0.6090034686981878,0.0102923311311275,0.0141772793471424,0.0027722400358611,0.0335132987473876,HIGH,HIGH,LOW,HIGH Trend + HIGH Leadership + LOW Participation,Fog
2021-01-08,854.0752838427948,0.1772342553202854,0.4214576069103273,0.3367751091948078,0.0035833847521904,-0.0073059941127879,-0.0134799893896839,0.0320665893191185,HIGH,HIGH,HIGH,HIGH Trend + HIGH Leadership + HIGH Participation,Fog
2021-01-11,857.1357641921397,0.1766377100358603,0.4128807572796381,0.0797776362747007,0.0013837086846926,-0.0217698744712319,-0.0231401842095302,0.0309023351771935,HIGH,HIGH,MEDIUM,HIGH Trend + HIGH Leadership + MEDIUM Participation,Fog
2021-01-12,858.3217903930131,0.1734269762699219,0.4054982793228416,-0.049326594558676,-0.0040094489251367,-0.0127121224524205,-0.0305681305893511,0.030854741030613,HIGH,HIGH,MEDIUM,HIGH Trend + HIGH Leadership + MEDIUM Participation,Fog
2021-01-13,854.8803930131004,0.1672013713280401,0.3795833341760159,-0.4680226230131478,0.0028999689989575,-0.0049354436109222,-0.0313614698570412,0.0459310610344494,HIGH,HIGH,LOW,HIGH Trend + HIGH Leadership + LOW Participation,Fog
2021-01-14,857.359519650655,0.1667050873805409,0.3868793044901626,0.0930765874472399,-0.0111086476387106,-0.0112456071966262,-0.0441286853466463,0.0458232528921864,HIGH,HIGH,MEDIUM,HIGH Trend + HIGH Leadership + MEDIUM Participation,Fog
2021-01-15,847.8354148471616,0.1489982755119624,0.3252478351316791,-0.3965687881905341,-0.0110391574619177,-0.0062194344282134,-0.0165991164450587,0.0604693069405328,HIGH,MEDIUM,LOW,HIGH Trend + MEDIUM Leadership + LOW Participation,Fog
2021-01-18,838.4760262008734,0.1251532339080729,0.2117884100706369,-0.2505907008879193,0.0106558472870903,-0.00140080508925,0.0170156739404183,0.0724492673623247,HIGH,MEDIUM,MEDIUM,HIGH Trend + MEDIUM Leadership + MEDIUM Participation,Fog
2021-01-19,847.4106986899562,0.1507965567710969,0.427611720932413,1.4438549261693712,0.0038357792205951,-0.0180859185481795,0.0196656314974519,0.0592724212667941,HIGH,HIGH,HIGH,HIGH Trend + HIGH Leadership + HIGH Participation,Fog
2021-01-20,850.6611790393011,0.1511791629091509,0.4060700438162398,0.3792608541973142,-0.003459882554238,-0.0265570973023243,0.0317321395247558,0.0587248003648614,HIGH,HIGH,HIGH,HIGH Trend + HIGH Leadership + HIGH Participation,Fog
2021-01-21,847.7179912663755,0.1328479716622914,0.2689091470380672,-0.042928309546083,-0.0060817786585739,-0.0332570741423339,0.0306560727193914,0.0492067455757532,HIGH,MEDIUM,MEDIUM,HIGH Trend + MEDIUM Leadership + MEDIUM Participation,Fog
2021-01-22,842.5623580786025,0.1144632706752541,0.1340050381355388,-1.7666856369604675,-0.0062438979287449,-0.0104446417815317,0.0461689354690586,0.0430525102175396,HIGH,MEDIUM,LOW,HIGH Trend + MEDIUM Leadership + LOW Participation,Fog
2021-01-25,837.3014847161571,0.0944471529378215,0.0893576496432357,-0.4168546927886074,-0.0062307149751823,0.0184423131157385,0.055322696781209,0.0537554985673551,HIGH,LOW,LOW,HIGH Trend + LOW Leadership + LOW Participation,City
2021-01-27,832.0844978165937,0.0783210446846297,0.0268648961689374,-0.1526280795590133,-0.0048245226186561,0.038446897502288,0.0633596579172761,0.066558277463866,MEDIUM,LOW,MEDIUM,MEDIUM Trend + LOW Leadership + MEDIUM Participation,Mixed Terrain
2021-01-28,828.0700873362445,0.0655276128078835,0.0486347887912237,0.0328514052241029,-0.010318832050427,0.0598794615128888,0.0797950200061556,0.0792960599309611,MEDIUM,LOW,MEDIUM,MEDIUM Trend + LOW Leadership + MEDIUM Participation,Mixed Terrain
2021-01-29,819.5253711790393,0.0499408952389509,0.0464570986672948,-0.0782204680375986,0.0173719147588407,0.0661118329932679,0.0941046528542954,0.0756972857631179,MEDIUM,LOW,MEDIUM,MEDIUM Trend + LOW Leadership + MEDIUM Participation,Mixed Terrain
2021-02-01,833.7620960698689,0.0794114574389676,0.2264269437828799,1.2562379166047148,0.02276568446703,0.057211126977791,0.0783692842607517,0.0709354047575483,MEDIUM,MEDIUM,HIGH,MEDIUM Trend + MEDIUM Leadership + HIGH Participation,Mixed Terrain
2021-02-02,852.7432608695652,0.0988889339987928,0.3284612358125207,0.7984357839997269,0.0132892335452408,0.036212540652049,0.0545061348043234,0.0618597421773565,HIGH,MEDIUM,HIGH,HIGH Trend + MEDIUM Leadership + HIGH Participation,Fog
2021-02-03,864.0755652173912,0.117588478999607,0.3699524947313747,0.931575292206854,0.0157149601147004,0.0239904038183456,0.0388429192334127,0.0557259535171492,HIGH,HIGH,HIGH,HIGH Trend + HIGH Leadership + HIGH Participation,Fog
2021-02-04,877.6544782608696,0.1394468864058753,0.3937884545914558,-0.2097842634675466,-0.004499245097593,0.0187903994901827,0.0261624697012339,0.0385103849175303,HIGH,HIGH,MEDIUM,HIGH Trend + HIGH Leadership + MEDIUM Participation,Fog
2021-02-05,873.7056956521739,0.1222986915253475,0.3462005592284666,-0.7530340574714802,0.0088781263574428,0.0262569263324219,0.0179988973503215,0.0351860203942024,HIGH,MEDIUM,LOW,HIGH Trend + MEDIUM Leadership + LOW Participation,Fog
2021-02-08,881.4625652173913,0.130140301038617,0.3686792279632885,-0.079826695443017,0.0024512619564744,0.02001318066283,-0.0029788929357968,0.0289391001847212,HIGH,HIGH,MEDIUM,HIGH Trend + HIGH Leadership + MEDIUM Participation,Fog
2021-02-09,883.6232608695652,0.1265815555182483,0.3273992274781887,-0.7230080574497046,0.0013374773382419,0.0176542875468028,-0.0014850417020633,0.0234323812602179,HIGH,MEDIUM,LOW,HIGH Trend + MEDIUM Leadership + LOW Participation,Fog
2021-02-10,884.8050869565217,0.1265441184175576,0.3293726668829567,0.0886072617126577,0.0105569799528928,0.0145045455110552,0.0030080316878438,0.0277121953297061,HIGH,MEDIUM,MEDIUM,HIGH Trend + MEDIUM Leadership + MEDIUM Participation,Fog
2021-02-11,894.1459565217392,0.1339017165236576,0.3750348425129575,-0.3714653002709266,0.0027965962370601,0.0072361009828325,-0.0004620877721697,0.0142253039684869,HIGH,HIGH,LOW,HIGH Trend + HIGH Leadership + LOW Participation,Fog
2021-02-12,896.6465217391304,0.1348257920592657,0.3324486007083889,-0.0592235994587723,0.0027401132820017,-0.008046746160937,-0.0168241374745609,0.0048025675995981,HIGH,MEDIUM,MEDIUM,HIGH Trend + MEDIUM Leadership + MEDIUM Participation,Fog
2021-02-15,899.1034347826086,0.1368005247672122,0.3625284308426158,0.0398200875510013,0.0001329827167442,-0.0225409573469297,-0.0068936306066057,0.0052913537244476,HIGH,HIGH,MEDIUM,HIGH Trend + HIGH Leadership + MEDIUM Participation,Fog
2021-02-16,899.2230000000001,0.1369967425307324,0.3457997597563883,-0.1608646916973796,-0.001761762534215,-0.0188072997707345,0.0069735083849442,-0.0090988750831749,HIGH,MEDIUM,MEDIUM,HIGH Trend + MEDIUM Leadership + MEDIUM Participation,Fog
2021-02-17,897.6387826086957,0.1303482239152769,0.3495434032321365,0.0982272343491384,0.0033168178620508,-0.0113321461930169,0.0162517681654845,-0.019330121344527,HIGH,MEDIUM,MEDIUM,HIGH Trend + MEDIUM Leadership + MEDIUM Participation,Fog
2021-02-18,900.6160869565218,0.1361515544644971,0.3805525667878489,0.1598967842943444,-0.0124188900641447,-0.0076428840740423,0.0120330996122783,-0.0119332746032247,HIGH,HIGH,MEDIUM,HIGH Trend + HIGH Leadership + MEDIUM Participation,Fog
2021-02-19,889.4314347826086,0.1206610590623287,0.2908273733244352,-0.274226249904394,-0.0119117132131745,-0.0088485937010172,0.0168832432811234,0.0061121227815261,HIGH,MEDIUM,LOW,HIGH Trend + MEDIUM Leadership + LOW Participation,Fog
2021-02-22,878.8367826086958,0.098144268111413,0.207348023438985,-0.2853581663837759,0.0039532492703049,0.0160081661302688,0.0320133574849812,0.0239583377598913,HIGH,MEDIUM,LOW,HIGH Trend + MEDIUM Leadership + LOW Participation,Fog
2021-02-23,882.3110434782608,0.1035113818682895,0.3058168159559457,0.0856870251034577,0.0058432513743305,0.0262749693812998,0.0249544814078253,0.0061475403359487,HIGH,MEDIUM,MEDIUM,HIGH Trend + MEDIUM Leadership + MEDIUM Participation,Fog
2021-02-24,887.4666086956522,0.1132697699052694,0.3668505105062785,0.5856992421423287,0.00706074330194,0.0279000821684312,0.0246300755940016,-0.0171684129060409,HIGH,HIGH,HIGH,HIGH Trend + HIGH Leadership + HIGH Participation,Fog
2021-02-25,893.7327826086955,0.1211490152664507,0.463622739055297,0.6886034567481318,-0.0136187968643868,0.0198275231472102,0.0146941817423618,-0.0151967072804338,HIGH,HIGH,HIGH,HIGH Trend + HIGH Leadership + HIGH Participation,Fog
2021-02-26,881.5612173913045,0.1034497322357684,0.2877308654249846,-0.4831668514397535,0.012868227652246,0.0259615602809109,0.0219967819578152,0.012848042805559,HIGH,MEDIUM,LOW,HIGH Trend + MEDIUM Leadership + LOW Participation,Fog
2021-03-01,892.9053478260869,0.1133712777944476,0.4304869571116131,0.4276871384372518,0.0140982371031781,0.0157530144818345,0.0122695661880571,0.0027054180185088,HIGH,HIGH,HIGH,HIGH Trend + HIGH Leadership + HIGH Participation,Fog
2021-03-02,905.4937391304348,0.1236316468185458,0.4252118574048066,0.2401625465731608,0.007436010409118,-0.0012866804831757,-0.0159610787516121,-0.0046606835969765,HIGH,HIGH,MEDIUM,HIGH Trend + HIGH Leadership + MEDIUM Participation,Fog
2021-03-03,912.227,0.1312610893416772,0.4344838581510917,0.6321738216673887,-0.0008481550718296,-0.0031812494532847,-0.0350128684885274,-0.0206726602022119,HIGH,HIGH,HIGH,HIGH Trend + HIGH Leadership + HIGH Participation,Fog
2021-03-04,911.45329004329,0.1255229316413068,0.434257184655893,-0.6022778888415251,-0.0076859319527337,-0.0050335387978222,-0.0236814134089932,-0.0132526011866034,HIGH,HIGH,LOW,HIGH Trend + HIGH Leadership + LOW Participation,Fog
2021-03-05,904.447922077922,0.1128489643021712,0.2981226793422562,-0.8522953785209352,0.0027899634260637,-0.0038644511418245,-0.0105922883190036,0.0069385943426847,HIGH,MEDIUM,LOW,HIGH Trend + MEDIUM Leadership + LOW Participation,Fog
2021-03-08,906.9712987012988,0.112377195306978,0.3396138460306941,-0.1586831090659275,-0.0029136982575136,-0.003429424519655,-0.0078051506471972,0.0106851756659882,HIGH,MEDIUM,MEDIUM,HIGH Trend + MEDIUM Leadership + MEDIUM Participation,Fog
2021-03-09,904.328658008658,0.106404050612859,0.291559466880822,-0.2025462152640613,0.0055248944087678,-0.014693303855741,-0.0183490500437093,0.0205194906588839,HIGH,MEDIUM,MEDIUM,HIGH Trend + MEDIUM Leadership + MEDIUM Participation,Fog
2021-03-10,909.3249783549784,0.1162681145023056,0.3556720631332221,0.4369328963021842,-0.002704779774084,-0.0319332065310612,-0.0407937357058458,-0.0189744104740401,HIGH,HIGH,HIGH,HIGH Trend + HIGH Leadership + HIGH Participation,Fog
2021-03-12,906.8654545454544,0.1052285078727526,0.2367783376765122,-0.3380481347502482,-0.0065199608641954,-0.0187422142738756,-0.0294580274142,-0.0082978883379474,HIGH,MEDIUM,LOW,HIGH Trend + MEDIUM Leadership + LOW Participation,Fog
2021-03-15,900.9527272727272,0.0901717884791551,0.2209698130865796,-0.0865634277934304,0.0032278961261211,-0.0067539374384248,-0.0089518277491345,-0.0004863971457031,HIGH,MEDIUM,MEDIUM,HIGH Trend + MEDIUM Leadership + MEDIUM Participation,Fog
2021-03-16,903.8609090909092,0.0957892134445034,0.2300950594837136,-0.2172386080661148,-0.014183406662338,-0.0043907839898174,-0.0094482225772769,0.0073396542152495,HIGH,MEDIUM,MEDIUM,HIGH Trend + MEDIUM Leadership + MEDIUM Participation,Fog
2021-03-17,891.0410822510822,0.066258923498206,0.0740236141610079,-0.2385123043758595,-0.0120687659053816,-0.0037102621978254,0.0114836871902377,0.0047143391807005,MEDIUM,LOW,MEDIUM,MEDIUM Trend + LOW Leadership + MEDIUM Participation,Mixed Terrain
2021-03-18,880.287316017316,0.0394646887380412,0.0259366797551608,-0.228039597686654,0.0108844824719516,-0.0091528076725305,0.0148605176359755,0.0209532795364546,MEDIUM,LOW,MEDIUM,MEDIUM Trend + LOW Leadership + MEDIUM Participation,Mixed Terrain
2021-03-19,889.8687878787879,0.0506826765526726,0.0932557728057418,0.2919799422775788,0.0056176383609063,-0.0109204872523835,0.0106817716733262,0.0140428061153181,MEDIUM,LOW,HIGH,MEDIUM Trend + LOW Leadership + HIGH Participation,City
2021-03-22,894.8677489177489,0.0650789157656963,0.1982095667796414,0.4113864838082045,0.0056147985784253,-0.0022128356643481,0.0177185627873299,0.0100145951986496,MEDIUM,MEDIUM,HIGH,MEDIUM Trend + MEDIUM Leadership + HIGH Participation,Mixed Terrain
2021-03-23,899.892251082251,0.0800977400550893,0.274240116787839,0.428398958740952,-0.0135095783531125,-0.0050797426401161,0.0186357813943969,0.0107619876134972,MEDIUM,MEDIUM,HIGH,MEDIUM Trend + MEDIUM Leadership + HIGH Participation,Mixed Terrain
2021-03-24,887.7350862068965,0.0501482721095275,0.0802123830129761,-0.6716084291876487,-0.0174656504294588,0.015250532863644,0.039595072672546,0.0368217852646211,MEDIUM,LOW,LOW,MEDIUM Trend + LOW Leadership + LOW Participation,Mixed Terrain
2021-03-25,872.2302155172414,0.0117972723233833,0.012987405176964,-0.5845128188287931,0.0090810562008849,0.0242351449289566,0.0227472714097232,0.0625429818061311,MEDIUM,LOW,LOW,MEDIUM Trend + LOW Leadership + LOW Participation,Mixed Terrain
2021-03-26,880.1509871244635,0.028054785715125,0.1053899818798137,0.6431599698283783,0.0144708881884196,0.0218407707846457,0.0218023946145018,0.0528667986436157,MEDIUM,LOW,HIGH,MEDIUM Trend + LOW Leadership + HIGH Participation,City
2021-03-30,892.8875536480688,0.0550885363345225,0.2424879756032957,0.7793334735783819,0.0027254007348487,0.0199756011743736,0.008541896186746,0.0313036155906707,MEDIUM,MEDIUM,HIGH,MEDIUM Trend + MEDIUM Leadership + HIGH Participation,Mixed Terrain
2021-03-31,895.3210300429184,0.052774371696031,0.2342699652267159,0.3135131388394185,0.0066484412525202,0.0238366078678953,0.0169480053190214,0.0348919345456422,MEDIUM,MEDIUM,HIGH,MEDIUM Trend + MEDIUM Leadership + HIGH Participation,Mixed Terrain
2021-04-01,901.2735193133046,0.0683655158149424,0.3013781909608486,0.1060364994403951,-0.008770565141657,0.0239788495754198,-0.0066924935075737,0.0248350216374004,MEDIUM,MEDIUM,MEDIUM,MEDIUM Trend + MEDIUM Leadership + MEDIUM Participation,Mixed Terrain
2021-04-05,893.3688412017168,0.0442693458018474,0.1443277900511329,-0.7111231672853874,0.0067221080604666,-0.0014526679020926,0.0060035460978142,0.0422262739542358,MEDIUM,MEDIUM,LOW,MEDIUM Trend + MEDIUM Leadership + LOW Participation,Mixed Terrain
2021-04-06,899.3741630901287,0.0572795507134253,0.2133632438888886,0.2319159131523417,0.0126191708511851,-3.755591990584062e-05,0.0033255120812429,0.0404500454780292,MEDIUM,MEDIUM,MEDIUM,MEDIUM Trend + MEDIUM Leadership + MEDIUM Participation,Mixed Terrain
2021-04-07,910.7235193133048,0.0720365343624362,0.3354168989607979,0.0659044352025195,0.0065211086709442,-0.0112097828364357,-0.0075698408876228,0.0254908462041607,MEDIUM,MEDIUM,MEDIUM,MEDIUM Trend + MEDIUM Leadership + MEDIUM Participation,Mixed Terrain
2021-04-08,916.6624463519316,0.0825524294187278,0.3417462809795802,0.5396444692217034,0.0067882950065862,-0.0067282244998243,-0.0077297439621857,0.0266441205880956,MEDIUM,MEDIUM,HIGH,MEDIUM Trend + MEDIUM Leadership + HIGH Participation,Mixed Terrain
2021-04-09,922.8850214592276,0.0869431786159094,0.3383811148298319,-0.0820774955731351,-0.0333887188342622,-0.0299531021521695,-0.0026676611700318,0.022666679746798,HIGH,MEDIUM,MEDIUM,HIGH Trend + MEDIUM Leadership + MEDIUM Participation,Fog
2021-04-12,892.0710729613734,0.0193072085095916,0.0386250146356539,-1.175281072462199,0.008148805095304,0.0074670611599769,0.0389106004082071,0.0530008789695364,MEDIUM,LOW,LOW,MEDIUM Trend + LOW Leadership + LOW Participation,Mixed Terrain
2021-04-13,899.3403862660944,0.0319299422222479,0.2532603762217055,0.4527028769331547,0.001305534800398,0.0033631943090048,0.0304015768536476,0.0394374965626544,MEDIUM,MEDIUM,HIGH,MEDIUM Trend + MEDIUM Leadership + HIGH Participation,Mixed Terrain
2021-04-15,900.5145064377682,0.033597111812579,0.1788473177534137,-0.218536089230678,0.0110830298825832,0.0036812074852989,0.0225689378795128,0.0470197747909943,MEDIUM,MEDIUM,MEDIUM,MEDIUM Trend + MEDIUM Leadership + MEDIUM Participation,Mixed Terrain
2021-04-16,910.4949356223176,0.0454110764431728,0.2979633952200284,0.5793208692011294,-0.0167526285856164,-0.0010083035550436,0.0176448836447558,0.0487047728198037,MEDIUM,MEDIUM,HIGH,MEDIUM Trend + MEDIUM Leadership + HIGH Participation,Mixed Terrain
2021-04-19,895.2417521367522,0.0199801186369825,0.0983828577636626,-1.1055605552024093,0.0038989134243783,0.0281279606611533,0.0317399344502131,0.0662298781253614,MEDIUM,LOW,LOW,MEDIUM Trend + LOW Leadership + LOW Participation,Mixed Terrain
2021-04-20,898.7322222222222,0.0302725993110811,0.1408300362238424,0.1616851134961437,0.0040421611943968,0.0312104886208655,0.0360065608087825,0.0592581173461153,MEDIUM,MEDIUM,MEDIUM,MEDIUM Trend + MEDIUM Leadership + MEDIUM Participation,Mixed Terrain
2021-04-22,902.3650427350428,0.0343122482231027,0.1787954860409904,-0.1809122444417678,0.0016228958072286,0.0269477520184138,0.0370014845130139,0.0605106940725848,MEDIUM,MEDIUM,MEDIUM,MEDIUM Trend + MEDIUM Leadership + MEDIUM Participation,Mixed Terrain
2021-04-23,903.8294871794872,0.0336514032034842,0.1540799174445003,0.2694531780593894,0.0063589352238646,0.0188184557540305,0.0333128601425747,0.0626453159183548,MEDIUM,MEDIUM,HIGH,MEDIUM Trend + MEDIUM Leadership + HIGH Participation,Mixed Terrain
2021-04-26,909.5768803418804,0.0417116351873592,0.285708018780382,0.1546532959864141,0.0119244418098223,0.0186720142581557,0.0346416355233079,0.0559596626570848,MEDIUM,MEDIUM,MEDIUM,MEDIUM Trend + MEDIUM Leadership + MEDIUM Participation,Mixed Terrain
2021-04-27,920.4230769230768,0.0628104321032293,0.3652964874102608,1.0070664272313683,0.006908797979376,0.0035131558787069,0.0254021051263122,0.047129618022184,MEDIUM,HIGH,HIGH,MEDIUM Trend + HIGH Leadership + HIGH Participation,Fog
2021-04-28,926.782094017094,0.0767416102297819,0.3862489490798276,0.394640899302777,-0.0001082691184794,0.0046509148625235,0.0135625515379214,0.0427892651814585,MEDIUM,HIGH,HIGH,MEDIUM Trend + HIGH Leadership + HIGH Participation,Fog
2021-04-29,926.6817521367522,0.0715636930759192,0.3325389562662032,-0.2810069973783864,-0.006305929441381,0.0097899162589725,0.0087693185957635,0.0434453820226963,MEDIUM,MEDIUM,LOW,MEDIUM Trend + MEDIUM Leadership + LOW Participation,Mixed Terrain
2021-04-30,920.8381623931624,0.0594526169502453,0.2525131747564033,-1.04378784705364,0.0062142846170478,0.0142266802359962,0.023911186821482,0.0543400793396466,MEDIUM,MEDIUM,LOW,MEDIUM Trend + MEDIUM Leadership + LOW Participation,Mixed Terrain
2021-05-03,926.5605128205128,0.0662143526842227,0.3377884691207873,0.0003107660106787,-0.0031340059431268,0.0156769019288136,0.030521343618223,0.0469841223279776,MEDIUM,MEDIUM,MEDIUM,MEDIUM Trend + MEDIUM Leadership + MEDIUM Participation,Mixed Terrain
2021-05-04,923.6566666666666,0.0603234834778667,0.2503428944244666,-0.0047344301999093,0.00805040686021,0.0218123191702841,0.0334289121933883,0.058960608351255,MEDIUM,MEDIUM,MEDIUM,MEDIUM Trend + MEDIUM Leadership + MEDIUM Participation,Mixed Terrain
2021-05-05,931.0924786324788,0.0723251760494224,0.3450970893740044,0.4772826991286146,0.005006388047787,0.0088703812872328,0.0224434452607915,0.0551873995642648,MEDIUM,MEDIUM,HIGH,MEDIUM Trend + MEDIUM Leadership + HIGH Participation,Mixed Terrain
2021-05-06,935.7538888888888,0.0775647064582934,0.3477826515713246,0.0042472407668486,-0.0019398865789506,-0.0010107029658107,0.0226703721360737,0.0521422897694672,MEDIUM,MEDIUM,MEDIUM,MEDIUM Trend + MEDIUM Leadership + MEDIUM Participation,Mixed Terrain
2021-05-07,933.9386324786324,0.0717019436390952,0.3375078004738659,0.219904249915799,0.0076530495515638,0.0095486608410186,0.0283868099461501,0.0641226083962764,MEDIUM,MEDIUM,MEDIUM,MEDIUM Trend + MEDIUM Leadership + MEDIUM Participation,Mixed Terrain
2021-05-10,941.0861111111112,0.0843174082247605,0.3679643802135127,0.1402191098671879,0.0028877799178661,0.0146153187703876,0.0206042618060644,0.0648446977635177,HIGH,HIGH,MEDIUM,HIGH Trend + HIGH Leadership + MEDIUM Participation,Fog
2021-05-11,943.8037606837606,0.0886964394064954,0.3894249932004895,-0.0081775737300434,-0.0047172271796327,0.0113686171180016,0.0211892610589046,0.0555344150203613,HIGH,HIGH,MEDIUM,HIGH Trend + HIGH Leadership + MEDIUM Participation,Fog
2021-05-12,939.3516239316236,0.0884206006728001,0.3713034189315136,-0.2267341966226737,-0.0048368514598262,0.0134537243092027,0.0288356289399109,0.0689873466095092,HIGH,HIGH,MEDIUM,HIGH Trend + HIGH Leadership + MEDIUM Participation,Fog
2021-05-14,934.8081196581198,0.0765681875041181,0.2954928759379229,-0.5645594882507208,0.0086096557134305,0.0237050338499011,0.034374621420091,0.0787155460853747,MEDIUM,MEDIUM,LOW,MEDIUM Trend + MEDIUM Leadership + LOW Participation,Mixed Terrain
2021-05-17,942.8564957264956,0.0978149942761947,0.3794596444235824,0.5892359224208489,0.0127101939088356,0.0186599713672426,0.0297182928654433,0.0676791775057812,HIGH,HIGH,HIGH,HIGH Trend + HIGH Leadership + HIGH Participation,Fog
2021-05-18,954.8403846153846,0.1145131044629495,0.4263386655769671,0.696077024405375,-0.0003213943888682,0.0059026735797118,0.0159751943147077,0.0605753903916908,HIGH,HIGH,HIGH,HIGH Trend + HIGH Leadership + HIGH Participation,Fog
2021-05-19,954.5335042735044,0.1228916342042382,0.4462830204523856,0.3023264570186061,-0.0026652836728231,0.0097102518060012,0.0247058078757225,0.057440597017812,HIGH,HIGH,HIGH,HIGH Trend + HIGH Leadership + HIGH Participation,Fog
2021-05-20,951.9894017094016,0.1198318841515693,0.4371835780815191,-0.6455660688998097,0.0052294448440677,0.0151777079325383,0.0320251985136659,0.0550376018694458,HIGH,HIGH,LOW,HIGH Trend + HIGH Leadership + LOW Participation,Fog
2021-05-21,956.967777777778,0.1246328118033332,0.4449162295714399,0.0576666550422008,0.003638986853329,0.0104225213488149,0.0288185894853245,0.0457018218959579,HIGH,HIGH,MEDIUM,HIGH Trend + HIGH Leadership + MEDIUM Participation,Fog
2021-05-24,960.4501709401708,0.1291725261231888,0.436670271386525,0.2043458497851749,2.740879966633969e-05,0.0108557534496602,0.0347493745587785,0.0461687436989797,HIGH,HIGH,MEDIUM,HIGH Trend + HIGH Leadership + MEDIUM Participation,Fog
2021-05-25,960.4764957264956,0.1291534749429413,0.4083104327409372,0.1574861094873583,0.0034626242761448,0.0100134148159192,0.0433472969034691,0.0518964723261023,HIGH,HIGH,MEDIUM,HIGH Trend + HIGH Leadership + MEDIUM Participation,Fog
2021-05-26,963.8022649572648,0.1256927462565593,0.4073520463314622,-0.2097990259055828,0.0027351604597762,0.0148513457627075,0.0336325060115136,0.0479488890444732,HIGH,HIGH,MEDIUM,HIGH Trend + HIGH Leadership + MEDIUM Participation,Fog
2021-05-27,966.4384188034188,0.1299481719278369,0.3965490600740877,-0.1102002048099286,0.0005208568477641,0.0165956073005566,0.0390263678085971,0.0452607745701019,HIGH,HIGH,MEDIUM,HIGH Trend + HIGH Leadership + MEDIUM Participation,Fog
2021-05-28,966.9417948717949,0.1288399591013838,0.3739505518422614,-0.0219118292889756,0.0040693104234967,0.0182063124562512,0.0428673748824273,0.0483762894934509,HIGH,HIGH,MEDIUM,HIGH Trend + HIGH Leadership + MEDIUM Participation,Fog
2021-05-31,970.8765811965812,0.1357816066162817,0.4058314712237593,0.0486582444351215,-0.0008059066544496,0.0236370234106879,0.0368653105449865,0.0469058169812111,HIGH,HIGH,MEDIUM,HIGH Trend + HIGH Leadership + MEDIUM Participation,Fog
2021-06-01,970.0941452991456,0.1291833331478634,0.3352783983508389,-0.1846948743080946,0.0082691771522922,0.0330034052999435,0.0438989025780955,0.0436763305690595,HIGH,MEDIUM,MEDIUM,HIGH Trend + MEDIUM Leadership + MEDIUM Participation,Fog
2021-06-02,978.1160256410258,0.1390244488589429,0.4257404045859494,0.7145283993002686,0.0044585974738193,0.0185063165430314,0.0319455485569568,0.0412805483090557,HIGH,HIGH,HIGH,HIGH Trend + HIGH Leadership + HIGH Participation,Fog
2021-06-03,982.4770512820512,0.1410155671438204,0.4355014001066628,0.2165726834024909,0.002106092993712,0.0220645853149046,0.0222982959998676,0.0396692626626264,HIGH,HIGH,MEDIUM,HIGH Trend + HIGH Leadership + MEDIUM Participation,Fog
2021-06-04,984.5462393162392,0.1442378708177246,0.4225358086613702,0.19256729039932,0.0094246201838306,0.0242201036513762,0.0164103104115558,0.0460439511841681,HIGH,HIGH,MEDIUM,HIGH Trend + HIGH Leadership + MEDIUM Participation,Fog
2021-06-07,993.8252136752136,0.1547888527030654,0.4438466144716507,-0.0778917639844371,0.0083368199622371,0.012922829901387,0.0110358792389417,0.0419399266229261,HIGH,HIGH,MEDIUM,HIGH Trend + HIGH Leadership + MEDIUM Participation,Fog
2021-06-08,1002.1105555555556,0.1598772799032273,0.4358569400611386,-0.1639873055239974,-0.005880793387051,0.0105473972517915,0.008193988183998,0.0343860622391136,HIGH,HIGH,MEDIUM,HIGH Trend + HIGH Leadership + MEDIUM Participation,Fog
2021-06-09,996.2173504273504,0.1496186828363006,0.3930797554930268,-0.2335042905959697,0.0079677889260254,0.0131950404191307,0.0138505541860352,0.0411573546994108,HIGH,HIGH,MEDIUM,HIGH Trend + HIGH Leadership + MEDIUM Participation,Fog
2021-06-10,1004.155,0.158693392303497,0.4602169253304692,0.8466999479593851,0.0042195191798588,0.0002286652803755,0.0060002392188118,0.0305370970850156,HIGH,HIGH,HIGH,HIGH Trend + HIGH Leadership + HIGH Participation,Fog
2021-06-11,1008.3920512820512,0.1630747636450993,0.458269506950533,-0.0835846693557964,-0.0017094575632677,-0.0076251122312266,0.0052824690307764,0.0278406489894358,HIGH,HIGH,MEDIUM,HIGH Trend + HIGH Leadership + MEDIUM Participation,Fog
2021-06-14,1006.668247863248,0.1577466991318825,0.4112809828802116,0.0517694304939812,0.0059721420882465,-0.0018628770195937,0.0096835204477496,0.0343632055097182,HIGH,HIGH,MEDIUM,HIGH Trend + HIGH Leadership + MEDIUM Participation,Fog
2021-06-15,1012.6802136752136,0.1598415221190184,0.420285224829133,-0.97873764345875,-0.0032761922252773,-0.00232884580594,-0.0002132122262857,0.0313997163189045,HIGH,HIGH,LOW,HIGH Trend + HIGH Leadership + LOW Participation,Fog
2021-06-16,1009.3624786324788,0.1541997314453443,0.3369433956636472,-0.2382991912482523,-0.0049316904018538,0.0006469768808117,0.0090460196908186,0.0382150107417564,HIGH,MEDIUM,MEDIUM,HIGH Trend + MEDIUM Leadership + MEDIUM Participation,Fog
2021-06-17,1004.3846153846156,0.1444335569277975,0.2933416453452395,-0.141077948980571,-0.0036655944448702,0.0057702544815774,0.0169920724026726,0.0440461316095219,HIGH,MEDIUM,MEDIUM,HIGH Trend + MEDIUM Leadership + MEDIUM Participation,Fog
2021-06-18,1000.7029487179486,0.1294066941026068,0.1963252759631026,-0.3925485386547309,0.0040871269593438,0.0130067592611338,0.029155194972996,0.0499205554362889,HIGH,MEDIUM,LOW,HIGH Trend + MEDIUM Leadership + LOW Participation,Fog
2021-06-21,1004.7929487179488,0.1329170913651996,0.2670445908818994,0.4830710213291992,0.0055025156137324,0.0115679471302161,0.0305667167887724,0.0443304500487495,HIGH,MEDIUM,HIGH,HIGH Trend + MEDIUM Leadership + HIGH Participation,Fog
2021-06-22,1010.3218376068376,0.1418993463937321,0.3242154409856369,0.2966761832186654,-0.0003031952541483,0.0021205720650141,0.0259792007908059,0.0306745657830849,HIGH,MEDIUM,HIGH,HIGH Trend + MEDIUM Leadership + HIGH Participation,Fog
2021-06-23,1010.0155128205128,0.1356774983735693,0.2762916569187662,0.0072260933778902,0.0001630246171104,0.0083936123368784,0.0269337531065403,0.0389866120117361,HIGH,MEDIUM,MEDIUM,HIGH Trend + MEDIUM Leadership + MEDIUM Participation,Fog
2021-06-24,1010.180170212766,0.1305960391376876,0.2529399510636962,-0.3782474008864148,0.0035030195161309,0.0111574366721349,0.0243905089776692,0.0403727854066391,HIGH,MEDIUM,LOW,HIGH Trend + MEDIUM Leadership + LOW Participation,Fog
2021-06-25,1013.7188510638298,0.1355076047267559,0.3195302846747559,0.1554628275664347,0.0026609837223321,0.0159410937431851,0.0224396432381916,0.0395063165988405,HIGH,MEDIUM,MEDIUM,HIGH Trend + MEDIUM Leadership + MEDIUM Participation,Fog
2021-06-28,1016.416340425532,0.138066252585177,0.3512836638348434,0.2443271513511929,-0.0038882123358396,0.0187815061879483,0.0244429908601702,0.029449069555631,HIGH,MEDIUM,MEDIUM,HIGH Trend + MEDIUM Leadership + MEDIUM Participation,Fog
2021-06-29,1012.4642978723404,0.1276280020107978,0.2706638650624467,-0.120347813231058,0.0059546728014912,0.0238081418452749,0.0316196702454778,0.0322408761420649,HIGH,MEDIUM,MEDIUM,HIGH Trend + MEDIUM Leadership + MEDIUM Participation,Fog
2021-06-30,1018.4931914893616,0.1308003642505613,0.2719351794630181,-0.2247228351083585,0.0029042904014648,0.0183858173463598,0.0289074932973578,0.027740909208622,HIGH,MEDIUM,MEDIUM,HIGH Trend + MEDIUM Leadership + MEDIUM Participation,Fog
2021-07-01,1021.4511914893616,0.1308813102418133,0.2799998511733222,-0.0176569945196,0.0082504645143375,0.0130870543256707,0.0266020354936822,0.0324080245498878,HIGH,MEDIUM,MEDIUM,HIGH Trend + MEDIUM Leadership + MEDIUM Participation,Fog
2021-07-02,1029.8786382978724,0.1364780506770945,0.3061976859359627,0.3151622062986263,0.0054642670559654,0.0063965809976864,0.0201770933720426,0.0376462053656685,HIGH,MEDIUM,HIGH,HIGH Trend + MEDIUM Leadership + HIGH Participation,Fog
2021-07-05,1035.506170212766,0.1401443486619711,0.3337335066128991,0.3618390281142004,0.0010265716488944,0.0055571137067511,0.0133554994895086,0.0367803986908241,HIGH,MEDIUM,HIGH,HIGH Trend + MEDIUM Leadership + HIGH Participation,Fog
2021-07-06,1036.5691914893616,0.1336358654393286,0.2846545322486442,-0.2114970382333352,0.0006269044001787,0.0076298752480361,0.0045764719096252,0.0250717105633688,HIGH,MEDIUM,MEDIUM,HIGH Trend + MEDIUM Leadership + MEDIUM Participation,Fog
2021-07-07,1037.219021276596,0.1362640089559193,0.2985773637204168,-0.0015293695037929,-0.0023139206898059,0.0103317188552514,0.0117367443311073,0.0237154730445245,HIGH,MEDIUM,MEDIUM,HIGH Trend + MEDIUM Leadership + MEDIUM Participation,Fog
2021-07-08,1034.818978723404,0.1243399083512911,0.2412628964623291,-0.4649866610336306,0.0015919322470874,0.0133403946978745,0.0156017420006362,0.0251437615182485,HIGH,MEDIUM,LOW,HIGH Trend + MEDIUM Leadership + LOW Participation,Fog
2021-07-09,1036.4663404255318,0.1195614655129365,0.2603225753501491,0.1871600699494755,0.0046255774376431,0.0136929244738639,0.0166921084031879,0.0210161748915163,HIGH,MEDIUM,MEDIUM,HIGH Trend + MEDIUM Leadership + MEDIUM Participation,Fog
2021-07-12,1041.2605957446808,0.1234590495849638,0.2988941714347175,-0.0956751463579392,0.003089994353816,0.0077552887612821,0.00488663472748,0.0111802610411302,HIGH,MEDIUM,MEDIUM,HIGH Trend + MEDIUM Leadership + MEDIUM Participation,Fog
2021-07-13,1044.478085106383,0.1303451468924222,0.3311191834834777,0.3036272625583349,0.0033099703465866,-0.0030302826597505,0.000602165618303,0.0024050691422645,HIGH,MEDIUM,HIGH,HIGH Trend + MEDIUM Leadership + HIGH Participation,Fog
2021-07-14,1047.9352765957449,0.1314756881913055,0.3094952859138023,-0.106928540320605,0.0006570975899558,0.0013906575925854,-0.0011338085263594,0.0104635728732116,HIGH,MEDIUM,MEDIUM,HIGH Trend + MEDIUM Leadership + MEDIUM Participation,Fog
2021-07-15,1048.6238723404256,0.1318907411279961,0.3138552506044487,-0.0854322712314771,0.0019403748645487,0.0022315771823502,0.0056555401757154,0.0146410049642731,HIGH,MEDIUM,MEDIUM,HIGH Trend + MEDIUM Leadership + MEDIUM Participation,Fog
2021-07-16,1050.6585957446807,0.1306662276250877,0.3132176235839914,-0.1216755490338063,-0.0012589469211143,0.0029586710698219,0.0171236073688778,0.0082908102310876,HIGH,MEDIUM,MEDIUM,HIGH Trend + MEDIUM Leadership + MEDIUM Participation,Fog
2021-07-19,1049.3358723404256,0.1219005223304137,0.2273191051593233,-0.1330348373344675,-0.0076456464277122,-0.0028465779994349,0.0231161711888041,0.016822965538692,HIGH,MEDIUM,MEDIUM,HIGH Trend + MEDIUM Leadership + MEDIUM Participation,Fog
2021-07-20,1041.3130212765957,0.0999683177346134,0.1176023064166184,-0.3541649219548431,0.0077590256752768,0.0036434890798333,0.0204018700684713,0.0249162976299615,HIGH,LOW,LOW,HIGH Trend + LOW Leadership + LOW Participation,City
2021-07-22,1049.3925957446809,0.1128775554249532,0.3071785926814125,0.6078233375252159,0.0014974011714008,-0.0025209603263265,0.0118397683790132,0.0076976628096767,HIGH,MEDIUM,HIGH,HIGH Trend + MEDIUM Leadership + HIGH Participation,Fog
2021-07-23,1050.9639574468083,0.1083822058763157,0.2390004156943666,0.0201164492652129,0.0026672574920381,0.0034163391688286,0.0093954343745172,-0.0023437883767293,HIGH,MEDIUM,MEDIUM,HIGH Trend + MEDIUM Leadership + MEDIUM Participation,Fog
2021-07-26,1053.7671489361703,0.1046780150953007,0.2202463346740297,0.1238085704250482,-0.0070397838948159,0.0141231505421322,0.0042530737207349,0.0009664570442446,HIGH,MEDIUM,MEDIUM,HIGH Trend + MEDIUM Leadership + MEDIUM Participation,Fog
2021-07-27,1046.3488559322034,0.0912947617272927,0.1844753929896532,-0.7733516385394373,-0.0011868145378645,0.0260368651557658,0.0062630212166738,0.0131876338455882,HIGH,MEDIUM,LOW,HIGH Trend + MEDIUM Leadership + LOW Participation,Fog
2021-07-28,1045.1070338983052,0.0868466070403427,0.1645615468160236,-0.1278304114361218,0.0015692983518109,0.0166975436706142,0.0018018185307917,0.0199059940244945,HIGH,MEDIUM,MEDIUM,HIGH Trend + MEDIUM Leadership + MEDIUM Participation,Fog
2021-07-29,1046.7471186440678,0.0855585698489162,0.2283854319037158,0.1954086234923019,0.0074586191798708,0.0143970230292134,0.0116105455350945,0.0267897769793592,HIGH,MEDIUM,MEDIUM,HIGH Trend + MEDIUM Leadership + MEDIUM Participation,Fog
2021-07-30,1054.5544067796611,0.0941566460762045,0.268223596581205,0.1767423762818314,0.0133660758958198,0.0059587381352004,0.0089349329164811,0.0335541388123843,HIGH,MEDIUM,MEDIUM,HIGH Trend + MEDIUM Leadership + MEDIUM Participation,Fog
2021-08-02,1068.6496610169493,0.104822117190359,0.3423272352056195,0.517770546855007,0.0046253128254838,-0.0097326215421872,-0.0086840941197295,0.0255393892439772,HIGH,MEDIUM,HIGH,HIGH Trend + MEDIUM Leadership + HIGH Participation,Fog
2021-08-03,1073.5925,0.1094616026178801,0.3289843187085029,-0.0447427948748762,-0.0102783372301051,-0.0192720599138415,-0.0061510176726067,0.0268737198244519,HIGH,MEDIUM,MEDIUM,HIGH Trend + MEDIUM Leadership + MEDIUM Participation,Fog
2021-08-04,1062.5577542372882,0.0938864159672867,0.2077675979963207,-0.2864901755016862,-0.0006969910269682,-0.0146510879588082,0.0044241662955666,0.043320960155301,HIGH,MEDIUM,LOW,HIGH Trend + MEDIUM Leadership + LOW Participation,Fog
2021-08-05,1061.8171610169493,0.0899001483057154,0.2092349464545921,-0.4299328751344001,-0.0009219484426384,-0.0027469298813574,-0.004093637845419,0.0490014311430098,HIGH,MEDIUM,LOW,HIGH Trend + MEDIUM Leadership + LOW Participation,Fog
2021-08-06,1060.8382203389829,0.0877758664550803,0.2357933803746232,-0.0930551810557921,-0.0024408264938557,0.0029585654644221,-0.0116299542790393,0.0539747203955258,HIGH,MEDIUM,MEDIUM,HIGH Trend + MEDIUM Leadership + MEDIUM Participation,Fog
2021-08-09,1058.2488983050846,0.0775781658133519,0.1915758350358471,-0.0164456237489705,-0.0050524383221177,0.0010588326398175,-0.0032726976521103,0.057922456668457,MEDIUM,MEDIUM,MEDIUM,MEDIUM Trend + MEDIUM Leadership + MEDIUM Participation,Mixed Terrain
2021-08-10,1052.902161016949,0.0547971610571823,0.0882493526304609,-0.2964541964095984,-0.0056149888538502,0.0133788808342525,0.0068815135634636,0.0652264187861058,MEDIUM,LOW,LOW,MEDIUM Trend + LOW Leadership + LOW Participation,Mixed Terrain
2021-08-11,1046.990127118644,0.0478808548126956,0.0608306102471017,-0.2099126646499796,0.0113757487312198,0.0193588829512783,0.0180716137252114,0.0800782514873132,MEDIUM,LOW,MEDIUM,MEDIUM Trend + LOW Leadership + MEDIUM Participation,Mixed Terrain
2021-08-12,1058.9004237288136,0.0599615219442121,0.2068446330401411,0.9162641898770676,0.0047939880072267,-0.0013504174661516,0.0150050150339582,0.0785332987845617,MEDIUM,MEDIUM,HIGH,MEDIUM Trend + MEDIUM Leadership + HIGH Participation,Mixed Terrain
2021-08-13,1063.976779661017,0.0668328216977726,0.2262317831490232,0.1456731400588525,-0.0043303321740009,-0.0145454859710045,0.0244011829630457,0.0763149530499258,MEDIUM,MEDIUM,MEDIUM,MEDIUM Trend + MEDIUM Leadership + MEDIUM Participation,Mixed Terrain
2021-08-16,1059.369406779661,0.0549824875984239,0.1597022923278727,-0.0538197800135104,0.0071923983559454,-0.0043269487773315,0.0345232868359124,0.0852794515130126,MEDIUM,MEDIUM,MEDIUM,MEDIUM Trend + MEDIUM Leadership + MEDIUM Participation,Mixed Terrain
2021-08-17,1066.988813559322,0.0607374568727514,0.1630357557171919,-0.8357632972072939,0.0002529294383655,-0.0064115874069133,0.0332291304657992,0.0773598258432259,MEDIUM,MEDIUM,LOW,MEDIUM Trend + MEDIUM Leadership + LOW Participation,Mixed Terrain
2021-08-18,1067.2586864406778,0.0600060855210252,0.1697331175962735,-0.0491692275657559,-0.0091713662894857,-0.0012628223951312,0.038725465958461,0.0708961264948566,MEDIUM,MEDIUM,MEDIUM,MEDIUM Trend + MEDIUM Leadership + MEDIUM Participation,Mixed Terrain
2021-08-20,1057.470466101695,0.0398382470287181,0.0687888940523914,-0.2514781017826442,-0.0084822659830665,0.0163775490283704,0.05331331438988,0.0663804186195422,MEDIUM,LOW,MEDIUM,MEDIUM Trend + LOW Leadership + MEDIUM Participation,Mixed Terrain
2021-08-23,1048.500720338983,0.0202042340114593,0.067566748879124,-0.2824441819183356,0.0059941296742631,0.0395215287764203,0.0663766318683913,0.0792456409251938,MEDIUM,LOW,LOW,MEDIUM Trend + LOW Leadership + LOW Participation,Mixed Terrain
2021-08-24,1054.7855696202532,0.0313815314240854,0.1684794848798954,0.6868725070105794,0.0050836416928463,0.0390190691266942,0.0613960851442676,0.0809285298968676,MEDIUM,MEDIUM,HIGH,MEDIUM Trend + MEDIUM Leadership + HIGH Participation,Mixed Terrain
2021-08-25,1060.1477215189875,0.0418651311859525,0.2043247109791764,0.4301880633858985,0.0054362299084103,0.0398965178843595,0.0579461480190981,0.0863042176107198,MEDIUM,MEDIUM,HIGH,MEDIUM Trend + MEDIUM Leadership + HIGH Participation,Mixed Terrain
2021-08-26,1065.9109282700422,0.0493100583017384,0.2372632312168198,0.1759219583436705,0.0083293190836277,0.0400388503104396,0.0609059686235766,0.0765138706495742,MEDIUM,MEDIUM,MEDIUM,MEDIUM Trend + MEDIUM Leadership + MEDIUM Participation,Mixed Terrain
2021-08-27,1074.7892405063292,0.0579649626432217,0.3120106217060629,-0.0427992831294844,0.0140956297780681,0.036340595477359,0.0625891328709131,0.0638740071456085,MEDIUM,MEDIUM,MEDIUM,MEDIUM Trend + MEDIUM Leadership + MEDIUM Participation,Mixed Terrain
2021-08-30,1089.9390717299575,0.0790841408913804,0.3670130472933449,1.26319911803076,0.0055078757160431,0.0258340999667232,0.050677186780204,0.0432225260003829,MEDIUM,HIGH,HIGH,MEDIUM Trend + HIGH Leadership + HIGH Participation,Fog
2021-08-31,1095.9423206751055,0.0813712712715442,0.363709296222493,0.2917651715707046,0.005932432075004,0.0215366750067267,0.0490623703912338,0.0334215960263359,MEDIUM,HIGH,HIGH,MEDIUM Trend + HIGH Leadership + HIGH Participation,Fog
2021-09-01,1102.4439240506329,0.0875274434910901,0.3722669609184978,-0.3085613900752706,0.0055738456955685,0.0173571406618997,0.042711431642981,0.0334123058713817,HIGH,HIGH,LOW,HIGH Trend + HIGH Leadership + LOW Participation,Fog
2021-09-02,1108.588776371308,0.0972266795074235,0.3606219127445467,-0.9134915822618308,0.0047438195837534,0.0200637873353561,0.0309712831645183,0.0345910339788697,HIGH,HIGH,LOW,HIGH Trend + HIGH Leadership + LOW Participation,Fog
2021-09-03,1113.8477215189876,0.1017462008891494,0.3668007176372614,-0.0234097727733223,0.0038146553299807,0.0253280991867963,0.012405714473695,0.0471759049860713,HIGH,HIGH,MEDIUM,HIGH Trend + HIGH Leadership + MEDIUM Participation,Fog
2021-09-06,1118.0966666666668,0.1073466691137617,0.3740900864302839,0.0057837773646869,0.0012956013895069,0.0242174507693657,0.012067977365797,0.0454434984061924,HIGH,HIGH,MEDIUM,HIGH Trend + HIGH Leadership + MEDIUM Participation,Fog
2021-09-07,1119.5452742616033,0.1047199899571094,0.3522505316031885,-0.4277809055634745,0.0018167412228815,0.026945381461048,0.0184025973206269,0.034074664041525,HIGH,HIGH,LOW,HIGH Trend + HIGH Leadership + LOW Participation,Fog
2021-09-08,1121.5791983122365,0.1083327060962512,0.3724570442022336,0.1150114923746003,0.0082491432833908,0.024921721161347,0.0268048327835204,0.0441085033615715,HIGH,HIGH,MEDIUM,HIGH Trend + HIGH Leadership + MEDIUM Participation,Fog
2021-09-09,1130.8312658227849,0.121210598656249,0.3639340345102018,0.0844854513555974,0.0099290686463759,0.0106929546608598,0.0147118618309285,0.0398308490688577,HIGH,HIGH,MEDIUM,HIGH Trend + HIGH Leadership + MEDIUM Participation,Fog
2021-09-13,1142.0593670886076,0.1279264055595209,0.3852456650209768,0.3246821328716023,0.0027273105481298,-0.0126031703640524,0.00120919199618,0.0342625985495599,HIGH,HIGH,HIGH,HIGH Trend + HIGH Leadership + HIGH Participation,Fog
2021-09-14,1145.174117647059,0.1304499179917957,0.4095897186382045,0.1061311155056769,0.0039624813576477,-0.0118622011316469,-0.0070951010201962,0.0336921080009751,HIGH,HIGH,MEDIUM,HIGH Trend + HIGH Leadership + MEDIUM Participation,Fog
2021-09-15,1149.711848739496,0.1414804176704188,0.4158085464087871,0.2815172560285524,-0.0001574015147822,-0.0083186353380034,-0.0149092892914125,0.034211039484455,HIGH,HIGH,HIGH,HIGH Trend + HIGH Leadership + HIGH Participation,Fog
2021-09-16,1149.5308823529413,0.1404941103530111,0.4167261579280669,0.0031964707193757,-0.0057481614257335,0.0018373223859862,-0.0089182159985978,0.0385727264242277,HIGH,HIGH,MEDIUM,HIGH Trend + HIGH Leadership + MEDIUM Participation,Fog
2021-09-17,1142.9231932773107,0.1291976297026176,0.3687664585025823,-0.3839966784310973,-0.0133494490686049,0.0039763878352325,0.0035110103195512,0.0516101436217331,HIGH,HIGH,LOW,HIGH Trend + HIGH Leadership + LOW Participation,Fog
2021-09-20,1127.665798319328,0.0995796664815893,0.1876422511968938,-0.596642363007086,0.0034797841872065,0.0139886638742046,0.0343441270779985,0.0511087735324691,HIGH,MEDIUM,LOW,HIGH Trend + MEDIUM Leadership + LOW Participation,Fog
2021-09-21,1131.5898319327732,0.1076658734363309,0.3144487099529909,0.1195412058401379,0.0075627961225666,0.0048243272516343,0.0329775487287573,0.0273621038769791,HIGH,MEDIUM,MEDIUM,HIGH Trend + MEDIUM Leadership + MEDIUM Participation,Fog
2021-09-22,1140.1478151260503,0.1181465016839666,0.367679426691147,0.492417142384062,0.010082136629933,-0.0066459390972376,0.0153888715151855,0.0098430758662169,HIGH,HIGH,HIGH,HIGH Trend + HIGH Leadership + HIGH Participation,Fog
2021-09-23,1151.642941176471,0.1318293023054886,0.42172608086888,0.8108841470859914,-0.0036252920653879,-0.0107358132345964,0.0168519566967204,-0.0118116970183196,HIGH,HIGH,HIGH,HIGH Trend + HIGH Leadership + HIGH Participation,Fog
2021-09-24,1147.4678991596638,0.1212493822317582,0.3285938031974988,-0.3410895496508772,-0.0035099570351028,-0.0004635343234364,0.024754798069084,-0.0244500067714137,HIGH,MEDIUM,LOW,HIGH Trend + MEDIUM Leadership + LOW Participation,Fog
2021-09-27,1143.4403361344537,0.1157914063125714,0.2541758226440233,-0.340159750378105,-0.0055895741437822,0.0200746457322515,0.0330134869092431,-0.0073602307038336,HIGH,MEDIUM,LOW,HIGH Trend + MEDIUM Leadership + LOW Participation,Fog
2021-09-28,1137.0489915966389,0.1045106020674646,0.2008407293525402,-0.5695381605120039,-0.0039387303844103,0.0280180532194387,0.0410786663084044,0.0015183214669374,HIGH,MEDIUM,LOW,HIGH Trend + MEDIUM Leadership + LOW Participation,Fog
2021-09-29,1132.570462184874,0.1009048884012871,0.2429534139389872,0.2809664488162308,0.0059233890395153,0.0221822323778471,0.0498637620291178,-0.007063505997134,HIGH,MEDIUM,HIGH,HIGH Trend + MEDIUM Leadership + HIGH Participation,Fog
2021-09-30,1139.279117647059,0.1043135489094675,0.2319072030813157,0.0907669676098667,0.0067208207696429,0.0278871612865321,0.047918288066082,-0.015664346846461,HIGH,MEDIUM,MEDIUM,HIGH Trend + MEDIUM Leadership + MEDIUM Participation,Fog
2021-10-01,1146.9360084033617,0.1084436645466673,0.2428476204106938,0.1268977635569998,0.016965626026552,0.0252300273761907,0.0479308476016278,-0.0117156095283571,HIGH,MEDIUM,MEDIUM,HIGH Trend + MEDIUM Leadership + MEDIUM Participation,Fog
2021-10-04,1166.3944957983194,0.1278210589642573,0.3551618179861102,0.8000237685497159,0.0021539838939856,0.0126842101518007,0.0162079969476218,-0.0215415268873203,HIGH,HIGH,HIGH,HIGH Trend + HIGH Leadership + HIGH Participation,Fog
2021-10-05,1168.9068907563026,0.1344103870182834,0.3507028248235204,0.2708780538346068,-0.0095931399529202,0.0127046534329469,-0.0054361731856504,-0.0252395694551819,HIGH,MEDIUM,HIGH,HIGH Trend + MEDIUM Leadership + HIGH Participation,Fog
2021-10-06,1157.6934033613445,0.1118731658276067,0.2551781053307881,-0.2708394167658455,0.011537575277819,0.0270808166826348,-0.0054617455484744,-0.0095951268656909,HIGH,MEDIUM,MEDIUM,HIGH Trend + MEDIUM Leadership + MEDIUM Participation,Fog
2021-10-07,1171.0503781512605,0.128250140487411,0.3597568657293714,-0.2405156746497121,0.0041184027885041,0.0194876709564872,-0.0281886203062979,-0.017276948705128,HIGH,HIGH,MEDIUM,HIGH Trend + HIGH Leadership + MEDIUM Participation,Fog
2021-10-08,1175.8732352941174,0.1316589887355843,0.3280520393254575,-0.0711340689978693,0.0045209409052344,0.0221421726044581,-0.0480161741454765,-0.0151549198059288,HIGH,MEDIUM,MEDIUM,HIGH Trend + MEDIUM Leadership + MEDIUM Participation,Fog
2021-10-11,1181.189288702929,0.13070462748486,0.350306586855243,0.4227464854608852,0.0021742145991148,0.0034796501816622,-0.0390834370748381,-0.0179286715637001,HIGH,MEDIUM,HIGH,HIGH Trend + MEDIUM Leadership + HIGH Participation,Fog
2021-10-12,1183.757447698745,0.1292912364459501,0.3495950045175973,-0.393931145273034,0.0044664880495595,-0.0179132450483979,-0.037999380951437,-0.0220745210193922,HIGH,MEDIUM,LOW,HIGH Trend + MEDIUM Leadership + LOW Participation,Fog
2021-10-13,1189.0446861924686,0.131643211310361,0.3806654677225209,0.1032552857595525,0.0040593397857315,-0.0316845195650895,-0.054223481260298,-0.0240771326286759,HIGH,HIGH,MEDIUM,HIGH Trend + HIGH Leadership + MEDIUM Participation,Fog
2021-10-14,1193.8714225941424,0.1334481889679215,0.3749532528190432,-0.1041956289279065,0.0067328865443099,-0.0467649512799456,-0.0606751839686696,-0.0235680789362867,HIGH,HIGH,MEDIUM,HIGH Trend + HIGH Leadership + MEDIUM Participation,Fog
2021-10-18,1201.9096234309625,0.1416185873364553,0.3872820279662904,0.1270438233888777,-0.0138198487483656,-0.0686385403423561,-0.0569183140915225,-0.0273059550051223,HIGH,HIGH,MEDIUM,HIGH Trend + HIGH Leadership + MEDIUM Participation,Fog
2021-10-19,1185.2994142259415,0.125018801438363,0.2873867627635456,-0.3939800471904356,-0.019190850423684,-0.0424154961675556,-0.0371474382688683,-0.014714845337762,HIGH,MEDIUM,LOW,HIGH Trend + MEDIUM Leadership + LOW Participation,Fog
2021-10-20,1162.5525104602511,0.0962148241274505,0.1579891070947291,-0.343568182433375,-0.0096186054312391,-0.0204525066668157,-0.0199116393896638,-0.0076478355861373,HIGH,MEDIUM,LOW,HIGH Trend + MEDIUM Leadership + LOW Participation,Fog
2021-10-21,1151.3703765690375,0.0775131681369052,0.1802190180450534,-0.2671338106950788,-0.0115777626021198,-0.0232764653159167,-0.0041560807728769,-0.0189477487114498,MEDIUM,MEDIUM,MEDIUM,MEDIUM Trend + MEDIUM Leadership + MEDIUM Participation,Mixed Terrain
2021-10-22,1138.040083682008,0.0597978087891668,0.1302460071531732,-0.0129189186393871,-0.0163683008128409,-0.0145926576109447,0.011228178460525,0.0029027606602138,MEDIUM,LOW,MEDIUM,MEDIUM Trend + LOW Leadership + MEDIUM Participation,Mixed Terrain
2021-10-25,1119.4123012552302,0.0295669498795418,0.0799780161152576,-0.1626992354335938,0.013946648783204,0.0125839717000335,0.0345187107670139,0.0120142942235754,MEDIUM,LOW,MEDIUM,MEDIUM Trend + LOW Leadership + MEDIUM Participation,Mixed Terrain
2021-10-26,1135.024351464435,0.0498880895923,0.1963713021544371,0.8207355694204783,0.0033048154608001,0.0055014026204511,0.022015194999595,0.0022225134338691,MEDIUM,MEDIUM,HIGH,MEDIUM Trend + MEDIUM Leadership + HIGH Participation,Mixed Terrain
2021-10-27,1138.7753974895395,0.0570854381287915,0.1793334655460923,0.0478755384861592,-0.0124737973684715,0.0005521603401907,0.016553897800809,-0.0175399139580755,MEDIUM,MEDIUM,MEDIUM,MEDIUM Trend + MEDIUM Leadership + MEDIUM Participation,Mixed Terrain
2021-10-28,1124.5705439330543,0.0310878727803598,0.0616520680008316,-0.1907590854788668,-0.0027899446207935,0.0195760456916032,0.0318747061639823,-0.0126649107755472,MEDIUM,LOW,MEDIUM,MEDIUM Trend + LOW Leadership + MEDIUM Participation,Mixed Terrain
2021-10-29,1121.4330543933054,0.022684508463812,0.0689273291598441,-0.8141909933725711,0.0107593578897293,0.0262032105513532,0.0395040186302766,-0.0051811052865587,MEDIUM,LOW,LOW,MEDIUM Trend + LOW Leadership + LOW Participation,Mixed Terrain
2021-11-01,1133.4989539748954,0.0409242967569391,0.1798524381030099,0.7900767096905773,0.0068545483908177,0.0216621432691197,0.0313995696543236,-0.0128097785980698,MEDIUM,MEDIUM,HIGH,MEDIUM Trend + MEDIUM Leadership + HIGH Participation,Mixed Terrain
2021-11-02,1141.2685774058575,0.041889782884879,0.196397691929169,0.3951349360383365,-0.0016336148583685,0.0164234404209751,0.023298056029237,-0.0089209521820007,MEDIUM,MEDIUM,HIGH,MEDIUM Trend + MEDIUM Leadership + HIGH Participation,Mixed Terrain
2021-11-03,1139.4041841004182,0.0389585168833449,0.1560083890077169,-0.0976347705243742,0.0063024204091106,0.0159929068117523,0.0125129572969211,-0.0099869966477866,MEDIUM,MEDIUM,MEDIUM,MEDIUM Trend + MEDIUM Leadership + MEDIUM Participation,Mixed Terrain
2021-11-04,1146.5851882845188,0.0509117947424441,0.2857411557939691,1.4908359709512582,0.0036918430445056,0.0120625239523322,-0.0148533998681769,-0.0291314129635905,MEDIUM,MEDIUM,HIGH,MEDIUM Trend + MEDIUM Leadership + HIGH Participation,Mixed Terrain
2021-11-08,1150.8182008368203,0.0547601635264472,0.3035320388235069,0.2315929876101856,0.0062866314325022,0.0129611834597334,-0.0082329764712307,-0.0240788039472009,MEDIUM,MEDIUM,MEDIUM,MEDIUM Trend + MEDIUM Leadership + MEDIUM Participation,Mixed Terrain
2021-11-09,1158.052970711297,0.0589245721885072,0.3141167767811443,0.3735291599846663,0.001691773372606,0.0095309652504556,-0.0217535133093467,-0.0188607627892426,MEDIUM,MEDIUM,HIGH,MEDIUM Trend + MEDIUM Leadership + HIGH Participation,Mixed Terrain
2021-11-10,1160.0121338912136,0.0570720787049161,0.2706252178187781,-2.042176628542581,-0.0020564999139744,0.0067635350926329,-0.0193663280766914,-0.0152862342612443,MEDIUM,MEDIUM,LOW,MEDIUM Trend + MEDIUM Leadership + LOW Participation,Mixed Terrain
2021-11-11,1157.626569037657,0.0507107312274602,0.1993600861062082,-0.4094247308432369,0.002409525332726,-0.0034251710730457,-0.0335386169219775,-0.0103418373632147,MEDIUM,MEDIUM,LOW,MEDIUM Trend + MEDIUM Leadership + LOW Participation,Mixed Terrain
2021-11-12,1160.41589958159,0.0521686453881859,0.2246848800864025,-0.079980996458016,0.0045830698174629,-0.0265951195538752,-0.0431637840073689,-0.0149893668191393,MEDIUM,MEDIUM,MEDIUM,MEDIUM Trend + MEDIUM Leadership + MEDIUM Participation,Mixed Terrain
2021-11-15,1165.7341666666666,0.052136463454304,0.1948818608375875,-0.0422116091178532,0.0028790154416278,-0.020922973433766,-0.04298696601069,-0.0208638990973464,MEDIUM,MEDIUM,MEDIUM,MEDIUM Trend + MEDIUM Leadership + MEDIUM Participation,Mixed Terrain
2021-11-16,1169.090333333333,0.0497133876861731,0.1881552050992562,0.0170119151316147,-0.0010541671858258,-0.0309891223119054,-0.0428634542355009,-0.0273685510219208,MEDIUM,MEDIUM,MEDIUM,MEDIUM Trend + MEDIUM Leadership + MEDIUM Participation,Mixed Terrain
2021-11-17,1167.8579166666668,0.0488749439039345,0.1547376612573767,-0.2791303111986765,-0.0121559450546747,-0.0259543202137533,-0.0314854582410319,-0.0309914423642172,MEDIUM,MEDIUM,LOW,MEDIUM Trend + MEDIUM Leadership + LOW Participation,Mixed Terrain
2021-11-18,1153.6615,0.0321465502108584,0.0502729572236775,-0.3015490217580603,-0.0208960774022536,-0.0302169440516132,-0.0222218923546176,-0.0359181546026997,MEDIUM,LOW,LOW,MEDIUM Trend + LOW Leadership + LOW Participation,Mixed Terrain
2021-11-22,1129.5545,-0.0019274967851965,0.0237558021382442,-0.3849665376996986,0.0104368949587352,-0.0170213492723604,-0.0144932876929211,-0.0399060662973635,LOW,LOW,LOW,LOW Trend + LOW Leadership + LOW Participation,Mixed Terrain
2021-11-23,1141.3435416666666,0.0182081669298926,0.142505430635864,0.9657221493529714,-0.0074318479555069,-0.022535502292711,-0.0159773687771849,-0.0389690820578425,MEDIUM,MEDIUM,HIGH,MEDIUM Trend + MEDIUM Leadership + HIGH Participation,Mixed Terrain
2021-11-24,1132.8612500000002,0.0154012287918611,0.1348338539562775,0.0381439306338183,0.0041361714272891,-0.0122540749510736,0.0029570773414071,-0.0207592274695295,MEDIUM,MEDIUM,MEDIUM,MEDIUM Trend + MEDIUM Leadership + MEDIUM Participation,Mixed Terrain
2021-11-25,1137.5469583333334,0.0151644390613741,0.188613741674423,0.3735161013058767,-0.016478953414634,-0.0056785201577943,0.00416067072982,-0.0159202724548804,MEDIUM,MEDIUM,HIGH,MEDIUM Trend + MEDIUM Leadership + HIGH Participation,Mixed Terrain
2021-11-26,1118.8013749999998,-0.0265057342235167,0.0176164037091902,-1.2530480737448564,-0.0075736559285747,0.0082441651748357,0.0240017655800015,-0.0069679366812697,LOW,LOW,LOW,LOW Trend + LOW Leadership + LOW Participation,Mixed Terrain
2021-11-29,1110.3279583333335,-0.0331417743686318,0.0217717839900728,-0.2307639139808818,0.0047687111664564,0.0025718377276739,0.0294453917162837,0.0075551255988022,LOW,LOW,MEDIUM,LOW Trend + LOW Leadership + MEDIUM Participation,Mixed Terrain
2021-11-30,1115.6227916666664,-0.0241123677690373,0.0316711247983441,-0.0209001438801571,0.0030084466647124,0.0067093316748676,0.0231167874706195,0.0108909939909591,LOW,LOW,MEDIUM,LOW Trend + LOW Leadership + MEDIUM Participation,Mixed Terrain
2021-12-01,1118.9790833333332,-0.0231029910928298,0.0697228921923856,0.3466733992729123,0.0108208382507,0.0153998633724834,0.0161888115986668,0.0121220481312342,LOW,LOW,HIGH,LOW Trend + LOW Leadership + HIGH Participation,Mixed Terrain
2021-12-02,1131.0873749999998,-0.010217049436326,0.2707752313355102,0.9714363310919172,-0.0027074978771349,0.0098953820138489,0.0005100758486471,0.003136762859591,LOW,MEDIUM,HIGH,LOW Trend + MEDIUM Leadership + HIGH Participation,Mixed Terrain
2021-12-03,1128.0249583333332,-0.0118420278955061,0.1502282019754894,-0.2651199807214706,-0.0131569931649342,0.0156287543726407,-0.0140075362098917,0.0158807241007721,LOW,MEDIUM,MEDIUM,LOW Trend + MEDIUM Leadership + MEDIUM Participation,Mixed Terrain
2021-12-06,1113.1835416666663,-0.0330159383585229,0.0372858619353256,-0.4590877766828793,0.0089152713473241,0.0268046168636839,-0.0257865099111815,0.0362141679260061,LOW,LOW,LOW,LOW Trend + LOW Leadership + LOW Participation,Mixed Terrain
2021-12-07,1123.107875,-0.0151960495792833,0.1684905909713113,0.4292792911990566,0.0116670300556243,0.0162981063942804,-0.0233650248999726,0.0311650518557129,LOW,MEDIUM,HIGH,LOW Trend + MEDIUM Leadership + HIGH Participation,Mixed Terrain
2021-12-08,1136.2112083333334,-0.0007138320318389,0.2806511542029651,1.5984337113637972,0.0053411797813851,0.0007769827972625,-0.0236463806345559,0.0210012586235268,LOW,MEDIUM,HIGH,LOW Trend + MEDIUM Leadership + HIGH Participation,Mixed Terrain
2021-12-09,1142.2799166666666,0.0063080387140596,0.3062259838273382,0.5036850926707153,0.0029543254831219,-0.0092933449665711,-0.0199977391766456,0.0120340300776979,LOW,MEDIUM,HIGH,LOW Trend + MEDIUM Leadership + HIGH Participation,Mixed Terrain
2021-12-10,1145.6545833333332,0.0171300810508189,0.307817566384173,-0.7014618652490904,-0.0022978857429029,-0.0291802397824381,-0.0302437977181903,0.009899457877277,MEDIUM,MEDIUM,LOW,MEDIUM Trend + MEDIUM Leadership + LOW Participation,Mixed Terrain
2021-12-13,1143.0220000000002,0.0116404751111699,0.2854833773913292,-1.438220888232508,-0.0014081910593112,-0.0512182414367226,-0.0212641353233767,0.0192219526431669,MEDIUM,MEDIUM,LOW,MEDIUM Trend + MEDIUM Leadership + LOW Participation,Mixed Terrain
2021-12-14,1141.412406639004,0.0061811886145083,0.2154104141679145,-0.2300711144935572,-0.0037833667459902,-0.0390270640520759,-0.0119495580850408,0.0220109907733865,LOW,MEDIUM,MEDIUM,LOW Trend + MEDIUM Leadership + MEDIUM Participation,Mixed Terrain
2021-12-15,1137.0940248962654,-0.001821312813136,0.1834876685583741,-0.4276641267092658,-0.0047750752573549,-0.0244044016315734,-0.004001976228251,0.0325944754690248,LOW,MEDIUM,LOW,LOW Trend + MEDIUM Leadership + LOW Participation,Mixed Terrain
2021-12-16,1131.664315352697,-0.0107903888027443,0.1434985634735425,-0.0760548561935973,-0.0171784222628075,-0.0108048070089052,0.0026253478843938,0.0430648075561075,LOW,MEDIUM,MEDIUM,LOW Trend + MEDIUM Leadership + MEDIUM Participation,Mixed Terrain
2021-12-17,1112.2241078838174,-0.0313032809823302,0.0100041089642767,-0.3729683610740784,-0.0249461277188941,-0.0010955256365134,0.0303128689196821,0.0624987104229473,LOW,LOW,LOW,LOW Trend + LOW Leadership + LOW Participation,Mixed Terrain
2021-12-20,1084.4784232365146,-0.0628248074551298,-0.0191618911561185,-0.3474290101441188,0.011423010392207,0.0315711235413134,0.063641777154549,0.0945421039724017,LOW,LOW,LOW,LOW Trend + LOW Leadership + LOW Participation,Mixed Terrain
2021-12-21,1096.8664315352696,-0.0463267303347249,0.0158639290881674,0.8939504453157585,0.011375582045209,0.0281771785178583,0.0558346548566934,0.0663113702038529,LOW,LOW,HIGH,LOW Trend + LOW Leadership + HIGH Participation,Mixed Terrain
2021-12-22,1109.3439256198346,-0.026323621277159,0.1663293682660572,1.1752562775426718,0.0090981479895626,0.020912789517955,0.0457289637407196,0.0533544647988899,LOW,MEDIUM,HIGH,LOW Trend + MEDIUM Leadership + HIGH Participation,Mixed Terrain
2021-12-23,1119.4369008264462,-0.0157843894211044,0.2370940271536562,0.6460947451182506,-0.007531700053964,0.0135768501388382,0.0326854034269592,0.0417648731452788,LOW,MEDIUM,HIGH,LOW Trend + MEDIUM Leadership + HIGH Participation,Mixed Terrain
2021-12-24,1111.0056378600823,-0.0231222313247613,0.1482120164790688,-1.018002369053545,0.0069405477268082,0.0314428409945899,0.0413952037646279,0.0361348314680973,LOW,MEDIUM,LOW,LOW Trend + MEDIUM Leadership + LOW Participation,Mixed Terrain
2021-12-27,1118.7166255144034,-0.0126482558696762,0.219515112335119,-0.6000353092019748,0.0080953541459325,0.0310891347008037,0.0413656936745854,-0.00625818330706,LOW,MEDIUM,LOW,LOW Trend + MEDIUM Leadership + LOW Participation,Mixed Terrain
2021-12-28,1127.773032786885,0.0004300673736019,0.3157923232426665,1.1767950174580522,0.0042299015083477,0.0268995236586597,0.0343712703499303,-0.0063166703624748,LOW,MEDIUM,HIGH,LOW Trend + MEDIUM Leadership + HIGH Participation,Mixed Terrain
2021-12-29,1132.5434016393442,0.0096287239474564,0.3172154047337585,0.2334658405865504,0.0018471046906283,0.0243078296966796,0.0367434983040315,-0.0271537380737298,MEDIUM,MEDIUM,MEDIUM,MEDIUM Trend + MEDIUM Leadership + MEDIUM Participation,Mixed Terrain
2021-12-30,1134.6353278688523,0.010385803212446,0.263073028108904,-0.2211206640425277,0.0099622172242677,0.0188525944386985,0.0403335700189944,-0.0233269142371227,MEDIUM,MEDIUM,MEDIUM,MEDIUM Trend + MEDIUM Leadership + MEDIUM Participation,Mixed Terrain
2021-12-31,1145.93881147541,0.0318456046527064,0.3455288609694845,-0.231233748174254,0.0065952438524259,0.0096489716875063,0.031238900798175,-0.0211280699871433,MEDIUM,MEDIUM,MEDIUM,MEDIUM Trend + MEDIUM Leadership + MEDIUM Participation,Mixed Terrain
2022-01-03,1153.4965573770494,0.0462587866625907,0.3730324187092433,0.7829676734026308,0.0039991734326234,0.009966702807671,0.02905144145477,-0.0201482548641488,MEDIUM,HIGH,HIGH,MEDIUM Trend + HIGH Leadership + HIGH Participation,Fog
2022-01-04,1158.1095901639344,0.0507430321484214,0.3648110008067073,0.321317634492449,0.001695421247897,0.0072760250824248,0.0099226856202985,-0.0137800529509047,MEDIUM,HIGH,HIGH,MEDIUM Trend + HIGH Leadership + HIGH Participation,Fog
2022-01-05,1160.0730737704916,0.0542155654585912,0.3373220286846014,-0.8049793439604361,-0.0034885097508164,0.0121405579912772,0.0072920434668777,-0.0202133046920666,MEDIUM,MEDIUM,LOW,MEDIUM Trend + MEDIUM Leadership + LOW Participation,Mixed Terrain
2022-01-06,1156.0261475409836,0.0492890634567354,0.3129549342905641,-0.5453178583686275,0.0008389041061311,0.0210834969627082,0.0087920964973353,-0.0218499264659569,MEDIUM,MEDIUM,LOW,MEDIUM Trend + MEDIUM Leadership + LOW Participation,Mixed Terrain
2022-01-07,1156.995942622951,0.0524989793744425,0.3028916320067961,-0.0666125038301153,0.0069120139808074,0.0213835993658109,-0.0050512737887734,-0.0336391772596095,MEDIUM,MEDIUM,MEDIUM,MEDIUM Trend + MEDIUM Leadership + MEDIUM Participation,Mixed Terrain
2022-01-10,1164.993114754098,0.0659496115235049,0.3512292641033932,0.4511292140543506,0.0013243939526557,0.0188964038062284,-0.0457321354745217,-0.0454114380963087,MEDIUM,MEDIUM,HIGH,MEDIUM Trend + MEDIUM Leadership + HIGH Participation,Mixed Terrain
2022-01-11,1166.536024590164,0.0619300435463558,0.3490629410209539,0.0395091632083507,0.0065330032214263,0.0026275424729353,-0.0393359153320648,-0.0343050753506533,MEDIUM,MEDIUM,MEDIUM,MEDIUM Trend + MEDIUM Leadership + MEDIUM Participation,Mixed Terrain
2022-01-12,1174.1570081967216,0.0773244789623162,0.3522357371441666,0.3067237848627615,0.0053163359509649,-0.0047903569184324,-0.061632637660413,-0.0401003875335007,MEDIUM,HIGH,HIGH,MEDIUM Trend + HIGH Leadership + HIGH Participation,Fog
2022-01-13,1180.3992213114752,0.0900770393322426,0.3665049086023537,-0.0994166530196801,0.0011330565051608,-0.0120376056433528,-0.061192377224696,-0.0609074780640261,HIGH,HIGH,MEDIUM,HIGH Trend + HIGH Leadership + MEDIUM Participation,Fog
2022-01-14,1181.736680327869,0.0943719159112057,0.4011075742447942,0.1460348740022687,0.0044600585238974,-0.0258814349192587,-0.0507806394277665,-0.0893683211692393,HIGH,HIGH,MEDIUM,HIGH Trend + HIGH Leadership + MEDIUM Participation,Fog
2022-01-17,1187.0072950819674,0.1094976314425246,0.4402511826041284,0.0106488436812729,-0.0146638926425313,-0.063429941492895,-0.0478107258169379,-0.0740680326449858,HIGH,HIGH,MEDIUM,HIGH Trend + HIGH Leadership + MEDIUM Participation,Fog
2022-01-18,1169.601147540984,0.0783996852226364,0.2478974488157257,-0.502421434586884,-0.000913790563604,-0.0418534859929135,-0.0234698545826258,-0.0579786734937447,MEDIUM,MEDIUM,LOW,MEDIUM Trend + MEDIUM Leadership + LOW Participation,Mixed Terrain
2022-01-19,1168.5323770491805,0.0723213225111313,0.2696329544494984,-0.0367830261100276,-0.0020045110529915,-0.0571158862226999,-0.0273062299432813,-0.0586697300276096,MEDIUM,MEDIUM,MEDIUM,MEDIUM Trend + MEDIUM Leadership + MEDIUM Participation,Mixed Terrain
2022-01-20,1166.1900409836069,0.0659357083511677,0.2619609068601131,-0.229833996443398,-0.0128953267570872,-0.0497536868428604,-0.0303749633543776,-0.0621107157332364,MEDIUM,MEDIUM,MEDIUM,MEDIUM Trend + MEDIUM Leadership + MEDIUM Participation,Mixed Terrain
2022-01-21,1151.1516393442623,0.0419767023881828,0.1259193826607309,-0.1657510854613393,-0.034257995378826,-0.025560753486352,-0.0287330419324209,-0.0614984906455775,MEDIUM,LOW,MEDIUM,MEDIUM Trend + LOW Leadership + MEDIUM Participation,Mixed Terrain
2022-01-24,1111.7154918032786,-0.0230890076221958,0.0138514758013403,-0.5994835283630203,0.0080360223075708,0.016677039303236,0.0003360664129379,-0.0336138912478392,LOW,LOW,LOW,LOW Trend + LOW Leadership + LOW Participation,Mixed Terrain
2022-01-25,1120.6492622950818,-0.0084251409683515,0.0760002537345388,0.4037719607218435,-0.0168283228084771,0.0191866600165406,0.0052368357074059,-0.0333764216455022,LOW,LOW,HIGH,LOW Trend + LOW Leadership + HIGH Participation,Mixed Terrain
2022-01-27,1101.7906147540984,-0.0273332374059893,0.0711071185521147,-0.000697900106721,0.0057880073089666,0.0316153977395987,0.0229465036733873,-0.0611555163344805,LOW,LOW,MEDIUM,LOW Trend + LOW Leadership + MEDIUM Participation,Mixed Terrain
2022-01-28,1108.167786885246,-0.0154181544691202,0.1034508170558678,0.5071943399531249,0.0122360073454579,0.0203933687720376,0.0003034691599836,-0.0361445589186625,LOW,LOW,HIGH,LOW Trend + LOW Leadership + HIGH Participation,Mixed Terrain
2022-01-31,1121.7273360655736,-0.000861438913969,0.2375858426805877,0.0991773028829384,0.0076028090020856,-0.0032555015178408,-0.0406520171672544,-0.0400458820170387,LOW,MEDIUM,MEDIUM,LOW Trend + MEDIUM Leadership + MEDIUM Participation,Mixed Terrain
2022-02-01,1130.2556147540984,0.0073951073512007,0.2333856922775307,0.4129849222257365,0.0105243130661327,-0.0160729241033094,-0.0275757221174073,-0.0541231934856043,MEDIUM,MEDIUM,HIGH,MEDIUM Trend + MEDIUM Leadership + HIGH Participation,Mixed Terrain
2022-02-02,1142.1507786885247,0.0267910122562264,0.3393146147354989,0.8649310672630488,-0.0048387791930276,-0.0136872124178982,-0.0353382013582076,-0.0645032630827489,MEDIUM,MEDIUM,HIGH,MEDIUM Trend + MEDIUM Leadership + HIGH Participation,Mixed Terrain
2022-02-03,1136.6241632653064,0.01541516608948,0.2467465488369196,-0.5989171308223117,-0.0051530683845312,-0.0084032228340193,-0.0322439611004184,-0.0778048005529588,MEDIUM,MEDIUM,LOW,MEDIUM Trend + MEDIUM Leadership + LOW Participation,Mixed Terrain
2022-02-04,1130.7670612244897,0.007927197828609,0.2001264519253943,-0.3490745811744952,-0.0112238060687209,-0.0196883870739288,-0.0327299225777495,-0.0960479310540616,MEDIUM,MEDIUM,LOW,MEDIUM Trend + MEDIUM Leadership + LOW Participation,Mixed Terrain
2022-02-07,1118.0755510204085,-0.0113088293534812,0.1193005126533906,-1.2578217986648124,-0.0053542437039505,-0.0375186576964918,-0.0337347507201792,-0.0734970960123867,LOW,LOW,LOW,LOW Trend + LOW Leadership + LOW Participation,Mixed Terrain
2022-02-08,1112.0891020408164,-0.0256991644537706,0.0359314729256185,-0.1111000205989245,0.0129745146320128,-0.0116907017764654,-0.0339385520533283,-0.0495048058658346,LOW,LOW,MEDIUM,LOW Trend + LOW Leadership + MEDIUM Participation,Mixed Terrain
2022-02-09,1126.517918367347,-0.0081324432077821,0.127128367414466,0.4849419611605122,0.0004926142464867,-0.0219514430035787,-0.0384120994986573,-0.0495344349713504,LOW,LOW,HIGH,LOW Trend + LOW Leadership + HIGH Participation,Mixed Terrain
2022-02-10,1127.0728571428572,-0.0102049421507628,0.1221078436615776,0.2554388787492048,-0.0164752219810139,-0.0240427750628,-0.082215462593458,-0.0447047136912539,LOW,LOW,MEDIUM,LOW Trend + LOW Leadership + MEDIUM Participation,Mixed Terrain
2022-02-11,1108.504081632653,-0.0328377572831577,0.0237449734578408,-0.1935804302293676,-0.0292080336250175,-0.0133034591571284,-0.0364369705817914,-0.0233747631943764,LOW,LOW,MEDIUM,LOW Trend + LOW Leadership + MEDIUM Participation,Mixed Terrain
2022-02-14,1076.1268571428573,-0.0841899949578626,-0.0294252527781071,-0.8535850213439939,0.0213368365492754,0.0039314081322934,0.0006318199037913,0.004060252664241,LOW,LOW,LOW,LOW Trend + LOW Leadership + LOW Participation,Mixed Terrain
2022-02-15,1099.088,-0.0552601546592455,-0.0146577989740815,1.7122545375145914,0.002457696280731,-0.0225110198971646,-0.0273002967655259,-0.0030831870401194,LOW,LOW,HIGH,LOW Trend + LOW Leadership + HIGH Participation,Mixed Terrain
2022-02-16,1101.789224489796,-0.0449688065536934,0.0185533676256262,0.2377673057979341,-0.0016467092709606,-0.0168301015091,-0.0302334577419822,0.0073443063075584,LOW,LOW,MEDIUM,LOW Trend + LOW Leadership + MEDIUM Participation,Mixed Terrain
2022-02-17,1099.974897959184,-0.0497763124052299,0.0381173461116245,0.0677903516879274,-0.0056526336315285,-0.059605775790431,-0.047078847995975,0.0081982946920677,LOW,LOW,MEDIUM,LOW Trend + LOW Leadership + MEDIUM Participation,Mixed Terrain
2022-02-18,1093.7571428571428,-0.0557274542687556,0.0138513908432132,-2.0298767882363817,-0.0122509753872162,-0.0234454165663755,-0.0654605264385443,0.0125729884446235,LOW,LOW,LOW,LOW Trend + LOW Leadership + LOW Participation,Mixed Terrain
2022-02-21,1080.357551020408,-0.0723693874812227,-0.0100826877202419,-0.374943762567634,-0.0055640309557379,-0.0032866669991334,-0.0411505487979033,0.0237269520748235,LOW,LOW,LOW,LOW Trend + LOW Leadership + LOW Participation,Mixed Terrain
2022-02-22,1074.346408163265,-0.0745111465324718,-0.0038125938954823,-0.171731680421111,0.0082837265235056,-0.0048995712134345,-0.0161131094151327,0.0273563571845312,LOW,LOW,MEDIUM,LOW Trend + LOW Leadership + MEDIUM Participation,Mixed Terrain
2022-02-23,1083.246,-0.06580721548087,-0.0158847828246276,0.5469612209342678,-0.0450829813206541,-0.013632797600349,-0.0115666341755072,0.0166532734362594,LOW,LOW,HIGH,LOW Trend + LOW Leadership + HIGH Participation,Mixed Terrain
2022-02-24,1034.4100408163267,-0.1243056837650279,-0.0319566259756513,-0.2940646890542837,0.032582350203681,0.0133209322983509,0.0408709750201297,0.0655344270771554,LOW,LOW,LOW,LOW Trend + LOW Leadership + LOW Participation,Mixed Terrain
2022-02-25,1068.1135510204083,-0.0855542926457562,-0.0038529922555284,3.756698637642735,0.0081388579720678,-0.0430238212844602,0.0135561525179124,0.0396481578699383,LOW,LOW,HIGH,LOW Trend + LOW Leadership + HIGH Participation,Mixed Terrain
2022-02-28,1076.8067755102045,-0.0756597733998862,0.1116316408013349,0.033130387279261,-0.0071732498878205,-0.0379887381307227,0.0034262679761467,0.0392087474356337,LOW,LOW,MEDIUM,LOW Trend + LOW Leadership + MEDIUM Participation,Mixed Terrain
2022-03-02,1069.0825714285716,-0.087080594302965,0.0822908550130484,0.1455091399152899,-0.0005651994655115,-0.0112687502460149,0.0248967997470117,0.050611275591893,LOW,LOW,MEDIUM,LOW Trend + LOW Leadership + MEDIUM Participation,Mixed Terrain
2022-03-03,1068.4783265306123,-0.0875249766515466,0.0456009153027154,-3.485763759125538,-0.0189886674236208,0.002094720323035,0.0387492890423339,0.0575304899559809,LOW,LOW,LOW,LOW Trend + LOW Leadership + LOW Participation,Mixed Terrain
2022-03-04,1048.1893469387755,-0.1070573060236776,-0.0343376529759994,-0.6708002911362303,-0.0248334163336044,0.0271878748811509,0.0580080970726624,0.0880532380327137,LOW,LOW,LOW,LOW Trend + LOW Leadership + LOW Participation,Mixed Terrain
2022-03-07,1022.159224489796,-0.1343758804636793,-0.0263075432670569,-0.2394405928826873,0.013443131049394,0.0591237013635121,0.0834994316353361,0.1271458823361733,LOW,LOW,MEDIUM,LOW Trend + LOW Leadership + MEDIUM Participation,Mixed Terrain
2022-03-08,1035.9002448979593,-0.1154587763163312,0.0465066768051542,0.9675598217232122,0.0204026421896426,0.0430504379194025,0.0676618219798643,0.1116962549590536,LOW,LOW,HIGH,LOW Trend + LOW Leadership + HIGH Participation,Mixed Terrain
2022-03-09,1057.0353469387755,-0.0892061258986677,0.2292678647538618,2.3031098191517683,0.0129429379034147,0.0365777353573333,0.0441813657805967,0.0856717112698495,LOW,MEDIUM,HIGH,LOW Trend + MEDIUM Leadership + HIGH Participation,Mixed Terrain
2022-03-10,1070.7164897959185,-0.0760825035775557,0.2342245531180344,0.9286325721168,0.0055765443197028,0.0365779481479384,0.0285501365974503,0.0755572871549072,LOW,MEDIUM,HIGH,LOW Trend + MEDIUM Leadership + HIGH Participation,Mixed Terrain
2022-03-11,1076.6873877551022,-0.0622523558943833,0.2782315527873391,-0.7602937752309649,0.0054850400743535,0.0300044645630941,0.023695013742264,0.0738896869518919,LOW,MEDIUM,LOW,LOW Trend + MEDIUM Leadership + LOW Participation,Mixed Terrain
2022-03-14,1082.59306122449,-0.0541514116105104,0.279110997580249,-1.9013773890912384,-0.0019368839668022,0.0230149983806826,0.0257430289256368,0.0561675638490546,LOW,MEDIUM,LOW,LOW Trend + MEDIUM Leadership + LOW Participation,Mixed Terrain
2022-03-15,1080.4962040816329,-0.0530553727619248,0.2163692369759822,-0.7613527996231784,0.0140704816762757,0.0235955838430541,0.0356602977233775,0.0554821845917039,LOW,MEDIUM,LOW,LOW Trend + MEDIUM Leadership + LOW Participation,Mixed Terrain
2022-03-16,1095.6993061224491,-0.0310863102967479,0.301455823680063,1.2244596918068558,0.0129431458422246,0.0073353209932125,0.0250898196298676,0.0296708497700264,LOW,MEDIUM,HIGH,LOW Trend + MEDIUM Leadership + HIGH Participation,Mixed Terrain
2022-03-17,1109.8811020408164,-0.0133025576853334,0.3287183349245962,0.6392747961814943,-0.0008003431292346,-0.0077445324443101,0.0180805908718957,0.0056407829203779,LOW,MEDIUM,HIGH,LOW Trend + MEDIUM Leadership + HIGH Participation,Mixed Terrain
2022-03-21,1108.9928163265306,-0.0134085285742861,0.3290918672930245,0.0315312643920607,-0.0013380407241373,-0.0061256538567592,0.0283978365035024,0.0099902603787878,LOW,MEDIUM,MEDIUM,LOW Trend + MEDIUM Leadership + MEDIUM Participation,Mixed Terrain
2022-03-22,1107.50893877551,-0.0105131597017219,0.3334746520633513,-1.068651730036969,-0.0013704592940307,0.002666657428554,0.0402828551879912,0.0251940175912968,LOW,MEDIUM,LOW,LOW Trend + MEDIUM Leadership + LOW Participation,Mixed Terrain
2022-03-23,1105.991142857143,-0.0083677091948082,0.3462608407416159,-0.4389160846432577,-0.0020384707660688,0.0117866021217352,0.0412438021784202,0.0226269564451597,LOW,MEDIUM,LOW,LOW Trend + MEDIUM Leadership + LOW Participation,Mixed Terrain
2022-03-24,1103.7366122448975,-0.0047600559091002,0.3464731602614653,0.1130287205754841,-0.0022206569764663,0.0176252120487045,0.0397348074280525,0.0103895759542804,LOW,MEDIUM,MEDIUM,LOW Trend + MEDIUM Leadership + MEDIUM Participation,Mixed Terrain
2022-03-25,1101.2855918367345,-0.0127629990254898,0.2938988321386087,-0.1875731956575812,0.0008298649997071,0.0260266878446366,0.0457023424380278,0.0199653625008668,LOW,MEDIUM,MEDIUM,LOW Trend + MEDIUM Leadership + MEDIUM Participation,Mixed Terrain
2022-03-28,1102.1995102040817,0.0002946480913973,0.2974294089236159,-0.0309084601673032,0.0074966241898204,0.0347362727433615,0.0490328394060786,0.0126590488918312,LOW,MEDIUM,MEDIUM,LOW Trend + MEDIUM Leadership + MEDIUM Participation,Mixed Terrain
2022-03-29,1110.4622857142858,0.005363454243997,0.3090021905171362,0.2022908521750823,0.0077127650385426,0.0375161550259464,0.0296609716717104,0.0130573165717424,LOW,MEDIUM,MEDIUM,LOW Trend + MEDIUM Leadership + MEDIUM Participation,Mixed Terrain
2022-03-30,1119.0270204081633,0.014467884731455,0.3467658607209243,0.5937821887859616,0.0037203602750814,0.029114044399197,0.0191393711933338,-0.0022980636392593,MEDIUM,MEDIUM,HIGH,MEDIUM Trend + MEDIUM Leadership + HIGH Participation,Mixed Terrain
2022-03-31,1123.1902040816326,0.0278236685268796,0.35143885876981,0.1713315152164523,0.0060169720649927,0.0217266584176276,0.0044689060923586,-0.0121192909353144,MEDIUM,MEDIUM,MEDIUM,MEDIUM Trend + MEDIUM Leadership + MEDIUM Participation,Mixed Terrain
2022-04-01,1129.9484081632652,0.0486536711673647,0.4272976072436761,0.8617504356121581,0.0093255628033439,0.019176552448868,-0.0122188833212744,-0.0439056058623336,MEDIUM,HIGH,HIGH,MEDIUM Trend + HIGH Leadership + HIGH Participation,Fog
2022-04-04,1140.4858130081302,0.0793553324599535,0.4597417313150257,1.2657177660194543,0.0102033254905526,0.0138166284871921,-0.0178992754275908,-0.0519172557676256,MEDIUM,HIGH,HIGH,MEDIUM Trend + HIGH Leadership + HIGH Participation,Fog
2022-04-05,1152.1225609756098,0.1081932145961753,0.485892773720624,0.6795126920655867,-0.0004479889803954,-0.0075711431732256,-0.0145045527968138,-0.07400592133928,HIGH,HIGH,HIGH,HIGH Trend + HIGH Leadership + HIGH Participation,Fog
2022-04-06,1151.6064227642278,0.1020448436637112,0.4839605919356027,-0.5069297468075421,-0.0034847398392026,-0.0096924857455293,-0.0178794300569296,-0.0886783586161441,HIGH,HIGH,LOW,HIGH Trend + HIGH Leadership + LOW Participation,Fog
2022-04-07,1147.5933739837396,0.0953843826529262,0.4350488459361422,-1.412914994236086,0.0035060755703182,-0.0168907722854138,-0.0282237655834203,-0.1014398101477614,HIGH,HIGH,LOW,HIGH Trend + HIGH Leadership + LOW Participation,Fog
2022-04-08,1151.616923076923,0.0965884369491835,0.4402068694382451,0.229627161080888,0.0040174459160364,-0.0308047076776892,-0.0246121471595404,-0.1132229307021164,HIGH,HIGH,MEDIUM,HIGH Trend + HIGH Leadership + MEDIUM Participation,Fog
2022-04-11,1156.2434817813769,0.0969361837603621,0.4246773136563981,0.051527263446529,-0.0111082188746516,-0.0312836690813694,-0.03467364332926,-0.1305437515192122,HIGH,HIGH,MEDIUM,HIGH Trend + HIGH Leadership + MEDIUM Participation,Fog
2022-04-12,1143.39967611336,0.0760362652203214,0.3300816644017597,-0.2321728011324182,-0.0025845574806176,-0.0069863039309008,-0.0161253612176939,-0.1110045409010388,MEDIUM,MEDIUM,MEDIUM,MEDIUM Trend + MEDIUM Leadership + MEDIUM Participation,Mixed Terrain
2022-04-13,1140.4444939271254,0.0715589723736665,0.369480760932749,-0.5257098911146072,-0.0107281488619092,-0.0082670727966388,-0.0210348411988946,-0.1031488113218445,MEDIUM,HIGH,LOW,MEDIUM Trend + HIGH Leadership + LOW Participation,Fog
2022-04-18,1128.2096356275306,0.0498512075240173,0.3138123466465987,-0.2595243729988912,-0.0106965362124031,-0.0115277051405082,-0.0165143957439215,-0.0719662667854892,MEDIUM,MEDIUM,MEDIUM,MEDIUM Trend + MEDIUM Leadership + MEDIUM Participation,Mixed Terrain
2022-04-19,1116.1417004048585,0.0318890902944933,0.1790583483878216,-0.0893758213781566,0.0035212759397429,0.0063893836125747,-0.0320786882903788,-0.0585381769905729,MEDIUM,MEDIUM,MEDIUM,MEDIUM Trend + MEDIUM Leadership + MEDIUM Participation,Mixed Terrain
2022-04-20,1120.0719433198378,0.0387367396088007,0.2671123324312291,0.0671763954645937,0.0136951873789776,-0.0034994498799001,-0.0346379749947193,-0.0789993391474237,MEDIUM,MEDIUM,MEDIUM,MEDIUM Trend + MEDIUM Leadership + MEDIUM Participation,Mixed Terrain
2022-04-21,1135.4115384615386,0.0598010730474766,0.3585969494881014,1.0361654534979596,-0.0038710036293889,-0.0092033547200512,-0.0603771115445836,-0.0767230670484891,MEDIUM,HIGH,HIGH,MEDIUM Trend + HIGH Leadership + HIGH Participation,Fog
2022-04-22,1131.016356275304,0.0511017283709562,0.2798329836111861,-0.0493254262672765,-0.0139806896480627,-0.0128742003537789,-0.0720878176528961,-0.0742802810789406,MEDIUM,MEDIUM,MEDIUM,MEDIUM Trend + MEDIUM Leadership + MEDIUM Participation,Mixed Terrain
2022-04-25,1115.203967611336,0.0247821540757948,0.1105993978357117,-0.4815006853029949,0.0072356183422517,-0.0050448461017534,-0.0753424934375941,-0.067143259831754,MEDIUM,LOW,LOW,MEDIUM Trend + LOW Leadership + LOW Participation,Mixed Terrain
2022-04-26,1123.2731578947366,0.0460451141105065,0.2557893313398665,-0.3002034327886609,-0.0063393753802281,-0.0382238450935036,-0.0908467162929388,-0.0913549332392541,MEDIUM,MEDIUM,LOW,MEDIUM Trend + MEDIUM Leadership + LOW Participation,Mixed Terrain
2022-04-27,1116.1523076923077,0.0318395834446269,0.2022817557744712,-0.0932057467584175,0.0078928615448052,-0.031247875488946,-0.0993136751394556,-0.0818173235995958,MEDIUM,MEDIUM,MEDIUM,MEDIUM Trend + MEDIUM Leadership + MEDIUM Participation,Mixed Terrain
2022-04-28,1124.961943319838,0.0401497499454721,0.2798594688117554,0.4748246743198951,-0.0075616053228609,-0.0516491018296426,-0.0964342162541889,-0.076497418305312,MEDIUM,MEDIUM,HIGH,MEDIUM Trend + MEDIUM Leadership + HIGH Participation,Mixed Terrain
2022-04-29,1116.4554251012146,0.0222439590749551,0.1523395691456855,-0.7145852773940801,-0.0061601114777323,-0.0599858876349286,-0.083878337635132,-0.054389304311589,MEDIUM,MEDIUM,LOW,MEDIUM Trend + MEDIUM Leadership + LOW Participation,Mixed Terrain
2022-05-02,1109.577935222672,0.0092376554758211,0.0934839180407318,-0.0162376657342082,-0.0263529001296572,-0.0706540863278245,-0.056383002254021,-0.0464694182913976,MEDIUM,LOW,MEDIUM,MEDIUM Trend + LOW Leadership + MEDIUM Participation,Mixed Terrain
2022-05-04,1080.3373387096776,-0.0335410186222706,0.0019069332449699,-0.7298141873350122,0.000867859150625,-0.0547142606218504,-0.0273364047057287,-0.0196408402928399,LOW,LOW,LOW,LOW Trend + LOW Leadership + LOW Participation,Mixed Terrain
2022-05-05,1081.2749193548386,-0.0404034951859712,-0.0107593618641629,-0.0143438333346569,-0.0133326407021457,-0.0702613165208423,-0.0459530859963771,-0.0137885950348469,LOW,LOW,MEDIUM,LOW Trend + LOW Leadership + MEDIUM Participation,Mixed Terrain
2022-05-06,1066.8586693548389,-0.0723338160320097,-0.0164834035094268,-0.3147478004636547,-0.016285956549108,-0.0472242020447807,-0.0173962934542553,-0.0153431261354565,LOW,LOW,LOW,LOW Trend + LOW Leadership + LOW Participation,Mixed Terrain
2022-05-09,1049.4838554216867,-0.0926268153412837,-0.0256077458597658,-0.2170427656748972,-0.0174391776749465,-0.0254171184090952,-0.0023627919406109,-0.0009421924253896,LOW,LOW,MEDIUM,LOW Trend + LOW Leadership + MEDIUM Participation,Mixed Terrain
2022-05-10,1031.18172,-0.1097969337255605,-0.0254964097412665,-0.376082910899503,-0.0096532355131353,0.0153560518896709,0.0088673195725434,0.0097263835213146,LOW,LOW,LOW,LOW Trend + LOW Leadership + LOW Participation,Mixed Terrain
2022-05-11,1021.22748,-0.1267412900742623,-0.0308510833275856,-0.1364168004373745,-0.0155933524233013,0.0289625187132644,-0.0005590002867756,0.0170682205623919,LOW,LOW,MEDIUM,LOW Trend + LOW Leadership + MEDIUM Participation,Mixed Terrain
2022-05-12,1005.30312,-0.1437006360264122,-0.0368554758229421,-0.2386004003734725,0.0111150555267349,0.0261452287146983,0.0194255769816078,0.038165673330637,LOW,LOW,MEDIUM,LOW Trend + LOW Leadership + MEDIUM Participation,Mixed Terrain
2022-05-13,1016.47712,-0.1252161516382404,-0.0284340075948815,0.5007661336865495,0.0062292400639574,0.0313063247980689,0.0220645782603974,0.0226392550399017,LOW,LOW,HIGH,LOW Trend + LOW Leadership + HIGH Participation,Mixed Terrain
2022-05-16,1022.809,-0.1122652074446315,-0.0231502020931614,0.6683226546937618,0.0236677620161733,0.0236555832284377,0.0321889925050133,-0.0043320940291927,LOW,LOW,HIGH,LOW Trend + LOW Leadership + HIGH Participation,Mixed Terrain
2022-05-17,1047.0166000000002,-0.0827799512869918,0.1246249421410224,3.060698712624407,0.0036180897227415,-0.0063905979631985,0.0105059404253038,-0.0302369836443128,LOW,LOW,HIGH,LOW Trend + LOW Leadership + HIGH Participation,Mixed Terrain
2022-05-18,1050.8048,-0.0748613633828413,0.1805972327176479,-0.2861568701552293,-0.0182886488527649,-0.028690567890614,0.0079118458325364,-0.0302690126744031,LOW,MEDIUM,LOW,LOW Trend + MEDIUM Leadership + LOW Participation,Mixed Terrain
2022-05-19,1031.587,-0.099305101278369,0.0105990687315269,-0.7251399222018365,0.0162005559090272,-0.0065484412391678,0.0337137414202757,-0.0298838908723485,LOW,LOW,LOW,LOW Trend + LOW Leadership + LOW Participation,Mixed Terrain
2022-05-20,1048.2992828685258,-0.0791963802024677,0.2631819691385669,-0.3070117716280204,-0.0012354672595852,-0.0089612041693635,0.0020895171727131,-0.0556570401248625,LOW,MEDIUM,LOW,LOW Trend + MEDIUM Leadership + LOW Participation,Mixed Terrain
2022-05-23,1047.004143426295,-0.0811420129783126,0.1729962259248592,0.0115804139435047,-0.0063787766453667,0.0083362113355183,0.0014239640459929,-0.0661054074373482,LOW,MEDIUM,MEDIUM,LOW Trend + MEDIUM Leadership + MEDIUM Participation,Mixed Terrain
2022-05-24,1040.325537848605,-0.0882336327722923,0.088705592714589,0.007381207183765,-0.0189065091523791,0.0170052118607837,0.0008515133081474,-0.0386616449519641,LOW,LOW,MEDIUM,LOW Trend + LOW Leadership + MEDIUM Participation,Mixed Terrain
2022-05-25,1020.6566135458168,-0.1141838830142429,0.0061194949093625,-2.558847390986604,0.0040906016246631,0.0376835769458772,0.0176370799819354,-0.0299040557528366,LOW,LOW,LOW,LOW Trend + LOW Leadership + LOW Participation,Mixed Terrain
2022-05-26,1024.8317131474105,-0.1043989455162193,0.0649069527003796,0.3721672993496452,0.0137325432421593,0.0405275751035754,0.0183829960442196,-0.0201439643211952,LOW,LOW,HIGH,LOW Trend + LOW Leadership + HIGH Participation,Mixed Terrain
2022-05-27,1038.9052589641435,-0.0891460461118799,0.2015555815801665,0.7853141382910541,0.0161967918881209,0.0111506445444595,0.0005622705176635,-0.0251413733548065,LOW,MEDIUM,HIGH,LOW Trend + MEDIUM Leadership + HIGH Participation,Mixed Terrain
2022-05-30,1055.73219123506,-0.068324336886208,0.2857467761795387,1.4037903313926323,0.002163714252354,-0.0068551017129201,-0.0353821701252337,-0.0303911632104001,LOW,MEDIUM,HIGH,LOW Trend + MEDIUM Leadership + HIGH Participation,Mixed Terrain
2022-05-31,1058.0164940239044,-0.061280593660001,0.2763446236429658,-0.1173310102204722,0.0010416771005081,-0.0158835946603266,-0.040319331574111,-0.0306989036449966,LOW,MEDIUM,MEDIUM,LOW Trend + MEDIUM Leadership + MEDIUM Participation,Mixed Terrain
2022-06-01,1059.118605577689,-0.0524683665177414,0.3011570455309238,-0.4835331122414821,0.0068425309069857,-0.0193185065363979,-0.0378811486984778,-0.0292260034214997,LOW,MEDIUM,LOW,LOW Trend + MEDIUM Leadership + LOW Participation,Mixed Terrain
2022-06-02,1066.365657370518,-0.0420276425727401,0.3081992038256926,-0.795186671149752,-0.0148878905078798,-0.0212820684325941,-0.0615234467186669,-0.0379077794905667,LOW,MEDIUM,LOW,LOW Trend + MEDIUM Leadership + LOW Participation,Mixed Terrain
2022-06-03,1050.4897222222223,-0.0580713970591012,0.1946351025041882,-0.4080522897249766,-0.0018988120468832,-0.0104716088388254,-0.0576261464749189,-0.022636458013786,LOW,MEDIUM,LOW,LOW Trend + MEDIUM Leadership + LOW Participation,Mixed Terrain
2022-06-06,1048.4950396825398,-0.0587581118286162,0.1305272132089285,-0.1572838065203271,-0.0069467670499006,-0.0287239741768955,-0.0674333488191218,-0.0147058700268812,LOW,LOW,MEDIUM,LOW Trend + LOW Leadership + MEDIUM Participation,Mixed Terrain
2022-06-07,1041.211388888889,-0.0608531786331683,0.1665708484416738,-0.3736281719310161,-0.0024523099181598,-0.0248301286120216,-0.0394795409056308,-0.009109188173631,LOW,MEDIUM,LOW,LOW Trend + MEDIUM Leadership + LOW Participation,Mixed Terrain
2022-06-08,1038.6580158730158,-0.0629729778116174,0.1761171848314213,0.1129955564403251,0.0048265882769515,-0.0189283088197368,-0.046717181075611,0.0097705583135894,LOW,MEDIUM,MEDIUM,LOW Trend + MEDIUM Leadership + MEDIUM Participation,Mixed Terrain
2022-06-09,1043.6711904761903,-0.052188357448501,0.253090112129354,0.3082900243836297,-0.0040068038214003,-0.0411164207665294,-0.0378315039774507,0.0139193537473363,LOW,MEDIUM,HIGH,LOW Trend + MEDIUM Leadership + HIGH Participation,Mixed Terrain
2022-06-10,1039.4894047619048,-0.0602797938324334,0.1487667210416134,-0.1299574377367995,-0.0203093070762419,-0.0476535469394256,-0.0256891995929167,0.0182932644041602,LOW,MEDIUM,MEDIUM,LOW Trend + MEDIUM Leadership + MEDIUM Participation,Mixed Terrain
2022-06-13,1018.3780952380954,-0.0916283082385578,-0.0026050082839492,-0.3913442466774542,-0.0029656166621623,-0.039854144046665,0.0051740769870296,0.04668145882156,LOW,LOW,LOW,LOW Trend + LOW Leadership + LOW Participation,Mixed Terrain
2022-06-14,1015.3579761904762,-0.0996571302697764,0.001544588287487,-0.2945510970178445,0.0035849425378593,-0.0150224209375526,0.0100246136508035,0.0456349966102265,LOW,LOW,LOW,LOW Trend + LOW Leadership + LOW Participation,Mixed Terrain
2022-06-15,1018.9979761904762,-0.0969428469332914,0.0433182755457531,0.4079336359792879,-0.0178987691339637,-0.0283250169235269,0.0089959211019197,0.0423824943646051,LOW,LOW,HIGH,LOW Trend + LOW Leadership + HIGH Participation,Mixed Terrain
2022-06-16,1000.7591666666666,-0.1136951771730505,-0.011912925504788,-0.1859451620238248,-0.0107969223840423,0.0034257722837476,0.0251638329647441,0.059089373859831,LOW,LOW,MEDIUM,LOW Trend + LOW Leadership + MEDIUM Participation,Mixed Terrain
2022-06-17,989.9540476190476,-0.1250233926009402,-0.0155559380169866,-0.1748993793827197,-0.0122859638907401,0.0230634001690475,0.0371293073659133,0.0791496232767681,LOW,LOW,MEDIUM,LOW Trend + LOW Leadership + MEDIUM Participation,Mixed Terrain
2022-06-20,977.791507936508,-0.1355718053190348,-0.022369973654248,-0.548578825403412,0.0228201341003895,0.0468972716535718,0.0565401719281657,0.1044875403228939,LOW,LOW,LOW,LOW Trend + LOW Leadership + LOW Participation,Mixed Terrain
2022-06-21,1000.1048412698412,-0.1094176069568598,0.0469046735790404,2.064551233506706,-0.0099689548421153,0.0254290403363266,0.0316186422105311,0.0836516850239641,LOW,LOW,HIGH,LOW Trend + LOW Leadership + HIGH Participation,Mixed Terrain
2022-06-22,990.1348412698412,-0.1110490950471804,0.0109740510144032,-0.1500276715907847,0.0141927117670921,0.038408869915826,0.0592560132919808,0.0982591251019044,LOW,LOW,MEDIUM,LOW Trend + LOW Leadership + MEDIUM Participation,Mixed Terrain
2022-06-23,1004.1875396825396,-0.097371098895371,0.1034068835629441,0.9605264554172428,0.0085623590673435,0.0216638452802757,0.0537856497471251,0.0949576278069694,LOW,LOW,HIGH,LOW Trend + LOW Leadership + HIGH Participation,Mixed Terrain
2022-06-24,1012.785753968254,-0.0851682649164705,0.1952042214533393,-0.5095326620437539,0.0107243885431356,0.0137488128248373,0.0451421291631997,0.0878025725578424,LOW,MEDIUM,LOW,LOW Trend + MEDIUM Leadership + LOW Participation,Mixed Terrain
2022-06-27,1023.647261904762,-0.0748184723457915,0.2242704622454187,0.9913450023482798,0.0018456413499021,0.0092109326633003,0.041293724922699,0.0751124242546501,LOW,MEDIUM,HIGH,LOW Trend + MEDIUM Leadership + HIGH Participation,Mixed Terrain
2022-06-28,1025.5365476190475,-0.0665294940081074,0.1661818584620654,-0.4636327957178551,0.0025628086822999,0.0060361094046783,0.0352569457002704,0.0593460616192091,LOW,MEDIUM,LOW,LOW Trend + MEDIUM Leadership + LOW Participation,Mixed Terrain
2022-06-29,1028.1648015873016,-0.0634258656952848,0.1368794663066042,-1.1735735729961478,-0.0021618114229032,0.0200760451688404,0.0330889080564607,0.0645676514625894,LOW,MEDIUM,LOW,LOW Trend + MEDIUM Leadership + LOW Participation,Mixed Terrain
2022-06-30,1025.942103174603,-0.0678993890930292,0.1520191731339534,-0.8044917320299593,0.0007488264242641,0.0314406784729053,0.0330927992231011,0.0753754632088765,LOW,MEDIUM,LOW,LOW Trend + MEDIUM Leadership + LOW Participation,Mixed Terrain
2022-07-01,1026.7103557312253,-0.0606119136006252,0.2111053106679501,0.1394594832157843,0.0062000467204597,0.030967549299401,0.040515985434427,0.0892939774802459,LOW,MEDIUM,MEDIUM,LOW Trend + MEDIUM Leadership + MEDIUM Participation,Mixed Terrain
2022-07-04,1033.0760079051386,-0.0436203557084864,0.2807198275838153,0.477513927686979,-0.0013060118285993,0.0317899769225966,0.0453814910863494,0.0971951717314685,LOW,MEDIUM,HIGH,LOW Trend + MEDIUM Leadership + HIGH Participation,Mixed Terrain
2022-07-05,1031.7267984189723,-0.0411131516501109,0.2507829846244176,0.1448288553210237,0.0165542721117457,0.0290455143930006,0.0504382537154795,0.1060137944413999,LOW,MEDIUM,MEDIUM,LOW Trend + MEDIUM Leadership + MEDIUM Participation,Mixed Terrain
2022-07-06,1048.8062845849802,-0.013730668535586,0.323319616664515,0.5165590839183918,0.0089550706602301,0.0127567576449325,0.0368212323748902,0.0859646986585427,LOW,MEDIUM,HIGH,LOW Trend + MEDIUM Leadership + HIGH Participation,Mixed Terrain
2022-07-07,1058.198418972332,0.0031589003389043,0.3417642285449876,0.6780111718167021,0.0002897758215356,0.0016017603190148,0.0390705434921458,0.0782787659837993,LOW,MEDIUM,HIGH,LOW Trend + MEDIUM Leadership + HIGH Participation,Mixed Terrain
2022-07-08,1058.5050592885375,0.0079216951589313,0.3606904121231838,0.2037972812779474,0.0070027167108448,0.0092616262670097,0.0408178392242202,0.0777587064581872,MEDIUM,HIGH,MEDIUM,MEDIUM Trend + HIGH Leadership + MEDIUM Participation,Fog
2022-07-11,1065.9174703557312,0.0249546916421125,0.3883033278432558,-0.051582788046675,-0.0039624421975432,0.0131727526606633,0.0324775791138678,0.0754201172127617,MEDIUM,HIGH,MEDIUM,MEDIUM Trend + HIGH Leadership + MEDIUM Participation,Fog
2022-07-12,1061.693833992095,0.025099831643414,0.3583196391099953,-0.8335948821509306,0.0004632391807048,0.0207889146041295,0.0232687315153865,0.0785596392430409,MEDIUM,HIGH,LOW,MEDIUM Trend + HIGH Leadership + LOW Participation,Fog
2022-07-13,1062.185652173913,0.0307164073952922,0.3259599966053224,-0.0113517230166782,-0.0021580530293695,0.0237613568591901,0.0304705075823041,0.0830667334938473,MEDIUM,MEDIUM,MEDIUM,MEDIUM Trend + MEDIUM Leadership + MEDIUM Participation,Mixed Terrain
2022-07-14,1059.8933992094862,0.0320637005320834,0.3443340811647887,-0.4006693653021095,0.0079396082155027,0.0374088631405731,0.0409282341504775,0.0868544353200111,MEDIUM,MEDIUM,LOW,MEDIUM Trend + MEDIUM Leadership + LOW Participation,Mixed Terrain
2022-07-15,1068.308537549407,0.0424965274321074,0.3822958380294685,0.4224542460167679,0.0109050892981947,0.0312666330869315,0.0468786570592221,0.0893646067371249,MEDIUM,HIGH,HIGH,MEDIUM Trend + HIGH Leadership + HIGH Participation,Fog
2022-07-18,1079.958537549407,0.0659314119997895,0.4533644831554187,1.1374440381276416,0.0035249120784939,0.0190538349975448,0.0495643753853676,0.083056182328183,MEDIUM,HIGH,HIGH,MEDIUM Trend + HIGH Leadership + HIGH Participation,Fog
2022-07-19,1083.7652964426877,0.0649257417548065,0.4397159521332598,0.3250772780107086,0.0033764949618266,0.0024293141077247,0.0529070038427728,0.0792365600503763,MEDIUM,HIGH,HIGH,MEDIUM Trend + HIGH Leadership + HIGH Participation,Fog
2022-07-20,1087.424624505929,0.080310810309643,0.4545877075743659,0.0223814323247842,0.0111439280894412,0.0065534322800551,0.0473982059289883,0.0657323466116026,MEDIUM,HIGH,MEDIUM,MEDIUM Trend + HIGH Leadership + MEDIUM Participation,Fog
2022-07-21,1099.5428063241106,0.0904440032818695,0.4583879302361374,-0.2922201975800906,0.0019718580122753,0.0033924628321087,0.0377339370625222,0.0437041151814694,HIGH,HIGH,LOW,HIGH Trend + HIGH Leadership + LOW Participation,Fog
2022-07-22,1101.7109486166007,0.0857848729892759,0.4244794951857658,-0.135283866896422,-0.0010665767550126,0.0151386881640476,0.0354921541904982,0.0458819944701893,HIGH,HIGH,MEDIUM,HIGH Trend + HIGH Leadership + MEDIUM Participation,Fog
2022-07-25,1100.5358893280634,0.0808831467898047,0.3979905506990341,-0.1904595537609101,-0.0128462748905869,0.0299400672859408,0.0415917391017339,0.0522463759839888,MEDIUM,HIGH,MEDIUM,MEDIUM Trend + HIGH Leadership + MEDIUM Participation,Fog
2022-07-26,1086.3981027667985,0.0593061449516205,0.2818805462584682,-0.8071014533664632,0.0075045099533319,0.0503553607467863,0.0540336140690751,0.0643980296495594,MEDIUM,MEDIUM,LOW,MEDIUM Trend + MEDIUM Leadership + LOW Participation,Mixed Terrain
2022-07-27,1094.550988142293,0.0685322218557088,0.3693438778814699,0.3266511210479171,0.0079685426983973,0.0405788429496596,0.05104098130372,0.0527876870362866,MEDIUM,HIGH,HIGH,MEDIUM Trend + HIGH Leadership + HIGH Participation,Fog
2022-07-28,1103.2729644268777,0.0816414741950057,0.4157610612064307,0.352732957200045,0.0137014530176577,0.0342253659485178,0.0441204298844049,0.0391973906678291,MEDIUM,HIGH,HIGH,MEDIUM Trend + HIGH Leadership + HIGH Participation,Fog
2022-07-29,1118.3894071146246,0.1032633676136654,0.4453742831005997,0.9065199166112188,0.0134985191155039,0.0200499362931987,0.0405834519515853,0.0399551316837551,HIGH,HIGH,HIGH,HIGH Trend + HIGH Leadership + HIGH Participation,Fog
2022-08-01,1133.4860079051384,0.1196692851386478,0.4553885161275722,0.5696387530330234,0.0067209151131788,0.0113129610021842,0.0319101979147475,0.0251956470177214,HIGH,HIGH,HIGH,HIGH Trend + HIGH Leadership + HIGH Participation,Fog
2022-08-02,1141.104071146245,0.124879619615018,0.4628275094524998,-0.0260935207548652,-0.0018731598718984,0.0035019132188496,0.0250065353459603,0.0165396382468743,HIGH,HIGH,MEDIUM,HIGH Trend + HIGH Leadership + MEDIUM Participation,Fog
2022-08-03,1138.966600790514,0.1143239948739317,0.3952746641338018,-0.70929934521946,0.0018141748700495,0.0100541524795987,0.0175044606519569,0.0227237118259848,HIGH,HIGH,LOW,HIGH Trend + HIGH Leadership + LOW Participation,Fog
2022-08-04,1141.0328853754938,0.1116093230007228,0.3866898491561211,-0.6420695045645806,-0.0001926692035352,0.0095676090160599,0.0057530913326846,0.0203003911052763,HIGH,HIGH,LOW,HIGH Trend + HIGH Leadership + LOW Participation,Fog
2022-08-05,1140.813043478261,0.1089006383178412,0.3769884969258779,-0.0941657626662467,0.0048176583027774,0.0201299122011655,0.0100337218757717,0.0253525394613816,HIGH,HIGH,MEDIUM,HIGH Trend + HIGH Leadership + MEDIUM Participation,Fog
2022-08-08,1146.3090909090909,0.1125334942295398,0.3638725248066585,0.2517359394861346,-0.0010546652221495,0.0203668277841033,0.0102291871971291,0.0252722128685649,HIGH,HIGH,MEDIUM,HIGH Trend + HIGH Leadership + MEDIUM Participation,Fog
2022-08-10,1145.1001185770751,0.1102513424305276,0.3560325026356943,-0.0662104050150849,0.0046439835265799,0.0214295776060176,0.0098330977704521,0.0295241862182942,HIGH,HIGH,MEDIUM,HIGH Trend + HIGH Leadership + MEDIUM Participation,Fog
2022-08-11,1150.417944664032,0.1178247917804942,0.4159282815423915,0.245275344429985,0.0013316006068113,0.0073761472630635,0.0016618816617406,0.0312764868462029,HIGH,HIGH,MEDIUM,HIGH Trend + HIGH Leadership + MEDIUM Participation,Fog
2022-08-12,1151.9498418972332,0.1189755301790673,0.4243117965948374,0.0097659624534302,0.010267519950964,-0.0037783677381377,-0.0047150109083879,0.0335132912385567,HIGH,HIGH,MEDIUM,HIGH Trend + HIGH Leadership + MEDIUM Participation,Fog
2022-08-16,1163.777509881423,0.1277047865254965,0.4250914421666044,0.6999316025488015,0.0050510177586817,-0.0098969652831851,-0.0006038153563288,0.01716715591379,HIGH,HIGH,HIGH,HIGH Trend + HIGH Leadership + HIGH Participation,Fog
2022-08-17,1169.6557707509885,0.1308566331154265,0.4154074556232374,-0.0401148250543679,-1.4226678157758244e-05,-0.0099352902416377,-0.0065069139839829,0.0142677559711132,HIGH,HIGH,MEDIUM,HIGH Trend + HIGH Leadership + MEDIUM Participation,Fog
2022-08-18,1169.6391304347826,0.1306987351479041,0.4018826260532059,-0.0277008375556682,-0.0091785007165819,-0.0113531858581428,-0.0082603347462834,-0.007537418456036,HIGH,HIGH,MEDIUM,HIGH Trend + HIGH Leadership + MEDIUM Participation,Fog
2022-08-19,1158.9035968379446,0.1163346410046192,0.3169235018576201,-0.8429155384494207,-0.0097559840957761,-0.0056724249594829,0.0051294626960984,0.002964166043653,HIGH,MEDIUM,LOW,HIGH Trend + MEDIUM Leadership + LOW Participation,Fog
2022-08-22,1147.5973517786558,0.0967210965735725,0.2330477912944274,-0.3913056355826678,0.0040626553232219,-0.0009401955748779,0.0144640865615592,0.0267832514001415,HIGH,MEDIUM,LOW,HIGH Trend + MEDIUM Leadership + LOW Participation,Fog
2022-08-23,1152.2596442687748,0.102008346956967,0.3297221430286614,0.4341441000226639,0.005012114192944,0.0093860432712584,0.0151666397406617,0.0157711691161497,HIGH,MEDIUM,HIGH,HIGH Trend + MEDIUM Leadership + HIGH Participation,Fog
2022-08-24,1158.0349011857709,0.1057921765076059,0.3731307130729275,0.3552718343439407,-0.0014463304897425,0.0034627799818172,0.0148907058537601,0.0167984652539663,HIGH,HIGH,HIGH,HIGH Trend + HIGH Leadership + HIGH Participation,Fog
2022-08-25,1156.36,0.1063288900923428,0.3564467723296899,0.0978018273555467,-0.0034852440852272,0.0031283680558298,0.0194993494383544,0.0044719133594068,HIGH,HIGH,MEDIUM,HIGH Trend + HIGH Leadership + MEDIUM Participation,Fog
2022-08-26,1152.3298031496065,0.1003764299557896,0.3765516413819968,-0.1522601513438381,-0.0050431892909048,0.0108635101014282,0.0295654708706016,-0.0144874589401678,HIGH,HIGH,MEDIUM,HIGH Trend + HIGH Leadership + MEDIUM Participation,Fog
2022-08-29,1146.518385826772,0.0874977340141614,0.3044906908490678,-0.3209606904091581,0.0144406034194517,0.0154187788040387,0.0384094029006059,-0.0090773618054278,HIGH,MEDIUM,LOW,HIGH Trend + MEDIUM Leadership + LOW Participation,Fog
2022-08-30,1163.0748031496064,0.1003027308505977,0.4045014699106214,1.4688578624267312,-0.000885482074734,0.0057268440632183,0.0177817081385545,-0.0236589138889923,HIGH,HIGH,HIGH,HIGH Trend + HIGH Leadership + HIGH Participation,Fog
2022-09-01,1162.0449212598426,0.0894783976904097,0.3509473441714918,-0.220270118233026,-0.00177910641575,0.0113884900366212,0.0209107343045578,-0.0194027695068234,HIGH,MEDIUM,MEDIUM,HIGH Trend + MEDIUM Leadership + MEDIUM Participation,Fog
2022-09-02,1159.9775196850394,0.0845187226174638,0.2809255720593563,-0.0018584909809241,0.0041989002705691,0.0163199266453337,0.0007289375584895,-0.0063126393061717,HIGH,MEDIUM,MEDIUM,HIGH Trend + MEDIUM Leadership + MEDIUM Participation,Fog
2022-09-05,1164.848149606299,0.0887288778334644,0.3550111205824052,-1.0814054054142344,-0.0005596011754158,0.0185009752377913,-0.0021542465252559,-0.0223797208131922,HIGH,HIGH,LOW,HIGH Trend + HIGH Leadership + LOW Participation,Fog
2022-09-06,1164.1962992125984,0.0855248903454611,0.3134256588849285,-0.0650470164207488,0.0047580051338853,0.0226415195153721,0.0121435199153645,-0.0078932152376014,HIGH,MEDIUM,MEDIUM,HIGH Trend + MEDIUM Leadership + MEDIUM Participation,Fog
2022-09-07,1169.7355511811024,0.0911111762794068,0.3766947080449905,0.2763559780098102,0.004738940422061,0.0119862208575776,0.0005954976767579,-0.0058091062577135,HIGH,HIGH,HIGH,HIGH Trend + HIGH Leadership + HIGH Participation,Fog
2022-09-08,1175.2788582677165,0.094833401008581,0.3923161620619488,0.0450321931417243,0.0030881262121642,0.0094150213906347,0.0018797683230344,-0.0123997712320442,HIGH,HIGH,MEDIUM,HIGH Trend + HIGH Leadership + MEDIUM Participation,Fog
2022-09-09,1178.9082677165354,0.0950109855897244,0.3685103775309354,0.0172636304555132,0.006353936829984,-0.0153406311123966,-0.0147400153685494,-0.0203101628458466,HIGH,HIGH,MEDIUM,HIGH Trend + HIGH Leadership + MEDIUM Participation,Fog
2022-09-12,1186.3989763779523,0.1019348746985597,0.3721792606524962,0.1119029323778342,0.0035034555370925,-0.0202800215858652,-0.042787885818974,-0.0385312080817307,HIGH,HIGH,MEDIUM,HIGH Trend + HIGH Leadership + MEDIUM Participation,Fog
2022-09-13,1190.5554724409446,0.1035742857477362,0.3908563141548861,-0.1372722817950929,-0.0057109582508448,-0.010265571463383,-0.0457302915144913,-0.0387970493095772,HIGH,HIGH,MEDIUM,HIGH Trend + HIGH Leadership + MEDIUM Participation,Fog
2022-09-14,1183.7562598425195,0.0906037860604243,0.3357938777442957,-0.096636176910658,0.0021861544504886,-0.0112558085733291,-0.0407166111320065,-0.0374292643572979,HIGH,MEDIUM,MEDIUM,HIGH Trend + MEDIUM Leadership + MEDIUM Participation,Fog
2022-09-15,1186.344133858268,0.0884144376790377,0.3008800472461257,-0.2822485927895826,-0.0215123607592055,-0.007464970213361,-0.0394877852262398,-0.0397586829730098,HIGH,MEDIUM,LOW,HIGH Trend + MEDIUM Leadership + LOW Participation,Fog
2022-09-16,1160.8230708661415,0.0477079528515447,0.087674917832367,-0.4623573387281612,0.0013057189329348,0.0006099731164146,-0.0070364477336301,-0.0175258486494748,MEDIUM,LOW,LOW,MEDIUM Trend + LOW Leadership + LOW Participation,Mixed Terrain
2022-09-19,1162.338779527559,0.0432829149011081,0.1653898688007206,0.0329763369951029,0.0137610143545436,-0.0229737728422585,-0.0202691390102189,-0.0147545650645648,MEDIUM,MEDIUM,MEDIUM,MEDIUM Trend + MEDIUM Leadership + MEDIUM Participation,Mixed Terrain
2022-09-20,1178.3337401574804,0.0670009754050481,0.2733874161935232,0.6581547238863685,-0.0067057522872699,-0.0358325617747228,-0.019796337929073,-0.0295762296398987,MEDIUM,MEDIUM,HIGH,MEDIUM Trend + MEDIUM Leadership + HIGH Participation,Mixed Terrain
2022-09-21,1170.432125984252,0.0551313019451956,0.1340406496863821,-0.0775434338899897,0.0060285292032928,-0.0297961826872206,-0.0064007922775408,-0.0228482474472044,MEDIUM,MEDIUM,MEDIUM,MEDIUM Trend + MEDIUM Leadership + MEDIUM Participation,Mixed Terrain
2022-09-22,1177.4881102362203,0.0619318677321066,0.205725842379947,0.1250982400324407,-0.0135517024462654,-0.0322636622908539,-0.0142527476914522,-0.0334181283673459,MEDIUM,MEDIUM,MEDIUM,MEDIUM Trend + MEDIUM Leadership + MEDIUM Participation,Mixed Terrain
2022-09-23,1161.5311417322837,0.0360733052046719,0.0390339918846891,-1.0192996796016538,-0.0222944253158108,-0.0076417595821374,-0.0056534798572792,-0.0161866171013544,MEDIUM,LOW,LOW,MEDIUM Trend + LOW Leadership + LOW Participation,Mixed Terrain
2022-09-26,1135.6354724409448,-0.0112751061861047,-0.0080413898272106,-0.2732233711412071,0.0004187533699351,0.0027682305314438,0.0044469534747637,0.0070819553282819,LOW,LOW,LOW,LOW Trend + LOW Leadership + LOW Participation,Mixed Terrain
2022-09-27,1136.1110236220472,-0.0030454729129126,0.0031175278302458,-0.1311779625367151,-0.0004870185000493,0.0166321981119454,0.0072654954288735,0.0117452755324318,LOW,LOW,MEDIUM,LOW Trend + LOW Leadership + MEDIUM Participation,Mixed Terrain
2022-09-28,1135.5577165354332,-0.0168334484937215,0.0095953071605772,-0.0571437829159474,0.0034699380782261,0.0241138923514845,0.0034268776180808,0.008905159717903,LOW,LOW,MEDIUM,LOW Trend + LOW Leadership + MEDIUM Participation,Mixed Terrain
2022-09-29,1139.498031496063,-0.0075317964474677,0.0688427419976305,0.4315667015312106,0.011546284539573,0.0186113860744732,-0.0002820346712963,0.0163727984936037,LOW,LOW,HIGH,LOW Trend + LOW Leadership + HIGH Participation,Mixed Terrain
2022-09-30,1152.655,0.0076150712742408,0.2057173336896857,0.7191483547182806,-0.0120381439126655,0.0020035906831599,-0.0105637320643879,0.0125656149477837,MEDIUM,MEDIUM,HIGH,MEDIUM Trend + MEDIUM Leadership + HIGH Participation,Mixed Terrain
2022-10-03,1138.7791732283465,-0.0135263311429287,0.07024068019062,-0.1070695897437899,0.014250237796098,0.0016740886799238,0.0056286620797909,0.024052972047597,LOW,LOW,MEDIUM,LOW Trend + LOW Leadership + MEDIUM Participation,Mixed Terrain
2022-10-04,1155.0070472440943,0.011341326409586,0.2924934123176259,1.5387642520461295,0.0068686904081678,-0.0092134625486655,-0.0099774078482456,0.00992934596745,MEDIUM,MEDIUM,HIGH,MEDIUM Trend + MEDIUM Leadership + HIGH Participation,Mixed Terrain
2022-10-06,1162.9404330708662,0.0215634474158495,0.2787230043738236,-0.2340938834015334,-0.0019216493949105,-0.0201999161303279,-0.0165534101092579,0.0033610837204784,MEDIUM,MEDIUM,MEDIUM,MEDIUM Trend + MEDIUM Leadership + MEDIUM Participation,Mixed Terrain
2022-10-07,1160.7056692913386,0.0171245150666274,0.2644450908608365,0.1820569701905285,-0.0049463189715841,-0.018548212796424,-0.0194424895742897,0.0077286679119041,MEDIUM,MEDIUM,MEDIUM,MEDIUM Trend + MEDIUM Leadership + MEDIUM Participation,Mixed Terrain
2022-10-10,1154.9644488188976,0.0074720534053515,0.1595800541264125,-1.8804161038136065,-0.0123630283878594,-0.0125421933258537,-0.0105930246958206,0.0083650527880378,MEDIUM,MEDIUM,LOW,MEDIUM Trend + MEDIUM Leadership + LOW Participation,Mixed Terrain
2022-10-11,1140.6855905511811,-0.0185513698972506,-0.0170900037550034,-0.7686249407234601,0.0032259919386787,0.0039479641577619,0.0026233360003757,0.0148915485071936,LOW,LOW,LOW,LOW Trend + LOW Leadership + LOW Participation,Mixed Terrain
2022-10-12,1144.3654330708662,-0.0134149150944523,0.0659594981361796,0.2129470645175004,-0.0042960920266579,-0.0007710493337398,0.0044474670520215,0.0144473700343914,LOW,LOW,MEDIUM,LOW Trend + LOW Leadership + MEDIUM Participation,Mixed Terrain
2022-10-13,1139.4491338582675,-0.0211365128079431,0.0629392738276435,-0.0512104467629875,-0.0002391333731921,0.0037216837200793,0.0054595728119486,0.0220350294976081,LOW,LOW,MEDIUM,LOW Trend + LOW Leadership + MEDIUM Participation,Mixed Terrain
2022-10-14,1139.176653543307,-0.0242918484720457,0.0994318453885721,0.1638015021821614,0.0011429376383074,-0.0009111774918805,0.0166595317304556,0.0221740822828697,LOW,LOW,MEDIUM,LOW Trend + LOW Leadership + MEDIUM Participation,Mixed Terrain
2022-10-17,1140.4786614173229,-0.0115709798659035,0.1244000575537931,-0.114108642739201,0.0041301210798421,0.0019739259914284,0.0233762878537182,0.015811153750266,LOW,LOW,MEDIUM,LOW Trend + LOW Leadership + MEDIUM Participation,Mixed Terrain
2022-10-18,1145.1889763779527,-0.0054932018805788,0.2049515340492859,0.7090428239979836,-0.0014896279539873,-0.0013194191379205,0.0183211862017751,0.0068693747894306,LOW,MEDIUM,HIGH,LOW Trend + MEDIUM Leadership + HIGH Participation,Mixed Terrain
2022-10-19,1143.483070866142,-0.0059938385554937,0.1743630377694038,-0.0426288940989367,0.000180791730749,0.0052225432242347,0.0201073732796637,0.0050172717904644,LOW,MEDIUM,MEDIUM,LOW Trend + MEDIUM Leadership + MEDIUM Participation,Mixed Terrain
2022-10-20,1143.6898031496062,-0.0006870545823955,0.1950051784084902,0.1047429412999599,-0.0048537127086349,0.0017314452004546,0.0202496953413084,0.0016583291798224,LOW,MEDIUM,MEDIUM,LOW Trend + MEDIUM Leadership + MEDIUM Participation,Mixed Terrain
2022-10-21,1138.1386614173227,-0.0162449741661267,0.1208919199304222,-0.6901395655042076,0.0040339728612013,0.0175867338583834,0.0277099070654178,0.0052081297980099,LOW,LOW,LOW,LOW Trend + LOW Leadership + LOW Participation,Mixed Terrain
2022-10-24,1142.729881889764,-0.0023970735115671,0.305171258549896,1.1584692742536162,0.0008296888453218,0.0213601984114633,0.0191610509699815,0.0035215984294028,LOW,MEDIUM,HIGH,LOW Trend + MEDIUM Leadership + HIGH Participation,Mixed Terrain
2022-10-25,1143.677992125984,0.0057500406717534,0.2717031265227924,-0.0759742063926364,0.0050512194373859,0.019666553767113,0.0122361130708943,0.0057951043998774,LOW,MEDIUM,MEDIUM,LOW Trend + MEDIUM Leadership + MEDIUM Participation,Mixed Terrain
2022-10-27,1149.4549606299213,0.0159026764418757,0.3117029812230753,0.4680257848766146,-0.0032927964900587,0.0148074972609408,0.0099556256652413,0.0032364701118363,MEDIUM,MEDIUM,HIGH,MEDIUM Trend + MEDIUM Leadership + HIGH Participation,Mixed Terrain
2022-10-28,1145.6700393700785,0.013312412832266,0.244899674933259,-1.0772747051804736,0.0108973468367838,0.0184862422254781,0.0164854531538281,0.0121849748620441,MEDIUM,MEDIUM,LOW,MEDIUM Trend + MEDIUM Leadership + LOW Participation,Mixed Terrain
2022-10-31,1158.154803149606,0.0236206023111593,0.3313155946939503,0.7973510660116384,0.0077571804076617,0.0099482165698547,0.0054241861511177,0.0009951096044384,MEDIUM,MEDIUM,HIGH,MEDIUM Trend + MEDIUM Leadership + HIGH Participation,Mixed Terrain
2022-11-01,1167.1388188976375,0.0345189465624972,0.3498222620148401,0.1930362686258923,-0.0008299116022538,-0.0021531556104322,-0.0073923288952866,0.0017767303020927,MEDIUM,MEDIUM,MEDIUM,MEDIUM Trend + MEDIUM Leadership + MEDIUM Participation,Mixed Terrain
2022-11-02,1166.1701968503935,0.0380157490164509,0.3244054931789195,0.0662822953809768,0.000261809949744,-0.007287128001568,-0.0112457754660476,0.0070795834521717,MEDIUM,MEDIUM,MEDIUM,MEDIUM Trend + MEDIUM Leadership + MEDIUM Participation,Mixed Terrain
2022-11-03,1166.4755118110238,0.0298158462167382,0.2859633944748151,-0.6616415838093649,0.0003203337005703,-0.0047810758284652,-0.014792659953711,0.0073277031036178,MEDIUM,MEDIUM,LOW,MEDIUM Trend + MEDIUM Leadership + LOW Participation,Mixed Terrain
2022-11-04,1166.849173228347,0.034204014845235,0.3066954160045202,-0.1611313410993965,0.0024229393046464,-0.0019644733416115,-0.0182223687459831,0.0043040689712943,MEDIUM,MEDIUM,MEDIUM,MEDIUM Trend + MEDIUM Leadership + MEDIUM Participation,Mixed Terrain
2022-11-07,1169.676377952756,0.0337809671435987,0.2901833109961987,0.2898631526482085,-0.0043179384027751,-0.0044794677039009,-0.0218950669957641,-0.0009023993538326,MEDIUM,MEDIUM,HIGH,MEDIUM Trend + MEDIUM Leadership + HIGH Participation,Mixed Terrain
2022-11-09,1164.6257874015748,0.027112955983823,0.2731659275230204,-0.0376299029468032,-0.0059706921506162,-0.0052504783818396,-0.0153454182002872,0.0014049592854734,MEDIUM,MEDIUM,MEDIUM,MEDIUM Trend + MEDIUM Leadership + MEDIUM Participation,Mixed Terrain
2022-11-10,1157.672165354331,0.0244604658488148,0.2064091056914718,-0.3137916971899353,0.0027869190252916,-0.0039877063913863,-0.0063631484668892,0.0095255652113892,MEDIUM,MEDIUM,LOW,MEDIUM Trend + MEDIUM Leadership + LOW Participation,Mixed Terrain
2022-11-11,1160.8985039370075,0.0236143860075221,0.2563520650241022,-0.0460187469898784,0.0031513738577868,-0.0100596802191837,-0.0066529215568053,0.0003825012101354,MEDIUM,MEDIUM,MEDIUM,MEDIUM Trend + MEDIUM Leadership + MEDIUM Participation,Mixed Terrain
2022-11-14,1164.5569291338584,0.0297998315371698,0.2865521014749295,0.0415857412542157,-0.0001031110950041,-0.0162898964717279,-0.0042307327453048,-0.0033957774787557,MEDIUM,MEDIUM,MEDIUM,MEDIUM Trend + MEDIUM Leadership + MEDIUM Participation,Mixed Terrain
2022-11-15,1164.4368503937008,0.030921866524243,0.2850683858453382,0.241212435155401,-0.0050890741819166,-0.0174939629338385,-0.0044051820193765,0.0002652233830495,MEDIUM,MEDIUM,MEDIUM,MEDIUM Trend + MEDIUM Leadership + MEDIUM Participation,Mixed Terrain
2022-11-16,1158.5109448818898,0.023200260931746,0.1992915380351816,-0.2491017207730519,-0.0047088344262717,-0.0101482228430993,0.0092373446874278,0.0077701130405642,MEDIUM,MEDIUM,MEDIUM,MEDIUM Trend + MEDIUM Leadership + MEDIUM Participation,Mixed Terrain
2022-11-17,1153.0557086614174,0.0175244592294615,0.1871641725200757,-0.140297252574801,-0.0033263548431651,-0.0023849525660938,0.0185337857108596,0.0064539312915019,MEDIUM,MEDIUM,MEDIUM,MEDIUM Trend + MEDIUM Leadership + MEDIUM Participation,Mixed Terrain
2022-11-18,1149.2202362204723,0.0097538371068815,0.1368678443769326,-0.2484208139966629,-0.0031619865219121,0.003441377822789,0.0224524951836935,0.0015905064610695,MEDIUM,MEDIUM,MEDIUM,MEDIUM Trend + MEDIUM Leadership + MEDIUM Participation,Mixed Terrain
2022-11-21,1145.5864173228344,0.0059134345188377,0.138471856725273,0.0035115526602379,-0.0013269902695506,0.0122588592748722,0.0229445416152989,0.009365983481677,LOW,MEDIUM,MEDIUM,LOW Trend + MEDIUM Leadership + MEDIUM Participation,Mixed Terrain
2022-11-22,1144.0662352941176,0.0029227902789679,0.1484845096109124,0.1168121464130959,0.0023494114851227,0.0133218325594681,0.0214625925435758,0.0112545588595258,LOW,MEDIUM,MEDIUM,LOW Trend + MEDIUM Leadership + MEDIUM Participation,Mixed Terrain
2022-11-23,1146.7541176470588,0.0099783422639144,0.1999387868099104,0.2887651730463237,0.00309709622009,0.019584313508238,0.0170114249152681,-0.0005556005817616,MEDIUM,MEDIUM,HIGH,MEDIUM Trend + MEDIUM Leadership + HIGH Participation,Mixed Terrain
2022-11-24,1150.3057254901962,0.0226330647913848,0.2917488820420288,0.4461720743714518,0.0024944775124744,0.0209687477456974,0.0159904633707608,-0.0119370141189406,MEDIUM,MEDIUM,HIGH,MEDIUM Trend + MEDIUM Leadership + HIGH Participation,Mixed Terrain
2022-11-25,1153.175137254902,0.0254829033089037,0.2796853341569912,0.2192286123378081,0.0055974695747116,0.0189459173012713,0.0070825423657225,-0.0391595365375857,MEDIUM,MEDIUM,MEDIUM,MEDIUM Trend + MEDIUM Leadership + MEDIUM Participation,Mixed Terrain
2022-11-28,1159.63,0.0377193944618417,0.339419153177472,0.2445431569403482,-0.0002782834890034,0.0105562744573868,0.0008385027475803,-0.029856480591426,MEDIUM,MEDIUM,MEDIUM,MEDIUM Trend + MEDIUM Leadership + MEDIUM Participation,Mixed Terrain
2022-11-29,1159.307294117647,0.033102486698272,0.2831946420084585,-0.3423902021930664,0.0085440812255161,0.0080337358996258,0.0046910704214986,-0.0218418463277055,MEDIUM,MEDIUM,LOW,MEDIUM Trend + MEDIUM Leadership + LOW Participation,Mixed Terrain
2022-11-30,1169.2125098039216,0.0425395722448459,0.3325771668606122,0.3270370609953133,0.0044591434241361,-0.0025234682006011,-0.0014538023732347,-0.0267668344160183,MEDIUM,MEDIUM,HIGH,MEDIUM Trend + MEDIUM Leadership + HIGH Participation,Mixed Terrain
2022-12-01,1174.4261960784315,0.0488457472265802,0.3396335780890288,-0.0938337079421444,0.0005082498694062,-0.0048760399237768,-0.0118600429252594,-0.0315167081290646,MEDIUM,MEDIUM,MEDIUM,MEDIUM Trend + MEDIUM Leadership + MEDIUM Participation,Mixed Terrain
2022-12-02,1175.0230980392157,0.0527160698306717,0.3321090322596805,0.280344556215863,-0.0026822668383758,-0.0116427915693205,-0.0204038709093044,-0.029482475948366,MEDIUM,MEDIUM,HIGH,MEDIUM Trend + MEDIUM Leadership + HIGH Participation,Mixed Terrain
2022-12-05,1171.8713725490195,0.0519725743323641,0.3139117824833488,-0.3267098031756499,-0.002773776952031,-0.0096162598317688,-0.0132739924611947,-0.025391749840083,MEDIUM,MEDIUM,LOW,MEDIUM Trend + MEDIUM Leadership + LOW Participation,Mixed Terrain
2022-12-06,1168.620862745098,0.0441897213449831,0.2271168949197551,-0.2594495973211175,-0.0020184677551201,-0.0033160254057807,-0.0099935462723413,-0.0209521508114123,MEDIUM,MEDIUM,MEDIUM,MEDIUM Trend + MEDIUM Leadership + MEDIUM Participation,Mixed Terrain
2022-12-07,1166.2620392156864,0.0422334433227156,0.2153467366006361,-0.2879818615860632,0.0020901030481765,0.0010723719238154,-0.0172731840239586,-0.0238041890198674,MEDIUM,MEDIUM,LOW,MEDIUM Trend + MEDIUM Leadership + LOW Participation,Mixed Terrain
2022-12-08,1168.6996470588238,0.0446820309232467,0.2776189426784546,0.1407292793275159,-0.0062951144528288,-0.0070182241425958,-0.0274879327085869,-0.0223511957281431,MEDIUM,MEDIUM,MEDIUM,MEDIUM Trend + MEDIUM Leadership + MEDIUM Participation,Mixed Terrain
2022-12-09,1161.3425490196078,0.0288684871161465,0.1629248477390226,-0.1409941819019455,-0.0006373624035871,-0.0088642843551418,-0.0459168707211244,-0.0210907321576091,MEDIUM,MEDIUM,MEDIUM,MEDIUM Trend + MEDIUM Leadership + MEDIUM Participation,Mixed Terrain
2022-12-12,1160.6023529411766,0.0267131543189744,0.1610486511887936,0.16247391615651,0.0035699852949919,-0.0036932478604754,-0.0306692670742982,-0.0152310872960744,MEDIUM,MEDIUM,MEDIUM,MEDIUM Trend + MEDIUM Leadership + MEDIUM Participation,Mixed Terrain
2022-12-13,1164.7456862745098,0.0319163293834037,0.2192328217525173,-0.0290149112033282,0.002375642717934,-0.0066997373658779,-0.026409030129105,-0.0240332294567627,MEDIUM,MEDIUM,MEDIUM,MEDIUM Trend + MEDIUM Leadership + MEDIUM Participation,Mixed Terrain
2022-12-14,1167.512705882353,0.0379937359674856,0.3018046805297996,0.4300674152097862,-0.0060087182491594,-0.0183259037630999,-0.0253498857668726,-0.027513594794736,MEDIUM,MEDIUM,HIGH,MEDIUM Trend + MEDIUM Leadership + HIGH Participation,Mixed Terrain
2022-12-15,1160.4974509803922,0.0249148865007274,0.1479836669786932,-0.2911119358391321,-0.008142519004274,-0.020614384940062,-0.019892592201206,-0.0216572247394076,MEDIUM,MEDIUM,LOW,MEDIUM Trend + MEDIUM Leadership + LOW Participation,Mixed Terrain
2022-12-16,1151.0480784313727,0.0144826373872921,0.0529895999431777,-0.3808505054714411,0.0045765962792101,-0.0373839684930285,-0.00926770203501,-0.0123729562307086,MEDIUM,LOW,LOW,MEDIUM Trend + LOW Leadership + LOW Participation,Mixed Terrain
2022-12-19,1156.3159607843138,0.0214958159448864,0.1377555123343503,0.0167780358621022,0.0005415780075308,-0.0270760176581088,-0.0122807722572486,-0.0191772369415993,MEDIUM,MEDIUM,MEDIUM,MEDIUM Trend + MEDIUM Leadership + MEDIUM Participation,Mixed Terrain
2022-12-20,1156.9421960784314,0.0175215241695044,0.1406830277074897,0.0953639685429088,-0.0093567472281397,-0.0198422304963056,-0.0110692253548535,-0.018409695802544,MEDIUM,MEDIUM,MEDIUM,MEDIUM Trend + MEDIUM Leadership + MEDIUM Participation,Mixed Terrain
2022-12-21,1146.1169803921566,-0.0011774971537034,0.0305568533058093,-0.1803722145630998,-0.0083259132806583,-0.0071551057837812,-0.006645799106868,-0.0081454960439223,LOW,LOW,MEDIUM,LOW Trend + LOW Leadership + MEDIUM Participation,Mixed Terrain
2022-12-22,1136.5745098039215,-0.0191099453177032,-0.0214437594580905,-0.573338652597135,-0.0251256527612209,0.0007369852362104,0.0052819262127516,-0.001338123438721,LOW,LOW,LOW,LOW Trend + LOW Leadership + LOW Participation,Mixed Terrain
2022-12-23,1108.0173333333332,-0.0661273572250641,-0.0347726320084795,-0.5073317581565917,0.0153338721040747,0.0292081842996139,0.0260209386390466,0.0169158873153909,LOW,LOW,LOW,LOW Trend + LOW Leadership + LOW Participation,Mixed Terrain
2022-12-26,1125.0075294117646,-0.0401638031038655,-0.0016857630288332,1.7092590614899676,0.0079807047565905,0.0152069901342621,0.0159266380955727,0.0021895772573392,LOW,LOW,HIGH,LOW Trend + LOW Leadership + HIGH Participation,Mixed Terrain
2022-12-27,1133.9858823529412,-0.0282108238625487,0.073188801466292,1.006520565462235,0.0034661011791137,0.0089506051111487,0.0024402451808456,-0.0068461014142721,LOW,LOW,HIGH,LOW Trend + LOW Leadership + HIGH Participation,Mixed Terrain
2022-12-28,1137.916392156863,-0.0262697542950424,0.1005664491237421,0.2528595195593859,-0.0004431289704923,0.0005129770822009,-0.0022199854042656,-0.0179695429385677,LOW,LOW,MEDIUM,LOW Trend + LOW Leadership + MEDIUM Participation,Mixed Terrain
2022-12-29,1137.4121484375,-0.0232815223936385,0.1022333823171771,-1.4574128332257326,0.0026097482597469,0.0045415938888961,-0.0018004481184002,-0.0333863353663544,LOW,LOW,LOW,LOW Trend + LOW Leadership + LOW Participation,Mixed Terrain
2022-12-30,1140.3805078125,-0.0206760612902879,0.1567364852615858,-0.4135449126690206,0.0015214220061761,-0.0030967939326445,-0.0031343019724672,-0.0396142789647957,LOW,MEDIUM,LOW,LOW Trend + MEDIUM Leadership + LOW Participation,Mixed Terrain
2023-01-02,1142.1155078125,-0.0152817240915525,0.1730609937616429,0.4185091437219513,0.0017688529410386,0.0007088682094429,-0.0069822116352956,-0.0300208388647751,LOW,MEDIUM,HIGH,LOW Trend + MEDIUM Leadership + HIGH Participation,Mixed Terrain
2023-01-03,1144.1357421875,-0.010872023866597,0.1917518523759468,0.1792055580168194,-0.0049256611713091,-0.006452605209138,-0.0074226332478372,-0.0395300765196163,LOW,MEDIUM,MEDIUM,LOW Trend + MEDIUM Leadership + MEDIUM Participation,Mixed Terrain
2023-01-04,1138.5001171875,-0.0175092849862064,0.0927225727873691,-0.4487408816287385,0.0035816380261544,-0.0027315612581424,-0.0015097303013426,-0.0351737447326103,LOW,LOW,LOW,LOW Trend + LOW Leadership + LOW Participation,Mixed Terrain
2023-01-05,1142.5778125000002,-0.0097539269681217,0.1531425154061958,-0.1157836834271875,-0.0050139500892855,-0.0063133692481011,-0.0065852667583637,-0.0374518051150236,LOW,MEDIUM,MEDIUM,LOW Trend + MEDIUM Leadership + MEDIUM Participation,Mixed Terrain
2023-01-06,1136.848984375,-0.027063539643074,0.0713038442524213,-0.4209996990377364,0.0053447141141973,-3.762455531730602e-05,-0.0088741379252289,-0.0276602673769266,LOW,LOW,LOW,LOW Trend + LOW Leadership + LOW Participation,Mixed Terrain
2023-01-09,1142.9251171875,-0.0101149496773507,0.2308863753789632,0.7726394028831856,-0.0054002061527776,-0.0076856317447253,-0.0135217055278562,-0.0322727972903134,LOW,MEDIUM,HIGH,LOW Trend + MEDIUM Leadership + HIGH Participation,Mixed Terrain
2023-01-10,1136.7530859375,-0.0184058836408762,0.1247598312175944,-0.3257202379470642,-0.0011988984937532,-0.0009763278971742,-0.009263740796283,-0.0198733859551113,LOW,LOW,LOW,LOW Trend + LOW Leadership + LOW Participation,Mixed Terrain
2023-01-11,1135.390234375,-0.0204268159122557,0.1263183758264969,0.1830566487944561,-2.2844568514646116e-05,0.0012251776044784,-0.0157845991139472,-0.0180294908241557,LOW,LOW,MEDIUM,LOW Trend + LOW Leadership + MEDIUM Participation,Mixed Terrain
2023-01-12,1135.364296875,-0.0194169002431476,0.1361203657891003,-0.5766190523554583,0.0012700012379012,-0.0002736250059608,-0.0316428585731329,-0.0179530757714535,LOW,MEDIUM,LOW,LOW Trend + MEDIUM Leadership + LOW Participation,Mixed Terrain
2023-01-13,1136.8062109375,-0.0156108912679676,0.1317937601416857,0.2410934489485517,-0.0023444587888926,-0.0088368458523071,-0.0365946757567346,-0.0279366821226365,LOW,LOW,MEDIUM,LOW Trend + LOW Leadership + MEDIUM Participation,Mixed Terrain
2023-01-16,1134.141015625,-0.0179633041172756,0.1462850978738319,-0.0882696903388945,0.0013245500707621,-0.0058812750977214,-0.0232006188604327,-0.0267070239350334,LOW,MEDIUM,MEDIUM,LOW Trend + MEDIUM Leadership + MEDIUM Participation,Mixed Terrain
2023-01-17,1135.6432421875002,-0.0126917139139629,0.1950439843775875,0.0667553919675476,0.001002116538648,-0.0082955120389336,-0.0323475472514941,-0.0227098718522926,LOW,MEDIUM,MEDIUM,LOW Trend + MEDIUM Leadership + MEDIUM Participation,Mixed Terrain
2023-01-18,1136.7812890625,-0.0035135220038183,0.2341111517030488,0.1340587880968816,-0.0015197789290012,-0.0169889622223876,-0.0337149148598389,-0.0158123602890439,LOW,MEDIUM,MEDIUM,LOW Trend + MEDIUM Leadership + MEDIUM Participation,Mixed Terrain
2023-01-19,1135.0536328125,-0.0061094737814436,0.2002373879011402,-0.0053819553937993,-0.0073064416387538,-0.0313778193231715,-0.031071150169012,-0.016797767644033,LOW,MEDIUM,MEDIUM,LOW Trend + MEDIUM Leadership + MEDIUM Participation,Mixed Terrain
2023-01-20,1126.7604296875,-0.0121521496857709,0.1504662704121517,-0.2255703524267586,0.0006304717544947,-0.0280053084986766,-0.018954332815382,-0.0117473466086938,LOW,MEDIUM,MEDIUM,LOW Trend + MEDIUM Leadership + MEDIUM Participation,Mixed Terrain
2023-01-23,1127.4708203125,-0.0134508710976892,0.150414869941046,-0.1052019326808937,-0.0011071863590704,-0.0174218061976589,-0.0190081138809959,-0.0130555277327888,LOW,MEDIUM,MEDIUM,LOW Trend + MEDIUM Leadership + MEDIUM Participation,Mixed Terrain
2023-01-24,1126.2225,-0.0213857723134145,0.0984264922689779,-0.1002505427190681,-0.0077728382380036,-0.0242532281587342,-0.0107088491616887,-0.0185168228303022,LOW,LOW,MEDIUM,LOW Trend + LOW Leadership + MEDIUM Participation,Mixed Terrain
2023-01-25,1117.4685546875,-0.029104023198327,0.0424322504155027,-0.1615285688972534,-0.0161350667201032,-0.0170150201723727,-0.0022808947189684,-0.0123078477285172,LOW,LOW,MEDIUM,LOW Trend + LOW Leadership + MEDIUM Participation,Mixed Terrain
2023-01-27,1099.438125,-0.0585320167663416,0.0103861026922255,-0.4210441392793238,-0.0038501200329029,0.0003166034809827,0.01413712174571,0.0009402174747215,LOW,LOW,LOW,LOW Trend + LOW Leadership + LOW Participation,Mixed Terrain
2023-01-30,1095.20515625,-0.0637048580500013,0.0465666763340089,0.0965327952920829,0.0115257729252495,0.0093117542332608,0.0089868650465461,-0.002498961025139,LOW,LOW,MEDIUM,LOW Trend + LOW Leadership + MEDIUM Participation,Mixed Terrain
2023-01-31,1107.8282421875,-0.0356062124531255,0.1806447153218363,1.0991883359901478,-0.0080520364960964,-0.001614434040306,-0.0035896880590873,-0.0115565353567085,LOW,MEDIUM,HIGH,LOW Trend + MEDIUM Leadership + HIGH Participation,Mixed Terrain
2023-02-01,1098.90796875,-0.0541183185118697,0.0723305490100882,-0.0528953616846318,-0.0004123767188761,0.0138810390030672,0.0099598521884864,0.0068782773125195,LOW,LOW,MEDIUM,LOW Trend + LOW Leadership + MEDIUM Participation,Mixed Terrain
2023-02-02,1098.4548046875,-0.0523661839521626,0.1055169046676723,-0.0432693007382914,0.0012120719435324,0.0149891664224492,0.0185271974556018,0.0018101421801925,LOW,LOW,MEDIUM,LOW Trend + LOW Leadership + MEDIUM Participation,Mixed Terrain
2023-02-03,1099.7862109375,-0.052498622014801,0.0978290111785301,-0.8121764709050723,0.0051075622758642,0.0138161440254349,0.0147310945767265,0.0061049507242654,LOW,LOW,LOW,LOW Trend + LOW Leadership + LOW Participation,Mixed Terrain
2023-02-06,1105.4034375,-0.042080813466157,0.1550446014534488,0.3735327631340117,0.0005756170470567,-0.0003218918092968,0.0073462290775623,0.0084664366036042,LOW,MEDIUM,HIGH,LOW Trend + MEDIUM Leadership + HIGH Participation,Mixed Terrain
2023-02-07,1106.0397265625002,-0.0419578053939398,0.1399365037508697,-0.1180242127739261,0.0073435215457795,-0.0019784480927291,0.0060679259761839,0.0102990268242015,LOW,MEDIUM,MEDIUM,LOW Trend + MEDIUM Leadership + MEDIUM Participation,Mixed Terrain
2023-02-08,1114.161953125,-0.0289774905793808,0.1967430970200961,0.4559908444940494,0.0006801286252635,-0.0038675018702749,-0.0078924931876699,1.0167395294580215e-06,LOW,MEDIUM,HIGH,LOW Trend + MEDIUM Leadership + HIGH Participation,Mixed Terrain
2023-02-09,1114.9197265625,-0.0248560419968306,0.2049909465466335,-0.1496420366022059,5.497172669910455e-05,0.0034857820656579,-0.0100498757180003,-0.0053096241338844,LOW,MEDIUM,MEDIUM,LOW Trend + MEDIUM Leadership + MEDIUM Participation,Mixed Terrain
2023-02-10,1114.981015625,-0.0232637835387982,0.2227241502201577,0.1111402425533948,-0.0089090292106288,0.0009024817336784,-0.013012938771309,-0.0189683722894103,LOW,MEDIUM,MEDIUM,LOW Trend + MEDIUM Leadership + MEDIUM Participation,Mixed Terrain
2023-02-13,1105.0476171875002,-0.0347164506965146,0.0961493778575271,-0.5633413746009727,-0.0010824264890454,0.0076705899869484,-0.0113835238788319,-0.0178719320600546,LOW,LOW,LOW,LOW Trend + LOW Leadership + LOW Participation,Mixed Terrain
2023-02-14,1103.851484375,-0.0369575228684959,0.0795166976251135,-0.0190356276956224,0.0054368231573271,0.0080623249603537,-0.0079955488237597,-0.0153523539985953,LOW,LOW,MEDIUM,LOW Trend + LOW Leadership + MEDIUM Participation,Mixed Terrain
2023-02-15,1109.8529296875,-0.0277078428521481,0.1829019270481482,0.4597580872429429,0.0080669824109227,-0.0040406184166784,-0.0030511855191961,-0.0204332394125276,LOW,MEDIUM,HIGH,LOW Trend + MEDIUM Leadership + HIGH Participation,Mixed Terrain
2023-02-16,1118.80609375,-0.0138962368466787,0.252524551294572,0.4972764654954913,-0.0025194965783139,-0.0134886393266034,-0.0164129689586791,-0.0228395671222628,LOW,MEDIUM,HIGH,LOW Trend + MEDIUM Leadership + HIGH Participation,Mixed Terrain
2023-02-17,1115.987265625,-0.0165364282489124,0.1693438746935195,-0.0794595403518355,-0.0022072664499629,-0.0139028734156843,-0.0085009160540795,-0.0268888876910206,LOW,MEDIUM,MEDIUM,LOW Trend + MEDIUM Leadership + MEDIUM Participation,Mixed Terrain
2023-02-20,1113.523984375,-0.0169187494306842,0.1549014390092651,-0.534146745174086,-0.0006940942771284,-0.0189090701416891,0.0011120382383995,-0.0198329739613966,LOW,MEDIUM,LOW,LOW Trend + MEDIUM Leadership + LOW Participation,Mixed Terrain
2023-02-21,1112.75109375,-0.0191749257457625,0.1423225074240272,-0.3225823259062371,-0.0066345980619262,-0.0159294454187096,0.0042055816896382,-0.0139016376500412,LOW,MEDIUM,LOW,LOW Trend + MEDIUM Leadership + LOW Participation,Mixed Terrain
2023-02-22,1105.3684375,-0.0306311140107351,0.0666797652411061,-0.1749793505484632,-0.001495895457934,0.0009934470378796,0.0079563050102919,-0.008288773341694,LOW,LOW,MEDIUM,LOW Trend + LOW Leadership + MEDIUM Participation,Mixed Terrain
2023-02-23,1103.714921875,-0.0314122374900437,0.0953521783522605,0.0024996429978549,-0.0029383365878489,-0.0029643141971316,0.0047883741492065,-0.0157245583470199,LOW,LOW,MEDIUM,LOW Trend + LOW Leadership + MEDIUM Participation,Mixed Terrain
2023-02-24,1100.4718359375,-0.0319006758028289,0.1001511252953991,-0.0744480341313205,-0.007272839182369,0.0054781189560062,-0.0060339529787629,-0.017393675489835,LOW,LOW,MEDIUM,LOW Trend + LOW Leadership + MEDIUM Participation,Mixed Terrain
2023-02-27,1092.46828125,-0.045573415020764,0.0598407128372887,-0.1209033284940217,0.0023408502849839,0.0204069855002941,-0.006563119610023,-0.0147614411574019,LOW,LOW,MEDIUM,LOW Trend + LOW Leadership + MEDIUM Participation,Mixed Terrain
2023-02-28,1095.0255859375,-0.0438379234353033,0.0717827517866957,0.0939694640544878,0.0104481362896236,0.0204609588353297,-0.0074161009722411,-0.0048480245627821,LOW,LOW,MEDIUM,LOW Trend + LOW Leadership + MEDIUM Participation,Mixed Terrain
2023-03-01,1106.4665625,-0.0240929645217763,0.2593518059020289,1.0470120603526651,-0.0054438142476628,0.0069559476068667,-0.0174352520820076,-0.0050506708714932,LOW,MEDIUM,HIGH,LOW Trend + MEDIUM Leadership + HIGH Participation,Mixed Terrain
2023-03-02,1100.4431640625,-0.0295381217509652,0.1541354851652834,0.0566364393997932,0.0055043165315677,0.0077757380771132,-0.0065338378412531,0.0080317783904175,LOW,MEDIUM,MEDIUM,LOW Trend + MEDIUM Leadership + MEDIUM Participation,Mixed Terrain
2023-03-03,1106.5003515625,-0.0151320108125917,0.2648040662623402,0.6510596715055368,0.0074667071283196,-0.0114493510278694,-0.0185456264505676,0.0095958509954436,LOW,MEDIUM,HIGH,LOW Trend + MEDIUM Leadership + HIGH Participation,Mixed Terrain
2023-03-06,1114.762265625,-0.0073165213990431,0.2968030766752837,-0.2831423641026575,0.002393868031139,-0.0264307335147202,-0.0209217464177655,0.0063282130571979,LOW,MEDIUM,LOW,LOW Trend + MEDIUM Leadership + LOW Participation,Mixed Terrain
2023-03-08,1117.430859375,-0.0013560040572902,0.2810948241325927,0.3352114908693916,-0.0029243629796725,-0.027318105181983,-0.0180313868692234,0.0066420146940018,LOW,MEDIUM,HIGH,LOW Trend + MEDIUM Leadership + HIGH Participation,Mixed Terrain
2023-03-09,1114.1630859375,-0.0062192696377201,0.1937894204355678,-0.6931956267491765,-0.0046341187638213,-0.0242227078025037,-0.0161168477951236,0.0125050420587902,LOW,MEDIUM,LOW,LOW Trend + MEDIUM Leadership + LOW Participation,Mixed Terrain
2023-03-10,1108.999921875,-0.0131410123510976,0.1316337838629964,-0.6017949688377049,-0.0136774412250224,-0.0141991669155182,-0.0204151769904739,0.0209063994101106,LOW,LOW,LOW,LOW Trend + LOW Leadership + LOW Participation,Mixed Terrain
2023-03-13,1093.831640625,-0.0409076164771646,0.0072227308608272,-0.5159426032706904,-0.0078013462566545,-0.0071784641789237,-0.0114286826447598,0.0367679341077753,LOW,LOW,LOW,LOW Trend + LOW Leadership + LOW Participation,Mixed Terrain
2023-03-14,1085.29828125,-0.0472839807165709,0.006532883470461,-0.15025981139307,0.0014802238267159,0.0056585466351488,-0.0082524835842219,0.0449622936321223,LOW,LOW,MEDIUM,LOW Trend + LOW Leadership + MEDIUM Participation,Mixed Terrain
2023-03-15,1086.904765625,-0.0460923933873464,0.0553178920518445,0.0825834435097977,0.0002486634027634,0.0095475389870365,0.0025872638191839,0.044938102255825,LOW,LOW,MEDIUM,LOW Trend + LOW Leadership + MEDIUM Participation,Mixed Terrain
2023-03-16,1087.1750390625,-0.0451447316889022,0.0456663725676852,0.1597096191960217,0.0055906432672896,0.0083070799783886,0.0126043410744756,0.0430422079068808,LOW,LOW,MEDIUM,LOW Trend + LOW Leadership + MEDIUM Participation,Mixed Terrain
2023-03-17,1093.253046875,-0.0381389228833289,0.1078709394530072,0.3839858183274711,-0.0066530228484528,-0.0063055435401756,0.0146614115170469,0.0355601927418591,LOW,LOW,HIGH,LOW Trend + LOW Leadership + HIGH Participation,Mixed Terrain
2023-03-20,1085.979609375,-0.0509443407314798,0.0175535708962434,-0.3468515557228534,0.0050276107998401,-0.0042809491056426,0.0286732406563514,0.0396992159800422,LOW,LOW,LOW,LOW Trend + LOW Leadership + LOW Participation,Mixed Terrain
2023-03-21,1091.4394921875,-0.038959841409915,0.0704910067671772,0.2709451517786542,0.0053530581441492,-0.0138327569192505,0.0278322589387129,0.0376796683823266,LOW,LOW,HIGH,LOW Trend + LOW Leadership + HIGH Participation,Mixed Terrain
2023-03-22,1097.2820312500005,-0.0352728973887422,0.1446567260065722,-0.0175910892160974,-0.0009803698200315,-0.0068944501363813,0.0251264666032042,0.0329013948527643,LOW,MEDIUM,MEDIUM,LOW Trend + MEDIUM Leadership + MEDIUM Participation,Mixed Terrain
2023-03-23,1096.2062890625,-0.0307322090464268,0.1353984357452388,0.1062185097025077,-0.0089826130111159,0.0042618575049369,0.0290907408972016,0.0343303688054945,LOW,MEDIUM,MEDIUM,LOW Trend + MEDIUM Leadership + MEDIUM Participation,Mixed Terrain
2023-03-24,1086.3594921875,-0.0499418068271337,0.0181629884477667,-0.5661022312557232,-0.0046291363827215,0.0211000020387759,0.042182744597486,0.0471969387772428,LOW,LOW,LOW,LOW Trend + LOW Leadership + LOW Participation,Mixed Terrain
2023-03-27,1081.3305859375,-0.0539517071083217,0.0305697191734901,-0.3510932270465807,-0.0046134928599793,0.0330958715035074,0.048753808558271,0.062502507637729,LOW,LOW,LOW,LOW Trend + LOW Leadership + LOW Participation,Mixed Terrain
2023-03-28,1076.341875,-0.0597460210359495,0.0227600481940348,-0.1550738256195705,0.012426349202478,0.0422494421207944,0.05365758556035,0.0725171648522642,LOW,LOW,MEDIUM,LOW Trend + LOW Leadership + MEDIUM Participation,Mixed Terrain
2023-03-29,1089.716875,-0.0392871556869028,0.1861600430462846,1.6479194433392297,0.0102423751696971,0.032243215984427,0.0422415484067821,0.0625364776158847,LOW,MEDIUM,HIGH,LOW Trend + MEDIUM Leadership + HIGH Participation,Mixed Terrain
2023-03-31,1100.8781640625,-0.0238138102005625,0.2864423530182239,0.8695624001469371,0.0076334656271035,0.0247235152930644,0.0300589930318764,0.059076084410707,LOW,MEDIUM,HIGH,LOW Trend + MEDIUM Leadership + HIGH Participation,Mixed Terrain
2023-04-03,1109.2816796875,-0.007734909340668,0.3004143280448209,0.6766031033435062,0.0070644675004527,0.0206470889399816,0.0205968030198033,0.0509766152333788,LOW,MEDIUM,HIGH,LOW Trend + MEDIUM Leadership + HIGH Participation,Mixed Terrain
2023-04-05,1117.1181640625,0.0068515518162191,0.290835267549447,-0.9465353026603428,0.0042059603349506,0.0151563252614455,0.0107186372580816,0.0496935326858141,MEDIUM,MEDIUM,LOW,MEDIUM Trend + MEDIUM Leadership + LOW Participation,Mixed Terrain
2023-04-06,1121.8167187499998,0.0131547265967679,0.3067677489157302,-0.3157174583110358,0.0027064428277401,0.010945693975467,0.0095807553790749,0.0426249022174389,MEDIUM,MEDIUM,LOW,MEDIUM Trend + MEDIUM Leadership + LOW Participation,Mixed Terrain
2023-04-10,1124.8528515624998,0.0159099392319479,0.3003526016332585,-0.2170706463544616,0.0028829465298465,0.009686023862913,0.0075843600793203,0.0420752557358554,MEDIUM,MEDIUM,MEDIUM,MEDIUM Trend + MEDIUM Leadership + MEDIUM Participation,Mixed Terrain
2023-04-11,1128.0957421875,0.0248046486610731,0.2826053779386334,0.0557790281192145,0.0036250247625881,0.0052067486099272,0.0050915120504582,0.0430413499787907,MEDIUM,MEDIUM,MEDIUM,MEDIUM Trend + MEDIUM Leadership + MEDIUM Participation,Mixed Terrain
2023-04-12,1132.1851171875,0.0358979761090226,0.3135370488664562,0.0629148924321446,0.0016467740978891,-4.9268665656576616e-05,0.004811242755409,0.0421029266445647,MEDIUM,MEDIUM,MEDIUM,MEDIUM Trend + MEDIUM Leadership + MEDIUM Participation,Mixed Terrain
2023-04-13,1134.0495703125,0.0404822577273986,0.3404719855350502,-0.015382322819834,4.074860456704244e-05,-0.0043714331408227,0.0131095581892173,0.0424021241047705,MEDIUM,MEDIUM,MEDIUM,MEDIUM Trend + MEDIUM Leadership + MEDIUM Participation,Mixed Terrain
2023-04-17,1134.09578125,0.0480174572386124,0.3438643695201593,0.0845739345312013,0.001457039081107,-0.0013501601565012,0.0178991539095545,0.0419784684425283,MEDIUM,MEDIUM,MEDIUM,MEDIUM Trend + MEDIUM Leadership + MEDIUM Participation,Mixed Terrain
2023-04-18,1135.748203125,0.0520977704892224,0.3409317364854063,0.0368643863814924,-0.0015661481964982,-0.0020815023026187,0.0194723854946354,0.0417551647141052,MEDIUM,MEDIUM,MEDIUM,MEDIUM Trend + MEDIUM Leadership + MEDIUM Participation,Mixed Terrain
2023-04-19,1133.9694531249995,0.0485590052281132,0.3149591707866311,-0.0020469395343637,-0.0016227220075712,-0.0001146396595808,0.0281703199283971,0.0379153995137777,MEDIUM,MEDIUM,MEDIUM,MEDIUM Trend + MEDIUM Leadership + MEDIUM Participation,Mixed Terrain
2023-04-20,1132.1293359375,0.0477069022521225,0.3324055288183631,-0.1345629914324675,-0.0026827213142435,0.0048607509037765,0.0297667130875638,0.0395529621133612,MEDIUM,MEDIUM,MEDIUM,MEDIUM Trend + MEDIUM Leadership + MEDIUM Participation,Mixed Terrain
2023-04-21,1129.0921484375,0.0456374048711875,0.3242385666397819,-0.1565615346858637,0.0030754105232291,0.0175577438333112,0.0385615679685744,0.0487930241214893,MEDIUM,MEDIUM,MEDIUM,MEDIUM Trend + MEDIUM Leadership + MEDIUM Participation,Mixed Terrain
2023-04-24,1132.5645703125,0.0472900017889054,0.3470823096062908,0.3055247341201874,0.000723641136217,0.0192753388605884,0.032730563317797,0.0491021743506847,MEDIUM,MEDIUM,HIGH,MEDIUM Trend + MEDIUM Leadership + HIGH Participation,Mixed Terrain
2023-04-25,1133.384140625,0.0474126734516829,0.3351302083146473,0.1574295880474248,0.0004017301915544,0.0215988458446136,0.0342312733534488,0.0496193337933719,MEDIUM,MEDIUM,MEDIUM,MEDIUM Trend + MEDIUM Leadership + MEDIUM Participation,Mixed Terrain
2023-04-26,1133.8394552529182,0.0485304284391265,0.3513507901712147,0.3204427909326281,0.0033451643968289,0.0282882025378869,0.0377575946800228,0.0550915909354374,MEDIUM,MEDIUM,HIGH,MEDIUM Trend + MEDIUM Leadership + HIGH Participation,Mixed Terrain
2023-04-27,1137.6323346303502,0.0564353001854611,0.4016715284698068,0.0865769940768318,0.0099189555097209,0.0247854861097784,0.0371131236419031,0.0609287820143622,MEDIUM,HIGH,MEDIUM,MEDIUM Trend + HIGH Leadership + MEDIUM Participation,Fog
2023-04-28,1148.9164591439687,0.0753163497806798,0.4335517275539216,0.76577794738355,0.0047685599759652,0.020641407588466,0.0289135224110501,0.0535309990773578,MEDIUM,HIGH,HIGH,MEDIUM Trend + HIGH Leadership + HIGH Participation,Fog
2023-05-02,1154.3951361867703,0.084993703760445,0.4486954871224424,0.1545530864239591,0.0030048582721662,0.0132007750449938,0.0236558940446014,0.0491801055689455,HIGH,HIGH,MEDIUM,HIGH Trend + HIGH Leadership + MEDIUM Participation,Fog
2023-05-03,1157.8639299610895,0.0850572795753192,0.4239817300105568,-0.1237129954444375,0.0069522896768545,0.0123653502157112,0.0218571680180021,0.0498149538675958,HIGH,HIGH,MEDIUM,HIGH Trend + HIGH Leadership + MEDIUM Participation,Fog
2023-05-04,1165.9137354085603,0.0921022586584484,0.4510580505693016,-0.1492650351872619,-7.258714570768099e-05,0.0092088892187662,0.0094780790657904,0.0454190338752606,HIGH,HIGH,MEDIUM,HIGH Trend + HIGH Leadership + MEDIUM Participation,Fog
2023-05-05,1165.8291050583657,0.0855195018683512,0.3979438767770832,-0.3549217594745789,0.0058349950043066,0.0120294809979422,0.0095033650839764,0.0521026239121982,HIGH,HIGH,LOW,HIGH Trend + HIGH Leadership + LOW Participation,Fog
2023-05-08,1172.6317120622566,0.0912519391234576,0.3991687234936031,0.320609066653219,-0.0025563570717167,0.0081048199309579,0.0098515643833494,0.0508532427817196,HIGH,HIGH,HIGH,HIGH Trend + HIGH Leadership + HIGH Participation,Fog
2023-05-09,1169.634046692607,0.0873914067358248,0.3456694406632175,-0.523713815931232,0.0021778403867382,0.010318901502166,0.0158527418616249,0.0556736315918247,HIGH,MEDIUM,LOW,HIGH Trend + MEDIUM Leadership + LOW Participation,Fog
2023-05-10,1172.1813229571983,0.0875206869441976,0.3797301642643705,0.2998702060886841,0.0038127060991746,0.0093758817409825,0.0148787421502232,0.0641355078879781,HIGH,HIGH,HIGH,HIGH Trend + HIGH Leadership + HIGH Participation,Fog
2023-05-11,1176.6505058365758,0.0918996845455913,0.3883399203260419,-0.0655136951845836,0.0027220642595655,0.0002667335275183,0.0167033191029155,0.0563909500490829,HIGH,HIGH,MEDIUM,HIGH Trend + HIGH Leadership + MEDIUM Participation,Fog
2023-05-12,1179.8534241245134,0.0886743052507152,0.3375513380468344,-0.0641222380372212,0.0019343562197418,-0.0024960892556953,0.0229634143369323,0.0520736625393711,HIGH,MEDIUM,MEDIUM,HIGH Trend + MEDIUM Leadership + MEDIUM Participation,Fog
2023-05-15,1182.1356809338522,0.0939873132274096,0.3691011511209401,0.1573528659086097,-0.000365690442152,0.0017327012210011,0.0239257003918285,0.0542733523636524,HIGH,HIGH,MEDIUM,HIGH Trend + HIGH Leadership + MEDIUM Participation,Fog
2023-05-16,1181.7033852140078,0.0912221411125513,0.3464893145743372,-0.2200796575272233,0.0012424193960989,0.0054773204294518,0.0249343667855947,0.0663254773772077,HIGH,MEDIUM,MEDIUM,HIGH Trend + MEDIUM Leadership + MEDIUM Participation,Fog
2023-05-17,1183.1715564202334,0.0895251860632672,0.3448381117314321,0.1067077362178636,-0.005246237039673,0.0054517454882607,0.0273597785724011,0.0681026234559007,HIGH,MEDIUM,MEDIUM,HIGH Trend + MEDIUM Leadership + MEDIUM Participation,Fog
2023-05-18,1176.964357976654,0.0800601932633745,0.2787717082495449,-0.4597232862491718,-4.7540358392272886e-05,0.0164322025560446,0.0356035020024716,0.075413345966149,MEDIUM,MEDIUM,LOW,MEDIUM Trend + MEDIUM Leadership + LOW Participation,Mixed Terrain
2023-05-19,1176.9084046692608,0.0810098310370715,0.2817726281985908,0.0309225310729158,0.0061819290043891,0.0255232118073909,0.0421982336083428,0.082048864676645,MEDIUM,MEDIUM,MEDIUM,MEDIUM Trend + MEDIUM Leadership + MEDIUM Participation,Mixed Terrain
2023-05-22,1184.1839688715952,0.0859807545197457,0.3517780745955443,0.2066895773242866,0.0033710846800278,0.0221546118478277,0.0406016882524782,0.0767497943552217,HIGH,HIGH,MEDIUM,HIGH Trend + HIGH Leadership + MEDIUM Participation,Fog
2023-05-23,1188.1759533073928,0.0875950098008888,0.3319403879701957,0.1818697539571928,0.0012169521722504,0.0193510544303801,0.0391994706410152,0.0776218591874733,HIGH,MEDIUM,MEDIUM,HIGH Trend + MEDIUM Leadership + MEDIUM Participation,Fog
2023-05-24,1189.621906614786,0.0832690737183288,0.3071919879595446,-0.02799656437924,0.0056173882274925,0.021789243673252,0.0485346314707455,0.0777304102231142,HIGH,MEDIUM,MEDIUM,HIGH Trend + MEDIUM Leadership + MEDIUM Participation,Fog
2023-05-25,1196.3044747081713,0.0893088597593406,0.3193614185438056,-0.1050082501031221,0.008896073429766,0.0188613656653306,0.0390356067502419,0.0658480557473943,HIGH,MEDIUM,MEDIUM,HIGH Trend + MEDIUM Leadership + MEDIUM Participation,Fog
2023-05-26,1206.946887159533,0.1032507245183941,0.38593616935275,0.6000692151345072,0.0028768605609517,0.01626001401915,0.028456783296896,0.0483385210980189,HIGH,HIGH,HIGH,HIGH Trend + HIGH Leadership + HIGH Participation,Fog
2023-05-29,1210.4191050583656,0.1053032109826618,0.3613760418421752,0.2346865796811628,0.000619046569255,0.0180472466599768,0.0296385293974073,0.053184125001928,HIGH,HIGH,MEDIUM,HIGH Trend + HIGH Leadership + MEDIUM Participation,Fog
2023-05-30,1211.168410852713,0.103784986681424,0.3442732424091518,-0.0808816800502751,0.0036117663944534,0.0194716198353535,0.0403841572035719,0.0552767852299718,HIGH,MEDIUM,MEDIUM,HIGH Trend + MEDIUM Leadership + MEDIUM Participation,Fog
2023-05-31,1215.5428682170543,0.1029916148171813,0.356382149195395,-0.3344727657888843,0.0027358497364531,0.0261750531854749,0.0396578158238929,0.0586432080654553,HIGH,HIGH,LOW,HIGH Trend + HIGH Leadership + LOW Participation,Fog
2023-06-01,1218.8684108527134,0.1032779900272857,0.3716765019664557,0.0758686031368936,0.0063201651169331,0.0198007714933201,0.0384412025323397,0.0608011211313834,HIGH,HIGH,MEDIUM,HIGH Trend + HIGH Leadership + MEDIUM Participation,Fog
2023-06-02,1226.5718604651163,0.1080204497616096,0.397889524689762,0.3302317146119488,0.0046405570905789,0.0120016227240011,0.0382370932738291,0.0560059627916249,HIGH,HIGH,HIGH,HIGH Trend + HIGH Leadership + HIGH Participation,Fog
2023-06-05,1232.2638372093022,0.1113807872868409,0.3835692309503927,0.0025324186574884,0.0020190355514762,0.0113858003893823,0.034737696960158,0.0496533965552814,HIGH,HIGH,MEDIUM,HIGH Trend + HIGH Leadership + MEDIUM Participation,Fog
2023-06-06,1234.7518217054262,0.1111132580690391,0.3641036262527822,-0.1115364123370641,0.0102109148695324,0.0205131138143852,0.0369730640093164,0.0535222532444406,HIGH,HIGH,MEDIUM,HIGH Trend + HIGH Leadership + MEDIUM Participation,Fog
2023-06-07,1247.3597674418604,0.1216302621308702,0.4207450424293339,0.5027873712143838,-0.0034928348814403,0.0131388524760609,0.0278443628623086,0.0502363178423901,HIGH,HIGH,HIGH,HIGH Trend + HIGH Leadership + HIGH Participation,Fog
2023-06-08,1243.0029457364342,0.1163904610355048,0.3826937848369897,-0.2977412863376283,-0.0013758877756528,0.0182785025860727,0.0258051300869399,0.0444606266719169,HIGH,HIGH,LOW,HIGH Trend + HIGH Leadership + LOW Participation,Fog
2023-06-09,1241.292713178295,0.1110168940193899,0.3162007136461983,-0.179123383355224,0.0040292141051248,0.0259243364444516,0.0193316220224526,0.0397662139669845,HIGH,MEDIUM,MEDIUM,HIGH Trend + MEDIUM Leadership + MEDIUM Participation,Fog
2023-06-12,1246.2941472868215,0.114162324605451,0.3369656064176866,-0.3367856259983968,0.0110618180305031,0.0230890097149727,0.0228678268462823,0.0472929686123917,HIGH,MEDIUM,LOW,HIGH Trend + MEDIUM Leadership + LOW Participation,Fog
2023-06-13,1260.0804263565892,0.1253204958761347,0.4007721335142427,0.6148284525288752,0.0029110975597563,0.0161290922890824,0.0143145471057819,0.0399070334290354,HIGH,HIGH,HIGH,HIGH Trend + HIGH Leadership + HIGH Participation,Fog
2023-06-14,1263.7486434108528,0.1275710072642337,0.387830624583062,0.1649154240665151,0.0015624427325924,0.0145148025369949,0.0182611932047249,0.034950088569791,HIGH,HIGH,MEDIUM,HIGH Trend + HIGH Leadership + MEDIUM Participation,Fog
2023-06-15,1265.7231782945737,0.126907294905447,0.3733913625517267,-0.3100767863618843,0.0061223693609235,0.0073915215550088,0.0215321951252676,0.0416727784202051,HIGH,HIGH,LOW,HIGH Trend + HIGH Leadership + LOW Participation,Fog
2023-06-16,1273.4724031007752,0.131944608696803,0.4167157667326411,0.1011473088333843,0.0012543984907531,-0.0064261214865487,0.0171144622292063,0.0424057849763637,HIGH,HIGH,MEDIUM,HIGH Trend + HIGH Leadership + MEDIUM Participation,Fog
2023-06-19,1275.0698449612405,0.128541301180762,0.3964607331820266,-0.0590842078470857,0.0041837197427272,-0.0002161912273419,0.0144149571808802,0.0437559912051122,HIGH,HIGH,MEDIUM,HIGH Trend + HIGH Leadership + MEDIUM Participation,Fog
2023-06-20,1280.404379844961,0.1285796548585489,0.4291186391394275,0.3599502315732886,0.0013178067866339,-0.0017857427733053,0.0159591312537461,0.0426773482081563,HIGH,HIGH,HIGH,HIGH Trend + HIGH Leadership + HIGH Participation,Fog
2023-06-21,1282.0917054263566,0.128329296708449,0.4019848752918002,-0.4030575911259538,-0.0054698949747998,0.0036927905421995,0.0217853556327585,0.0443145143809629,HIGH,HIGH,LOW,HIGH Trend + HIGH Leadership + LOW Participation,Fog
2023-06-22,1275.0787984496123,0.1201337461068479,0.3342906750791378,-0.2357614601791601,-0.0076778656604075,0.0140369193781093,0.01818619934509,0.0480246653246814,HIGH,MEDIUM,MEDIUM,HIGH Trend + MEDIUM Leadership + MEDIUM Participation,Fog
2023-06-23,1265.2889147286824,0.1022509762537061,0.1738266622912132,-0.5982364863099243,0.0075123327227342,0.0236928367631561,0.0200470499521909,0.0550042589163841,HIGH,MEDIUM,LOW,HIGH Trend + MEDIUM Leadership + LOW Participation,Fog
2023-06-26,1274.7941860465116,0.1119505641776212,0.2863441081105611,0.3910716127138323,0.0026072608163836,0.0146343122181418,0.0238790791195546,0.0490494197457238,HIGH,MEDIUM,HIGH,HIGH Trend + MEDIUM Leadership + HIGH Participation,Fog
2023-06-27,1278.1179069767445,0.1113902371651693,0.3852004203046046,0.4942948062977099,0.0068133734189215,0.0177766184950627,0.0252313115258757,0.0460522712629596,HIGH,HIGH,HIGH,HIGH Trend + HIGH Leadership + HIGH Participation,Fog
2023-06-28,1286.8262015503874,0.1161565808972374,0.3573059492766134,0.2875278960806113,0.0047798025765937,0.0180259988524829,0.0163896016821991,0.044474422920691,HIGH,HIGH,HIGH,HIGH Trend + HIGH Leadership + HIGH Participation,Fog
2023-06-30,1292.9769767441862,0.1221731456488924,0.3657869935260595,-0.1534454325566707,0.0017712780200933,0.0040918430953431,0.0197160533863229,0.0431211726815652,HIGH,HIGH,MEDIUM,HIGH Trend + HIGH Leadership + MEDIUM Participation,Fog
2023-07-03,1295.26719844358,0.124979892718539,0.3714406545066237,-0.1258227085988144,-0.0014030126500348,-0.0035614069768162,0.0248657586597742,0.0521552403861003,HIGH,HIGH,MEDIUM,HIGH Trend + HIGH Leadership + MEDIUM Participation,Fog
2023-07-04,1293.4499221789883,0.1149126062260843,0.3233893588342969,-0.1514298342619742,0.0057123195069994,0.0091114274276831,0.028924094441364,0.0558555500695927,HIGH,MEDIUM,MEDIUM,HIGH Trend + MEDIUM Leadership + MEDIUM Participation,Fog
2023-07-05,1300.8385214007783,0.1213566601247761,0.3821423006417898,0.2489120182936007,0.0070600675110787,0.0073244883949443,0.0262985154938648,0.0423189512798214,HIGH,HIGH,MEDIUM,HIGH Trend + HIGH Leadership + MEDIUM Participation,Fog
2023-07-06,1310.0225291828797,0.1280035852685953,0.3904325173402606,0.4376856449773769,-0.0089730468462225,-0.001607421786996,0.0220488174194399,0.034889891706445,HIGH,HIGH,HIGH,HIGH Trend + HIGH Leadership + HIGH Participation,Fog
2023-07-07,1298.2676356589147,0.1166799175986053,0.332137904233693,-0.0729317260659711,-0.005864284561672,0.0155605390068847,0.0293055101304495,0.0462049114739095,HIGH,MEDIUM,MEDIUM,HIGH Trend + MEDIUM Leadership + MEDIUM Participation,Fog
2023-07-10,1290.6542248062017,0.106540979016039,0.2641887128130717,-0.5597952732767257,0.0112972724915942,0.0285287681906647,0.0342701926992796,0.0565897069114187,HIGH,MEDIUM,LOW,HIGH Trend + MEDIUM Leadership + LOW Participation,Fog
2023-07-11,1305.2350972762647,0.1162630434005362,0.3246119108108177,0.1137403182728164,0.0039313996297818,0.0196337752949493,0.0245833137325293,0.048520289931963,HIGH,MEDIUM,MEDIUM,HIGH Trend + MEDIUM Leadership + MEDIUM Participation,Fog
2023-07-12,1310.366498054475,0.1135461296445555,0.3436215381531557,0.3019098921522229,-0.0018694980603491,0.0188360625771675,0.020308548425131,0.0479185311484136,HIGH,MEDIUM,HIGH,HIGH Trend + MEDIUM Leadership + HIGH Participation,Fog
2023-07-13,1307.9167704280155,0.1088500116520479,0.2629435751701482,-0.1090001602709684,0.0080682575952384,0.0236943259822481,0.0276319446716195,0.0494565742380301,HIGH,MEDIUM,MEDIUM,HIGH Trend + MEDIUM Leadership + MEDIUM Participation,Fog
2023-07-14,1318.4693798449612,0.1188749445783362,0.374536068399858,0.3351408310825985,0.0068303597282612,0.0135343690460898,0.0229525849058838,0.0398667222697672,HIGH,HIGH,HIGH,HIGH Trend + HIGH Leadership + HIGH Participation,Fog
2023-07-17,1327.475,0.1252689770554255,0.4073877257016511,0.2793607357312664,0.0025513021964771,0.0055821720171376,0.0266273719223606,0.030205296568128,HIGH,HIGH,HIGH,HIGH Trend + HIGH Leadership + HIGH Participation,Fog
2023-07-18,1330.8617898832683,0.1266045832675332,0.3656151093906679,0.0279970775778021,0.0031459717000004,0.0048542315461725,0.0261743852376696,0.0304511902057851,HIGH,HIGH,MEDIUM,HIGH Trend + HIGH Leadership + MEDIUM Participation,Fog
2023-07-19,1335.048643410853,0.1289927210065028,0.3999456639851079,-0.4196527780712497,0.0028900320242082,0.0014452627876548,0.0156099181126141,0.0286973488031603,HIGH,HIGH,LOW,HIGH Trend + HIGH Leadership + LOW Participation,Fog
2023-07-20,1338.906976744186,0.1294819219120402,0.3721601678338564,-0.2385010386562752,-0.0019366138062402,0.0038464789629397,0.0125640518027576,0.0229577506282994,HIGH,HIGH,MEDIUM,HIGH Trend + HIGH Leadership + MEDIUM Participation,Fog
2023-07-21,1336.314031007752,0.1261940063797722,0.3633545188180818,0.0486239893860057,-0.0010692376014527,0.0092924484333551,0.016418255976613,0.0336310341697976,HIGH,HIGH,MEDIUM,HIGH Trend + HIGH Leadership + MEDIUM Participation,Fog
2023-07-24,1334.8851937984496,0.120863079601429,0.3760975242486191,-0.1243656353779469,0.0018255557707786,0.0209283741208414,0.0215799646646384,0.0416347231136575,HIGH,HIGH,MEDIUM,HIGH Trend + HIGH Leadership + MEDIUM Participation,Fog
2023-07-25,1337.3221011673154,0.1199034819507579,0.3615858168982692,-0.008723920764461,-0.0002572017856666,0.0212171606808,0.0233626449685502,0.044089699519995,HIGH,HIGH,MEDIUM,HIGH Trend + HIGH Leadership + MEDIUM Participation,Fog
2023-07-26,1336.9781395348837,0.1191111031109599,0.3626843530756839,0.1780120702187822,0.0052947123960791,0.0141442132199318,0.0270604247763082,0.0439794421719297,HIGH,HIGH,MEDIUM,HIGH Trend + HIGH Leadership + MEDIUM Participation,Fog
2023-07-27,1344.0570542635658,0.1175360691430062,0.3616020551449224,-0.0971759066522803,0.0034779817964321,0.0086841693650447,0.0212377881785141,0.036238376623916,HIGH,HIGH,MEDIUM,HIGH Trend + HIGH Leadership + MEDIUM Participation,Fog
2023-07-28,1348.7316602316605,0.1206710706611967,0.3516814232672233,0.0944774848855948,0.0104472303323515,0.0070602009896325,0.0165346249801399,0.0389974315043037,HIGH,MEDIUM,MEDIUM,HIGH Trend + MEDIUM Leadership + MEDIUM Participation,Fog
2023-07-31,1362.8221705426356,0.1306976725294202,0.4048665013619515,0.5178636638171791,0.00210893878105,0.0006382333573184,0.0034851249281109,0.0310375040870458,HIGH,HIGH,HIGH,HIGH Trend + HIGH Leadership + HIGH Participation,Fog
2023-08-01,1365.6962790697676,0.1316827802132008,0.3706972970332609,0.03225474372017,-0.0071814178666395,0.0021009089646708,0.0041677175240784,0.0318563268794378,HIGH,HIGH,MEDIUM,HIGH Trend + HIGH Leadership + MEDIUM Participation,Fog
2023-08-02,1355.8886434108529,0.1188063103219773,0.2014301637703902,-0.4523170415910728,-0.0001176866939291,0.0127360698685712,0.0128862769623867,0.0430512229489685,HIGH,MEDIUM,LOW,HIGH Trend + MEDIUM Leadership + LOW Participation,Fog
2023-08-03,1355.7290733590737,0.1116955833879226,0.2526101257010525,-0.5602555561830208,0.001862395315199,0.0124455396394016,0.0102647321984588,0.0505864655211811,HIGH,MEDIUM,LOW,HIGH Trend + MEDIUM Leadership + LOW Participation,Fog
2023-08-04,1358.2539768339768,0.116289135453989,0.3078931340556221,0.212203200085906,0.0040036637998055,0.0094080016082422,0.0169347393083234,0.0506694803327163,HIGH,MEDIUM,MEDIUM,HIGH Trend + MEDIUM Leadership + MEDIUM Participation,Fog
2023-08-07,1363.691969111969,0.119766519484778,0.3481932003565995,0.3236776531055702,0.0035737641812816,0.0028450757485456,0.0196311195821099,0.0532203088783818,HIGH,MEDIUM,HIGH,HIGH Trend + MEDIUM Leadership + HIGH Participation,Fog
2023-08-08,1368.565482625483,0.1177662425465483,0.3480050586201846,0.0875407643595859,0.0033552309627478,0.0020624754861691,0.0202538705642141,0.0495929292988346,HIGH,MEDIUM,MEDIUM,HIGH Trend + MEDIUM Leadership + MEDIUM Participation,Fog
2023-08-09,1373.157335907336,0.1192015872534674,0.3627484049246713,-0.007486206078299,-0.0004045294817696,0.0001483181040791,0.0164732444045894,0.0515359528980787,HIGH,HIGH,MEDIUM,HIGH Trend + HIGH Leadership + MEDIUM Participation,Fog
2023-08-10,1372.6018532818532,0.1169864127160975,0.301486473436761,-0.2144354898993872,-0.0011433911776151,-0.0021539997516503,0.0146886343406436,0.0583599906571614,HIGH,MEDIUM,MEDIUM,HIGH Trend + MEDIUM Leadership + MEDIUM Participation,Fog
2023-08-11,1371.0324324324324,0.108635460037475,0.2986180396972082,-0.1418473535981488,-0.0025241243670047,0.0074565861258173,0.0220974337441803,0.0690867839250692,HIGH,MEDIUM,MEDIUM,HIGH Trend + MEDIUM Leadership + MEDIUM Participation,Fog
2023-08-14,1367.5717760617758,0.1011776237873625,0.2443859964856655,-0.3219821119110242,0.00279059526501,0.016738421755758,0.0274566891670755,0.0465438605901697,HIGH,MEDIUM,LOW,HIGH Trend + MEDIUM Leadership + LOW Participation,Fog
2023-08-16,1371.3881153846153,0.0986885462632078,0.2598532493676959,0.0489278961866869,0.0014386041363874,0.0181539529950156,0.0275736900043248,0.0461368858409074,HIGH,MEDIUM,MEDIUM,HIGH Trend + MEDIUM Leadership + MEDIUM Participation,Fog
2023-08-17,1373.361,0.0987229093448338,0.2478230623068795,0.0157789754115663,-0.0027055746953865,0.0163225053774589,0.029781177485241,0.0517730421375566,HIGH,MEDIUM,MEDIUM,HIGH Trend + MEDIUM Leadership + MEDIUM Participation,Fog
2023-08-18,1369.6452692307694,0.0870628566654344,0.1930718940299593,-0.0979903382592894,0.0084769282063121,0.0168789914356544,0.0399120468503115,0.0553763227695383,HIGH,MEDIUM,MEDIUM,HIGH Trend + MEDIUM Leadership + MEDIUM Participation,Fog
2023-08-21,1381.2556538461538,0.1011466235777627,0.3080538779094299,0.4225067724233723,0.0066657576090116,0.0145324848931351,0.0331729655015402,0.0442191576688846,HIGH,MEDIUM,HIGH,HIGH Trend + MEDIUM Leadership + HIGH Participation,Fog
2023-08-22,1390.462769230769,0.1087305163401164,0.3408489218314173,0.3043861117641616,0.0041867079560011,0.0105418140811561,0.032942491310032,0.0320436806590118,HIGH,MEDIUM,HIGH,HIGH Trend + MEDIUM Leadership + HIGH Participation,Fog
2023-08-23,1396.2842307692308,0.1138744644873115,0.3348652934442253,0.2661087091539649,-0.0003627760382707,0.0092517806188345,0.0287566257586413,0.0211232112550703,HIGH,MEDIUM,HIGH,HIGH Trend + MEDIUM Leadership + HIGH Participation,Fog
2023-08-24,1395.7776923076924,0.1114165297168148,0.3199217424413514,-0.3988913064094175,-0.0021595074375411,0.0132425209877484,0.0344944726154869,0.0195480423822365,HIGH,MEDIUM,LOW,HIGH Trend + MEDIUM Leadership + LOW Participation,Fog
2023-08-25,1392.7635,0.0989870901464411,0.220710466579138,-0.4527012908004842,0.0061498099061545,0.0226507338716266,0.0430391696906076,0.0227541402508937,HIGH,MEDIUM,LOW,HIGH Trend + MEDIUM Leadership + LOW Participation,Fog
2023-08-28,1401.3287307692306,0.107884866974231,0.3012774644313476,0.2289009752772805,0.0027060306252746,0.0183734684556391,0.0459734548092505,0.0168599049687652,HIGH,MEDIUM,MEDIUM,HIGH Trend + MEDIUM Leadership + MEDIUM Participation,Fog
2023-08-29,1405.1207692307694,0.1124310048248412,0.3122930302294413,0.2833762656756423,0.0029047872698595,0.0221669968691438,0.0185771056087702,0.0214159377042781,HIGH,MEDIUM,HIGH,HIGH Trend + MEDIUM Leadership + HIGH Participation,Fog
2023-08-30,1409.202346153846,0.1129326278858172,0.3539364360578423,0.3748545526577496,0.0035899468605551,0.0193260448129672,0.0180650750570543,0.0077702863498889,HIGH,HIGH,HIGH,HIGH Trend + HIGH Leadership + HIGH Participation,Fog
2023-08-31,1414.261307692308,0.1135998506141357,0.3168995711389722,-0.2720918957968103,0.0071056937198579,0.020974200339541,0.0213558619376017,0.0145935094928246,HIGH,MEDIUM,MEDIUM,HIGH Trend + MEDIUM Leadership + MEDIUM Participation,Fog
2023-09-01,1424.3106153846154,0.1214053650607297,0.3785984039384752,0.1337374742051033,0.0019415600680878,0.0199368515013849,0.0148707537008201,0.0064380115038029,HIGH,HIGH,MEDIUM,HIGH Trend + HIGH Leadership + MEDIUM Participation,Fog
2023-09-04,1427.0759999999998,0.1255971695277047,0.3912854760289699,0.1682220445223135,0.0064411964906403,0.0271020280953182,0.010691522655146,-0.0053446764867355,HIGH,HIGH,MEDIUM,HIGH Trend + HIGH Leadership + MEDIUM Participation,Fog
2023-09-05,1436.2680769230767,0.1304031255484175,0.4042001707062784,0.1317103524475185,0.0001173714891988,-0.0035120398832765,-0.0008701458779957,-0.0068027662551534,HIGH,HIGH,MEDIUM,HIGH Trend + HIGH Leadership + MEDIUM Participation,Fog
2023-09-06,1436.436653846154,0.1300639094569052,0.3733468506033691,-0.2717773388467694,0.0052126585785075,-0.0012370622357091,-0.0074200392128136,-0.0022097283257743,HIGH,HIGH,MEDIUM,HIGH Trend + HIGH Leadership + MEDIUM Participation,Fog
2023-09-07,1443.9243076923078,0.135071381163554,0.3758307100093008,-0.0001178822480798,0.0060824358148754,0.0003738210014845,-0.014448052289213,-0.0171355766361346,HIGH,HIGH,MEDIUM,HIGH Trend + HIGH Leadership + MEDIUM Participation,Fog
2023-09-08,1452.7068846153848,0.1413003384028479,0.3964715088872871,0.1219998786611071,0.008980317618735,-0.004967070062335,-0.0194480035162352,-0.0156930092863761,HIGH,HIGH,MEDIUM,HIGH Trend + HIGH Leadership + MEDIUM Participation,Fog
2023-09-11,1465.752653846154,0.1521472831296244,0.4009263290543322,0.5156966358148848,-0.023557049411921,-0.0159774832404956,-0.0278339280089995,-0.0197697855788816,HIGH,HIGH,HIGH,HIGH Trend + HIGH Leadership + HIGH Participation,Fog
2023-09-12,1431.223846153846,0.119026160026721,0.1838475636838395,-0.5524248470933745,0.00240063506703,0.0026512051434834,0.0027870566497871,0.0102122398349329,HIGH,MEDIUM,LOW,HIGH Trend + MEDIUM Leadership + LOW Participation,Fog
2023-09-13,1434.6596923076925,0.1159471925871865,0.2607932927364033,-0.0283748386011576,0.0068339444315286,-0.0061906351780982,-0.0101121126334565,0.009743860903846,HIGH,MEDIUM,MEDIUM,HIGH Trend + MEDIUM Leadership + MEDIUM Participation,Fog
2023-09-14,1444.464076923077,0.1271040246862139,0.3620127125699673,0.2654189036298502,0.0007110670544154,-0.0148163346336464,-0.0066209562178927,0.002305067500296,HIGH,HIGH,MEDIUM,HIGH Trend + HIGH Leadership + MEDIUM Participation,Fog
2023-09-15,1445.4911877394636,0.1286558095868747,0.3460914027043399,0.32549349646511,-0.002184428643793,-0.0145532203188565,-0.0083091784508189,0.0036819909994072,HIGH,MEDIUM,HIGH,HIGH Trend + MEDIUM Leadership + HIGH Participation,Fog
2023-09-18,1442.333615384615,0.121463756783709,0.2988256754969633,-0.2760925673256736,-0.0050718510130676,-0.0120489567734166,-0.0158665614407782,0.0020346968137467,HIGH,MEDIUM,LOW,HIGH Trend + MEDIUM Leadership + LOW Participation,Fog
2023-09-20,1435.0183141762452,0.109478516972137,0.239327379322033,-0.7782447410316963,-0.0064389956121616,0.0001354922884517,-0.0059377871181429,0.0081444976686295,HIGH,MEDIUM,LOW,HIGH Trend + MEDIUM Leadership + LOW Participation,Fog
2023-09-21,1425.7782375478928,0.0935242505735485,0.0734009692806573,-0.3328901440823686,-0.0019048009594114,-0.0039459051143687,0.0052492606065783,0.0075457783512491,HIGH,LOW,LOW,HIGH Trend + LOW Leadership + LOW Participation,City
2023-09-22,1423.0624137931036,0.0864027915495912,0.1059142980025276,-0.0178135075080038,0.0009783282930726,0.0083186300218509,-0.0027269230740846,-0.0138916785297443,HIGH,LOW,MEDIUM,HIGH Trend + LOW Leadership + MEDIUM Participation,Mixed Terrain
2023-09-25,1424.4546360153256,0.0823365746598851,0.1715951706995743,0.2091121261513322,0.0003512670547896,0.0063362547798451,0.0038294697714393,-0.0220555605820578,MEDIUM,MEDIUM,MEDIUM,MEDIUM Trend + MEDIUM Leadership + MEDIUM Participation,Mixed Terrain
2023-09-26,1424.9550000000002,0.0798521315017699,0.1671733099492733,0.1811272529169434,0.0071986470391014,-0.0038641638100747,0.0082950255747997,-0.0282891329514736,MEDIUM,MEDIUM,MEDIUM,MEDIUM Trend + MEDIUM Leadership + MEDIUM Participation,Mixed Terrain
2023-09-27,1435.212748091603,0.0893741202797337,0.2312530271700082,0.3306526915365802,-0.0104935635523248,-0.0060724566355485,0.007404546295155,-0.0204268353904074,HIGH,MEDIUM,HIGH,HIGH Trend + MEDIUM Leadership + HIGH Participation,Fog
2023-09-28,1420.152251908397,0.0703192461998966,0.0781706329065272,-0.3424129070249933,0.0103848665403551,0.0092315927098345,0.0200588104882528,-0.012616443691672,MEDIUM,LOW,LOW,MEDIUM Trend + LOW Leadership + LOW Participation,Mixed Terrain
2023-09-29,1434.9003435114505,0.0824824354005262,0.251796880479374,0.6591318285910869,-0.0009896157642037,-0.0109544272683884,0.0089855164290606,-0.0193479880966951,MEDIUM,MEDIUM,HIGH,MEDIUM Trend + MEDIUM Leadership + HIGH Participation,Mixed Terrain
2023-10-03,1433.4803435114502,0.0807019950630845,0.2397665248415451,-0.1778232329571297,-0.0097884865439195,-0.0024910013889484,0.012091641053503,-0.0221969019267884,MEDIUM,MEDIUM,MEDIUM,MEDIUM Trend + MEDIUM Leadership + MEDIUM Participation,Mixed Terrain
2023-10-04,1419.4487404580152,0.063784426691372,0.0563975945111865,-0.1286965952365767,0.0049658295203676,0.0122063567468684,0.0181898689274624,-0.0037223488761487,MEDIUM,LOW,MEDIUM,MEDIUM Trend + LOW Leadership + MEDIUM Participation,Mixed Terrain
2023-10-05,1426.4974809160303,0.0669919550897728,0.1582661305290143,-0.5361612052940219,0.0047424115769172,0.0135593414436265,0.0141664018652785,1.6266060702374574e-05,MEDIUM,MEDIUM,LOW,MEDIUM Trend + MEDIUM Leadership + LOW Participation,Mixed Terrain
2023-10-06,1433.2625190839697,0.0692494930535329,0.231089952698298,0.211199055616828,-0.0098242205007218,0.0107281795938896,0.0022845256740453,0.0070445716156795,MEDIUM,MEDIUM,MEDIUM,MEDIUM Trend + MEDIUM Leadership + MEDIUM Participation,Mixed Terrain
2023-10-09,1419.1818320610687,0.0486782671573648,0.0496822176157941,-0.157613606626189,0.0075590806486609,0.0201607936451073,-0.0111952841342864,0.0217596539667286,MEDIUM,LOW,MEDIUM,MEDIUM Trend + LOW Leadership + MEDIUM Participation,Mixed Terrain
2023-10-10,1429.9095419847329,0.0640124539654394,0.2106882648512529,1.0661803590719108,0.0048013500026558,0.0146190585375736,-0.0257862825639009,0.0215924756119538,MEDIUM,MEDIUM,HIGH,MEDIUM Trend + MEDIUM Leadership + HIGH Participation,Mixed Terrain
2023-10-11,1436.7750381679389,0.0676076485690163,0.2563661741789665,-0.0154220404187636,0.0063091360299967,0.0059113560596717,-0.0362831885493214,0.0126173864250838,MEDIUM,MEDIUM,MEDIUM,MEDIUM Trend + MEDIUM Leadership + MEDIUM Participation,Mixed Terrain
2023-10-12,1445.839847328244,0.0812779625578139,0.2905395134431768,0.4153163059778334,0.0019358779402995,0.0005989392005278,-0.0276268176353934,0.0073878414550743,MEDIUM,MEDIUM,HIGH,MEDIUM Trend + MEDIUM Leadership + HIGH Participation,Mixed Terrain
2023-10-13,1448.638816793893,0.0793394330092218,0.2462816284142356,-1.1286405632176617,-0.0005834115874556,-0.0083540303815778,-0.0320327160002518,0.0092392782571426,MEDIUM,MEDIUM,LOW,MEDIUM Trend + MEDIUM Leadership + LOW Participation,Mixed Terrain
2023-10-16,1447.7936641221374,0.0773751828355142,0.2005185606980931,-0.140677120448326,0.0020858007844208,-0.0307364074121654,-0.0280811806159835,0.0182168531861213,MEDIUM,MEDIUM,MEDIUM,MEDIUM Trend + MEDIUM Leadership + MEDIUM Participation,Mixed Terrain
2023-10-17,1450.8134732824428,0.0804992830070376,0.2851074802156913,0.191342479436241,-0.0038220945616799,-0.0398231639367321,-0.0338788915839675,0.0228263091303526,MEDIUM,MEDIUM,MEDIUM,MEDIUM Trend + MEDIUM Leadership + MEDIUM Participation,Mixed Terrain
2023-10-18,1445.268326996198,0.0729785530304041,0.1942575331061632,-0.1679014796574135,0.0009946184161413,-0.0419465834189172,-0.0215207580357217,0.033326767613534,MEDIUM,MEDIUM,MEDIUM,MEDIUM Trend + MEDIUM Leadership + MEDIUM Participation,Mixed Terrain
2023-10-19,1446.7058174904944,0.0720887926114115,0.2119224761486768,-0.0604134767572037,-0.0070290540489219,-0.0282088614430009,-0.0139524793747366,0.0340683250945645,MEDIUM,MEDIUM,MEDIUM,MEDIUM Trend + MEDIUM Leadership + MEDIUM Participation,Mixed Terrain
2023-10-20,1436.5368441064638,0.0541490582883835,0.1287286524712778,-0.5156680146917396,-0.0231411787521632,-0.023878164530619,0.0047491962807997,0.0422197511923942,MEDIUM,LOW,LOW,MEDIUM Trend + LOW Leadership + LOW Participation,Mixed Terrain
2023-10-23,1403.2936882129277,0.0078032439762508,-0.0091218919070724,-0.3575344512359964,-0.0073086609059663,0.0027394269386438,0.0333280551480406,0.0615943089240567,MEDIUM,LOW,LOW,MEDIUM Trend + LOW Leadership + LOW Participation,Mixed Terrain
2023-10-25,1393.0374904942964,-0.0071893570315185,-0.0160123878703414,-0.275347591934327,-0.0060251299742013,0.006190809994059,0.0486328177564001,0.0729126924160532,LOW,LOW,LOW,LOW Trend + LOW Leadership + LOW Participation,Mixed Terrain
2023-10-26,1384.644258555133,-0.0202464311861138,-0.016129387419914,-0.1827181646796086,0.0153480829820971,0.0213201320820788,0.0507416435963126,0.0789624513787072,LOW,LOW,MEDIUM,LOW Trend + LOW Leadership + MEDIUM Participation,Mixed Terrain
2023-10-27,1405.8958935361215,0.0061225172010635,0.1101984343972392,1.8129988769504377,-0.0026039712928673,0.0146702120472443,0.0360094866101916,0.0605867543913787,LOW,LOW,HIGH,LOW Trend + LOW Leadership + HIGH Participation,Mixed Terrain
2023-10-30,1402.2349809885934,0.0065702063858223,0.1126320137583023,0.1899704657118743,0.0034965093747676,0.0293276512943212,0.0426377987558155,0.0616655848669285,MEDIUM,LOW,MEDIUM,MEDIUM Trend + LOW Leadership + MEDIUM Participation,Mixed Terrain
2023-10-31,1407.1379087452472,0.0054650887121538,0.1458801889221729,0.2329113642684289,-0.0038918629074409,0.0305050618212785,0.0476357005119498,0.066436764412781,LOW,MEDIUM,MEDIUM,LOW Trend + MEDIUM Leadership + MEDIUM Participation,Mixed Terrain
2023-11-01,1401.6615209125475,0.0007272393273182,0.0975940720601966,-1.654237193334933,0.008920510362254,0.0421808739861095,0.0586936774492889,0.0774632302217754,LOW,LOW,LOW,LOW Trend + LOW Leadership + LOW Participation,Mixed Terrain
2023-11-02,1414.1650570342206,0.0207077763172352,0.2130774387373823,0.7001434403429073,0.0087370475709096,0.0288073353202729,0.0560538469259199,0.0766192947495474,MEDIUM,MEDIUM,HIGH,MEDIUM Trend + MEDIUM Leadership + HIGH Participation,Mixed Terrain
2023-11-03,1426.5206844106467,0.0289152533043564,0.2520762036517536,0.330822146339695,0.0118039333863819,0.0210307490153791,0.0487002943213636,0.071455323796898,MEDIUM,MEDIUM,HIGH,MEDIUM Trend + MEDIUM Leadership + HIGH Participation,Mixed Terrain
2023-11-06,1443.359239543726,0.0455586016875212,0.3147014432145751,0.7828871729238261,0.0046443725963736,0.0129309141212299,0.0372934410401086,0.0599808695594199,MEDIUM,MEDIUM,HIGH,MEDIUM Trend + MEDIUM Leadership + HIGH Participation,Mixed Terrain
2023-11-07,1450.0627376425855,0.0538672759657752,0.2959712946176036,-0.4809993659904073,0.007394225764455,0.0166235366766613,0.0273545788631146,0.053107260338808,MEDIUM,MEDIUM,LOW,MEDIUM Trend + MEDIUM Leadership + LOW Participation,Mixed Terrain
2023-11-08,1460.7848288973385,0.0669926121921009,0.3067188067855858,0.0473758933153426,-0.0040262225829383,0.0158444698759645,0.0231538382630454,0.0392571408239037,MEDIUM,MEDIUM,MEDIUM,MEDIUM Trend + MEDIUM Leadership + MEDIUM Participation,Mixed Terrain
2023-11-09,1454.9033840304182,0.0512429628531278,0.311094138099616,-0.5840375495483406,0.0011121692870308,0.0264835899494875,0.0268579892634737,0.0498642077261268,MEDIUM,MEDIUM,LOW,MEDIUM Trend + MEDIUM Leadership + LOW Participation,Mixed Terrain
2023-11-10,1456.521482889734,0.0511715668459452,0.312726437997318,0.1733428437522932,0.0037772948022025,0.0270996199993656,0.0237230142183384,0.0439535154790247,MEDIUM,MEDIUM,MEDIUM,MEDIUM Trend + MEDIUM Leadership + MEDIUM Participation,Mixed Terrain
2023-11-13,1462.0231939163498,0.0636972129406297,0.3295542877352803,0.07258329624902,0.0083067867045016,0.0240515187948573,0.0182496607487461,0.0459084382520083,MEDIUM,MEDIUM,MEDIUM,MEDIUM Trend + MEDIUM Leadership + MEDIUM Participation,Mixed Terrain
2023-11-15,1474.1679087452471,0.076883071030479,0.354939934714828,0.646295052271461,0.0066222316405806,0.0105555712604619,0.0179461848156221,0.0449286903256838,MEDIUM,HIGH,HIGH,MEDIUM Trend + HIGH Leadership + HIGH Participation,Fog
2023-11-16,1483.9301901140684,0.0867664211213613,0.3436380298547342,-0.0704444103393806,0.006404788189128,0.0071953616954505,0.0177289740859774,0.0448257535405158,HIGH,MEDIUM,MEDIUM,HIGH Trend + MEDIUM Leadership + MEDIUM Participation,Fog
2023-11-17,1493.4344486692016,0.0951027985170487,0.3564482854481354,-0.0348985768838088,0.0017129730267277,0.000364739697402,0.0194738628939157,0.0407460782844533,HIGH,HIGH,MEDIUM,HIGH Trend + HIGH Leadership + MEDIUM Participation,Fog
2023-11-20,1495.9926615969582,0.0962444327487297,0.3496688524735106,-0.4060794003666797,0.0007984067549589,-0.0032875153639227,0.0216983151418486,0.0389170236215601,HIGH,MEDIUM,LOW,HIGH Trend + MEDIUM Leadership + LOW Participation,Fog
2023-11-21,1497.1870722433462,0.1020329901370156,0.3774496657389251,0.0751770286615012,-0.0049816614274373,-0.0056655919547281,0.0218717554953034,0.0143096703888363,HIGH,HIGH,MEDIUM,HIGH Trend + HIGH Leadership + MEDIUM Participation,Fog
2023-11-22,1489.7285931558936,0.097782407035231,0.3871329041679577,-0.2468024202970896,0.0032751008668689,0.0073134162685799,0.0250669846667657,0.0277545371611838,HIGH,HIGH,MEDIUM,HIGH Trend + HIGH Leadership + MEDIUM Participation,Fog
2023-11-23,1494.6076045627378,0.1020997794355219,0.3867976775184909,0.0778377061238118,-0.0004204722782893,0.0104583607025305,0.0157388869187022,0.0338554054095439,HIGH,HIGH,MEDIUM,HIGH Trend + HIGH Leadership + MEDIUM Participation,Fog
2023-11-24,1493.9791634980988,0.1055949132040862,0.3760770149105028,-0.0906681096709856,-0.0019442043312406,0.0191021558819577,0.0224044792008235,0.0399062716839353,HIGH,HIGH,MEDIUM,HIGH Trend + HIGH Leadership + MEDIUM Participation,Fog
2023-11-28,1491.0745627376425,0.1012625943919755,0.3798108733659919,0.2213729850850295,-0.0015894185205399,0.0250682427389221,0.0197616943056937,0.0458454411370519,HIGH,HIGH,MEDIUM,HIGH Trend + HIGH Leadership + MEDIUM Participation,Fog
2023-11-29,1488.7046212121213,0.1005102255169193,0.3888045726458548,0.153434007143557,0.0080062741143522,0.027694251780109,0.0271630608577113,0.0504458114473498,HIGH,HIGH,MEDIUM,HIGH Trend + HIGH Leadership + MEDIUM Participation,Fog
2023-11-30,1500.6235984848486,0.1084556418555805,0.4054038813934442,0.2779099081062305,0.0064074372313349,0.0176246718364487,0.0265068094095257,0.0486591011722323,HIGH,HIGH,HIGH,HIGH Trend + HIGH Leadership + HIGH Participation,Fog
2023-12-01,1510.2387500000002,0.1237143694510743,0.4367798866681983,0.2177344663798014,0.008130261764,0.0052258721601357,0.0266247499525835,0.0424475595319748,HIGH,HIGH,MEDIUM,HIGH Trend + HIGH Leadership + MEDIUM Participation,Fog
2023-12-04,1522.5173863636362,0.1313929782801907,0.4443255474130269,0.6609460139196212,0.0038986717049733,0.0032404242300989,0.0208658761786728,0.0322485921327044,HIGH,HIGH,HIGH,HIGH Trend + HIGH Leadership + HIGH Participation,Fog
2023-12-05,1528.453181818182,0.1328736413159812,0.4300143670874722,-0.0141547180433388,0.0009682992044539,-0.0051767757618259,0.0168530262059998,0.0284893008570412,HIGH,HIGH,MEDIUM,HIGH Trend + HIGH Leadership + MEDIUM Participation,Fog
2023-12-06,1529.9331818181818,0.1319163541452714,0.4058733214196545,-0.0838225484560168,-0.0018703985860389,-0.0005168764167724,-0.0074002291048759,0.0331173823103692,HIGH,HIGH,MEDIUM,HIGH Trend + HIGH Leadership + MEDIUM Participation,Fog
2023-12-07,1527.071596958175,0.1284310103015148,0.4124227009853106,-0.4801220427968109,-0.0058546909897352,0.0087283040780132,0.0026218310945713,0.0383384912688815,HIGH,HIGH,LOW,HIGH Trend + HIGH Leadership + LOW Participation,Fog
2023-12-08,1518.1310646387833,0.1190114959678381,0.3469843253435746,-0.2416757463671863,0.0061390772980396,0.0212876313524081,0.0178358028073524,0.0387668411893908,HIGH,MEDIUM,MEDIUM,HIGH Trend + MEDIUM Leadership + MEDIUM Participation,Fog
2023-12-11,1527.450988593156,0.1241404707372652,0.4136314495286429,0.2842903283636428,-0.0045240509916856,0.017568522482634,0.0171182666343481,0.0352501546624988,HIGH,HIGH,HIGH,HIGH Trend + HIGH Leadership + HIGH Participation,Fog
2023-12-12,1520.54072243346,0.1159440553683678,0.3130299023647335,-0.2895020294074884,0.0056569829909167,0.0221444387616664,0.0255782767454482,0.0420026624918903,HIGH,MEDIUM,LOW,HIGH Trend + MEDIUM Leadership + LOW Participation,Fog
2023-12-13,1529.1423954372624,0.1197059714669143,0.3466670533951692,0.3286467179818834,0.0073622618806807,-0.0068869123706922,0.0226670442862273,0.0414811184902284,HIGH,MEDIUM,HIGH,HIGH Trend + MEDIUM Leadership + HIGH Participation,Fog
2023-12-14,1540.400342205323,0.1250125422317383,0.3750531776423364,0.1275125123374284,0.0065230684561807,-0.0060536350162426,0.0215802677192655,0.0402096157848825,HIGH,HIGH,MEDIUM,HIGH Trend + HIGH Leadership + MEDIUM Participation,Fog
2023-12-15,1550.4484790874526,0.1299362270253682,0.3873406190081525,0.2544182582242169,0.0024751332222161,-0.0033798789284119,0.01541245677169,0.0368188266910209,HIGH,HIGH,MEDIUM,HIGH Trend + HIGH Leadership + MEDIUM Participation,Fog
2023-12-18,1554.2860456273763,0.1333680213139834,0.4072790854542337,0.0170869071122094,-4.74830753169897e-05,-0.0004424820917093,0.0111500601789529,0.0277515709464186,HIGH,HIGH,MEDIUM,HIGH Trend + HIGH Leadership + MEDIUM Participation,Fog
2023-12-19,1554.2122433460077,0.1305862855194931,0.3912558704688095,-0.2664952625084322,-0.0229060848933915,0.0033594449605789,0.0114434184205143,0.0216959773686653,HIGH,HIGH,MEDIUM,HIGH Trend + HIGH Leadership + MEDIUM Participation,Fog
2023-12-20,1518.6113257575755,0.0941755469611392,0.1202954939554421,-0.4918826645257235,0.0082074950882666,0.0297589036183871,0.0408196864469416,0.051832278314891,HIGH,LOW,LOW,HIGH Trend + LOW Leadership + LOW Participation,City
2023-12-21,1531.0753207547168,0.1053570452290887,0.3035176530510053,0.8797539716273548,0.0092306563871156,0.0278022071502417,0.0356232619983127,0.0486422698225192,HIGH,MEDIUM,HIGH,HIGH Trend + MEDIUM Leadership + HIGH Participation,Fog
2023-12-22,1545.2081509433965,0.1152423002778332,0.3571145142151892,0.4310254665627164,0.0054297868790513,0.018856066923369,0.0205642583256626,0.0173174581720176,HIGH,HIGH,HIGH,HIGH Trend + HIGH Leadership + HIGH Participation,Fog
2023-12-26,1553.5983018867923,0.1209516775483099,0.3774854688377087,0.4627197314980552,0.0037559463992125,0.0115976740337278,0.0178267253897121,0.0225914431411242,HIGH,HIGH,HIGH,HIGH Trend + HIGH Leadership + HIGH Participation,Fog
2023-12-27,1559.4335338345866,0.1233756337265646,0.4041634495163915,-0.7305831653940243,0.0028022996204617,0.0080569067252393,0.0160147558883199,0.0160232399995001,HIGH,HIGH,LOW,HIGH Trend + HIGH Leadership + LOW Participation,Fog
2023-12-28,1563.8035338345865,0.1258646628933822,0.4018724033145087,-0.2693686586843611,0.0062917495308696,0.0107411383282909,0.0183970670699888,0.0241374336203037,HIGH,HIGH,MEDIUM,HIGH Trend + HIGH Leadership + MEDIUM Participation,Fog
2023-12-29,1573.6425939849623,0.1301443029660486,0.3767540969287806,0.0655771945055295,0.0004461656451355,0.00760949411634,0.018235814310713,0.0126598315817985,HIGH,HIGH,MEDIUM,HIGH Trend + HIGH Leadership + MEDIUM Participation,Fog
2024-01-01,1574.3446992481204,0.1283290638322425,0.3942154381980422,0.0643864633847292,-0.0017329563709872,0.0016765777402218,0.0210814529372513,0.0269531684679367,HIGH,HIGH,MEDIUM,HIGH Trend + HIGH Leadership + MEDIUM Participation,Fog
2024-01-02,1571.6164285714283,0.1251846661873918,0.3606110253939515,-0.1443461774158226,0.0002426264974975,0.0061576370882172,0.0164184441274004,0.0256144915301164,HIGH,HIGH,MEDIUM,HIGH Trend + HIGH Leadership + MEDIUM Participation,Fog
2024-01-03,1571.9977443609023,0.1215842730334894,0.343442189054415,-0.1042775357102902,0.0054725393721029,0.0078942459597171,0.0101365620275244,0.032637046991558,HIGH,MEDIUM,MEDIUM,HIGH Trend + MEDIUM Leadership + MEDIUM Participation,Fog
2024-01-04,1580.600563909774,0.1284996110308372,0.3811931786653749,0.3205738450442509,0.0031738911461156,0.0075745692456532,0.010580691364076,0.0228620241256096,HIGH,HIGH,HIGH,HIGH Trend + HIGH Leadership + HIGH Participation,Fog
2024-01-05,1585.6172180451128,0.1332807963297593,0.371361179165325,0.1784984046581012,-0.0054445722590225,0.0105460699372352,0.0125711813377822,0.0322819570298404,HIGH,HIGH,MEDIUM,HIGH Trend + HIGH Leadership + MEDIUM Participation,Fog
2024-01-08,1576.984210526316,0.125507790168891,0.303119636115228,-0.2822298872298194,0.0027328502247316,0.0193723958693401,-0.0031813774852076,0.0492602145284215,HIGH,MEDIUM,LOW,HIGH Trend + MEDIUM Leadership + LOW Participation,Fog
2024-01-09,1581.2938721804512,0.1243695058602188,0.3404050518767387,-0.2104085094868152,0.0019690261736504,0.0101980113860464,0.0046812661060631,0.0422141842063661,HIGH,MEDIUM,MEDIUM,HIGH Trend + MEDIUM Leadership + MEDIUM Participation,Fog
2024-01-10,1584.4074812030076,0.1225703387279449,0.3419076841999894,-0.0915183606550147,0.0051536307576758,0.002224753317916,8.350381853095001e-06,0.0378747100937124,HIGH,MEDIUM,MEDIUM,HIGH Trend + MEDIUM Leadership + MEDIUM Participation,Fog
2024-01-11,1592.5729323308271,0.1215451506559016,0.3672858361157209,0.3495958925003706,0.006132413524811,0.0029835232152328,0.005636668384003,0.0194185538154911,HIGH,HIGH,HIGH,HIGH Trend + HIGH Leadership + HIGH Participation,Fog
2024-01-12,1602.339248120301,0.1254716172343734,0.3602014792560274,0.00539294916535,0.0032420879773893,0.0020039773156239,-0.005476121199576,0.0159120241639418,HIGH,HIGH,MEDIUM,HIGH Trend + HIGH Leadership + MEDIUM Participation,Fog
2024-01-15,1607.5341729323306,0.1246565959636433,0.3762206534017634,0.1503281142264792,-0.006291777810389,-0.0221251560724415,0.0057504869114943,0.0246682197118157,HIGH,HIGH,MEDIUM,HIGH Trend + HIGH Leadership + MEDIUM Participation,Fog
2024-01-16,1597.4199250936329,0.1151855411840833,0.3124369916239488,-0.2435352967766064,-0.0059392824271499,-0.0054610533952783,0.0090475015047672,0.0371313781259485,HIGH,MEDIUM,MEDIUM,HIGH Trend + MEDIUM Leadership + MEDIUM Participation,Fog
2024-01-17,1587.932397003745,0.1011403682145286,0.1980737746693031,-0.4120400734619896,0.0059146180658347,-0.0022114829320722,0.022274696125117,0.0553956004889604,HIGH,MEDIUM,LOW,HIGH Trend + MEDIUM Leadership + LOW Participation,Fog
2024-01-18,1597.3244106463878,0.1038938537405279,0.2356110542577175,-0.2398211207277379,0.0051497923178618,0.0026452529950491,0.0121527482827288,0.0542763461569528,HIGH,MEDIUM,MEDIUM,HIGH Trend + MEDIUM Leadership + MEDIUM Participation,Fog
2024-01-19,1605.550299625468,0.1080413380507333,0.351255690865999,0.6316549918471319,-0.020916860199822,-0.0074651385468941,0.0194660642682096,0.0450445123034446,HIGH,MEDIUM,HIGH,HIGH Trend + MEDIUM Leadership + HIGH Participation,Fog
2024-01-23,1571.9672284644196,0.0696574663317469,0.1358324465753428,-0.2080370082345677,0.0106421436914669,0.0285063504363969,0.0526089609776034,0.0602508970923043,MEDIUM,MEDIUM,MEDIUM,MEDIUM Trend + MEDIUM Leadership + MEDIUM Participation,Mixed Terrain
2024-01-24,1588.696329588015,0.0800650375437806,0.2795747712896835,0.7889511070690217,-0.0026912745361709,0.0145882219591064,0.0373580351963491,0.0555144079085885,MEDIUM,MEDIUM,HIGH,MEDIUM Trend + MEDIUM Leadership + HIGH Participation,Mixed Terrain
2024-01-25,1584.4207116104867,0.075014223084919,0.2547876253864565,-0.5743766253135115,0.010810907792172,0.0245404498431627,0.0378660435159365,0.0625481186480054,MEDIUM,MEDIUM,LOW,MEDIUM Trend + MEDIUM Leadership + LOW Participation,Mixed Terrain
2024-01-29,1601.5497378277153,0.0862470810719953,0.3528711383453874,0.7461091314154036,-0.0049858542912251,0.0094824119091765,0.0137046369377469,0.0507433186868599,HIGH,HIGH,HIGH,HIGH Trend + HIGH Leadership + HIGH Participation,Fog
2024-01-30,1593.5646441947565,0.0790675028637987,0.2908692331242249,-0.7970028046322031,0.0145671109379637,0.0271337600934997,0.0215059143570448,0.055450371373094,MEDIUM,MEDIUM,LOW,MEDIUM Trend + MEDIUM Leadership + LOW Participation,Mixed Terrain
2024-01-31,1616.778277153558,0.0954441348485985,0.3889025349963934,0.9495411722683864,-0.0030342397304669,0.023434576296957,0.0188095686221487,0.0301714631000022,HIGH,HIGH,HIGH,HIGH Trend + HIGH Leadership + HIGH Participation,Fog
2024-02-01,1611.8725842696629,0.0903640552390471,0.3404397495856987,-0.5085360548820055,0.0070914565184123,0.0224424182583902,0.0278320659625046,0.0374565211916486,HIGH,MEDIUM,LOW,HIGH Trend + MEDIUM Leadership + LOW Participation,Fog
2024-02-02,1623.303108614232,0.0956424469849734,0.365133022779238,0.2757175383365035,-0.0040453421450086,0.0130064105080611,0.0323992215491457,0.0371691393463646,HIGH,HIGH,HIGH,HIGH Trend + HIGH Leadership + HIGH Participation,Fog
2024-02-05,1616.7362921348315,0.086101043756836,0.3022131223669245,-0.8730437254145086,0.0124125084014106,0.0041825642316888,0.0416178268998361,0.0428866213099874,HIGH,MEDIUM,LOW,HIGH Trend + MEDIUM Leadership + LOW Participation,Fog
2024-02-06,1636.8040449438204,0.0992843249991073,0.3734387100206193,0.6618911087804473,0.0109131854580482,-0.0054791751134171,0.0250900436333754,0.0287508680657904,HIGH,HIGH,HIGH,HIGH Trend + HIGH Leadership + HIGH Participation,Fog
2024-02-07,1654.666791044776,0.1123976234751164,0.3887888194677391,-0.0109782740436032,-0.0040007378497765,-0.0045191043784573,0.0072599953050023,0.0098683574070355,HIGH,HIGH,MEDIUM,HIGH Trend + HIGH Leadership + MEDIUM Participation,Fog
2024-02-08,1648.046902985075,0.1022205801509291,0.3234548827151516,-0.0120493846003577,-0.0022028789075229,0.0052713459534425,0.0175025132077979,0.021936662839054,HIGH,MEDIUM,MEDIUM,HIGH Trend + MEDIUM Leadership + MEDIUM Participation,Fog
2024-02-09,1644.4164552238806,0.0961798345342425,0.3142454913584624,-0.6862473215650124,-0.0127206582219737,0.0191438186766839,0.0237815614898184,0.018121839301475,HIGH,MEDIUM,LOW,HIGH Trend + MEDIUM Leadership + LOW Participation,Fog
2024-02-12,1623.498395522388,0.0719583542013724,0.1150315363011967,-0.4512022794180857,0.0026715846746743,0.0372793394364394,0.0365379425125267,0.0200578228924606,MEDIUM,LOW,LOW,MEDIUM Trend + LOW Leadership + LOW Participation,Mixed Terrain
2024-02-13,1627.8357089552237,0.0750815441670901,0.179735187096581,0.1594064171796941,0.0118890807240463,0.0307376356350093,0.0332298193666498,-0.0128469041062833,MEDIUM,MEDIUM,MEDIUM,MEDIUM Trend + MEDIUM Leadership + MEDIUM Participation,Mixed Terrain
2024-02-14,1647.1891791044775,0.0855246869627598,0.2760716768908993,0.5946818637082856,0.0057948105626342,0.0118325723128069,0.0111521277653678,-0.0019710193778773,HIGH,MEDIUM,HIGH,HIGH Trend + MEDIUM Leadership + HIGH Participation,Fog
2024-02-15,1656.7343283582088,0.0952015423297081,0.3427444968041999,0.5139516249285611,0.0115664515338573,0.0121670306266958,0.0093638402107365,0.0010696877980911,HIGH,MEDIUM,HIGH,HIGH Trend + MEDIUM Leadership + HIGH Participation,Fog
2024-02-16,1675.8968656716418,0.1078313617025359,0.4114160183749074,0.2539760928739962,0.0048478386578305,0.004550626445595,0.0046202260691958,-0.0052901057477888,HIGH,HIGH,MEDIUM,HIGH Trend + HIGH Leadership + MEDIUM Participation,Fog
2024-02-19,1684.021343283582,0.1100585687975804,0.4062290164165011,-0.3036144190132493,-0.0036518619299945,-0.0007147514615645,0.0012180997457844,-0.0209998845159459,HIGH,HIGH,LOW,HIGH Trend + HIGH Leadership + LOW Participation,Fog
2024-02-20,1677.8715298507464,0.1040575595065076,0.3161728147064633,-0.3698326194079575,-0.0066702756871007,0.0024178642997791,0.003571222308861,-0.0180245463352123,HIGH,MEDIUM,LOW,HIGH Trend + MEDIUM Leadership + LOW Participation,Fog
2024-02-21,1666.6796641791043,0.0977321133017227,0.2715032982364094,-0.5320850168911369,0.0061272731119372,-0.0006724872929161,0.0025895618948346,0.0044181371869154,HIGH,MEDIUM,LOW,HIGH Trend + MEDIUM Leadership + LOW Participation,Fog
2024-02-22,1676.8918656716417,0.0999294515619913,0.3380472369571972,0.1811295097291459,0.0039545666198095,-0.0027694938988713,0.0043578758516056,0.006480695383886,HIGH,MEDIUM,MEDIUM,HIGH Trend + MEDIUM Leadership + MEDIUM Participation,Fog
2024-02-23,1683.5232462686567,0.1046968794400081,0.3441816060674993,0.1882948330792593,-0.0004190970947721,6.928433646713472e-05,-0.0055282517298976,0.0066648162769342,HIGH,MEDIUM,MEDIUM,HIGH Trend + MEDIUM Leadership + MEDIUM Participation,Fog
2024-02-26,1682.8176865671642,0.0996735407971762,0.2899324568799333,0.0653162432009627,-0.0005284535882137,0.0019342337037155,-0.0158991957208231,0.0104141698733162,HIGH,MEDIUM,MEDIUM,HIGH Trend + MEDIUM Leadership + MEDIUM Participation,Fog
2024-02-27,1681.9283955223882,0.0959663656238677,0.2341452711683601,-0.3180856744198073,-0.0097326094751625,0.0011505760722727,-0.0445948448344021,0.0175314045726784,HIGH,MEDIUM,LOW,HIGH Trend + MEDIUM Leadership + LOW Participation,Fog
2024-02-28,1665.558843283582,0.0726781915638902,0.0982465233862333,-0.4061424321062855,0.0040159977679492,0.0032642443505974,-0.0129784102539023,0.0412671763143817,MEDIUM,LOW,LOW,MEDIUM Trend + LOW Leadership + LOW Participation,Mixed Terrain
2024-02-29,1672.247723880597,0.0800034735240969,0.1646553948089734,0.2779888781275232,0.0068124859830382,0.0071471637769513,-0.0082172077919034,0.0399915753751669,MEDIUM,MEDIUM,HIGH,MEDIUM Trend + MEDIUM Leadership + HIGH Participation,Mixed Terrain
2024-03-01,1683.6398880597014,0.0883289959381819,0.2700567535681966,0.576457710118936,0.0014449415289354,-0.0055971482716606,-0.0098647544214405,0.0373991593240738,HIGH,MEDIUM,HIGH,HIGH Trend + MEDIUM Leadership + HIGH Participation,Fog
2024-03-04,1686.0726492537312,0.0883183992594404,0.2662875126835278,0.321891998780885,-0.001310185041645,-0.0177990019949876,-0.0221909534669535,0.0370203236803039,HIGH,MEDIUM,HIGH,HIGH Trend + MEDIUM Leadership + HIGH Participation,Fog
2024-03-05,1683.8635820895522,0.0771278347113299,0.2210800948325536,-0.249004115236901,-0.0076419182041016,-0.0456928478093113,-0.0215189197976295,0.0407441849704917,MEDIUM,MEDIUM,MEDIUM,MEDIUM Trend + MEDIUM Leadership + MEDIUM Participation,Mixed Terrain
2024-03-06,1670.9956343283582,0.0601881209890286,0.1398417581568733,-0.7006748822119468,0.0079018266949302,-0.0161898071180773,0.0018238523136275,0.0526524505019048,MEDIUM,MEDIUM,LOW,MEDIUM Trend + MEDIUM Leadership + LOW Participation,Mixed Terrain
2024-03-07,1684.1995522388058,0.0689239921689667,0.2032211395421121,0.119074473885827,-0.0059275910953581,-0.0152553391613954,0.0021136086880193,0.0420226198955222,MEDIUM,MEDIUM,MEDIUM,MEDIUM Trend + MEDIUM Leadership + MEDIUM Participation,Mixed Terrain
2024-03-11,1674.216305970149,0.0563721276883955,0.1142048759205226,-0.241788757624259,-0.0108433223947483,-0.0042916270225517,0.0122608490668958,0.0522827376774213,MEDIUM,LOW,MEDIUM,MEDIUM Trend + LOW Leadership + MEDIUM Participation,Mixed Terrain
2024-03-12,1656.06223880597,0.0383158505802233,0.0616382776013957,-0.2162643529031917,-0.0296723021351584,-0.004471540428982,0.0267384860165955,0.0547177811518666,MEDIUM,LOW,MEDIUM,MEDIUM Trend + LOW Leadership + MEDIUM Participation,Mixed Terrain
2024-03-13,1606.9230597014923,-0.012981693681573,0.0027924209397659,-0.704104724184252,0.0230374922983662,0.0253313914248558,0.0650260772314048,0.0737510690028768,LOW,LOW,LOW,LOW Trend + LOW Leadership + LOW Participation,Mixed Terrain
2024-03-14,1643.9425373134327,0.0150677798610919,0.0780806558592471,1.2027826366220584,0.0088591779882407,0.0183100963600881,0.0549588652688319,0.0495886901518971,MEDIUM,LOW,HIGH,MEDIUM Trend + LOW Leadership + HIGH Participation,City
2024-03-15,1658.5065168539325,0.0185847962860637,0.0504691927939279,0.0532570420172381,0.0051399720708298,0.0176380218549481,0.0486082069035891,0.0406532209308709,MEDIUM,LOW,MEDIUM,MEDIUM Trend + LOW Leadership + MEDIUM Participation,Mixed Terrain
2024-03-18,1667.031194029851,0.019219084092472,0.1197717445038799,0.2620573738901971,-0.0110220519828396,0.0166238193216665,0.0477348058829043,0.0378553311372109,MEDIUM,LOW,MEDIUM,MEDIUM Trend + LOW Leadership + MEDIUM Participation,Mixed Terrain
2024-03-19,1648.6570895522386,-0.0009008062500406,-0.0020042057585561,-1.3758541206642467,-0.000623800329576,0.0313502101778448,0.0605550514767674,0.0607331583492858,LOW,LOW,LOW,LOW Trend + LOW Leadership + LOW Participation,Mixed Terrain
2024-03-20,1647.628656716418,0.0015589166162083,0.00879962768036,0.0649880673869713,0.0160319054648598,0.0387140061628143,0.0636324053963761,0.0654129947648585,LOW,LOW,MEDIUM,LOW Trend + LOW Leadership + MEDIUM Participation,Mixed Terrain
2024-03-21,1674.0432835820895,0.0265298098464479,0.2456495897307618,1.4975943235409055,0.0081933409949457,0.0359897923429644,0.050736063102204,0.0537565362527303,MEDIUM,MEDIUM,HIGH,MEDIUM Trend + MEDIUM Leadership + HIGH Participation,Mixed Terrain
2024-03-22,1687.759291044776,0.0375420549324091,0.2422744970572943,0.6616658641779879,0.0041382253946209,0.0304334000730324,0.0398248370858393,0.0544792197648356,MEDIUM,MEDIUM,HIGH,MEDIUM Trend + MEDIUM Leadership + HIGH Participation,Mixed Terrain
2024-03-26,1694.7436194029851,0.0465980753589251,0.2126165577201323,0.1620787918136508,0.0033038722517113,0.0306022601181983,0.0395371298291518,0.0519040388071012,MEDIUM,MEDIUM,MEDIUM,MEDIUM Trend + MEDIUM Leadership + MEDIUM Participation,Mixed Terrain
2024-03-27,1700.3428358208955,0.0504252123072524,0.2054031314053274,-1.242142071367501,0.0065117026004499,0.0283170944367059,0.02725065390684,0.0462266564855182,MEDIUM,MEDIUM,LOW,MEDIUM Trend + MEDIUM Leadership + LOW Participation,Mixed Terrain
2024-03-28,1711.414962686567,0.0627630669506072,0.2552085156357416,0.016439278215354,0.0133671795231149,0.0239896632621856,0.0081922799431852,0.0452468571987856,MEDIUM,MEDIUM,MEDIUM,MEDIUM Trend + MEDIUM Leadership + MEDIUM Participation,Mixed Terrain
2024-04-01,1734.2917537313433,0.0931719375761683,0.3459190717416177,1.0850282209761244,0.0027860312628371,0.0142339923310341,-0.0050904118574958,0.0387476060654061,HIGH,MEDIUM,HIGH,HIGH Trend + MEDIUM Leadership + HIGH Participation,Fog
2024-04-02,1739.1235447761194,0.0969281374561165,0.3537174190026597,0.4454046845712274,0.0043027763748986,0.0091140650255914,-0.007586232799196,0.0285249321698952,HIGH,HIGH,HIGH,HIGH Trend + HIGH Leadership + HIGH Participation,Fog
2024-04-03,1746.606604477612,0.1029541585223182,0.3671206530787822,0.1030181163269746,0.001079235584686,0.0086695615337859,-0.0094293657996483,0.0202120537864662,HIGH,HIGH,MEDIUM,HIGH Trend + HIGH Leadership + MEDIUM Participation,Fog
2024-04-04,1748.491604477612,0.1057626428753143,0.3563594339295249,-0.8881195359154601,0.0022760343003538,-0.0010370736182792,0.0001679374137819,0.0064364616891905,HIGH,HIGH,LOW,HIGH Trend + HIGH Leadership + LOW Participation,Fog
2024-04-05,1752.4712313432838,0.1076212069172194,0.3637538882759846,-0.1117791613240469,0.0037127102539995,-0.015427287877764,0.0016740646105255,0.0095329668409975,HIGH,HIGH,MEDIUM,HIGH Trend + HIGH Leadership + MEDIUM Participation,Fog
2024-04-08,1758.9776492537312,0.1106195158253994,0.3709593663422234,-0.0941609152626648,-0.0022761058986074,-0.0190532010706093,0.0028746259470799,-0.0102151621164414,HIGH,HIGH,MEDIUM,HIGH Trend + HIGH Leadership + MEDIUM Participation,Fog
2024-04-09,1754.974029850746,0.1041139582853821,0.3764984802199494,-0.0847793624414098,0.0038603922020872,-0.0165494649253193,0.0140931262231298,0.0012185511970177,HIGH,HIGH,MEDIUM,HIGH Trend + HIGH Leadership + MEDIUM Participation,Fog
2024-04-10,1761.7489179104475,0.1130064464690532,0.3847916164830968,-0.0144712656732338,-0.008554356295843,-0.0179433662159022,0.0118965534015913,0.0068389157713877,HIGH,HIGH,MEDIUM,HIGH Trend + HIGH Leadership + MEDIUM Participation,Fog
2024-04-12,1746.6782899628256,0.0980709569876855,0.3457193464999952,-0.2493297253777377,-0.012161905787142,0.0012062620145731,0.0184726118270246,0.0263726016648979,HIGH,MEDIUM,MEDIUM,HIGH Trend + MEDIUM Leadership + MEDIUM Participation,Fog
2024-04-15,1725.4353531598513,0.0821450672072479,0.2387298229548877,-0.2497869157609378,1.6309659987667757e-05,0.0173693138939712,0.0367534824385766,0.043537649480813,MEDIUM,MEDIUM,MEDIUM,MEDIUM Trend + MEDIUM Leadership + MEDIUM Participation,Mixed Terrain
2024-04-16,1725.463494423792,0.0746679863119819,0.2801524639781075,-0.0152235490772265,0.0002704515491638,0.0223537372685465,0.0440623132447115,0.053716639019999,MEDIUM,MEDIUM,MEDIUM,MEDIUM Trend + MEDIUM Leadership + MEDIUM Participation,Mixed Terrain
2024-04-18,1725.9301486988848,0.0666730932805291,0.2863130719777189,-0.0454603968909067,0.0024375628412296,0.0311582434048116,0.036387206790718,0.0646342100391583,MEDIUM,MEDIUM,MEDIUM,MEDIUM Trend + MEDIUM Leadership + MEDIUM Participation,Mixed Terrain
2024-04-19,1730.137211895911,0.0644175231216222,0.2614106443157165,0.0746414898103415,0.010778353076021,0.0303851311532954,0.0299235799676649,0.0684248901224233,MEDIUM,MEDIUM,MEDIUM,MEDIUM Trend + MEDIUM Leadership + MEDIUM Participation,Mixed Terrain
2024-04-22,1748.7852416356875,0.0844437486437529,0.4083117320487553,0.6976726651898987,0.0037853360260293,0.0172455471639869,0.0062674717324149,0.0585246511409616,HIGH,HIGH,HIGH,HIGH Trend + HIGH Leadership + HIGH Participation,Fog
2024-04-23,1755.4049814126397,0.0932468461742465,0.4000612939447684,0.382003582596555,0.0049157150192349,0.0190532270630541,0.0078457679080747,0.061358555814079,HIGH,HIGH,HIGH,HIGH Trend + HIGH Leadership + HIGH Participation,Fog
2024-04-24,1764.0340520446098,0.0993061654373719,0.4039912101322465,0.3512407027954701,0.0088847765205959,0.0212339185399412,-0.0130522676761912,0.0555442790360767,HIGH,HIGH,HIGH,HIGH Trend + HIGH Leadership + HIGH Participation,Fog
2024-04-25,1779.7071003717474,0.1109638305353505,0.4286482755239539,-0.2887141990086232,0.0016859839578045,0.0050709611442767,-0.0126956535777557,0.0485537746049227,HIGH,HIGH,LOW,HIGH Trend + HIGH Leadership + LOW Participation,Fog
2024-04-26,1782.707657992565,0.110920745678117,0.4134735448355712,-0.0634236589922417,-0.002111203132881,-0.0004479404561223,-0.0049981765558958,0.0393061544800594,HIGH,HIGH,MEDIUM,HIGH Trend + HIGH Leadership + MEDIUM Participation,Fog
2024-04-29,1778.944,0.1109981893835682,0.4125886597861103,-0.0822079897804516,0.0055690966725827,-0.0107919621395031,0.0077567032693217,0.0417297733314252,HIGH,HIGH,MEDIUM,HIGH Trend + HIGH Leadership + MEDIUM Participation,Fog
2024-04-30,1788.851111111111,0.1093645111550156,0.3921050881499017,-0.2037394361956,0.0070661533639013,-0.0109979134134924,0.0065436645809755,0.0262039238534157,HIGH,HIGH,MEDIUM,HIGH Trend + HIGH Leadership + MEDIUM Participation,Fog
2024-05-02,1801.491407407408,0.1151535979714032,0.3743870900346426,0.1838850277461113,-0.0070827323566557,-0.0335732936339908,0.0092468865630099,0.0243397945988481,HIGH,HIGH,MEDIUM,HIGH Trend + HIGH Leadership + MEDIUM Participation,Fog
2024-05-03,1788.731925925926,0.1024120092529966,0.2969553489827041,-0.2341841533779717,-0.0038143305410526,-0.0176769754662944,0.0272552604503004,0.0534185858548732,HIGH,MEDIUM,MEDIUM,HIGH Trend + MEDIUM Leadership + MEDIUM Participation,Fog
2024-05-06,1781.9091111111109,0.091347051177784,0.2125538026058008,-0.2745581228137927,-0.0124380122808773,-0.0045522752480243,0.0373826863503479,-0.0012882709252856,HIGH,MEDIUM,LOW,HIGH Trend + MEDIUM Leadership + LOW Participation,Fog
2024-05-07,1759.7457037037036,0.0706770442355347,0.0918188643322597,-0.5511725457740313,0.0053597390565733,0.0187510257690008,0.0519316989533402,0.0419655357821691,MEDIUM,LOW,LOW,MEDIUM Trend + LOW Leadership + LOW Participation,Mixed Terrain
2024-05-08,1769.1774814814814,0.0729886138896121,0.162714564166156,0.3187103177536142,-0.0159215648904182,0.017736644070198,0.0530962073860543,0.0538125295929154,MEDIUM,MEDIUM,HIGH,MEDIUM Trend + MEDIUM Leadership + HIGH Participation,Mixed Terrain
2024-05-09,1741.0094074074073,0.0420129611104324,0.0322029775364183,-0.277991807592696,0.0092493171373084,0.0443077368567499,0.0695037279742813,0.0879724213603789,MEDIUM,LOW,LOW,MEDIUM Trend + LOW Leadership + LOW Participation,Mixed Terrain
2024-05-10,1757.1125555555557,0.0555860387898906,0.0982731327726738,0.5492860511659018,0.0094955868148922,0.0457407948245165,0.0620370288094362,0.0858742672977292,MEDIUM,LOW,HIGH,MEDIUM Trend + LOW Leadership + HIGH Participation,City
2024-05-13,1773.7973703703706,0.0628572740610965,0.146505807503639,-0.2023759438904271,0.010680684663781,0.0421267340872377,0.0445268842649957,0.0849741955577245,MEDIUM,MEDIUM,MEDIUM,MEDIUM Trend + MEDIUM Leadership + MEDIUM Participation,Mixed Terrain
2024-05-14,1792.7427407407404,0.0837658536016602,0.3239820442236403,0.9849194430533084,0.0043586912105184,0.0325699531534637,0.0337115793443887,0.0794846511324909,HIGH,MEDIUM,HIGH,HIGH Trend + MEDIUM Leadership + HIGH Participation,Fog
2024-05-15,1800.5567527675278,0.0907140328819371,0.3382201591939275,-0.1127652561868718,0.0097707785668916,0.0347433331814055,0.0195324455006378,0.0842147876496235,HIGH,MEDIUM,MEDIUM,HIGH Trend + MEDIUM Leadership + MEDIUM Participation,Fog
2024-05-16,1818.149594095941,0.1002259851502894,0.3464075358851035,0.5173119799861355,0.0106342659644997,0.0241269792689351,0.0149546243211482,0.0845448907748809,HIGH,MEDIUM,HIGH,HIGH Trend + MEDIUM Leadership + HIGH Participation,Fog
2024-05-17,1837.4842804428044,0.11489055637757,0.3985212753459655,-0.2384158057470718,0.0060067888423733,0.015583435269592,0.0254691568998188,0.0793650561470187,HIGH,HIGH,MEDIUM,HIGH Trend + HIGH Leadership + MEDIUM Participation,Fog
2024-05-21,1848.5216605166047,0.1191986172196177,0.3906749134880825,0.0583077484796836,0.0014122784504153,0.0023031269607147,-0.0372774269172383,0.0602053605266952,HIGH,HIGH,MEDIUM,HIGH Trend + HIGH Leadership + MEDIUM Participation,Fog
2024-05-22,1851.1322878228784,0.1175764689324502,0.3467953448621754,-0.3441407565059711,0.0064726914423673,0.0011056163192029,-0.0094741542450782,0.0583017921161703,HIGH,MEDIUM,LOW,HIGH Trend + MEDIUM Leadership + LOW Participation,Fog
2024-05-23,1863.1140959409595,0.1246657707141279,0.3598393605422537,-0.0284926439667457,-0.0005893596548033,-0.0147001552877857,0.0006802058556827,0.0499795057688459,HIGH,HIGH,MEDIUM,HIGH Trend + HIGH Leadership + MEDIUM Participation,Fog
2024-05-24,1862.0160516605165,0.1181805307691393,0.3105196458447434,-0.2576797298957165,0.0022032818255259,-0.0089562672729649,0.0172684703222854,0.0561052493166791,HIGH,MEDIUM,MEDIUM,HIGH Trend + MEDIUM Leadership + MEDIUM Participation,Fog
2024-05-27,1866.118597785978,0.1199609332466488,0.3019749485479021,-0.0453432492865639,-0.0071482901522972,0.0097340319730623,0.0224448280442866,0.0520528581307924,HIGH,MEDIUM,MEDIUM,HIGH Trend + MEDIUM Leadership + MEDIUM Participation,Fog
2024-05-28,1852.7790405904057,0.1038811322756097,0.2276017373386,-0.421792832198387,0.0002158321581431,-0.0394896043056088,0.0387230926288608,0.0610449267842219,HIGH,MEDIUM,LOW,HIGH Trend + MEDIUM Leadership + LOW Participation,Fog
2024-05-29,1853.1789298892988,0.1005734236217322,0.2203963325282016,0.0416361765597767,-0.0094178172415205,-0.0105680863155879,0.0442803125192163,0.0617348784555242,HIGH,MEDIUM,MEDIUM,HIGH Trend + MEDIUM Leadership + MEDIUM Participation,Fog
2024-05-30,1835.7260294117648,0.0765352433019363,0.0966766209023064,-0.3263302545653968,0.0052367884256725,0.0156098280396672,0.0634431424271384,0.0763810632065191,MEDIUM,LOW,LOW,MEDIUM Trend + LOW Leadership + LOW Participation,Mixed Terrain
2024-05-31,1845.339338235294,0.0809725929183953,0.1591279014518663,0.2544144255267039,0.0211040413219074,0.0264617359751504,0.0685649040717244,0.0841982076068823,MEDIUM,MEDIUM,MEDIUM,MEDIUM Trend + MEDIUM Leadership + MEDIUM Participation,Mixed Terrain
2024-06-03,1884.2834558823529,0.1128275859847296,0.3497797594181617,1.2433052523113697,-0.0555489282378559,0.0125882615309962,0.0525573089005788,0.0640259179501647,HIGH,MEDIUM,HIGH,HIGH Trend + MEDIUM Leadership + HIGH Participation,Fog
2024-06-04,1779.6135294117648,0.0119586184580339,0.0332764647812405,-0.3149915811843863,0.0303329035749002,0.0814282669766699,0.1012574028796073,0.1343083866854102,MEDIUM,LOW,LOW,MEDIUM Trend + LOW Leadership + LOW Participation,Mixed Terrain
2024-06-05,1833.594375,0.0656148775231678,0.2820525027192673,1.5638342846838418,0.0167905303804303,0.0554342325896499,0.0684242078606174,0.108546202254985,MEDIUM,MEDIUM,HIGH,MEDIUM Trend + MEDIUM Leadership + HIGH Participation,Mixed Terrain
2024-06-06,1864.3813970588235,0.0952551496413851,0.382979372456541,0.1301843784354996,0.0159778592386758,0.0470981208204721,0.0492657890349768,0.0950631906096275,HIGH,HIGH,MEDIUM,HIGH Trend + HIGH Leadership + MEDIUM Participation,Fog
2024-06-07,1894.1702205882352,0.127281813909153,0.4416128232136102,2.1808391969557026,0.0073029805267439,0.0410177667817062,0.0381775117654925,0.0734340642330773,HIGH,HIGH,HIGH,HIGH Trend + HIGH Leadership + HIGH Participation,Fog
2024-06-10,1908.0033088235296,0.1390441689501559,0.432671789078995,-1.2707266711985978,0.0086588246991339,0.0394721614777076,0.0289580711588512,0.0692769947949516,HIGH,HIGH,LOW,HIGH Trend + HIGH Leadership + LOW Participation,Fog
2024-06-11,1924.524375,0.1442588479766052,0.4318517798203162,-0.7239535443265378,0.00556703630154,0.0183360621397232,0.021489687014532,0.0530539259696041,HIGH,HIGH,LOW,HIGH Trend + HIGH Leadership + LOW Participation,Fog
2024-06-12,1935.238272058824,0.1500989100184219,0.4220052205050367,-1.1753776334744,0.0087596372699276,0.0123077069796142,0.0167144450843859,0.0476928933708866,HIGH,HIGH,LOW,HIGH Trend + HIGH Leadership + LOW Participation,Fog
2024-06-13,1952.1902573529408,0.1562204668074217,0.4253459785343165,0.0210313433011076,0.0100782162569099,0.002070167228269,0.0121660672425345,0.035308964199318,HIGH,HIGH,MEDIUM,HIGH Trend + HIGH Leadership + MEDIUM Participation,Fog
2024-06-14,1971.8648529411764,0.1638200546129491,0.4176494208843662,0.090496972626923,0.0058074317675245,-0.0027283444210508,0.0146301862204043,0.0343913767506289,HIGH,HIGH,MEDIUM,HIGH Trend + HIGH Leadership + MEDIUM Participation,Fog
2024-06-18,1983.316323529412,0.1638115693796308,0.4216358662777905,-0.2072194601760603,-0.0118507318883828,-0.0101148358835406,0.0108959473775018,0.029449922305627,HIGH,HIGH,MEDIUM,HIGH Trend + HIGH Leadership + MEDIUM Participation,Fog
2024-06-19,1959.812573529412,0.1444265471574375,0.3914856906699374,-0.4511965751782086,-0.0003857286623035,0.0030968410056917,0.0300120423430343,0.032910202879675,HIGH,HIGH,LOW,HIGH Trend + HIGH Leadership + LOW Participation,Fog
2024-06-20,1959.0566176470588,0.1444874510030223,0.3964749181466617,-0.0148461070802211,-0.0014420206004015,0.004353160678703,0.0375524946918854,0.0080285772020651,HIGH,HIGH,MEDIUM,HIGH Trend + HIGH Leadership + MEDIUM Participation,Fog
2024-06-21,1956.2316176470588,0.1372999993766422,0.3728578531265519,-0.2125347273440292,0.005241357276426,0.0100750429904432,0.043647093094278,0.0189958336986217,HIGH,HIGH,MEDIUM,HIGH Trend + HIGH Leadership + MEDIUM Participation,Fog
2024-06-24,1966.484926470588,0.1393359514276357,0.3863680004349467,0.2374404322728491,-0.0016422816241056,0.0174060202597234,0.0339600425438118,0.0113166819734358,HIGH,HIGH,MEDIUM,HIGH Trend + HIGH Leadership + MEDIUM Participation,Fog
2024-06-25,1963.2554044117649,0.1374781895956303,0.367388502388142,-0.2507064340970213,0.0013377765587305,0.0212254754618896,0.0391842240866935,0.0198943969865827,HIGH,HIGH,MEDIUM,HIGH Trend + HIGH Leadership + MEDIUM Participation,Fog
2024-06-26,1965.881801470588,0.1370681185272415,0.3754175218363406,0.0253304971684996,0.0008662292974537,0.0268321065694494,0.0309002032583645,0.0183596798175631,HIGH,HIGH,MEDIUM,HIGH Trend + HIGH Leadership + MEDIUM Participation,Fog
2024-06-27,1967.584705882353,0.1358551822496042,0.3587681150907211,-0.1326959605921528,0.0042468460883959,0.0330554383786152,0.0304691729681578,0.0343994485796887,HIGH,HIGH,MEDIUM,HIGH Trend + HIGH Leadership + MEDIUM Participation,Fog
2024-06-28,1975.9407352941173,0.1447074324581763,0.3842334343440799,0.1976366669073459,0.0125372523601379,0.0332371840456933,0.0228647231968883,0.0428003843622628,HIGH,HIGH,MEDIUM,HIGH Trend + HIGH Leadership + MEDIUM Participation,Fog
2024-07-01,2000.713602941176,0.1568021661991894,0.4252293260445569,0.6605712089974756,0.0021056641371157,0.0162708121973393,0.0194762493749933,0.0350907696662825,HIGH,HIGH,HIGH,HIGH Trend + HIGH Leadership + HIGH Participation,Fog
2024-07-02,2004.926433823529,0.1537249340856702,0.3947945948265641,0.0361683510109787,0.0068352221886387,0.0175854882749386,0.0183539908100911,0.0358682852013847,HIGH,HIGH,MEDIUM,HIGH Trend + HIGH Leadership + MEDIUM Participation,Fog
2024-07-03,2018.630551470588,0.1764539696875825,0.4695375293434748,0.3378919122846785,0.0069321894497091,0.0039617934255153,0.0028137151970066,0.0262288204781653,HIGH,HIGH,HIGH,HIGH Trend + HIGH Leadership + HIGH Participation,Fog
2024-07-04,2032.624080882353,0.1725045417933526,0.4333716118382322,-0.37131018921073,0.0044235234535912,-0.0025035107646463,-0.0284553481783953,0.0100711690839274,HIGH,HIGH,LOW,HIGH Trend + HIGH Leadership + LOW Participation,Fog
2024-07-05,2041.6154411764703,0.1721093821969082,0.4024856563830682,0.2800635652438145,-0.0040892142431904,-0.0100387994247275,-0.0236203018805606,-0.0245895300558975,HIGH,HIGH,HIGH,HIGH Trend + HIGH Leadership + HIGH Participation,Fog
2024-07-08,2033.266838235294,0.1572749501579788,0.324200956765046,-0.4321166599571689,0.0034020157867509,0.0031541171301805,-0.0218996476059825,-0.0239695585687435,HIGH,MEDIUM,LOW,HIGH Trend + MEDIUM Leadership + LOW Participation,Fog
2024-07-09,2040.1840441176475,0.159742107147024,0.3474442259667697,0.0556360125789983,-0.0066445453481436,0.0007552215946546,-0.0185624710739463,-0.0063635069952446,HIGH,MEDIUM,MEDIUM,HIGH Trend + MEDIUM Leadership + MEDIUM Participation,Fog
2024-07-10,2026.6279487179488,0.1463665755569325,0.2940057837612102,-0.302675500679774,0.0004477565297613,-0.0011435477286356,-0.0121646337843027,-0.0020571713134411,HIGH,MEDIUM,LOW,HIGH Trend + MEDIUM Leadership + LOW Participation,Fog
2024-07-11,2027.5353846153844,0.1459939592369579,0.314859383506293,0.086516186809909,-0.003164093413111,-0.0260169711811644,0.0038140642288309,0.0069906414464186,HIGH,MEDIUM,MEDIUM,HIGH Trend + MEDIUM Leadership + MEDIUM Participation,Fog
2024-07-12,2021.1200732600728,0.1343532352504674,0.2627910251201036,-0.25031134550537,0.0091829906523017,-0.0137192270241913,0.0194900270908426,0.0089721946873908,HIGH,MEDIUM,MEDIUM,HIGH Trend + MEDIUM Leadership + MEDIUM Participation,Fog
2024-07-15,2039.68,0.1437986669173741,0.3470656635178598,0.4863085370510503,0.0010025274380467,-0.024974990690201,0.0153162178136683,-0.007434226556834,HIGH,MEDIUM,HIGH,HIGH Trend + MEDIUM Leadership + HIGH Participation,Fog
2024-07-16,2041.7248351648352,0.1405994090496937,0.3352051084084911,0.0428973160799953,-0.0085292748241593,-0.0193031145396566,0.0171986308782086,-0.0108802103112989,HIGH,MEDIUM,MEDIUM,HIGH Trend + MEDIUM Leadership + MEDIUM Participation,Fog
2024-07-18,2024.310402930403,0.1297794258920094,0.286416647657217,-0.0839138463392501,-0.0244652934222217,-0.0110337036223828,0.0233494067006838,0.0164811517960243,HIGH,MEDIUM,MEDIUM,HIGH Trend + MEDIUM Leadership + MEDIUM Participation,Fog
2024-07-19,1974.7850549450548,0.0870902651585672,0.0674845167416426,-0.7472108773002999,0.0094221966791878,0.0306278800834671,0.0396549115782658,0.0489392344865393,HIGH,LOW,LOW,HIGH Trend + LOW Leadership + LOW Participation,City
2024-07-22,1993.391868131868,0.1028991981515836,0.1875726999339209,0.4148389024836088,-0.0023341407262875,0.0336711969096132,-0.0009926754695982,0.0424323053617561,HIGH,MEDIUM,HIGH,HIGH Trend + MEDIUM Leadership + HIGH Participation,Fog
2024-07-23,1988.739010989011,0.0886640460190937,0.1608343148267919,-0.0776147487287642,0.0068255189590842,0.0413232564489711,-0.0021162562284071,0.0528292496718014,HIGH,MEDIUM,MEDIUM,HIGH Trend + MEDIUM Leadership + MEDIUM Participation,Fog
2024-07-24,2002.3131868131868,0.0993576442266795,0.2690091164969285,0.5308362804225719,-0.0001690169702988,0.0372202114221371,0.0124296898367546,0.04943584480587,HIGH,MEDIUM,HIGH,HIGH Trend + MEDIUM Leadership + HIGH Participation,Fog
2024-07-25,2001.9747619047623,0.0958563507387534,0.2485504829161457,-0.5154556574951776,0.0166304658416851,0.0347667159629252,0.0102319301540925,0.0516893658351365,HIGH,MEDIUM,LOW,HIGH Trend + MEDIUM Leadership + LOW Participation,Fog
2024-07-26,2035.268534798535,0.1170573226630739,0.3744428374953839,1.0402368312152883,0.0124028957415791,0.008758768969133,0.0031645075824158,0.0372889567128065,HIGH,HIGH,HIGH,HIGH Trend + HIGH Leadership + HIGH Participation,Fog
2024-07-29,2060.511758241758,0.1324913107192151,0.3600752863453946,0.0324401065766607,0.0050513785552512,-0.0335347182768047,-0.0103167585007818,0.0364622711260649,HIGH,HIGH,MEDIUM,HIGH Trend + HIGH Leadership + MEDIUM Participation,Fog
2024-07-30,2070.920183150183,0.1340833372409625,0.3733947015869107,0.2467253266280693,0.0028584026838345,-0.0417156847389657,-0.0224072500481594,0.022535769654236,HIGH,HIGH,MEDIUM,HIGH Trend + HIGH Leadership + MEDIUM Participation,Fog
2024-07-31,2076.8397069597067,0.1358063411195922,0.3750130526073453,-0.6796524013685395,-0.0025340699743078,-0.0239009241358613,-0.0276040886579502,0.0141569351178896,HIGH,HIGH,LOW,HIGH Trend + HIGH Leadership + LOW Participation,Fog
2024-08-01,2071.57684981685,0.1275059752474686,0.3254764749627039,-0.3378305667306009,-0.0089216425321138,-0.0237104512836994,-0.0067115443265882,0.0260929509413723,HIGH,MEDIUM,LOW,HIGH Trend + MEDIUM Leadership + LOW Participation,Fog
2024-08-02,2053.0949816849816,0.1073475732719133,0.2631403724302566,-0.3328388720907821,-0.0300433761283085,-0.0055456879868656,0.0089301967459369,0.0327523212386595,HIGH,MEDIUM,LOW,HIGH Trend + MEDIUM Leadership + LOW Participation,Fog
2024-08-05,1991.413076923077,0.0441494949017037,0.0352282684440148,-0.599106524830888,-0.0034562127428541,0.0240235838939042,0.0434681305782886,0.0638832527761126,MEDIUM,LOW,LOW,MEDIUM Trend + LOW Leadership + LOW Participation,Mixed Terrain
2024-08-06,1984.530329670329,0.038408694970181,0.0472012803375296,-0.2209869423305989,0.0215018074418029,0.020148962456457,0.0550620312668257,0.0683650693128423,MEDIUM,LOW,MEDIUM,MEDIUM Trend + LOW Leadership + MEDIUM Participation,Mixed Terrain
2024-08-07,2027.2013186813183,0.070381561612829,0.260832516106417,2.6441270552694545,-0.0023394276625545,-0.003793840823802,0.0365518270953535,0.0475974582961284,MEDIUM,MEDIUM,HIGH,MEDIUM Trend + MEDIUM Leadership + HIGH Participation,Mixed Terrain
2024-08-08,2022.458827838828,0.0627639981263716,0.2120123285322493,0.0156517178140295,0.0095182801278084,0.0174117473442818,0.0410375424133746,0.0424959183202329,MEDIUM,MEDIUM,MEDIUM,MEDIUM Trend + MEDIUM Leadership + MEDIUM Participation,Mixed Terrain
2024-08-09,2041.7091575091567,0.0744387791353408,0.2828524266408938,0.585331976109154,-0.0012025226297148,0.0145566111564221,0.034016802700316,0.0326058416134875,MEDIUM,MEDIUM,HIGH,MEDIUM Trend + MEDIUM Leadership + HIGH Participation,Mixed Terrain
2024-08-12,2039.2539560439564,0.0739893943116597,0.2070677036419674,-2.4698012548438317,-0.0072268582457426,0.0189883777973605,0.0472666684301774,0.0425667621530687,MEDIUM,MEDIUM,LOW,MEDIUM Trend + MEDIUM Leadership + LOW Participation,Mixed Terrain
2024-08-13,2024.5165567765569,0.0546663223964426,0.1161434166914829,-0.1041463331268123,-0.0024727469871068,0.0342235007780629,0.0459731516059316,0.0490795074051835,MEDIUM,LOW,MEDIUM,MEDIUM Trend + LOW Leadership + MEDIUM Participation,Mixed Terrain
2024-08-14,2019.51043956044,0.0506736513162989,0.0957699710125246,-0.6210560999161676,0.0188971196461043,0.0404993158770661,0.0429465234157591,0.0633258727780197,MEDIUM,LOW,LOW,MEDIUM Trend + LOW Leadership + LOW Participation,Mixed Terrain
2024-08-16,2057.67336996337,0.0764682566998301,0.2990599807519697,1.3969894671531131,0.0066852951721871,0.0232214687227296,0.033026151749363,0.0560656935479211,MEDIUM,MEDIUM,HIGH,MEDIUM Trend + MEDIUM Leadership + HIGH Participation,Mixed Terrain
2024-08-19,2071.429523809524,0.0886723336016448,0.3740545833646801,0.5854974092940058,0.0031604052666571,0.0191809814552512,0.0236112711955249,0.0468459504756246,HIGH,HIGH,HIGH,HIGH Trend + HIGH Leadership + HIGH Participation,Fog
2024-08-20,2077.976080586081,0.0927229811908516,0.3757330655388627,0.4051972780380561,0.0076163148817651,0.0277513377472893,0.019564682044012,0.0411572642809947,HIGH,HIGH,HIGH,HIGH Trend + HIGH Leadership + HIGH Participation,Fog
2024-08-21,2093.8026007326007,0.0990325644508233,0.4067339173789034,-0.849233675290981,0.0035803900682933,0.0113608430083333,0.0126087733723518,0.0238523831514112,HIGH,HIGH,LOW,HIGH Trend + HIGH Leadership + LOW Participation,Fog
2024-08-22,2101.2992307692307,0.101990579807358,0.3848474914252061,-0.1400956729072947,0.001977984351527,0.0023519549713784,0.0106561301731793,0.0139608111329285,HIGH,HIGH,MEDIUM,HIGH Trend + HIGH Leadership + MEDIUM Participation,Fog
2024-08-23,2105.455567765568,0.1026096814850298,0.3287102640141651,-0.3185556052501538,0.0027101057905782,0.0095821709437671,0.0014008869492614,0.0216958162695619,HIGH,MEDIUM,LOW,HIGH Trend + MEDIUM Leadership + LOW Participation,Fog
2024-08-26,2111.161575091575,0.098466518680912,0.3417596090042599,-0.2299393480546453,0.011596043536638,0.0043469117074257,-0.0013645436738974,0.0272027169228086,HIGH,MEDIUM,MEDIUM,HIGH Trend + MEDIUM Leadership + MEDIUM Participation,Fog
2024-08-27,2135.642696629214,0.1062975735137595,0.3328806854270391,-0.0834313272845947,-0.0084530681502776,-0.0079655996568405,-0.0044877836932915,0.018599593481708,HIGH,MEDIUM,MEDIUM,HIGH Trend + MEDIUM Leadership + MEDIUM Participation,Fog
2024-08-28,2117.589963369964,0.0938220966911897,0.3292897438225077,0.0073548141484372,-0.0053591921122028,0.0012339120825621,0.0029698236465081,0.0252244816124829,HIGH,MEDIUM,MEDIUM,HIGH Trend + MEDIUM Leadership + MEDIUM Participation,Fog
2024-08-29,2106.241391941392,0.0838205623074321,0.2612100166335923,-0.2570895154136566,0.0092055027800683,0.0082846899840065,0.0195401671175969,0.0325990337139261,HIGH,MEDIUM,MEDIUM,HIGH Trend + MEDIUM Leadership + MEDIUM Participation,Fog
2024-08-30,2125.630402930404,0.0988515427412371,0.3399819594154243,0.3636900209324132,-0.0024895178693815,-0.0081036335921598,0.0223029608297351,0.0279533421234829,HIGH,MEDIUM,HIGH,HIGH Trend + MEDIUM Leadership + HIGH Participation,Fog
2024-09-02,2120.338608058608,0.0954994105537594,0.3040441584270215,-0.0070562330803287,-0.0008053365412051,-0.0056867356435772,0.0226987333316122,0.0257864442890702,HIGH,MEDIUM,MEDIUM,HIGH Trend + MEDIUM Leadership + MEDIUM Participation,Fog
2024-09-03,2118.63102189781,0.1023381574766071,0.3302968310079263,0.2227117291909073,0.0007419231086593,0.003505741295207,0.0211782367683568,0.0314157574887314,HIGH,MEDIUM,MEDIUM,HIGH Trend + MEDIUM Leadership + MEDIUM Participation,Fog
2024-09-04,2120.202883211679,0.098464624860804,0.3100451494505812,-0.3646614546115895,0.0016451565654633,0.0017337722414287,0.0111036069158418,0.0074939891667689,HIGH,MEDIUM,LOW,HIGH Trend + MEDIUM Leadership + LOW Participation,Fog
2024-09-05,2123.690948905109,0.0943215098176156,0.3438014808245244,0.1596909188353072,-0.0071977873806399,0.0111629951792373,0.0032698371494399,-0.0038978572735527,HIGH,MEDIUM,MEDIUM,HIGH Trend + MEDIUM Leadership + MEDIUM Participation,Fog
2024-09-06,2108.4050729927008,0.0801119404592181,0.1903444632025258,-0.3825018727329593,-5.89403215656148e-05,0.0306550114020607,0.0202665381914415,-0.0152417385657606,MEDIUM,MEDIUM,LOW,MEDIUM Trend + MEDIUM Leadership + LOW Participation,Mixed Terrain
2024-09-09,2108.280802919708,0.0738306980526098,0.1815968693787783,-0.156541870058337,0.008432269181722,0.0285478128400129,0.0286062951357672,0.0103605342616575,MEDIUM,MEDIUM,MEDIUM,MEDIUM Trend + MEDIUM Leadership + MEDIUM Participation,Mixed Terrain
2024-09-10,2126.058394160584,0.0884391930201906,0.3239118258788094,0.3980008236331822,-0.0010251656538606,0.0176107567160903,0.023191455410414,0.0152172155575625,HIGH,MEDIUM,HIGH,HIGH Trend + MEDIUM Leadership + HIGH Participation,Fog
2024-09-11,2123.8788321167885,0.0824017176457364,0.1799783533210917,-0.0013744488800905,0.0110735453725003,0.009353617631806,0.0221887612581037,0.0199554401105068,MEDIUM,MEDIUM,MEDIUM,MEDIUM Trend + MEDIUM Leadership + MEDIUM Participation,Mixed Terrain
2024-09-12,2147.397700729927,0.1015085921320313,0.3747449631328491,1.3491128026008274,0.0119402911751336,-0.0078060194720618,0.0128085847105452,0.012621400165816,HIGH,HIGH,HIGH,HIGH Trend + HIGH Leadership + HIGH Participation,Fog
2024-09-13,2173.0382545454545,0.1110670242647707,0.3487413430891248,-0.2073573514792218,-0.0021033434824453,-0.0100794864389075,0.005527110367715,0.0036272950341396,HIGH,MEDIUM,MEDIUM,HIGH Trend + MEDIUM Leadership + MEDIUM Participation,Fog
2024-09-16,2168.467608695652,0.1059366371199803,0.3093056261652879,0.1694447489941649,-0.0022908884464695,5.68590930090096e-05,0.0030191794091691,0.0127564044199588,HIGH,MEDIUM,MEDIUM,HIGH Trend + MEDIUM Leadership + MEDIUM Participation,Fog
2024-09-17,2163.499891304348,0.1014419215707659,0.2412848327222477,-1.2150497137806615,-0.0091310883698458,0.0054841192051988,0.0100252045644573,0.0127009408492966,HIGH,MEDIUM,LOW,HIGH Trend + MEDIUM Leadership + LOW Participation,Fog
2024-09-18,2143.744782608696,0.0846697314717196,0.1750245215836466,-0.3412055967821801,-0.0061153315689821,0.0127162011430761,-0.0035699781153815,0.0048200771421424,HIGH,MEDIUM,LOW,HIGH Trend + MEDIUM Leadership + LOW Participation,Fog
2024-09-19,2130.635072463768,0.0691750349468673,0.1288189489438948,-0.1698561699209367,0.0096215784339186,0.0207767881958307,-0.0071443336155285,0.010731813087675,MEDIUM,LOW,MEDIUM,MEDIUM Trend + LOW Leadership + MEDIUM Participation,Mixed Terrain
2024-09-20,2151.135144927536,0.082951463876887,0.2680842248372809,0.7211490676192918,0.0081146742038624,0.0157655050004774,-0.0348029416118509,-0.0094625804333434,MEDIUM,MEDIUM,HIGH,MEDIUM Trend + MEDIUM Leadership + HIGH Participation,Mixed Terrain
2024-09-23,2168.5909057971016,0.0924304647783774,0.2990300528487465,0.4875309443629058,0.0031236305535942,0.0029621518908904,-0.0177383328882908,-0.0435585563593805,HIGH,MEDIUM,HIGH,HIGH Trend + MEDIUM Leadership + HIGH Participation,Fog
2024-09-24,2175.364782608696,0.0950586437757653,0.2818972632776595,0.1326946831436838,-0.0020041283097814,0.0045163173366158,-0.0077934973075522,-0.0432117655656267,HIGH,MEDIUM,MEDIUM,HIGH Trend + MEDIUM Leadership + MEDIUM Participation,Fog
2024-09-25,2171.005072463768,0.0932910448362916,0.2522216425005196,-0.695682819703468,0.001795368270957,-0.0160816813635202,-0.002184842205512,-0.0490117785102334,HIGH,MEDIUM,LOW,HIGH Trend + MEDIUM Leadership + LOW Participation,Fog
2024-09-26,2174.9028260869563,0.0926061664401984,0.2777263264911557,-0.2350679195214293,0.0046650593318195,-0.0273528181030726,-0.0001848172967281,-0.0664851361767044,HIGH,MEDIUM,MEDIUM,HIGH Trend + MEDIUM Leadership + MEDIUM Participation,Fog
2024-09-27,2185.0488768115943,0.0939792249422734,0.2660969896778483,0.1035763026830643,-0.0045922429785461,-0.0497835832811675,-0.0018893725628946,-0.0694102771082741,HIGH,MEDIUM,MEDIUM,HIGH Trend + MEDIUM Leadership + MEDIUM Participation,Fog
2024-09-30,2175.014601449276,0.087529792704693,0.2282399888553688,-0.0251233938897217,0.0046780462226778,-0.0206393478957849,0.0097079150734937,-0.0589126934000215,HIGH,MEDIUM,MEDIUM,HIGH Trend + MEDIUM Leadership + MEDIUM Participation,Fog
2024-10-01,2185.189420289855,0.0935418196533436,0.2885290618046995,0.0866786034169036,-0.0224684227299266,-0.0122544695707946,0.0026491777361072,-0.053029698853132,HIGH,MEDIUM,MEDIUM,HIGH Trend + MEDIUM Leadership + MEDIUM Participation,Fog
2024-10-03,2136.0916606498195,0.0550782463685251,0.0639572093991468,-0.4770079788105514,-0.0096805564749912,0.0141239764468117,0.0084201148833866,-0.0252523175667267,MEDIUM,LOW,LOW,MEDIUM Trend + LOW Leadership + LOW Participation,Mixed Terrain
2024-10-04,2115.413104693141,0.0348381278018208,0.033957975301135,-0.2311419568840245,-0.0185040881740196,0.027932020276211,0.0180047788499817,-0.0081899629979678,MEDIUM,LOW,MEDIUM,MEDIUM Trend + LOW Leadership + MEDIUM Participation,Mixed Terrain
2024-10-07,2076.2693140794227,-3.1479571237919e-06,-0.0146679548250093,-0.5709235456738473,0.0259380630282097,0.0504034763824172,0.0262540804059485,-0.0026072277081155,LOW,LOW,LOW,LOW Trend + LOW Leadership + LOW Participation,Mixed Terrain
2024-10-08,2130.1237184115525,0.0370417250717739,0.1943796068232726,2.0699238107238056,0.0132796815398272,0.0309868105320301,-0.0262865021975384,-0.0221810093230371,MEDIUM,MEDIUM,HIGH,MEDIUM Trend + MEDIUM Leadership + HIGH Participation,Mixed Terrain
2024-10-09,2158.4110830324908,0.0551755251517276,0.2370879515405826,0.5322314691300408,0.0036372524132648,0.0150885494773393,-0.0356964685899191,-0.0192165757528341,MEDIUM,MEDIUM,HIGH,MEDIUM Trend + MEDIUM Leadership + HIGH Participation,Mixed Terrain
2024-10-10,2166.2617689530684,0.0606207051390119,0.1953131665480637,0.2611326894432727,0.0038033711303995,-0.0056244223545622,-0.0469294697910029,-0.0311625779924992,MEDIUM,MEDIUM,MEDIUM,MEDIUM Trend + MEDIUM Leadership + MEDIUM Participation,Mixed Terrain
2024-10-11,2174.5008664259926,0.0593589061327276,0.2059387243678421,-1.6868145645688084,0.0029522356547602,-0.0096574882681073,-0.0663125745907513,-0.0444571069148478,MEDIUM,MEDIUM,LOW,MEDIUM Trend + MEDIUM Leadership + LOW Participation,Mixed Terrain
2024-10-14,2180.9205054151626,0.0646679518772493,0.2431500714980768,-0.1634435882633311,0.0069736393558723,-0.0229905903012042,-0.0676487181774189,-0.0550715260940759,MEDIUM,MEDIUM,MEDIUM,MEDIUM Trend + MEDIUM Leadership + MEDIUM Participation,Mixed Terrain
2024-10-15,2196.1294584837547,0.0710280122434365,0.2618783259435789,0.2786149951146567,-0.0023455279526403,-0.0555519354316601,-0.0679608503103798,-0.0719345352791748,MEDIUM,MEDIUM,HIGH,MEDIUM Trend + MEDIUM Leadership + HIGH Participation,Mixed Terrain
2024-10-16,2190.978375451264,0.0677249418554897,0.2545614598013861,-0.0517347010834705,-0.0168420546869746,-0.0500301358865759,-0.055531763078844,-0.0944870541018021,MEDIUM,MEDIUM,MEDIUM,MEDIUM Trend + MEDIUM Leadership + MEDIUM Participation,Mixed Terrain
2024-10-17,2154.077797833935,0.0379697118847996,0.0429024744478835,-0.4587380771060454,-0.0002679327622341,-0.0415386785084224,-0.0333912740862049,-0.0748438531718146,MEDIUM,LOW,LOW,MEDIUM Trend + LOW Leadership + LOW Participation,Mixed Terrain
2024-10-18,2153.5006498194944,0.0410982489943421,0.1316540014620227,-0.1925202779030786,-0.0105506326295891,-0.0572075677369101,-0.0257314527320207,-0.0782811795206924,MEDIUM,LOW,MEDIUM,MEDIUM Trend + LOW Leadership + MEDIUM Participation,Mixed Terrain
2024-10-21,2130.7798555956674,0.0198149499057324,0.0533137390249836,-0.3517340783036308,-0.0265863406021981,-0.045709004880498,-0.0281229655161493,-0.0610770703213527,MEDIUM,LOW,LOW,MEDIUM Trend + LOW Leadership + LOW Participation,Mixed Terrain
2024-10-22,2074.1302166064984,-0.0293551150854998,-0.0244180631008034,-0.2957893591836444,0.0034873475823635,-0.0131388006860824,0.0042163253192719,-0.0426378673334326,LOW,LOW,LOW,LOW Trend + LOW Leadership + LOW Participation,Mixed Terrain
2024-10-23,2081.363429602888,-0.0249180382625484,0.0198569545107407,0.0383821466876771,-0.0080539403435687,-0.0057913702319416,0.0170899434672677,-0.0359291245055998,LOW,LOW,MEDIUM,LOW Trend + LOW Leadership + MEDIUM Participation,Mixed Terrain
2024-10-24,2064.6002527075807,-0.0361734375062528,0.0076818789994514,0.028469886583584,-0.0166115145724399,0.008500504130452,0.0165432581312174,-0.0124209010079699,LOW,LOW,MEDIUM,LOW Trend + LOW Leadership + MEDIUM Participation,Mixed Terrain
2024-10-25,2030.3041155234653,-0.0619298824118656,-0.021037021051579,-0.1647334081684813,0.0015169713886526,0.0333860497048474,0.0234076919974839,0.0051551359796324,LOW,LOW,MEDIUM,LOW Trend + LOW Leadership + MEDIUM Participation,Mixed Terrain
2024-10-28,2033.3840287769783,-0.0567007653044752,0.0329578860909704,0.1275523076972695,0.0066365251844056,0.0184283823847111,0.0134897568422458,0.0032418897975075,LOW,LOW,MEDIUM,LOW Trend + LOW Leadership + MEDIUM Participation,Mixed Terrain
2024-10-29,2046.8786330935247,-0.0476296195951111,0.1524993790786619,0.4035037340646336,0.0109585639024472,0.0175861874166498,-0.004263431391394,-0.00639330122137,LOW,MEDIUM,HIGH,LOW Trend + MEDIUM Leadership + HIGH Participation,Mixed Terrain
2024-10-30,2069.309483394834,-0.0306298840656045,0.149489888155307,0.5332660589125134,0.006205409288297,0.0230145997672013,-0.0412457396661081,-0.0094581332470851,LOW,MEDIUM,HIGH,LOW Trend + MEDIUM Leadership + HIGH Participation,Mixed Terrain
2024-10-31,2082.1503956834536,-0.0175308645848811,0.1686761504449269,-0.1804276524460535,0.0076543721288697,0.007974962796573,-0.0428845488089526,-0.0066850200354792,LOW,MEDIUM,MEDIUM,LOW Trend + MEDIUM Leadership + MEDIUM Participation,Mixed Terrain
2024-11-01,2098.087949640288,-0.0045912106501728,0.2828878855841263,1.1831449765486894,-0.0129794093954508,-0.0096559825925783,-0.0539376201110365,-0.0073913997674903,LOW,MEDIUM,HIGH,LOW Trend + MEDIUM Leadership + HIGH Participation,Mixed Terrain
2024-11-04,2070.8560071942447,-0.0195990041294352,0.0914004045682818,-0.5459592739023476,0.0058040815576954,-0.0048492614973092,-0.0339076895902832,0.0092600561019868,LOW,LOW,LOW,LOW Trend + LOW Leadership + LOW Participation,Mixed Terrain
2024-11-05,2082.8754243542435,-0.0173271923730413,0.1810067827600853,0.3024203193779723,0.0163516205516494,-0.0214720080502602,-0.0466574695823713,0.0058679546361675,LOW,MEDIUM,HIGH,LOW Trend + MEDIUM Leadership + HIGH Participation,Mixed Terrain
2024-11-06,2116.93381294964,0.0076589667060493,0.3190106588734697,0.6315924484927729,-0.008587110854643,-0.0628146846075633,-0.0521281999821227,-0.0067763398467578,MEDIUM,MEDIUM,HIGH,MEDIUM Trend + MEDIUM Leadership + HIGH Participation,Mixed Terrain
2024-11-07,2098.755467625899,-0.005858463955247,0.2236686585183133,0.0129593723194203,-0.0099709656640981,-0.0504571179669174,-0.0284927954688661,0.0045674671526449,LOW,MEDIUM,MEDIUM,LOW Trend + MEDIUM Leadership + MEDIUM Participation,Mixed Terrain
2024-11-08,2077.828848920863,-0.0226393134001496,0.0829856057541092,-0.5945695783390115,-0.0081888188421359,-0.0447133892264842,-0.0178350780051558,0.0153634823243513,LOW,LOW,LOW,LOW Trend + LOW Leadership + LOW Participation,Mixed Terrain
2024-11-11,2060.813884892086,-0.0331500242983893,0.0599484489422209,-1.936417391735552,-0.0109966157465272,-0.0292000266579669,-0.0101114658293813,0.0272229515473316,LOW,LOW,LOW,LOW Trend + LOW Leadership + LOW Participation,Mixed Terrain
2024-11-12,2038.15190647482,-0.0478905793154734,0.0044279022727861,-0.1441649156546325,-0.0265890992464979,-0.0257381104468238,-0.0021389892639497,0.0313461600536122,LOW,LOW,MEDIUM,LOW Trend + LOW Leadership + MEDIUM Participation,Mixed Terrain
2024-11-13,1983.959283154122,-0.0851339721679622,-0.0244494480355001,-0.279790841323862,0.0044854913775833,0.011402744419833,0.033155113603305,0.0575137568044832,LOW,LOW,LOW,LOW Trend + LOW Leadership + LOW Participation,Mixed Terrain
2024-11-14,1992.8583154121864,-0.0715693593580438,0.0124222687522727,0.333655933054472,-0.0039823385826092,0.0231314697984181,0.0378214861419552,0.059092635694854,LOW,LOW,HIGH,LOW Trend + LOW Leadership + HIGH Participation,Mixed Terrain
2024-11-18,1984.9220788530467,-0.0751514524033676,0.0032803298697786,0.0562591659609957,0.0079176839385872,0.0281363843250816,0.049199948473809,0.0568217861777615,LOW,LOW,MEDIUM,LOW Trend + LOW Leadership + MEDIUM Participation,Mixed Terrain
2024-11-19,2000.638064516129,-0.0607710226230455,0.0702939827481982,0.6338374292410449,-0.0074697853562917,0.0196627125594905,0.0446828374753991,0.043509168764112,LOW,LOW,HIGH,LOW Trend + LOW Leadership + HIGH Participation,Mixed Terrain
2024-11-21,1985.6937275985665,-0.0626101031367329,0.0723834281904768,-0.4506465259112184,0.0105193141874797,0.0242225642159699,0.0550960673028289,0.0500750354231127,LOW,LOW,LOW,LOW Trend + LOW Leadership + LOW Participation,Mixed Terrain
2024-11-22,2006.581863799284,-0.0514302764121042,0.2231745799502866,0.7537455471494449,0.0161340008760413,0.0215071288895403,0.0478459852213237,0.0171638772753524,LOW,MEDIUM,HIGH,LOW Trend + MEDIUM Leadership + HIGH Participation,Mixed Terrain
2024-11-25,2038.95605734767,-0.0273882703715819,0.2781812515521408,0.4923604534186347,0.0008899416761765,0.0143578970808426,0.0340298687105122,0.0005256859018054,LOW,MEDIUM,HIGH,LOW Trend + MEDIUM Leadership + HIGH Participation,Mixed Terrain
2024-11-26,2040.7706093189963,-0.0186457282485853,0.2834513201937454,0.3786226931149134,-0.0003893497883018,0.0204871303747842,0.0338014111337621,0.0032489259873418,LOW,MEDIUM,HIGH,LOW Trend + MEDIUM Leadership + HIGH Participation,Mixed Terrain
2024-11-27,2039.9760357142848,-0.0151127704967383,0.3307536358127785,-0.1403712992327479,-0.0030312681019061,0.0245376481926113,0.0377157791892133,0.0062319566883772,LOW,MEDIUM,MEDIUM,LOW Trend + MEDIUM Leadership + MEDIUM Participation,Mixed Terrain
2024-11-28,2033.7923214285715,-0.0192028064495302,0.2638398700414687,-0.7483838487291806,0.0078402091378027,0.0301433537646109,0.0335569272246267,0.0110726058220487,LOW,MEDIUM,LOW,LOW Trend + MEDIUM Leadership + LOW Participation,Mixed Terrain
2024-11-29,2049.7376785714287,-0.0119463169500333,0.3527580544601624,0.4985370802150943,0.0090223740302657,0.0257843098563745,0.0235769468499489,0.0016535494959188,LOW,HIGH,HIGH,LOW Trend + HIGH Leadership + HIGH Participation,Mixed Terrain
2024-12-02,2068.2311785714287,7.929043413978758e-05,0.3164356151559406,0.0830687439024726,0.0069377951722133,0.0193935214447309,0.0204959618170683,-0.0028842996331314,LOW,MEDIUM,MEDIUM,LOW Trend + MEDIUM Leadership + MEDIUM Participation,Mixed Terrain
2024-12-03,2082.5801428571426,0.0131166588940301,0.34422020680628,0.6685482609624662,0.0035783050983257,0.0130469854667232,0.0072644282103133,-0.001932035147962,MEDIUM,MEDIUM,HIGH,MEDIUM Trend + MEDIUM Leadership + HIGH Participation,Mixed Terrain
2024-12-04,2090.03225,0.021522454732831,0.3598862829426552,-0.373048720148608,0.0024235955484142,0.0128625151255785,-0.0011234689316075,0.0031047325392954,MEDIUM,HIGH,LOW,MEDIUM Trend + HIGH Leadership + LOW Participation,Fog
2024-12-05,2095.0976428571425,0.0290560395883626,0.3592034962543187,-0.1142364421485852,0.0035755408194921,0.0033136877965003,-0.0047588385885578,-0.0032242700528392,MEDIUM,HIGH,MEDIUM,MEDIUM Trend + HIGH Leadership + MEDIUM Participation,Fog
2024-12-06,2102.5887500000003,0.0323119940104414,0.3394845873927989,-0.2876996799316462,0.0027360149652253,-0.0021518783093248,-0.0292811237325977,-0.0282452342152633,MEDIUM,MEDIUM,LOW,MEDIUM Trend + MEDIUM Leadership + LOW Participation,Mixed Terrain
2024-12-09,2108.3414642857147,0.038347868215254,0.3458018479139277,0.0404260498347534,0.000668806003419,0.0010814669204244,-0.0324015619108644,-0.0211949109917659,MEDIUM,MEDIUM,MEDIUM,MEDIUM Trend + MEDIUM Leadership + MEDIUM Participation,Mixed Terrain
2024-12-10,2109.751535714286,0.0419051806592913,0.3555622440382257,-0.0294818792573764,0.0033955589523297,-0.0057080839678385,-0.0295535339934521,-0.03525698870683,MEDIUM,HIGH,MEDIUM,MEDIUM Trend + HIGH Leadership + MEDIUM Participation,Fog
2024-12-11,2116.915321428572,0.0528067491596015,0.3685306196547547,0.0771111823520467,-0.0070268181864634,-0.0138083736423515,-0.0303395429964791,-0.045367916594707,MEDIUM,HIGH,MEDIUM,MEDIUM Trend + HIGH Leadership + MEDIUM Participation,Fog
2024-12-12,2102.0401423487547,0.0458554934110254,0.3317327540836637,-0.2424201308202682,-0.0018914517345359,-0.0080458649007242,-0.0217543134880382,-0.0553793469918176,MEDIUM,MEDIUM,MEDIUM,MEDIUM Trend + MEDIUM Leadership + MEDIUM Participation,Mixed Terrain
2024-12-13,2098.064234875445,0.0458889822208629,0.3537898385392011,-0.1023749108406788,0.005985198523533,-0.0271877501531067,-0.0214184164869082,-0.0881358424732363,MEDIUM,HIGH,MEDIUM,MEDIUM Trend + HIGH Leadership + MEDIUM Participation,Fog
2024-12-16,2110.621565836299,0.052981339668962,0.374007163170251,0.0116615440656659,-0.0061179461293099,-0.0334468571616763,-0.0229106849267385,-0.0835367654497684,MEDIUM,HIGH,MEDIUM,MEDIUM Trend + HIGH Leadership + MEDIUM Participation,Fog
2024-12-17,2097.7088967971526,0.0403606979787767,0.2697857921019093,-0.1183287098510573,-0.0047788962097606,-0.0239823432546567,-0.0091301381253138,-0.0759760715573021,MEDIUM,MEDIUM,MEDIUM,MEDIUM Trend + MEDIUM Leadership + MEDIUM Participation,Mixed Terrain
2024-12-18,2087.6841637010675,0.0284186304485947,0.1988476394515584,-0.2181798569564078,-0.0012246835024208,-0.0167626340685764,0.0042329570666561,-0.067451510323528,MEDIUM,MEDIUM,MEDIUM,MEDIUM Trend + MEDIUM Leadership + MEDIUM Participation,Mixed Terrain
2024-12-19,2085.1274113475174,0.0251916327690612,0.1775621243620324,-0.301757294993543,-0.0211520996055258,-0.0138196395400297,0.0015419062185313,-0.0653754313454296,MEDIUM,MEDIUM,LOW,MEDIUM Trend + MEDIUM Leadership + LOW Participation,Mixed Terrain
2024-12-20,2041.0225886524825,-0.0171899821318987,0.0480062147849956,-0.258014288745619,-0.0004873443618871,0.0059305725920972,0.0010671364724228,-0.0411560699906795,LOW,LOW,MEDIUM,LOW Trend + LOW Leadership + MEDIUM Participation,Mixed Terrain
2024-12-23,2040.0279078014185,-0.0193457867232567,0.0341616485103805,0.0978620924977487,0.0036141731964556,0.0109007686882047,0.0115819233247522,-0.0592080826713492,LOW,LOW,MEDIUM,LOW Trend + LOW Leadership + MEDIUM Participation,Mixed Terrain
2024-12-24,2047.400921985816,-0.0195031343110903,0.0780141951271895,0.044145399706958,0.0025828629710877,0.0152171479959384,-0.0058771451215109,-0.0769455613017375,LOW,LOW,MEDIUM,LOW Trend + LOW Leadership + MEDIUM Participation,Mixed Terrain
2024-12-26,2052.6890780141844,-0.0148822681225036,0.0538813590322886,0.1490453707580931,0.001764818721099,0.021353532588078,-0.0154985938528102,-0.0697296805276663,LOW,LOW,MEDIUM,LOW Trend + LOW Leadership + MEDIUM Participation,Mixed Terrain
2024-12-27,2056.3117021276594,-0.0107809497791753,0.0811302832445511,-0.0290074643799529,-0.0015487344879514,0.0155768116811778,-0.0343727899518504,-0.0863329703356627,LOW,LOW,MEDIUM,LOW Trend + LOW Leadership + MEDIUM Participation,Mixed Terrain
2024-12-30,2053.127021276596,-0.009070874662492,0.0594793907077096,-0.1084872244718104,0.0044511414883456,-0.0048347632055184,-0.0681776840177327,-0.111651282515544,LOW,LOW,MEDIUM,LOW Trend + LOW Leadership + MEDIUM Participation,Mixed Terrain
2024-12-31,2062.265780141844,-0.0063853317772295,0.097622219910719,0.2851247162471371,0.007899439944996,0.0006738095940233,-0.0620476343234642,-0.1327283239294083,LOW,LOW,HIGH,LOW Trend + LOW Leadership + HIGH Participation,Mixed Terrain
2025-01-01,2078.556524822695,0.0087738487138066,0.1910674347813776,0.4007753047197457,0.0086428808153724,-0.0207781095493608,-0.067461869619809,-0.117239091976967,MEDIUM,MEDIUM,HIGH,MEDIUM Trend + MEDIUM Leadership + HIGH Participation,Mixed Terrain
2025-01-02,2096.521241134752,0.0231636976744274,0.311650077731808,0.7459121403621155,-0.0039011094687602,-0.0360816556315285,-0.0713823091402746,-0.1206656995893675,MEDIUM,MEDIUM,HIGH,MEDIUM Trend + MEDIUM Leadership + HIGH Participation,Mixed Terrain
2025-01-03,2088.342482269504,0.0172298595482098,0.1804310522618706,-0.2367649163756863,-0.021616111511831,-0.049183479829893,-0.0668143161543955,-0.1024743620160535,MEDIUM,MEDIUM,MEDIUM,MEDIUM Trend + MEDIUM Leadership + MEDIUM Participation,Mixed Terrain
2025-01-06,2043.2006382978725,-0.0280602294651679,-0.0185657153591108,-0.7385811869025956,0.0100111148795924,-0.0636506566650656,-0.0421781965712003,-0.0818218284665052,LOW,LOW,LOW,LOW Trend + LOW Leadership + LOW Participation,Mixed Terrain
2025-01-07,2063.6553546099294,-0.0130754083841195,0.07046572142887,0.299504546577588,-0.0137073784638259,-0.0626792100644003,-0.0699795086921255,-0.1008618088232512,LOW,LOW,HIGH,LOW Trend + LOW Leadership + HIGH Participation,Mixed Terrain
2025-01-08,2035.36804964539,-0.0326557370565409,0.0134278675177552,-0.1960022645222736,-0.0071204645076216,-0.0476743427875823,-0.0714885648503808,-0.0816632641899611,LOW,LOW,MEDIUM,LOW Trend + LOW Leadership + MEDIUM Participation,Mixed Terrain
2025-01-09,2020.875283687943,-0.0439034860893644,0.0007446229087808,-0.0672187495523879,-0.0174403398653729,-0.0366220372451505,-0.0550848239893202,-0.0659213627223064,LOW,LOW,MEDIUM,LOW Trend + LOW Leadership + MEDIUM Participation,Mixed Terrain
2025-01-10,1985.6305319148933,-0.0685256830238515,-0.0159194167969779,-1.1944790853522227,-0.036502740453564,-0.0185428376037768,-0.0538097723874427,-0.0510581653669806,LOW,LOW,LOW,LOW Trend + LOW Leadership + LOW Participation,Mixed Terrain
2025-01-13,1913.149575971732,-0.1122137510305072,-0.0368085828209606,-0.3187057135236806,0.0110589843218773,0.0229321035430944,-0.0466543865200139,-0.0134177388245861,LOW,LOW,LOW,LOW Trend + LOW Leadership + LOW Participation,Mixed Terrain
2025-01-14,1934.307067137809,-0.1023782511447802,-0.0381574778767566,0.8500686830168925,0.0020814422271906,-0.0077884740273677,-0.0753563743665839,-0.0406538329939463,LOW,LOW,HIGH,LOW Trend + LOW Leadership + HIGH Participation,Mixed Terrain
2025-01-15,1938.3332155477028,-0.09681637721617,-0.000676224552601,0.2012585908278239,0.0044024929071881,-0.0250063850348271,-0.0533782166492903,-0.0677105188367184,LOW,LOW,MEDIUM,LOW Trend + LOW Leadership + MEDIUM Participation,Mixed Terrain
2025-01-16,1946.8667137809189,-0.0903232300838759,0.0626182620988098,0.8432318937904767,0.000998832444877,-0.0191646347103207,-0.0530717763986013,-0.0752717495075171,LOW,LOW,HIGH,LOW Trend + LOW Leadership + HIGH Participation,Mixed Terrain
2025-01-17,1948.8113074204944,-0.0841741902756225,0.0716991582818784,-0.6528257433763127,0.0042132415229654,-0.0359332389990021,-0.0382132371713044,-0.0816483945273514,LOW,LOW,LOW,LOW Trend + LOW Leadership + LOW Participation,Mixed Terrain
2025-01-20,1957.0221201413428,-0.0721349696688877,0.0922282440070585,0.4107963500680616,-0.0193050211175751,-0.0680264993366462,-0.0413893604774803,-0.1058195867861978,LOW,LOW,HIGH,LOW Trend + LOW Leadership + HIGH Participation,Mixed Terrain
2025-01-21,1919.2417667844525,-0.0958533684967572,-0.0067589480442112,-0.880200863265246,-0.0153077420776188,-0.0680982820401946,-0.0332060426837438,-0.0890243905582413,LOW,LOW,LOW,LOW Trend + LOW Leadership + LOW Participation,Mixed Terrain
2025-01-22,1889.8625088339224,-0.1111390207332888,-0.0133514376000611,-0.3227601239855604,0.01042044881871,-0.0290995050418628,-0.0109580765022466,-0.0806821084391335,LOW,LOW,LOW,LOW Trend + LOW Leadership + LOW Participation,Mixed Terrain
2025-01-23,1909.5557243816247,-0.0999194731526113,0.0378582715396559,-0.0220628838635245,-0.0161144914713573,-0.0345696565276952,-0.0114682661556317,-0.0781108372811337,LOW,LOW,MEDIUM,LOW Trend + LOW Leadership + MEDIUM Participation,Mixed Terrain
2025-01-24,1878.784204946996,-0.1186073568477843,-0.013745454995116,-0.1350105743798378,-0.0292164734080244,-0.0023649795476144,0.0029080907201979,-0.0514512119737305,LOW,LOW,MEDIUM,LOW Trend + LOW Leadership + MEDIUM Participation,Mixed Terrain
2025-01-27,1823.8927561837456,-0.1508650597217965,-0.025232340049763,-0.2480414710462936,-0.0193805564593959,0.0285814337427043,0.0348631673817687,-0.0306855226458608,LOW,LOW,MEDIUM,LOW Trend + LOW Leadership + MEDIUM Participation,Mixed Terrain
2025-01-28,1788.5446996466433,-0.1639209521569324,-0.0224934918575007,-0.5085546445011594,0.0259002448147875,0.0374419734227335,0.0375307203884793,-0.0174893050635945,LOW,LOW,LOW,LOW Trend + LOW Leadership + LOW Participation,Mixed Terrain
2025-01-29,1834.868445229682,-0.1421179143722361,0.0655024112839147,2.678193177817408,0.0047276379198346,0.0186851573707338,-0.0151404736712235,-0.0453834555814006,LOW,LOW,HIGH,LOW Trend + LOW Leadership + HIGH Participation,Mixed Terrain
2025-01-30,1843.543038869258,-0.1367584899979245,0.0941339212855526,0.3313121555002849,0.0167058100675245,0.023928593635224,-0.0234441983622409,-0.0671194616698189,LOW,LOW,HIGH,LOW Trend + LOW Leadership + HIGH Participation,Mixed Terrain
2025-01-31,1874.340918727915,-0.1158492444068953,0.2067670507371803,1.424831660065884,0.0008970125998402,0.0052855705340228,-0.045160901599748,-0.0997416158924983,LOW,MEDIUM,HIGH,LOW Trend + MEDIUM Leadership + HIGH Participation,Mixed Terrain
2025-02-01,1876.02222614841,-0.1061389569665487,0.2183595823717888,-2.3231338082929205,-0.0109331771800679,0.0061071816318973,-0.0672120918048749,-0.0976665698156714,LOW,MEDIUM,LOW,LOW Trend + MEDIUM Leadership + LOW Participation,Mixed Terrain
2025-02-03,1855.511342756184,-0.1218089676934077,0.0936176418728322,-0.3029035240720122,0.0073521017160396,8.554402850413645e-05,-0.0577355158791483,-0.0816656386413873,LOW,LOW,LOW,LOW Trend + LOW Leadership + LOW Participation,Mixed Terrain
2025-02-04,1869.1532508833925,-0.1108675020071179,0.1973589214664771,-0.6061840930132576,0.0098992312178087,-0.0332051868992209,-0.0704965383977934,-0.0678482887451873,LOW,MEDIUM,LOW,LOW Trend + MEDIUM Leadership + LOW Participation,Mixed Terrain
2025-02-05,1887.6564310954063,-0.0967477580057181,0.2578268144271601,0.4257714952527704,-0.0018057053077034,-0.0462657184221008,-0.0674157124590538,-0.0677869693087851,LOW,MEDIUM,HIGH,LOW Trend + MEDIUM Leadership + HIGH Participation,Mixed Terrain
2025-02-06,1884.247879858657,-0.0909882643070846,0.2447017672459867,0.0756020001886239,0.0017150369677265,-0.0501812356731362,-0.0542016792933565,-0.0648122350481488,LOW,MEDIUM,MEDIUM,LOW Trend + MEDIUM Leadership + MEDIUM Participation,Mixed Terrain
2025-02-07,1887.479434628975,-0.0790898149132687,0.1884821332401211,-0.5513447769614345,-0.0168528267773414,-0.0728742173551024,-0.0633404416097536,-0.0801493844834407,LOW,MEDIUM,LOW,LOW Trend + MEDIUM Leadership + LOW Participation,Mixed Terrain
2025-02-10,1855.6700706713784,-0.1053939396959219,0.0215444936547593,-0.6885898905709918,-0.0261805175363303,-0.0578161140843412,-0.0530297796208608,-0.0669150869839593,LOW,LOW,LOW,LOW Trend + LOW Leadership + LOW Participation,Mixed Terrain
2025-02-11,1807.0876678445231,-0.1332946632643874,-0.0250449616926109,-0.3465442664056018,-0.0037436023654092,-0.0385721468436192,-0.0307079142777982,-0.0440691918901898,LOW,LOW,LOW,LOW Trend + LOW Leadership + LOW Participation,Mixed Terrain
2025-02-12,1800.3226501766785,-0.1352399651596552,-0.0109005235552407,0.0154047763503875,-0.0059037513318921,-0.0221759817650274,-0.0447237763928403,-0.0436351217690301,LOW,LOW,MEDIUM,LOW Trend + LOW Leadership + MEDIUM Participation,Mixed Terrain
2025-02-13,1789.6939929328623,-0.1385318528732554,-0.0129230755023561,0.1201631597162151,-0.0222178456391661,-0.0042328534360652,-0.0571622112921385,-0.0311914680912724,LOW,LOW,MEDIUM,LOW Trend + LOW Leadership + MEDIUM Participation,Mixed Terrain
2025-02-14,1749.9308480565371,-0.1628572788729702,-0.0186996197822573,-0.1546628523982786,-0.0008848406185378,0.0102831524306776,-0.0326488773527559,-0.0082141089862998,LOW,LOW,MEDIUM,LOW Trend + LOW Leadership + MEDIUM Participation,Mixed Terrain
2025-02-17,1748.3824381625443,-0.1547747469737683,-0.0084292566881273,-0.0177216283589539,-0.006290397890848,0.0050800427974087,-0.0253963968349779,0.0230962529037153,LOW,LOW,MEDIUM,LOW Trend + LOW Leadership + MEDIUM Participation,Mixed Terrain
2025-02-18,1737.384416961131,-0.1564003811642821,-0.0102373068452608,-0.1526748413821786,0.013246527785899,0.008179742806496,0.002849101441797,0.0344924061533715,LOW,LOW,MEDIUM,LOW Trend + LOW Leadership + MEDIUM Participation,Mixed Terrain
2025-02-19,1760.3987279151945,-0.1428292089753685,-0.0084834680462807,0.920233447511434,0.012337973383961,-0.0230591540065796,-0.0003980946866585,0.0332917160701564,LOW,LOW,HIGH,LOW Trend + LOW Leadership + HIGH Participation,Mixed Terrain
2025-02-20,1782.118480565371,-0.1237373626988891,0.1381474916680469,0.8277393774482806,-0.0079640197943634,-0.0531543524394383,-0.0112186240158099,0.0357460732488885,LOW,MEDIUM,HIGH,LOW Trend + MEDIUM Leadership + HIGH Participation,Mixed Terrain
2025-02-21,1767.9256537102476,-0.1223126669643193,0.0767032633576337,-0.0386324263943805,-0.0060304334139986,-0.0424950467402548,-0.0179456268001739,0.0331809933665676,LOW,LOW,MEDIUM,LOW Trend + LOW Leadership + MEDIUM Participation,Mixed Terrain
2025-02-24,1757.264295774648,-0.1248796922085087,0.0259099919608575,-0.8241398156204768,-0.0032257646959485,-0.0303224005399237,-0.0146628764709614,0.0340174646466522,LOW,LOW,LOW,LOW Trend + LOW Leadership + LOW Participation,Mixed Terrain
2025-02-25,1751.595774647887,-0.1303241259743069,0.0149546299491479,-0.8112938272778284,-0.0181493656086642,-0.0052873918591738,-0.01378457310155,0.0432002849715311,LOW,LOW,LOW,LOW Trend + LOW Leadership + LOW Participation,Mixed Terrain
2025-02-27,1719.8054225352112,-0.1479741452383378,-0.0098683438685798,-0.1314076787068717,-0.0188476529669648,0.0231959380272177,0.0011396228618558,0.0630499388708281,LOW,LOW,MEDIUM,LOW Trend + LOW Leadership + MEDIUM Participation,Mixed Terrain
2025-02-28,1687.391126760563,-0.1673940818310558,-0.0273699773184477,-0.1888609075710428,0.0032040251819689,0.0442899310269533,0.0275452930630393,0.0713808181427171,LOW,LOW,MEDIUM,LOW Trend + LOW Leadership + MEDIUM Participation,Mixed Terrain
2025-03-03,1692.797570422535,-0.1645357813444139,-0.0140897512653224,0.0486135509438608,0.0066057830637928,0.0256389482440841,0.0252594614245014,0.0780044060325095,LOW,LOW,MEDIUM,LOW Trend + LOW Leadership + MEDIUM Participation,Mixed Terrain
2025-03-04,1703.979823943662,-0.1553713405477376,0.0202861543658206,0.5120261270364432,0.0225088213638711,0.0161492067855146,0.0497562799698396,0.067870356611501,LOW,LOW,HIGH,LOW Trend + LOW Leadership + HIGH Participation,Mixed Terrain
2025-03-05,1742.3344014084505,-0.1325992708586059,0.2229441770358006,3.4708259670295805,0.0099656650943265,-0.0085423479835626,0.0315534058574524,0.0157354861679117,LOW,MEDIUM,HIGH,LOW Trend + MEDIUM Leadership + HIGH Participation,Mixed Terrain
2025-03-06,1759.697922535211,-0.1171453534039567,0.2859197334248006,1.1884322742685465,0.0013795781730383,-0.0215562966443043,0.0337032278327382,-0.0293784818741196,LOW,MEDIUM,HIGH,LOW Trend + MEDIUM Leadership + HIGH Participation,Mixed Terrain
2025-03-07,1762.1255633802816,-0.110339498090694,0.2470854405647081,-0.0629687229690218,-0.0147131647146853,-0.0160344722920458,0.0474975544699676,-0.0113910524913034,LOW,MEDIUM,MEDIUM,LOW Trend + MEDIUM Leadership + MEDIUM Participation,Mixed Terrain
2025-03-10,1736.19911971831,-0.1268915709613569,0.097776515413468,-3.4078213144660467,-0.0027078537168014,-0.000370000398515,0.0520608853867794,-0.0071091351009768,LOW,LOW,LOW,LOW Trend + LOW Leadership + LOW Participation,Mixed Terrain
2025-03-11,1731.4977464788733,-0.121711658947101,0.1349191391042749,-0.9739394831727456,-0.002337266588545,0.0330729709376416,0.0494047569660851,0.0217654224000896,LOW,MEDIUM,LOW,LOW Trend + MEDIUM Leadership + LOW Participation,Mixed Terrain
2025-03-12,1727.450774647887,-0.1122612771388688,0.1182580969324867,-0.1932247230264975,-0.0032912211558502,0.0404412167876944,0.0577813493065029,0.0563576406009955,LOW,LOW,MEDIUM,LOW Trend + LOW Leadership + MEDIUM Participation,Mixed Terrain
2025-03-13,1721.765352112676,-0.115712423849662,0.0735004558293955,0.0620345609139308,0.0070308406030037,0.0564769585490949,0.0618398419113563,0.0667737639216694,LOW,LOW,MEDIUM,LOW Trend + LOW Leadership + MEDIUM Participation,Mixed Terrain
2025-03-17,1733.8708098591549,-0.1027047447534798,0.1427420823635499,0.1471297170129385,0.0009723420472687,0.0645673298230322,0.0426604310054374,0.0652147359191859,LOW,MEDIUM,MEDIUM,LOW Trend + MEDIUM Leadership + MEDIUM Participation,Mixed Terrain
2025-03-19,1788.763521126761,-0.0420929384054871,0.3834422405209945,3.039663638827368,0.0047784207849608,0.0158089374980165,0.0172555068136213,0.0588263190563045,LOW,HIGH,HIGH,LOW Trend + HIGH Leadership + HIGH Participation,Mixed Terrain
2025-03-20,1797.310985915493,-0.0281927976937215,0.3967907282378967,0.3212451551045364,0.0120704968643299,0.0166661337892255,-0.0153340773242782,0.0622308983358437,LOW,HIGH,HIGH,LOW Trend + HIGH Leadership + HIGH Participation,Mixed Terrain
2025-03-24,1845.822218309859,0.0131102469776197,0.3913370534236405,-1.8113069419248813,-0.0104208493214907,-0.0205782182149404,-0.0562183717851911,0.0122176480637419,MEDIUM,HIGH,LOW,MEDIUM Trend + HIGH Leadership + LOW Participation,Fog
2025-03-25,1826.587183098592,-0.0054348860689157,0.3543139326504843,-0.4790900260102387,-0.0052257080066737,-0.0009547552277322,-0.0562420115695139,0.0327015436015767,LOW,HIGH,LOW,LOW Trend + HIGH Leadership + LOW Participation,Fog
2025-03-26,1817.041971830986,-0.0098758090009347,0.3189742449636635,-0.8957148208590022,0.0056263089103647,0.0014240564954741,-0.0263381068005666,0.0429041408337338,LOW,MEDIUM,LOW,LOW Trend + MEDIUM Leadership + LOW Participation,Mixed Terrain
2025-03-27,1827.2652112676053,0.0003802985272402,0.3768212083100147,-0.2369111903736055,0.0005329483767129,-0.031475633986386,-0.001345938559458,0.0296519527547201,LOW,HIGH,MEDIUM,LOW Trend + HIGH Leadership + MEDIUM Participation,Mixed Terrain
2025-03-28,1828.2390492957747,0.0072297531431159,0.3603935319265023,0.1024969862906821,-0.0111585863939071,-0.0657673187365762,0.0046465783403191,0.0289019384412367,MEDIUM,HIGH,MEDIUM,MEDIUM Trend + HIGH Leadership + MEDIUM Participation,Fog
2025-04-01,1807.8384859154933,0.0007864866148721,0.2851097847911257,0.0043973228453803,0.009406124304581,-0.0363889738140131,0.0216314959722787,0.0545688235515724,LOW,MEDIUM,MEDIUM,LOW Trend + MEDIUM Leadership + MEDIUM Participation,Mixed Terrain
2025-04-02,1824.84323943662,0.0179713842369019,0.401953418256774,0.3591817535492576,-0.0028570657853923,-0.0553400925844799,0.0286422809995545,0.0287897582190781,MEDIUM,HIGH,HIGH,MEDIUM Trend + HIGH Leadership + HIGH Participation,Fog
2025-04-03,1819.629542253521,0.0174197670585784,0.3861174613902417,0.3094418974001337,-0.027411437775438,-0.0277226846269258,0.0408656546602501,0.0398575450850227,MEDIUM,HIGH,HIGH,MEDIUM Trend + HIGH Leadership + HIGH Participation,Fog
2025-04-04,1769.75088028169,-0.0315854989064391,0.1121651930204862,-0.272527713258885,-0.0348920359106004,0.031108866729848,0.0787728851724123,0.0602348810451958,LOW,LOW,MEDIUM,LOW Trend + LOW Leadership + MEDIUM Participation,Mixed Terrain
2025-04-07,1708.0006690140845,-0.0950237603894355,-0.0091981804075861,-1.097124685393695,0.0199370118497206,0.0753708347921098,0.1174227514320755,0.0975263378440673,LOW,LOW,LOW,LOW Trend + LOW Leadership + LOW Participation,Mixed Terrain
2025-04-08,1742.053098591549,-0.0599538593805715,0.2031812162315953,3.04217962283117,-0.0104456362393465,0.0602115046523901,0.0725125577813818,0.1150207591212373,LOW,MEDIUM,HIGH,LOW Trend + MEDIUM Leadership + HIGH Participation,Mixed Terrain
2025-04-09,1723.8562456140353,-0.0712692828861314,0.1027737953169565,-0.0470611730096299,0.0262946987703189,0.0889022312948588,0.0942440289369184,0.133421594583649,LOW,LOW,MEDIUM,LOW Trend + LOW Leadership + MEDIUM Participation,Mixed Terrain
2025-04-11,1769.1845263157893,-0.0314055369070431,0.3045906070799565,3.031474428245004,0.031438946824525,0.0705440085896251,0.0711152897303721,0.1157560766573018,LOW,MEDIUM,HIGH,LOW Trend + MEDIUM Leadership + HIGH Participation,Mixed Terrain
2025-04-15,1824.805824561404,0.018925262748775,0.4185416647047402,1.8297256624510512,0.0065367397129065,0.0462259805734484,0.0310396688012906,0.0952154755576393,MEDIUM,HIGH,HIGH,MEDIUM Trend + HIGH Leadership + HIGH Participation,Fog
2025-04-16,1836.734105263158,0.0354664478027075,0.4262345997780563,0.8470378894359981,0.0055591234189467,0.0391045723758123,0.0241431769378916,0.0971918463515388,MEDIUM,HIGH,HIGH,MEDIUM Trend + HIGH Leadership + HIGH Participation,Fog
2025-04-17,1846.9447368421047,0.0422255868119726,0.436944437604592,-2.2215429713848907,0.016333014646759,0.0116024520343465,0.03223992967048,0.0938912580615596,MEDIUM,HIGH,LOW,MEDIUM Trend + HIGH Leadership + LOW Participation,Fog
2025-04-21,1877.1109122807013,0.0665956727775891,0.4510258292220278,-3.483511830586806,0.0089920006035408,0.0049056724180898,0.0001433707540974,0.0643961050932677,MEDIUM,HIGH,LOW,MEDIUM Trend + HIGH Leadership + LOW Participation,Fog
2025-04-22,1893.9898947368424,0.0699295908900297,0.4169494152890826,-0.0293107266549039,0.0080092129652888,0.0005336362972125,-0.0009685299641829,0.063969514500457,MEDIUM,HIGH,MEDIUM,MEDIUM Trend + HIGH Leadership + MEDIUM Participation,Fog
2025-04-23,1909.1592631578949,0.0776551139800222,0.422956425212231,0.1386131357699855,-0.0003145133839477,-0.0145153265681988,-0.0171843437872964,0.0545657655976759,MEDIUM,HIGH,MEDIUM,MEDIUM Trend + HIGH Leadership + MEDIUM Participation,Fog
2025-04-24,1908.558807017544,0.0752438348344471,0.3830025051598478,-1.0776876158272968,-0.0210551450174784,-0.0143983539632713,-0.0178056277827788,0.054824797901148,MEDIUM,HIGH,LOW,MEDIUM Trend + HIGH Leadership + LOW Participation,Fog
2025-04-25,1868.373824561404,0.0400723061890079,0.2244602150299589,-0.6233600359210069,0.0096049188398261,0.0204007785811821,0.0396342224913326,0.0852134215448896,MEDIUM,MEDIUM,LOW,MEDIUM Trend + MEDIUM Leadership + LOW Participation,Mixed Terrain
2025-04-28,1886.319403508772,0.0563261403842614,0.333475766950027,0.1130818483814692,0.0046021861230436,-0.0047390534203403,0.0358033168202822,0.0780868667606535,MEDIUM,MEDIUM,MEDIUM,MEDIUM Trend + MEDIUM Leadership + MEDIUM Participation,Mixed Terrain
2025-04-29,1895.000596491228,0.0642207155606263,0.3459832459751253,0.0894856249626064,-0.0071521895739068,-0.0015013650784944,0.0416769206405098,0.0767395212781216,MEDIUM,MEDIUM,MEDIUM,MEDIUM Trend + MEDIUM Leadership + MEDIUM Participation,Mixed Terrain
2025-04-30,1881.447192982456,0.0500206207536075,0.200875083004119,-0.0542132025449191,-0.0001958552062709,-0.0027083295063363,0.0622437804269557,0.091907694422239,MEDIUM,MEDIUM,MEDIUM,MEDIUM Trend + MEDIUM Leadership + MEDIUM Participation,Mixed Terrain
2025-05-02,1881.0787017543864,0.0442062926979052,0.2230975968684548,-0.4963108340430193,0.0135089528604366,-0.0034570496439495,0.0713266182488829,0.0928852077278612,MEDIUM,MEDIUM,LOW,MEDIUM Trend + MEDIUM Leadership + LOW Participation,Mixed Terrain
2025-05-05,1906.4901052631576,0.0720625554397141,0.3552637000476167,0.9927873174188596,-0.0152689332585966,0.0188489114413394,0.0597257736491168,0.0745871612729951,MEDIUM,HIGH,HIGH,MEDIUM Trend + HIGH Leadership + HIGH Participation,Fog
2025-05-06,1877.3800350877195,0.0347802854176697,0.1540111989692637,-0.1770701660915364,0.0078702624977686,0.0407354175605418,0.064243523696732,0.0910129572994213,MEDIUM,MEDIUM,MEDIUM,MEDIUM Trend + MEDIUM Leadership + MEDIUM Participation,Mixed Terrain
2025-05-07,1892.15550877193,0.0475780507502002,0.2973005041893531,0.6704278156337328,-0.0083523234023715,0.0432432095637254,0.0650009998807263,0.0907783547171685,MEDIUM,MEDIUM,HIGH,MEDIUM Trend + MEDIUM Leadership + HIGH Participation,Mixed Terrain
2025-05-08,1876.351614035088,0.0334548742391945,0.1922626053503962,-1.1712398783836766,-0.0009464615925709,0.0651284993698388,0.0730046463254996,0.1055792177401333,MEDIUM,MEDIUM,LOW,MEDIUM Trend + MEDIUM Leadership + LOW Participation,Mixed Terrain
2025-05-09,1874.5757192982453,0.0370998189135309,0.2057200419015537,0.03911025684431,0.0361946697721056,0.0750430955997565,0.0739471002261697,0.1064749173015469,MEDIUM,MEDIUM,MEDIUM,MEDIUM Trend + MEDIUM Leadership + MEDIUM Participation,Mixed Terrain
2025-05-12,1942.4253684210528,0.1015011763733664,0.4495737134331453,4.7109234045677,0.0058846669229208,0.0401206319688265,0.0438415724179732,0.0763622585627965,HIGH,HIGH,HIGH,HIGH Trend + HIGH Leadership + HIGH Participation,Fog
2025-05-13,1953.8558947368424,0.1084789582871186,0.4637264024649075,0.409828291178215,0.010298861488339,0.0225879755214757,0.040821987392523,0.0706918524788891,HIGH,HIGH,HIGH,HIGH Trend + HIGH Leadership + HIGH Participation,Fog
2025-05-14,1973.978385964912,0.1180112017297352,0.4381064753291408,0.9560990165935028,0.012450588698033,0.020855913671463,0.0336597652716086,0.0563446658217885,HIGH,HIGH,HIGH,HIGH Trend + HIGH Leadership + HIGH Participation,Fog
2025-05-15,1998.5555789473683,0.1207267761505181,0.4185802501738547,-4.08884189104151,0.0083530853177224,0.0073945509488484,0.0279257121028848,0.0326940742791599,HIGH,HIGH,LOW,HIGH Trend + HIGH Leadership + LOW Participation,Fog
2025-05-16,2015.249684210526,0.1284334691351957,0.4322876663536985,0.4110431166460508,0.0025341860037857,-0.0010194897098292,0.0201232650358453,0.0229429835058434,HIGH,HIGH,HIGH,HIGH Trend + HIGH Leadership + HIGH Participation,Fog
2025-05-19,2020.356701754386,0.1262545909389204,0.4227018695869419,-0.4529327310985642,-0.0110708954885611,0.0035774124027359,0.0140238050195795,0.0262514976234886,HIGH,HIGH,LOW,HIGH Trend + HIGH Leadership + LOW Participation,Fog
2025-05-20,1997.989543859649,0.1058205129231819,0.3007080822783118,-1.1083793303751714,0.0085876149677619,0.0178312402527018,0.0251534850874202,0.037586017583103,HIGH,MEDIUM,LOW,HIGH Trend + MEDIUM Leadership + LOW Participation,Fog
2025-05-21,2015.14750877193,0.1125192529832854,0.3890463878560705,0.5536544695598702,-0.0008999384730079,0.012542271077313,0.0242040663241902,0.0264587729468015,HIGH,HIGH,HIGH,HIGH Trend + HIGH Leadership + HIGH Participation,Fog
2025-05-22,2013.334,0.1053586672392935,0.3501778758770649,-0.289971992465439,-6.896128772626575e-05,0.0203804568276633,0.0303582761977641,0.0139052239419095,HIGH,MEDIUM,LOW,HIGH Trend + MEDIUM Leadership + LOW Participation,Fog
2025-05-23,2013.195157894737,0.103849640134827,0.3683922037417455,0.4948759705335354,0.0071474406870235,0.0211643315639193,0.0302880999152816,0.0221582407991347,HIGH,HIGH,HIGH,HIGH Trend + HIGH Leadership + HIGH Participation,Fog
2025-05-26,2027.5843508771927,0.115956110244403,0.4188718707499664,-0.276253660372265,0.0029748821837152,0.0104091547774407,0.0311548102740264,0.0181534628036121,HIGH,HIGH,LOW,HIGH Trend + HIGH Leadership + LOW Participation,Fog
2025-05-27,2033.6161754385969,0.1148240932786659,0.4081945064890157,0.034146403112602,0.0033466785577938,0.0071939674723486,0.0286983417416037,0.0197315390650361,HIGH,HIGH,MEDIUM,HIGH Trend + HIGH Leadership + MEDIUM Participation,Fog
2025-05-28,2040.42203508772,0.1142712732468079,0.3948304305882862,-0.2219693500889912,0.0068341898583483,0.0115173416261125,0.0219461967199807,0.0251219417513668,HIGH,HIGH,MEDIUM,HIGH Trend + HIGH Leadership + MEDIUM Participation,Fog
2025-05-29,2054.366666666667,0.120550084847126,0.4199074065423272,-0.3122894763191279,0.0006992038353903,0.0097785284923248,0.004638819829227,0.0245924792865457,HIGH,HIGH,LOW,HIGH Trend + HIGH Leadership + LOW Participation,Fog
2025-05-30,2055.803087719298,0.116180433685968,0.4029532186312435,-0.0227706623037076,-0.0034601064430734,0.0089346719909313,0.0027640958368879,0.0331837836394128,HIGH,HIGH,MEDIUM,HIGH Trend + HIGH Leadership + MEDIUM Participation,Fog
2025-06-02,2048.6897902097903,0.1071493947648154,0.395017721090294,0.0807627252024549,-0.0002166487849781,0.0205319354030943,0.0120585853540913,0.0483507385105483,HIGH,HIGH,MEDIUM,HIGH Trend + HIGH Leadership + MEDIUM Participation,Fog
2025-06-03,2048.245944055944,0.1067164673774433,0.3846037743267111,-0.3078777939293518,0.0076535382466258,0.0213507774706223,0.0121274840075509,0.0404340340056272,HIGH,HIGH,LOW,HIGH Trend + HIGH Leadership + LOW Participation,Fog
2025-06-04,2063.9222727272727,0.108827699965405,0.4014232808142964,0.3852161191558916,0.0051034271310799,0.0103101100343994,0.0022014232287743,0.031339651776729,HIGH,HIGH,HIGH,HIGH Trend + HIGH Leadership + HIGH Participation,Fog
2025-06-05,2074.455349650349,0.1146503111610243,0.4110365773038796,-0.0086405597853797,-0.0001370652129886,-0.0050899365732917,-0.015968282718677,0.0279805691167083,HIGH,HIGH,MEDIUM,HIGH Trend + HIGH Leadership + MEDIUM Participation,Fog
2025-06-06,2074.171013986014,0.1184818549086822,0.4447442555237252,0.2375317293771069,0.0079946844042892,-0.0061159323049796,-0.0078908599612238,0.0252861677434259,HIGH,HIGH,MEDIUM,HIGH Trend + HIGH Leadership + MEDIUM Participation,Fog
2025-06-09,2090.7533566433567,0.1219077508120729,0.439766810659392,0.4981345043102064,0.0005855452845935,-0.0083028759366124,-0.0126085310768799,0.015857539688699,HIGH,HIGH,HIGH,HIGH Trend + HIGH Leadership + HIGH Participation,Fog
2025-06-10,2091.977587412587,0.1177083959794181,0.4187023141138201,-0.0444001241664285,-0.0032390638369265,-0.0090304855751054,-0.0087166492962229,0.0131649640826316,HIGH,HIGH,MEDIUM,HIGH Trend + HIGH Leadership + MEDIUM Participation,Fog
2025-06-11,2085.2015384615383,0.1099370252477497,0.3503915776885953,-0.2084622067456727,-0.0102172545780654,-0.0080259384965958,0.0031075462109244,0.024013251277402,HIGH,MEDIUM,MEDIUM,HIGH Trend + MEDIUM Leadership + MEDIUM Participation,Fog
2025-06-12,2063.896503496503,0.0902871494962961,0.1909589121649765,-1.0225147152145977,-0.0011681685670256,-0.0109339995093804,0.0198615254193645,0.030970568009518,HIGH,MEDIUM,LOW,HIGH Trend + MEDIUM Leadership + LOW Participation,Fog
2025-06-13,2061.4855244755245,0.0804713587714781,0.1072865334749779,-0.2966264096026588,0.0057766917556192,-0.0017858497926831,0.0303358366427521,0.0216917159593839,MEDIUM,LOW,LOW,MEDIUM Trend + LOW Leadership + LOW Participation,Mixed Terrain
2025-06-16,2073.3940909090907,0.0850026050577296,0.2242949498351958,0.4401413477539935,-0.0001485858016223,-0.0043417037680066,0.0358597354754512,0.0175462968748141,HIGH,MEDIUM,HIGH,HIGH Trend + MEDIUM Leadership + HIGH Participation,Fog
2025-06-17,2073.0860139860138,0.0810636961202069,0.141213878064905,-0.0545991038276001,-0.00222864598671,0.0003166961993423,0.02796737609179,0.0259741895446043,MEDIUM,MEDIUM,MEDIUM,MEDIUM Trend + MEDIUM Leadership + MEDIUM Participation,Mixed Terrain
2025-06-18,2068.465839160839,0.0738580108300278,0.0688843680794747,-0.0617248706507837,-0.0131188915510384,0.0112235643446632,0.0290742238761552,0.0298486255171117,MEDIUM,LOW,MEDIUM,MEDIUM Trend + LOW Leadership + MEDIUM Participation,Mixed Terrain
2025-06-19,2041.3298601398603,0.0483512804587731,0.0094510261384939,-0.7674769623449489,0.008070308067718,0.031135965560912,0.0446620277208209,0.0464022641366004,MEDIUM,LOW,LOW,MEDIUM Trend + LOW Leadership + LOW Participation,Mixed Terrain
2025-06-20,2057.8040209790206,0.0594190282425285,0.1295097207222635,0.931362548784052,0.0032014744484136,0.0321791535701674,0.0334409052045958,0.0319154473875396,MEDIUM,LOW,HIGH,MEDIUM Trend + LOW Leadership + HIGH Participation,City
2025-06-23,2064.392027972028,0.060832383909035,0.1498732888879909,0.1446274939699655,0.0045294325635962,0.0403767431011199,0.0288295692858528,0.0310844409193977,MEDIUM,MEDIUM,MEDIUM,MEDIUM Trend + MEDIUM Leadership + MEDIUM Participation,Mixed Terrain
2025-06-24,2073.742552447553,0.0669923294744525,0.2560003590369686,0.8173466895732382,0.0086504692362479,0.0276419257996043,0.0220740249125734,0.0249883271255193,MEDIUM,MEDIUM,HIGH,MEDIUM Trend + MEDIUM Leadership + HIGH Participation,Mixed Terrain
2025-06-25,2091.6813986013985,0.081511679694411,0.3129098430766436,0.0315442821010324,0.0063141727851425,0.0176525351671965,0.0208409408796148,0.0173576088279932,MEDIUM,MEDIUM,MEDIUM,MEDIUM Trend + MEDIUM Leadership + MEDIUM Participation,Mixed Terrain
2025-06-26,2104.8886363636366,0.0848691740518817,0.3135778285271274,0.2332592210737989,0.0090901608252449,0.0131176320210602,0.0108926970115725,0.0091396078441252,HIGH,MEDIUM,MEDIUM,HIGH Trend + MEDIUM Leadership + MEDIUM Participation,Fog
2025-06-27,2124.0224125874124,0.0943345815720425,0.3139244430468003,-0.2265784061329114,0.0111689226146833,0.0012224153433677,-0.0083896147022647,-0.0164923826404062,HIGH,MEDIUM,MEDIUM,HIGH Trend + MEDIUM Leadership + MEDIUM Participation,Fog
2025-06-30,2147.7454545454543,0.1035981741833393,0.3371845669787398,-0.4010819036415617,-0.0077665927777248,-0.0110990310883417,-0.0176794579164054,-0.0352510978155152,HIGH,MEDIUM,LOW,HIGH Trend + MEDIUM Leadership + LOW Participation,Fog
2025-07-01,2131.0647902097903,0.0940810079920699,0.2902266570714343,-0.2209485947659572,-0.0011543112965456,-0.0054181332497682,-0.0019389589529226,-0.0145311741273127,HIGH,MEDIUM,MEDIUM,HIGH Trend + MEDIUM Leadership + MEDIUM Participation,Fog
2025-07-02,2128.6048780487804,0.0882200559126419,0.2571211281795877,-0.2883945308181431,0.0018297960942172,0.0031330985795605,0.000752522629553,-0.0076516517905794,HIGH,MEDIUM,LOW,HIGH Trend + MEDIUM Leadership + LOW Participation,Fog
2025-07-03,2132.499790940766,0.0903524222003998,0.2806855479986667,-0.1099027992718999,-0.0027577685078953,-0.0021961270233241,0.0016658367678745,-0.0186401278384218,HIGH,MEDIUM,MEDIUM,HIGH Trend + MEDIUM Leadership + MEDIUM Participation,Fog
2025-07-04,2126.6188501742163,0.0892430847198115,0.2563752265401337,0.1374675704899363,-0.0012749295429148,-0.0096002944983368,-0.0014760958361274,-0.0276367545716795,HIGH,MEDIUM,MEDIUM,HIGH Trend + MEDIUM Leadership + MEDIUM Participation,Fog
2025-07-07,2123.9075609756096,0.0830876508087754,0.2290601596606021,-0.0111619873135879,-0.0020665512208305,-0.0066542829210752,0.0021916862625848,-0.0175403041409243,MEDIUM,MEDIUM,MEDIUM,MEDIUM Trend + MEDIUM Leadership + MEDIUM Participation,Mixed Terrain
2025-07-08,2119.518397212544,0.0776794210297331,0.1749488210031203,-0.1119559754304029,0.0074335800891454,0.0034981276184069,0.002851361194895,-0.014181006494927,MEDIUM,MEDIUM,MEDIUM,MEDIUM Trend + MEDIUM Leadership + MEDIUM Participation,Mixed Terrain
2025-07-09,2135.2740069686406,0.0863248252889617,0.2086672530812064,0.1038655474601354,-0.0034925056089544,-0.0023731406663566,-0.0034122182135645,-0.0334585034423798,HIGH,MEDIUM,MEDIUM,HIGH Trend + MEDIUM Leadership + MEDIUM Participation,Fog
2025-07-10,2127.816550522648,0.0828699065217407,0.2243508060025119,-0.0358972765732987,-0.0101577683426279,0.0038704638213895,-0.0017341990625018,-0.0297787969282736,MEDIUM,MEDIUM,MEDIUM,MEDIUM Trend + MEDIUM Leadership + MEDIUM Participation,Mixed Terrain
2025-07-11,2106.2026829268293,0.061852398692419,0.1104321354419322,-0.2661557409191426,0.0016958464011043,0.0082029493921287,-0.0081713221828637,-0.0328317054858804,MEDIUM,LOW,MEDIUM,MEDIUM Trend + LOW Leadership + MEDIUM Participation,Mixed Terrain
2025-07-14,2109.774479166667,0.0603171100083393,0.2011044417908903,-0.0192238107152419,0.0081327478639638,0.0089052270841545,-0.017887888063339,-0.0268711127075433,MEDIUM,MEDIUM,MEDIUM,MEDIUM Trend + MEDIUM Leadership + MEDIUM Participation,Mixed Terrain
2025-07-15,2126.932743055555,0.0739647303532267,0.3188482655723544,0.6560136787725245,0.0015392862534198,-0.000644511838848,-0.012616678395922,-0.0372539207667531,MEDIUM,MEDIUM,HIGH,MEDIUM Trend + MEDIUM Leadership + HIGH Participation,Mixed Terrain
2025-07-16,2130.206701388889,0.0792611491299138,0.3092518664472999,0.2610917911707747,0.0027440933817828,-0.0010415492901845,-0.0083978548443224,-0.0294545497404791,MEDIUM,MEDIUM,MEDIUM,MEDIUM Trend + MEDIUM Leadership + MEDIUM Participation,Mixed Terrain
2025-07-17,2136.0521875,0.0816416796416185,0.2921194343234886,-0.1165565895979262,-0.0058858255566641,-0.0055830538758521,-0.0202721944394336,-0.033845806472501,MEDIUM,MEDIUM,MEDIUM,MEDIUM Trend + MEDIUM Leadership + MEDIUM Participation,Mixed Terrain
2025-07-18,2123.479756944444,0.0656644235653794,0.1849345634062676,-0.7787341771922069,0.0023935914806505,-0.0162410470876573,-0.026199331459629,-0.0161528296463678,MEDIUM,MEDIUM,LOW,MEDIUM Trend + MEDIUM Leadership + LOW Participation,Mixed Terrain
2025-07-21,2128.5625,0.0611362665186438,0.2381364969602567,-0.0131301811090178,-0.0014096791979459,-0.0265566223944825,-0.0196888386463217,-0.0107732639957456,MEDIUM,MEDIUM,MEDIUM,MEDIUM Trend + MEDIUM Leadership + MEDIUM Participation,Mixed Terrain
2025-07-22,2125.561909722222,0.049320151835569,0.1452561073357504,-0.2325449861754897,0.0011413811932705,-0.0119798877365483,-0.0169839403413961,-0.0071364185028987,MEDIUM,MEDIUM,MEDIUM,MEDIUM Trend + MEDIUM Leadership + MEDIUM Participation,Mixed Terrain
2025-07-23,2127.9879861111112,0.0481238433818079,0.1549848863896994,0.2081760629027465,-0.0018146216429597,-0.0073639754975903,-0.0301491607442304,-0.006549192062656,MEDIUM,MEDIUM,MEDIUM,MEDIUM Trend + MEDIUM Leadership + MEDIUM Participation,Mixed Terrain
2025-07-24,2124.126493055556,0.0413698041204445,0.0918990540991996,-0.2790221202617803,-0.016540573712629,-0.0147716112651078,-0.0280933172702445,-0.0095302623177649,MEDIUM,LOW,LOW,MEDIUM Trend + LOW Leadership + LOW Participation,Mixed Terrain
2025-07-25,2088.992222222222,0.0009207212878673,0.0039465581234288,-0.314019757222289,-0.0081173843527954,-0.0101226874149311,-0.0248635513920513,0.0066557279577406,LOW,LOW,LOW,LOW Trend + LOW Leadership + LOW Participation,Mixed Terrain
2025-07-28,2072.035069444444,-0.017748638641411,0.0099499943910549,-0.4260912763022458,0.0135436159532504,0.0070551445581295,-0.0091468423360445,-0.0031654806749847,LOW,LOW,LOW,LOW Trend + LOW Leadership + LOW Participation,Mixed Terrain
2025-07-29,2100.0979166666666,0.00423918671955,0.1163875344428173,0.6752623776566791,0.0058185944372304,-0.0050647274713711,-0.0249520544167244,-0.0259584750379672,LOW,LOW,HIGH,LOW Trend + LOW Leadership + HIGH Participation,Mixed Terrain
2025-07-30,2112.3175347222223,0.0129067019451512,0.1630340126982586,0.19619712224396,-0.0092636699636038,-0.0229542195570243,-0.0212350235414736,-0.0339009945849978,MEDIUM,MEDIUM,MEDIUM,MEDIUM Trend + MEDIUM Leadership + MEDIUM Participation,Mixed Terrain
2025-07-31,2092.7497222222223,-0.0046592885281027,0.0284476098142475,-0.174434699383649,-0.0118999969338587,-0.0135214394524733,-0.0138544725953766,-0.0121652689021308,LOW,LOW,MEDIUM,LOW Trend + LOW Leadership + MEDIUM Participation,Mixed Terrain
2025-08-01,2067.846006944444,-0.0216256385243772,0.0064887678203031,-0.8578789935955318,0.0090952466389098,-0.0148916070604995,0.0103167949435893,0.0037659287621023,LOW,LOW,LOW,LOW Trend + LOW Leadership + LOW Participation,Mixed Terrain
2025-08-04,2086.6535763888887,-0.0121356707111678,0.0814736853121633,0.502196239767033,0.0013456554065511,-0.0160884803396571,0.0090946375008778,0.00110830258005,LOW,LOW,HIGH,LOW Trend + LOW Leadership + HIGH Participation,Mixed Terrain
2025-08-05,2089.461493055556,-0.009547318220077,0.0858241414610881,0.0532358466369605,-0.0122665858570183,-0.0199885635723916,0.0100176611986557,-0.0045921078738925,LOW,LOW,MEDIUM,LOW Trend + LOW Leadership + MEDIUM Participation,Mixed Terrain
2025-08-06,2063.830934256056,-0.0288514694326198,0.0091128625717023,-0.0896963066253939,0.0003012840333174,0.0017595859374892,0.0243336064952877,0.0044755925875092,LOW,LOW,MEDIUM,LOW Trend + LOW Leadership + MEDIUM Participation,Mixed Terrain
2025-08-07,2064.452733564014,-0.0261659394458201,0.0304213010259065,-0.4791466132155654,-0.0132724166415312,-0.0003375979531865,0.0190996268287222,0.0061400070839165,LOW,LOW,LOW,LOW Trend + LOW Leadership + LOW Participation,Mixed Terrain
2025-08-08,2037.0524567474044,-0.0452366204448629,-0.029368738573121,-0.2634056998612772,0.0078692301462239,0.0255894703412977,0.0323229424915734,0.0238783208005908,LOW,LOW,MEDIUM,LOW Trend + LOW Leadership + MEDIUM Participation,Mixed Terrain
2025-08-11,2053.0824913494807,-0.0296944695849905,0.0522422384240641,0.6920390587158727,-0.0026235342236005,0.0255949009004676,0.0060365772817048,0.0251858070955379,LOW,LOW,HIGH,LOW Trend + LOW Leadership + HIGH Participation,Mixed Terrain
2025-08-12,2047.6961591695504,-0.0374820362504669,0.0361510475150747,-0.1418471671331707,0.0096529276998762,0.0306182393956828,-0.0010321755210106,0.0253465601605262,LOW,LOW,MEDIUM,LOW Trend + LOW Leadership + MEDIUM Participation,Mixed Terrain
2025-08-13,2067.462422145328,-0.0255855836338751,0.1356842734258381,0.6082475104530022,-0.0017928469020344,0.0225343693982951,-0.0129407685687258,0.0192559630057107,LOW,MEDIUM,HIGH,LOW Trend + MEDIUM Leadership + HIGH Participation,Mixed Terrain
2025-08-14,2063.7557785467125,-0.0287975488483753,0.0705519319516014,-0.5857325567270475,0.0123191764697083,0.0194437889652656,0.0017129355113454,0.0250722919691137,LOW,LOW,LOW,LOW Trend + LOW Leadership + LOW Participation,Mixed Terrain
2025-08-18,2089.17955017301,-0.0118011780223401,0.2223760145325992,0.6720833795003629,0.0078745668756348,0.0065654653689404,-0.0064839723681449,0.0199997136573812,LOW,MEDIUM,HIGH,LOW Trend + MEDIUM Leadership + HIGH Participation,Mixed Terrain
2025-08-19,2105.630934256056,0.0025917542896427,0.2931485948216584,0.2326389779454774,0.0022615910732952,-0.0190702231471613,-0.007914356715448,0.0160748940926058,LOW,MEDIUM,MEDIUM,LOW Trend + MEDIUM Leadership + MEDIUM Participation,Mixed Terrain
2025-08-20,2110.393010380624,0.0058480892992676,0.2662834580663318,0.1751599370713858,0.001733503515424,-0.0307101249588326,-0.0144648649561334,0.0113623141586971,LOW,MEDIUM,MEDIUM,LOW Trend + MEDIUM Leadership + MEDIUM Participation,Mixed Terrain
2025-08-21,2114.051384083045,0.0074696044677373,0.2392561562384182,-0.5122432262918103,-0.0048098990303554,-0.0346933453081836,-0.0193862758986514,0.0085245796567645,MEDIUM,MEDIUM,LOW,MEDIUM Trend + MEDIUM Leadership + LOW Participation,Mixed Terrain
2025-08-22,2103.883010380622,-0.0036658280139753,0.1949232222824156,-0.5809121975582454,-0.0004691440619952,-0.0173926739716734,-0.0127167348546028,0.0078142925418642,LOW,MEDIUM,LOW,LOW Trend + MEDIUM Leadership + LOW Participation,Mixed Terrain
2025-08-25,2102.8959861591693,0.0025259211125189,0.2308013226291784,-0.0181893199535556,-0.0177944624609264,-0.0129643209369419,-0.0081802131323373,0.0038523997500281,LOW,MEDIUM,MEDIUM,LOW Trend + MEDIUM Leadership + MEDIUM Participation,Mixed Terrain
2025-08-26,2065.476082474227,-0.0221026238269333,0.0282915961709506,-0.3494177509547717,-0.0096314381577388,0.0113727472597529,0.0190343276241249,0.0180405392837381,LOW,LOW,LOW,LOW Trend + LOW Leadership + LOW Participation,Mixed Terrain
2025-08-28,2045.582577319588,-0.0396892957535364,-0.004871818160861,-0.2427071941786124,-0.0023830413681794,0.0167599604834509,0.0264059912993641,0.0228688411856154,LOW,LOW,MEDIUM,LOW Trend + LOW Leadership + MEDIUM Participation,Mixed Terrain
2025-08-29,2040.707869415808,-0.0429778936119673,0.0029550283017236,-0.1782992685104694,0.0130263572210025,0.0158572090383228,0.0326188444919868,0.0070429203369712,LOW,LOW,MEDIUM,LOW Trend + LOW Leadership + MEDIUM Participation,Mixed Terrain
2025-09-01,2067.2908591065293,-0.0225996919872274,0.2379559362370435,1.4470889794043025,0.0040354788753194,0.0047587057344367,0.0233194118091766,-0.01014795280162,LOW,MEDIUM,HIGH,LOW Trend + MEDIUM Leadership + HIGH Participation,Mixed Terrain
2025-09-02,2075.6333676975946,-0.013143371212394,0.238939102153229,0.4355461969741752,0.0064235102601313,0.0048469451571862,0.0266565262048692,-0.0185643175776295,LOW,MEDIUM,HIGH,LOW Trend + MEDIUM Leadership + HIGH Participation,Mixed Terrain
2025-09-03,2088.966219931271,-0.0038236510879066,0.3108865708664252,0.6928296571001579,-0.004356106558042,0.0075754269483041,0.0241806248991078,-0.0150375655704223,LOW,MEDIUM,HIGH,LOW Trend + MEDIUM Leadership + HIGH Participation,Mixed Terrain
2025-09-04,2079.8664604811,-0.0126432627558941,0.2244007096499051,-1.3105652793290057,-0.0032687963015868,0.0094870285916122,0.0262062489671472,-0.0019156203195762,LOW,MEDIUM,LOW,LOW Trend + MEDIUM Leadership + LOW Participation,Mixed Terrain
2025-09-05,2073.067800687285,-0.0128791522108686,0.1995226844484615,-0.1465044142156267,0.0019587817069355,0.0164999916371431,0.0284626401501713,0.004587721739574,LOW,MEDIUM,MEDIUM,LOW Trend + MEDIUM Leadership + MEDIUM Participation,Mixed Terrain
2025-09-08,2077.128487972508,-0.0091791746577828,0.2122472213373588,-0.3504475710346401,0.004123654783197,0.018472799458028,0.0207954779760632,0.0034449915597991,LOW,MEDIUM,LOW,LOW Trend + MEDIUM Leadership + LOW Participation,Mixed Terrain
2025-09-09,2085.6938487972507,0.0014479436868158,0.2090492592157107,0.2413439036683318,0.0091562729312346,0.021704381102807,0.0121318540340542,-0.0062600366960169,LOW,MEDIUM,MEDIUM,LOW Trend + MEDIUM Leadership + MEDIUM Participation,Mixed Terrain
2025-09-10,2104.7910309278354,0.0167225497727217,0.3022811424680547,0.5135447478550529,-0.0024671417699487,0.0164803522462797,-0.000975225577242,-0.0146655482828962,MEDIUM,MEDIUM,HIGH,MEDIUM Trend + MEDIUM Leadership + HIGH Participation,Mixed Terrain
2025-09-11,2099.59821305842,0.0142500845353009,0.293685446935,-0.0505821956988946,0.0036555513124847,0.0165620953038503,-0.0034461510783573,-0.0067896522948441,MEDIUM,MEDIUM,MEDIUM,MEDIUM Trend + MEDIUM Leadership + MEDIUM Participation,Mixed Terrain
2025-09-12,2107.273402061856,0.0222228503919047,0.2754434403596547,0.104944124742566,0.0039033681673565,0.0117684688750085,-0.0247680199634531,-0.0148891053638479,MEDIUM,MEDIUM,MEDIUM,MEDIUM Trend + MEDIUM Leadership + MEDIUM Participation,Mixed Terrain
2025-09-15,2115.498865979381,0.0281605499396329,0.3297073974650978,-0.1696331242059681,0.0073097070504863,0.0022805503684255,-0.0327047100099745,-0.0237563403312482,MEDIUM,MEDIUM,MEDIUM,MEDIUM Trend + MEDIUM Leadership + MEDIUM Participation,Mixed Terrain
2025-09-16,2130.9625429553266,0.0457887780816041,0.340748749836481,0.400216647618802,0.0039964032193635,-0.0093691749255496,-0.0440467114641173,-0.0288317501840335,MEDIUM,MEDIUM,HIGH,MEDIUM Trend + MEDIUM Leadership + HIGH Participation,Mixed Terrain
2025-09-17,2139.4787285223365,0.0507904362207837,0.3395296366401403,0.2265883672902642,-0.0023869224271169,-0.0171725678562773,-0.0382922597011573,-0.0289354577325962,MEDIUM,MEDIUM,MEDIUM,MEDIUM Trend + MEDIUM Leadership + MEDIUM Participation,Mixed Terrain
2025-09-18,2134.371958762887,0.050582418258263,0.3227915904900087,-0.0557795186170736,-0.0010772139543405,-0.0196822668036104,-0.0274037205630227,-0.0265055349865467,MEDIUM,MEDIUM,MEDIUM,MEDIUM Trend + MEDIUM Leadership + MEDIUM Participation,Mixed Terrain
2025-09-19,2132.0727835051543,0.0507120440007238,0.3066878024974544,-0.1135625030906439,-0.0055107948933356,-0.0361115116377236,-0.0232141815157341,-0.0228631033759402,MEDIUM,MEDIUM,MEDIUM,MEDIUM Trend + MEDIUM Leadership + MEDIUM Participation,Mixed Terrain
2025-09-22,2120.323367697594,0.0372926336817962,0.2567751923255466,-0.3342674716982272,-0.0043984732277593,-0.0349056562711308,-0.0169970251540152,-0.0136560773427808,MEDIUM,MEDIUM,LOW,MEDIUM Trend + MEDIUM Leadership + LOW Participation,Mixed Terrain
2025-09-23,2110.997182130584,0.0288960003224395,0.2131245968971006,-0.1978621932741125,-0.0039122729867994,-0.0350055092783544,-0.0181714375026995,-0.0163796615700931,MEDIUM,MEDIUM,MEDIUM,MEDIUM Trend + MEDIUM Leadership + MEDIUM Participation,Mixed Terrain
2025-09-24,2102.738384879725,0.0264298781287578,0.1867604596711868,-0.2866940678584752,-0.0049343772587034,-0.0214887081436201,-0.0137036868916133,-0.0150841294990096,MEDIUM,MEDIUM,LOW,MEDIUM Trend + MEDIUM Leadership + LOW Participation,Mixed Terrain
2025-09-25,2092.3626804123714,0.0174980628800464,0.1016865305664996,-0.1508643068235025,-0.0178182627659415,-0.0078764807551079,-0.0033550632713975,-0.0072861282262252,MEDIUM,LOW,MEDIUM,MEDIUM Trend + LOW Leadership + MEDIUM Participation,Mixed Terrain
2025-09-26,2055.080412371134,-0.0161912582094916,0.0270904615224262,-0.3667168049679595,-0.0042666570501354,0.0133805209603685,0.0101298099342834,0.0094112995982766,LOW,LOW,LOW,LOW Trend + LOW Leadership + LOW Participation,Mixed Terrain
2025-09-29,2046.3120890410955,-0.0208572309843931,0.06407582010261,0.0566068539112488,-0.0045014826455335,0.0185563527892218,0.0092509182783455,0.0184315767954077,LOW,LOW,MEDIUM,LOW Trend + LOW Leadership + MEDIUM Participation,Mixed Terrain
2025-09-30,2037.100650684932,-0.0248200108012165,0.0593522369013709,0.1122865075371669,0.0100400550816419,0.0174447335580807,0.015916009142441,0.0229565852443633,LOW,LOW,MEDIUM,LOW Trend + LOW Leadership + MEDIUM Participation,Mixed Terrain
2025-10-01,2057.553253424657,-0.0073883717575668,0.1887087096296558,0.9996237687269494,0.0089081400795982,0.0079559850936798,0.0097293611941331,0.0074227545030083,LOW,MEDIUM,HIGH,LOW Trend + MEDIUM Leadership + HIGH Participation,Mixed Terrain
2025-10-03,2075.8822260273973,0.0091683449940531,0.2720814691654923,0.5867226610065772,0.0032257287011538,0.0045573130724203,0.0009234927127172,0.0040201054729376,MEDIUM,MEDIUM,HIGH,MEDIUM Trend + MEDIUM Leadership + HIGH Participation,Mixed Terrain
2025-10-06,2082.578458904109,0.0149895874842934,0.2348294097069002,0.139900882950223,0.0008190419769251,-0.0032077891363102,0.0003594218232394,-0.0005847955584653,MEDIUM,MEDIUM,MEDIUM,MEDIUM Trend + MEDIUM Leadership + MEDIUM Participation,Mixed Terrain
2025-10-07,2084.284178082192,0.0235675914048811,0.1888707584644661,-0.6695582138571529,-0.0055879373060276,-0.009135905426729,0.0033987158703745,-0.0113890623642377,MEDIUM,MEDIUM,LOW,MEDIUM Trend + MEDIUM Leadership + LOW Participation,Mixed Terrain
2025-10-08,2072.637328767123,0.0095587386667606,0.0676646013446622,-0.7006183441656545,0.0006203630772192,-0.0015025134685139,0.0018249376734864,-0.0078027697337625,MEDIUM,LOW,LOW,MEDIUM Trend + LOW Leadership + LOW Participation,Mixed Terrain
2025-10-09,2073.9231164383564,0.0129739581355594,0.1687027854364017,0.1368209234586764,0.0055062575386748,0.0017593785112437,-0.0013996225972352,-0.0023155645650363,MEDIUM,MEDIUM,MEDIUM,MEDIUM Trend + MEDIUM Leadership + MEDIUM Participation,Mixed Terrain
2025-10-10,2085.342671232877,0.0208928476894668,0.2417508214192018,0.3913252125750494,-0.0045290805271683,-0.0036173350314766,-0.0039442983252701,-0.0048192835701258,MEDIUM,MEDIUM,HIGH,MEDIUM Trend + MEDIUM Leadership + HIGH Participation,Mixed Terrain
2025-10-13,2075.8979863481227,0.0143641617941548,0.1559471580575672,0.0342182876809852,-0.0051330226578535,0.0035786906445214,-0.0007113049520374,0.0007936657862128,MEDIUM,MEDIUM,MEDIUM,MEDIUM Trend + MEDIUM Leadership + MEDIUM Participation,Mixed Terrain
2025-10-14,2065.2423549488053,0.0024346954874893,0.0643930760403118,-0.363175181724424,0.0020727873928416,0.0126501922571953,0.0090965074698403,-0.0004092345414582,LOW,LOW,LOW,LOW Trend + LOW Leadership + LOW Participation,Mixed Terrain
2025-10-15,2069.523163265306,0.0077658747070273,0.2201561173940946,0.3972690346283032,0.0038891900709072,0.0033324582053371,0.0069302738007497,0.0025626204554731,MEDIUM,MEDIUM,HIGH,MEDIUM Trend + MEDIUM Leadership + HIGH Participation,Mixed Terrain
2025-10-16,2077.5719322033897,0.0159546092881717,0.2402053305952151,0.446701701388725,0.0001094334827493,-0.0031534529910502,-0.002284381122083,0.0054114843183152,MEDIUM,MEDIUM,HIGH,MEDIUM Trend + MEDIUM Leadership + HIGH Participation,Mixed Terrain
2025-10-17,2077.799288135593,0.0130924111580289,0.172036601399422,0.0038251621726007,0.0026603603855377,-0.0003281503234541,0.0030937556993768,-0.0006115292002434,MEDIUM,MEDIUM,MEDIUM,MEDIUM Trend + MEDIUM Leadership + MEDIUM Participation,Mixed Terrain
2025-10-20,2083.3269830508475,0.0191105058671953,0.233760327880629,-0.3739261750123285,0.0038597324429541,-0.004274697775621,-0.0009438781313059,-0.0011148542525327,MEDIUM,MEDIUM,LOW,MEDIUM Trend + MEDIUM Leadership + LOW Participation,Mixed Terrain
2025-10-21,2091.3680677966104,0.0297821401672339,0.3184466458180001,0.3227571661365359,-0.007147620409302,-0.003509291574254,-0.0147376890170574,-0.0015024337031189,MEDIUM,MEDIUM,HIGH,MEDIUM Trend + MEDIUM Leadership + HIGH Participation,Mixed Terrain
2025-10-23,2076.4197627118647,0.0250908924244082,0.2189456852266975,0.0632147674406699,-0.0026003200456694,0.0035858658473464,-0.0096101694469767,-0.0071204690124289,MEDIUM,MEDIUM,MEDIUM,MEDIUM Trend + MEDIUM Leadership + MEDIUM Participation,Mixed Terrain
2025-10-24,2071.020406779661,0.0202179511659878,0.1987268123323315,-0.2373221119844858,0.0029439839547205,0.0008718211158726,-0.0009172257376703,-0.0094694464701899,MEDIUM,MEDIUM,MEDIUM,MEDIUM Trend + MEDIUM Leadership + MEDIUM Participation,Mixed Terrain
2025-10-27,2077.1174576271187,0.0248578599733117,0.2686492937158801,-0.273846149243914,-0.0012979852375271,0.003423029291,-0.0008784501141698,-0.0117923311769281,MEDIUM,MEDIUM,LOW,MEDIUM Trend + MEDIUM Leadership + LOW Participation,Mixed Terrain
2025-10-28,2074.421389830509,0.023632287044879,0.2569834412983548,0.0216852822623627,0.0046313915167948,0.0033451190171369,0.0015060419933781,-0.0004452383962385,MEDIUM,MEDIUM,MEDIUM,MEDIUM Trend + MEDIUM Leadership + MEDIUM Participation,Mixed Terrain
2025-10-29,2084.028847457628,0.0362408532308879,0.3262500476439297,0.5571185848377097,-7.836841322939048e-05,-0.0112679399294569,-0.0094200524339667,-0.009023876611757,MEDIUM,MEDIUM,HIGH,MEDIUM Trend + MEDIUM Leadership + HIGH Participation,Mixed Terrain
2025-10-30,2083.8655254237283,0.0367914538540464,0.2528771692676577,-0.2420521571463567,-0.0052976351819962,-0.0131488851561111,-0.0043375926406409,-0.0089834768175295,MEDIUM,MEDIUM,MEDIUM,MEDIUM Trend + MEDIUM Leadership + MEDIUM Participation,Mixed Terrain
2025-10-31,2072.8259661016946,0.024627474197676,0.1885077837401467,-0.1114566424381246,0.0055004740437383,-0.0017874884833388,0.0077134859821614,-0.0029864683722506,MEDIUM,MEDIUM,MEDIUM,MEDIUM Trend + MEDIUM Leadership + MEDIUM Participation,Mixed Terrain
2025-11-03,2084.227491525424,0.0321897596475395,0.2617177068949159,-0.0450736571283483,-0.0013755289506037,-0.0042868055442271,-0.0036938570084478,-0.012006705790167,MEDIUM,MEDIUM,MEDIUM,MEDIUM Trend + MEDIUM Leadership + MEDIUM Participation,Mixed Terrain
2025-11-04,2081.3605762711863,0.0210545929182736,0.1843406053731143,-0.0867327719761727,-0.0100004011391703,-0.0018329456025661,-0.0001711376543162,-0.0180011827538483,MEDIUM,MEDIUM,MEDIUM,MEDIUM Trend + MEDIUM Leadership + MEDIUM Participation,Mixed Terrain
2025-11-06,2060.54613559322,-0.0014348717666548,0.0602742745803687,-0.2122902208509682,-0.0019806004697353,0.0018689466743482,0.0134332300813722,-0.0105622099171553,LOW,LOW,MEDIUM,LOW Trend + LOW Leadership + MEDIUM Participation,Mixed Terrain
2025-11-07,2056.4650169491524,-0.0011482889046359,0.1268841367666147,-0.3171543452147204,0.0061541511797487,0.008928694899295,0.0025138590459452,-0.0127568799544938,LOW,LOW,LOW,LOW Trend + LOW Leadership + LOW Participation,Mixed Terrain
2025-11-10,2069.120813559322,0.0048730661541357,0.153422429347517,0.1808223312604524,0.0029829094364881,0.0095179877590041,-0.0085600722511046,-0.0353764241115532,LOW,MEDIUM,MEDIUM,LOW Trend + MEDIUM Leadership + MEDIUM Participation,Mixed Terrain
2025-11-11,2075.292813559322,0.0089362703219506,0.1918280828608572,0.285038994522083,0.0010855056122753,0.0005955013342004,-0.0109234767921935,-0.0329774090456651,MEDIUM,MEDIUM,HIGH,MEDIUM Trend + MEDIUM Leadership + HIGH Participation,Mixed Terrain
2025-11-12,2077.5455555555554,0.0158263357062161,0.2846051021026669,0.3451398908148426,-0.0063287994237805,0.0016648595452322,-0.0019483460985746,-0.0417388267193155,MEDIUM,MEDIUM,HIGH,MEDIUM Trend + MEDIUM Leadership + HIGH Participation,Mixed Terrain
2025-11-13,2064.3971864406776,0.0105705376424993,0.1973464891669053,-0.1736249825550995,0.0050520216188965,0.0115427106962553,0.0003999433091523,-0.0281485579771262,MEDIUM,MEDIUM,MEDIUM,MEDIUM Trend + MEDIUM Leadership + MEDIUM Participation,Mixed Terrain
2025-11-14,2074.826565656565,0.0107121911655534,0.2032176783842582,-0.0063674275366085,0.0067418234900462,-0.0063580666163827,-0.0046661239216716,-0.0267204294804223,MEDIUM,MEDIUM,MEDIUM,MEDIUM Trend + MEDIUM Leadership + MEDIUM Participation,Mixed Terrain
2025-11-17,2088.81468013468,0.0209526462669235,0.2531163749618911,0.0562990761496579,-0.0058818175939069,-0.0179076155445627,-0.0106180521579341,-0.0307729110360593,MEDIUM,MEDIUM,MEDIUM,MEDIUM Trend + MEDIUM Leadership + MEDIUM Participation,Mixed Terrain
2025-11-18,2076.528653198653,0.0106311891490343,0.1555942007851691,-0.1116107044604913,0.0021553875015543,-0.011512122642001,-0.0083436691023089,-0.0301857974539995,MEDIUM,MEDIUM,MEDIUM,MEDIUM Trend + MEDIUM Leadership + MEDIUM Participation,Mixed Terrain
2025-11-19,2081.004377104377,0.0110960213508805,0.1583566451421284,-0.0941457212731537,0.0034702227928984,-0.0036072001621854,-0.0178330970139242,-0.0394764437672501,MEDIUM,MEDIUM,MEDIUM,MEDIUM Trend + MEDIUM Leadership + MEDIUM Participation,Mixed Terrain
2025-11-20,2088.225925925926,0.0144305414700084,0.1628136171687738,-0.3099240389466411,-0.0127338931391991,-0.0110156173034287,-0.0236773763542378,-0.0440742539438684,MEDIUM,MEDIUM,LOW,MEDIUM Trend + MEDIUM Leadership + LOW Participation,Mixed Terrain
2025-11-21,2061.63468013468,-0.0079735457140857,0.0422656460054328,-0.1476312553338704,-0.0049599913768535,0.0017027690135313,-0.0152324467763185,-0.0192255455120443,LOW,LOW,MEDIUM,LOW Trend + LOW Leadership + MEDIUM Participation,Mixed Terrain
2025-11-24,2051.4089898989896,-0.0145305632611106,0.0471736205003443,-0.2434669335088545,0.0005919886187448,0.0074224823468829,-0.0270478836991527,-0.0051855997209682,LOW,LOW,MEDIUM,LOW Trend + LOW Leadership + MEDIUM Participation,Mixed Terrain
2025-11-25,2052.6234006734007,-0.0137031263436826,0.0708502374761001,0.0238365249740712,0.010169608851545,0.003205353967679,-0.022297498460428,-0.0066589991088109,LOW,LOW,MEDIUM,LOW Trend + LOW Leadership + MEDIUM Participation,Mixed Terrain
2025-11-26,2073.4977777777776,0.0033139335982463,0.2894050376206428,1.665372492802304,-0.0039908166691252,-0.0142773982851486,-0.0398681575900387,-0.0186763013838753,LOW,MEDIUM,HIGH,LOW Trend + MEDIUM Leadership + HIGH Participation,Mixed Terrain
2025-11-27,2065.222828282828,-0.0007143282921594,0.1861323245689021,-0.0235494465952482,-3.760393141560847e-05,-0.0128027896823663,-0.0285370880688429,-0.0181718479601319,LOW,MEDIUM,MEDIUM,LOW Trend + MEDIUM Leadership + MEDIUM Participation,Mixed Terrain
2025-11-28,2065.145167785235,-0.0023676857920599,0.1345214370561351,-0.1638483995655595,0.0007216776577092,-0.0169064280480403,-0.0221576961146403,-0.022908615182974,LOW,MEDIUM,MEDIUM,LOW Trend + MEDIUM Leadership + MEDIUM Participation,Mixed Terrain
2025-12-01,2066.635536912752,0.0001983886819177,0.132701696587865,-1.4218526543391672,-0.0035965469213575,-0.0342163954547984,-0.0203711609273697,-0.0261939896621576,LOW,MEDIUM,LOW,LOW Trend + MEDIUM Leadership + LOW Participation,Mixed Terrain
2025-12-02,2059.2027852349,-0.0076227285679505,0.1142063159865767,-0.0599725258560671,-0.0074345087252202,-0.0254213679454992,-0.0220259052164958,-0.0116136329749336,LOW,LOW,MEDIUM,LOW Trend + LOW Leadership + MEDIUM Participation,Mixed Terrain
2025-12-03,2043.8936241610736,-0.0189831017072288,0.0513598108958197,-0.1648636381632592,-0.0025008196784559,-0.0259614208504198,-0.0220363226326643,-0.0041415699960287,LOW,LOW,MEDIUM,LOW Trend + LOW Leadership + MEDIUM Participation,Mixed Terrain
2025-12-04,2038.782214765101,-0.0149788871217014,0.105559796195272,0.0792843825418571,-0.0041943053582945,-0.0159383537777765,-0.0208915343101084,0.0050422876448368,LOW,LOW,MEDIUM,LOW Trend + LOW Leadership + MEDIUM Participation,Mixed Terrain
2025-12-05,2030.230939597316,-0.0154025053599605,0.0901646501604753,0.1553856767781156,-0.0168986792622298,-0.0053415750203447,-0.0040548642394382,0.0106657702669721,LOW,LOW,MEDIUM,LOW Trend + LOW Leadership + MEDIUM Participation,Mixed Terrain
2025-12-08,1995.9227181208053,-0.0450173187722977,-0.0096507140334306,-0.2508110057080073,0.0054773240150973,0.0143357522971707,0.0224700513128073,0.0266990573530394,LOW,LOW,MEDIUM,LOW Trend + LOW Leadership + MEDIUM Participation,Mixed Terrain
2025-12-09,2006.855033557047,-0.0395721768399601,0.0453699390200889,0.3933435127010945,-0.0079845288664959,0.0034840315776731,0.0159951512111213,0.0253660756885054,LOW,LOW,HIGH,LOW Trend + LOW Leadership + HIGH Participation,Mixed Terrain
2025-12-10,1990.831241610738,-0.0479265427850853,0.0464614634719636,-0.1708856799223165,0.0077636620405316,0.0040297153539674,0.0220718189628741,0.0174591342053016,LOW,LOW,MEDIUM,LOW Trend + LOW Leadership + MEDIUM Participation,Mixed Terrain
2025-12-11,2006.287382550336,-0.0349844859624942,0.1139014130031924,0.6397985022472361,0.0065289381214395,-0.0050334047174249,0.0106697229316825,-0.0048181098426839,LOW,LOW,HIGH,LOW Trend + LOW Leadership + HIGH Participation,Mixed Terrain
2025-12-12,2019.386308724832,-0.0268510662163417,0.1547837134038354,0.0465050275097779,0.0025500138655989,0.0012936207532074,-0.0007679347327784,-0.0133936288538075,LOW,MEDIUM,MEDIUM,LOW Trend + MEDIUM Leadership + MEDIUM Participation,Mixed Terrain
2025-12-15,2024.5357718120808,-0.0273987716475925,0.1805288682010146,0.2059588299092715,-0.0052796261222599,0.008019335803963,-0.0059439131460238,-0.017558863729039,LOW,MEDIUM,MEDIUM,LOW Trend + MEDIUM Leadership + MEDIUM Participation,Mixed Terrain
2025-12-16,2013.846979865772,-0.0308467692970007,0.0620997200624373,-0.6116006956290082,-0.0074450815694827,0.0124676818362303,0.0106467771458376,-0.0154815543830895,LOW,LOW,LOW,LOW Trend + LOW Leadership + LOW Participation,Mixed Terrain
2025-12-17,1998.8537248322148,-0.0455066623018742,0.0299281253907651,-0.5705228096191673,-0.0013331634149175,0.0179696908697029,0.0182979726658232,-0.0389997028928458,LOW,LOW,LOW,LOW Trend + LOW Leadership + LOW Participation,Mixed Terrain
2025-12-18,1996.1889261744968,-0.0513276672728494,0.0687158446541842,-0.1166829668759205,0.0129294889124078,0.0157825676998208,0.0264871797800991,-0.0095554305101271,LOW,LOW,MEDIUM,LOW Trend + LOW Leadership + MEDIUM Participation,Mixed Terrain
2025-12-19,2021.9986287625416,-0.0251568944409457,0.2232864675675678,1.1966989666647434,0.0092841681412636,-0.0020588920604879,0.0147805677018231,-0.0224734429868627,LOW,MEDIUM,HIGH,LOW Trend + MEDIUM Leadership + HIGH Participation,Mixed Terrain
2025-12-22,2040.7712040133777,-0.0097118930656876,0.2711889443614646,1.022060103527265,-0.0008899678377536,-0.0138521637968882,0.0041360683716868,-0.055181021392021,LOW,MEDIUM,HIGH,LOW Trend + MEDIUM Leadership + HIGH Participation,Mixed Terrain
2025-12-23,2038.954983277592,-0.0061600916505136,0.2602905862565872,0.1122288628430625,-0.0020512835990448,-0.0017984817916265,0.0092233948815734,-0.0614724370084392,LOW,MEDIUM,MEDIUM,LOW Trend + MEDIUM Leadership + MEDIUM Participation,Mixed Terrain
2025-12-24,2034.772508361204,-0.0154795406709761,0.1934475451093474,-1.0081836617442723,-0.0034788141124565,0.0003224868078732,-0.0045130730267596,-0.0478043793051042,LOW,MEDIUM,LOW,LOW Trend + MEDIUM Leadership + LOW Participation,Mixed Terrain
2025-12-26,2027.6939130434785,-0.0240083578717244,0.1322791019468205,-0.876701390474751,-0.0048618586565744,0.0105382907924067,-0.015324326456956,-0.0610167756019459,LOW,MEDIUM,LOW,LOW Trend + MEDIUM Leadership + LOW Participation,Mixed Terrain
2025-12-29,2017.8355518394649,-0.0300850346029788,0.0781577587243367,-0.2494213500958991,-0.0026431513763306,0.0168742019226768,-0.012635397281464,-0.0548373938146213,LOW,LOW,MEDIUM,LOW Trend + LOW Leadership + MEDIUM Participation,Mixed Terrain
2025-12-30,2012.502107023412,-0.0334149354402803,0.0917613455769981,0.0210606660802203,0.0113221510493277,0.0182409082170011,-0.0116844016515955,-0.0367374758185927,LOW,LOW,MEDIUM,LOW Trend + LOW Leadership + MEDIUM Participation,Mixed Terrain
2025-12-31,2035.287959866221,-0.0130763633970855,0.2617511951640259,1.286655546937182,6.914784970368792e-05,0.0110417350326039,-0.025853079552399,-0.0503906738480959,LOW,MEDIUM,HIGH,LOW Trend + MEDIUM Leadership + HIGH Participation,Mixed Terrain
2026-01-01,2035.4286956521737,-0.0101900399182072,0.2712983841337025,0.2111684914279842,0.0066981690461929,-0.0048340009331027,-0.0562680837011473,-0.0380503442381656,LOW,MEDIUM,MEDIUM,LOW Trend + MEDIUM Leadership + MEDIUM Participation,Mixed Terrain
2026-01-02,2049.062341137124,0.0065944263841476,0.2999374707018635,0.7702110977132309,0.0013774960352204,-0.0255929117036058,-0.0351125771467965,-0.0503001095337448,MEDIUM,MEDIUM,HIGH,MEDIUM Trend + MEDIUM Leadership + HIGH Participation,Mixed Terrain
2026-01-05,2051.88491638796,0.0127217113443923,0.2794673309818156,-1.0371625968614038,-0.0013026769301068,-0.0290199113600727,-0.0367113954232047,-0.0210221097139836,MEDIUM,MEDIUM,LOW,MEDIUM Trend + MEDIUM Leadership + LOW Participation,Mixed Terrain
2026-01-06,2049.211973244147,0.0133141821098152,0.2717943478889099,-0.0825282916918556,0.0041718949047675,-0.0293892237358619,-0.0590727607861921,-0.0154045511384929,MEDIUM,MEDIUM,MEDIUM,MEDIUM Trend + MEDIUM Leadership + MEDIUM Participation,Mixed Terrain
2026-01-07,2057.761070234113,0.0173662019646415,0.2866385230679617,-0.4546301192281506,-0.0156342926598012,-0.0364918809052065,-0.0700497355179805,-0.0222719253786494,MEDIUM,MEDIUM,LOW,MEDIUM Trend + MEDIUM Leadership + LOW Participation,Mixed Terrain
2026-01-08,2025.5894314381271,-0.0131090606508894,0.0573895198631822,-0.3759767837724058,-0.0143012998702024,-0.0516839228995675,-0.0434875688523315,-0.0031792884631095,LOW,LOW,LOW,LOW Trend + LOW Leadership + LOW Participation,Mixed Terrain
2026-01-09,1996.6208695652176,-0.0365526282895192,-0.0098628448733745,-0.2710629566312686,-0.0021443588200292,-0.0097697005261265,-0.0464035523296519,0.0284249656325694,LOW,LOW,MEDIUM,LOW Trend + LOW Leadership + MEDIUM Participation,Mixed Terrain
2026-01-12,1992.339397993311,-0.0437676101771651,0.0039560128717783,-0.2184902506892557,-0.0016825315588396,-0.0079213612648902,-0.0427420594347431,0.0386773935509638,LOW,LOW,MEDIUM,LOW Trend + LOW Leadership + MEDIUM Participation,Mixed Terrain
2026-01-13,1988.987224080268,-0.0450993759203744,0.0345297675866524,0.1456729230278441,-0.0031763531087684,-0.0305823279281748,-0.0253492651627313,0.047107199882806,LOW,LOW,MEDIUM,LOW Trend + LOW Leadership + MEDIUM Participation,Mixed Terrain
2026-01-14,1982.66949832776,-0.0451903261098158,0.056405404051494,0.1234901594079029,-0.0311552051122784,-0.0348288239068512,-0.0251888024081854,0.0414012438012612,LOW,LOW,MEDIUM,LOW Trend + LOW Leadership + MEDIUM Participation,Mixed Terrain
2026-01-16,1977.114481605351,-0.0502003611324376,0.0667769005933209,-0.1099789532581061,-0.0002817862855198,-0.0369952846554884,-0.015740211787649,0.035166718674827,LOW,LOW,MEDIUM,LOW Trend + LOW Leadership + MEDIUM Participation,Mixed Terrain
2026-01-19,1976.557357859532,-0.0559235224451938,0.0315197371881035,-0.2124889817906612,-0.0244860049816356,-0.0350987278732752,0.0162872119888868,0.0437619782986413,LOW,LOW,MEDIUM,LOW Trend + LOW Leadership + MEDIUM Participation,Mixed Terrain
2026-01-21,1913.6154515050168,-0.1004184224990861,-0.0293728290385326,-0.1651380214146519,0.0124821421399496,0.0099878878870867,0.0513767369762976,0.0660079568517817,LOW,LOW,MEDIUM,LOW Trend + LOW Leadership + MEDIUM Participation,Mixed Terrain
2026-01-22,1937.5014715719064,-0.083034976192676,0.0626212624264043,0.9457976990766268,-0.0173062593768404,0.0105695205082074,0.0421408850283924,0.0583851622578981,LOW,LOW,HIGH,LOW Trend + LOW Leadership + HIGH Participation,Mixed Terrain
2026-01-23,1903.9705685618728,-0.1038238510013773,-0.0130385667585741,-0.1130047994198338,0.0016870746435191,0.022071618683856,0.0784697952105724,0.0810110959810794,LOW,LOW,MEDIUM,LOW Trend + LOW Leadership + MEDIUM Participation,Mixed Terrain
2026-01-27,1907.1827090301003,-0.0958782123643975,0.0406964950005805,0.2030617811472345,0.0164562893492425,0.0532551270752321,0.0850548734415608,0.0775247939215459,LOW,LOW,MEDIUM,LOW Trend + LOW Leadership + MEDIUM Participation,Mixed Terrain
2026-01-28,1938.567859531772,-0.0751592319057278,0.142987683881118,0.1044375925468661,-0.0030122398911208,0.0407914134592239,0.0743409535905548,0.0667426298340194,LOW,MEDIUM,MEDIUM,LOW Trend + MEDIUM Leadership + MEDIUM Participation,Mixed Terrain
2026-01-29,1932.7284280936456,-0.082952526338712,0.0943076682120954,0.1381658545340918,0.013065211154176,0.0409795499387595,0.0683107112166452,0.0758975043165968,LOW,LOW,MEDIUM,LOW Trend + LOW Leadership + MEDIUM Participation,Mixed Terrain
2026-01-30,1957.979933110368,-0.0655591219040262,0.1496609934982687,0.289146199713127,-0.0061214376977158,0.0312411604342746,0.0416310407969442,0.0537674997779433,LOW,MEDIUM,HIGH,LOW Trend + MEDIUM Leadership + HIGH Participation,Mixed Terrain
2026-02-02,1945.994280936455,-0.0782859977494275,0.0563056406599438,-0.960267269695665,0.0322486485358681,0.0551802588935417,0.0517210304354047,0.0427332338934336,LOW,LOW,LOW,LOW Trend + LOW Leadership + LOW Participation,Mixed Terrain
2026-02-03,2008.749966555184,-0.0296964396701467,0.2792450045610105,3.0219687148175653,0.004428035445728,0.0301918742656708,0.0270344504837232,-0.0104590744998837,LOW,MEDIUM,HIGH,LOW Trend + MEDIUM Leadership + HIGH Participation,Mixed Terrain
2026-02-04,2017.644782608696,-0.0226277063930117,0.2461100830475062,0.2269016281938588,-0.0028320214872206,0.0322346434621552,0.026984971500348,-0.0025506907877076,LOW,MEDIUM,MEDIUM,LOW Trend + MEDIUM Leadership + MEDIUM Participation,Mixed Terrain
2026-02-05,2011.930769230769,-0.0259779393104422,0.2057325604153268,0.0562511567730388,0.0035879609812567,0.0262552336205776,0.0139162484397008,-0.0007523347761753,LOW,MEDIUM,MEDIUM,LOW Trend + MEDIUM Leadership + MEDIUM Participation,Mixed Terrain
2026-02-06,2019.1494983277591,-0.0149338173016149,0.2113714407001543,-2.698032304851664,0.016950330257599,0.0100751218641179,0.0155874099777433,-0.0248170982285498,LOW,MEDIUM,LOW,LOW Trend + MEDIUM Leadership + LOW Participation,Mixed Terrain
2026-02-09,2053.37474916388,0.0131108082013031,0.3544948915280376,1.3460343885798876,0.007803321736197,-0.0032783293934671,0.0023563949419749,-0.0248311023349195,MEDIUM,HIGH,HIGH,MEDIUM Trend + HIGH Leadership + HIGH Participation,Fog
2026-02-10,2069.3978929765885,0.0238255151707578,0.3545355054125993,0.4152011879777069,0.0064197174829763,-0.0030648890374894,-0.0069398144778899,-0.0434664425115042,MEDIUM,HIGH,HIGH,MEDIUM Trend + HIGH Leadership + HIGH Participation,Fog
2026-02-11,2082.6828428093645,0.0341981318959,0.3242153249781608,0.1127175071667248,-0.0086083011947365,-0.0050857351039872,-0.0070725440849488,-0.0534935828605556,MEDIUM,MEDIUM,MEDIUM,MEDIUM Trend + MEDIUM Leadership + MEDIUM Participation,Mixed Terrain
2026-02-12,2064.7544816053514,0.0228102091167157,0.280373574093303,-1.6967219775913125,-0.0122347747614168,-0.0120233103585211,0.0071016727814245,-0.0703012961982296,MEDIUM,MEDIUM,LOW,MEDIUM Trend + MEDIUM Leadership + LOW Participation,Mixed Terrain
2026-02-13,2039.492675585284,0.0087940340816605,0.1229056924500305,-0.530422436961427,0.0035059869879439,0.0054573050996962,0.0116513991093367,-0.0586554650263784,MEDIUM,LOW,LOW,MEDIUM Trend + LOW Leadership + LOW Participation,Mixed Terrain
2026-02-16,2046.6431103678929,0.0051459689531841,0.2569384241285732,0.1424666202647035,0.00801913514338,0.005653257575922,-0.0085457990112169,-0.0542455122981462,LOW,MEDIUM,MEDIUM,LOW Trend + MEDIUM Leadership + MEDIUM Participation,Mixed Terrain
2026-02-17,2063.0554180602007,0.0179503125271779,0.317767715353301,0.6024330223926742,0.0043796455615874,-0.0038868381680923,-0.0365065894001391,-0.0473515294723836,MEDIUM,MEDIUM,HIGH,MEDIUM Trend + MEDIUM Leadership + HIGH Participation,Mixed Terrain
2026-02-18,2072.090869565217,0.032989155783426,0.3736535096546181,0.43530272005289,-0.0155213134610754,-0.0019969650160451,-0.0287595856879057,-0.0763285535975754,MEDIUM,HIGH,HIGH,MEDIUM Trend + HIGH Leadership + HIGH Participation,Fog
2026-02-19,2039.9292976588629,0.0065419748514247,0.1428896164056342,-0.5268608117352637,0.0052420991835149,0.019357727100713,-0.014467253324374,-0.0536722647906056,MEDIUM,MEDIUM,LOW,MEDIUM Trend + MEDIUM Leadership + LOW Participation,Mixed Terrain
2026-02-20,2050.6228093645486,0.0115059662400319,0.264335418507502,-0.3077643381625989,0.0037015591739137,0.0061604744211651,-0.0397843728755741,-0.0920898295651169,MEDIUM,MEDIUM,LOW,MEDIUM Trend + MEDIUM Leadership + LOW Participation,Mixed Terrain
2026-02-23,2058.213311036789,0.0206171614623078,0.2977659765678619,0.0971739344988188,-0.0015434044184634,-0.0141192369041445,-0.0271235834021574,-0.0734150725721164,MEDIUM,MEDIUM,MEDIUM,MEDIUM Trend + MEDIUM Leadership + MEDIUM Participation,Mixed Terrain
2026-02-24,2055.0366555183946,0.0150580401617633,0.2457167588168934,0.1002299688674447,0.0062852022787767,-0.0327470336523385,-0.0367818875090738,-0.0554093738467439,MEDIUM,MEDIUM,MEDIUM,MEDIUM Trend + MEDIUM Leadership + MEDIUM Participation,Mixed Terrain
2026-02-25,2067.9529765886286,0.0199618359583733,0.2948474328155828,0.2104268983739408,0.0055439924644593,-0.0268161716284668,-0.0467516921795928,-0.0814531436690967,MEDIUM,MEDIUM,MEDIUM,MEDIUM Trend + MEDIUM Leadership + MEDIUM Participation,Mixed Terrain
2026-02-26,2079.4176923076925,0.0248236530190689,0.3058613056871066,-0.1068791321477246,-0.0077724036100986,-0.0331826399367111,-0.0768571546166553,-0.104948775777191,MEDIUM,MEDIUM,MEDIUM,MEDIUM Trend + MEDIUM Leadership + MEDIUM Participation,Mixed Terrain
2026-02-27,2063.255618729097,0.0077122667501958,0.1718606222530697,-0.1837637139081031,-0.0165285913778857,-0.0456635382374477,-0.0694971253908349,-0.0719605342357356,MEDIUM,MEDIUM,MEDIUM,MEDIUM Trend + MEDIUM Leadership + MEDIUM Participation,Mixed Terrain
2026-03-02,2029.1529096989968,-0.0152805812948978,0.0572045654178225,-0.6774258842617862,-0.0204088161605304,-0.0131905875282287,-0.0460936201000032,-0.0567660967049005,LOW,LOW,LOW,LOW Trend + LOW Leadership + LOW Participation,Mixed Terrain
2026-03-04,1987.7403010033445,-0.0527073189820872,0.0182047000828947,-0.5163252607925228,0.0124553965289064,-0.0041714566893197,-0.0112558528713678,-0.028853400839668,LOW,LOW,LOW,LOW Trend + LOW Leadership + LOW Participation,Mixed Terrain
2026-03-05,2012.4983946488287,-0.0372986133904293,0.0811285689845215,0.9202526150020632,-0.001034172702221,-0.0204848456889022,-0.0489775417174764,-0.040159714676244,LOW,LOW,HIGH,LOW Trend + LOW Leadership + HIGH Participation,Mixed Terrain
2026-03-06,2010.41712374582,-0.0403817342086658,0.0721980833918918,0.0787231379884137,-0.0205813293010028,-0.0451734903447382,-0.0397805264193167,-0.0052420914485898,LOW,LOW,MEDIUM,LOW Trend + LOW Leadership + MEDIUM Participation,Mixed Terrain
2026-03-09,1969.040066889632,-0.0678975117864099,0.0048327386673092,-0.1787220193538304,0.0169357263504019,-0.0249739878002452,-0.0544726155375984,0.0211088136173331,LOW,LOW,MEDIUM,LOW Trend + LOW Leadership + MEDIUM Participation,Mixed Terrain
2026-03-10,2002.387190635452,-0.0459151272413341,0.1409121729383233,0.7334981134437867,-0.0114556576843057,-0.0333428442776591,-0.0475820858437916,0.0229583683479777,LOW,MEDIUM,HIGH,LOW Trend + MEDIUM Leadership + HIGH Participation,Mixed Terrain
2026-03-11,1979.4485284280936,-0.064725397084537,0.0580825147005698,-0.1370281014844803,-0.0041303690019673,-0.0071140722262243,-0.019338804052904,0.0285920737143474,LOW,LOW,MEDIUM,LOW Trend + LOW Leadership + MEDIUM Participation,Mixed Terrain
2026-03-12,1971.2726755852843,-0.0684715260556169,0.0628690853788692,0.1108281861606135,-0.0262130708794767,-0.0290885709150803,-0.0364033706693363,0.0532763557854996,LOW,LOW,MEDIUM,LOW Trend + LOW Leadership + MEDIUM Participation,Mixed Terrain
2026-03-13,1919.5995652173915,-0.0995397251797399,-0.0224215450414955,-1.7764998261917226,0.0001384242153203,0.0056481087096844,-0.0304304163770779,0.0888977426375985,LOW,LOW,LOW,LOW Trend + LOW Leadership + LOW Participation,Mixed Terrain
2026-03-16,1919.8652842809363,-0.0976001235018181,-0.0031240191936381,0.1501356747283013,0.008207149846704,-0.0302541956504333,-0.0026473952011544,0.1025776221547876,LOW,LOW,MEDIUM,LOW Trend + LOW Leadership + MEDIUM Participation,Mixed Terrain
2026-03-17,1935.621906354515,-0.087869288781999,0.0297806763889724,0.5406194002569039,0.0153669898943578,-0.0147303948269976,-0.0111881803390559,0.0943585933350663,LOW,LOW,HIGH,LOW Trend + LOW Leadership + HIGH Participation,Mixed Terrain
2026-03-18,1965.3665886287624,-0.0714630681525219,0.1417991835321552,1.5897715904787544,-0.0261709028523209,-0.0123123225787775,-0.0177978782675016,0.0820360498158911,LOW,MEDIUM,HIGH,LOW Trend + MEDIUM Leadership + HIGH Participation,Mixed Terrain
2026-03-19,1913.9311705685616,-0.1014556733952669,-0.0251467941503989,-0.4433714503526649,0.0086264866397134,-0.007533951640831,0.0092719440686572,0.1174265997061294,LOW,LOW,LOW,LOW Trend + LOW Leadership + LOW Participation,Mixed Terrain
2026-03-20,1930.4416722408023,-0.0878839443135793,0.022836448585119,-0.1231535942550804,-0.0355671807546907,-0.0358758941366217,0.0359693131841329,0.1073454661036148,LOW,LOW,MEDIUM,LOW Trend + LOW Leadership + MEDIUM Participation,Mixed Terrain
2026-03-23,1861.781304347826,-0.1252621259501291,-0.0358594479925191,-1.6643247672646828,0.0243466442510975,0.0284680792899076,0.0799357378717329,0.1376815284660764,LOW,LOW,LOW,LOW Trend + LOW Leadership + LOW Participation,Mixed Terrain
2026-03-24,1907.109431438127,-0.1022016497452882,0.0921508461417217,3.2470084040423712,0.0178589278645657,0.003595172802798,0.0740646024642075,0.1241508036501757,LOW,LOW,HIGH,LOW Trend + LOW Leadership + HIGH Participation,Mixed Terrain
2026-03-25,1941.1683612040133,-0.0797866528980922,0.227637543583602,2.278771047292627,-0.0214595788551577,-0.0055539375595395,0.0488760827545144,0.1059095351566878,LOW,MEDIUM,HIGH,LOW Trend + MEDIUM Leadership + HIGH Participation,Mixed Terrain
2026-03-27,1899.5117056856188,-0.1073216831985024,-0.0001266416582116,-0.1085121617012128,-0.0201769509502531,0.0169334716661324,0.0930677046028374,0.1358752147767834,LOW,LOW,MEDIUM,LOW Trend + LOW Leadership + MEDIUM Participation,Mixed Terrain
2026-03-30,1861.1853511705683,-0.1255911765250724,-0.0184515263095944,-3.2426743410242373,0.0287973956684057,0.0745186297944671,0.1230733317445784,0.1537277387854729,LOW,LOW,LOW,LOW Trend + LOW Leadership + LOW Participation,Mixed Terrain
2026-04-01,1914.782642140468,-0.0886997424754223,0.1478664180025034,0.3673268834708356,-0.0004265877100084,0.0500430296459566,0.1055043290102648,0.1384835230881378,LOW,MEDIUM,HIGH,LOW Trend + MEDIUM Leadership + HIGH Participation,Mixed Terrain
2026-04-02,1913.9658193979933,-0.0848444459430183,0.1533676453859871,0.3422406895554648,0.0085797843247297,0.0702169874578066,0.1067410113587776,0.1328823872877047,LOW,MEDIUM,HIGH,LOW Trend + MEDIUM Leadership + HIGH Participation,Mixed Terrain
2026-04-06,1930.3872333333327,-0.0653415187198944,0.2652130483500851,1.2272201343759577,0.0006681560972474,0.0547340095856763,0.1016429570598937,0.121007914526027,LOW,MEDIUM,HIGH,LOW Trend + MEDIUM Leadership + HIGH Participation,Mixed Terrain
2026-04-07,1931.6770333333327,-0.0657135795424769,0.2579494175781993,-2.3704930531981896,0.0353067820464327,0.0748664834602872,0.107161064243469,0.1352092484887612,LOW,MEDIUM,LOW,LOW Trend + MEDIUM Leadership + LOW Participation,Mixed Terrain
2026-04-08,1999.878333333333,-0.0048817571101605,0.3353348679475119,3.229446080494163,0.0053632429306118,0.0451873989000999,0.0688979412914285,0.1094467913464738,LOW,MEDIUM,HIGH,LOW Trend + MEDIUM Leadership + HIGH Participation,Mixed Terrain
2026-04-09,2010.6041666666667,0.0056809028409657,0.3645398143389119,-0.7632412849123961,0.0187777222849681,0.0528181205897897,0.053471506284388,0.1028659461811851,LOW,HIGH,LOW,LOW Trend + HIGH Leadership + LOW Participation,Fog
2026-04-10,2048.358733333333,0.0343793556917497,0.3619608212419132,1.7590464408265667,-0.0060114795647285,0.0341276809553638,0.0466323916373896,0.0723905750753752,MEDIUM,HIGH,HIGH,MEDIUM Trend + HIGH Leadership + HIGH Participation,Fog
2026-04-13,2036.0450666666663,0.0236661559920263,0.3527714645565078,-3.047092965746357,0.0197686357695554,0.0444746704362406,0.0543757774058442,0.0506773004881384,MEDIUM,HIGH,LOW,MEDIUM Trend + HIGH Leadership + LOW Participation,Fog
2026-04-15,2076.2949,0.0628155435816586,0.3971150753571313,3.6365292303754697,0.0067200152219868,0.0300452021531238,0.0391627252307302,0.0332802116566495,MEDIUM,HIGH,HIGH,MEDIUM Trend + HIGH Leadership + HIGH Participation,Fog
2026-04-16,2090.2476333333334,0.0817845631906353,0.4450994359615493,-1.1685358923841722,0.0127032157545481,0.0226854460896488,0.0272951072511677,0.0238202274276919,MEDIUM,HIGH,LOW,MEDIUM Trend + HIGH Leadership + LOW Participation,Fog
2026-04-17,2116.8005000000003,0.0994951798585998,0.4706194729275512,1.4207721162591909,0.000691594066926,0.0006206064293727,0.0298318090779421,0.0111935984690787,HIGH,HIGH,HIGH,HIGH Trend + HIGH Leadership + HIGH Participation,Fog
2026-04-20,2118.2644666666665,0.0947293362441141,0.4507149941978616,-3.3824544865251003,0.0039338965764017,0.0120920374846493,0.0236201384611496,-0.0002641609316563,HIGH,HIGH,LOW,HIGH Trend + HIGH Leadership + LOW Participation,Fog
2026-04-21,2126.5975,0.0996834826918671,0.4406320947098714,0.1080577985572839,0.0056804825548792,0.0094795089338721,0.017578251957254,0.0006528199083852,HIGH,HIGH,MEDIUM,HIGH Trend + HIGH Leadership + MEDIUM Participation,Fog
2026-04-22,2138.6776,0.1091695706141714,0.4824703183622438,-0.6656138924916649,-0.0004730804992145,0.0088515756964333,0.0253334272231275,0.0012519855317987,HIGH,HIGH,LOW,HIGH Trend + HIGH Leadership + LOW Participation,Fog
2026-04-23,2137.665833333333,0.1028792635775187,0.4542334761061187,-0.0771185870826292,-0.009146253370596,0.004507408587014,0.0379351933319795,0.0075385417465314,HIGH,HIGH,MEDIUM,HIGH Trend + HIGH Leadership + MEDIUM Participation,Fog
2026-04-24,2118.1142,0.0958173330956837,0.426384529066509,-0.5409295416101961,0.0121638389469276,0.0291930852321811,0.0468873050691349,0.0159822594231231,HIGH,HIGH,LOW,HIGH Trend + HIGH Leadership + LOW Participation,Fog
2026-04-27,2143.8786000000005,0.1057178561437555,0.4939017946998978,0.8578648935856049,0.0013424267586792,0.0113903682170557,0.0246105353166916,0.0117887953253015,HIGH,HIGH,HIGH,HIGH Trend + HIGH Leadership + HIGH Participation,Fog
2026-04-28,2146.7566,0.1007097476769472,0.4578680505433063,-0.0062069280087961,0.0050549124510279,0.0080226918443695,-0.003507740785553,0.0130450470164498,HIGH,HIGH,MEDIUM,HIGH Trend + HIGH Leadership + MEDIUM Participation,Fog
2026-04-29,2157.6082666666666,0.1146097931567658,0.4924722259603923,0.2074494384140832,-0.0047770951563529,0.0163372411995454,-0.0056608204194147,0.0187369426817161,HIGH,HIGH,MEDIUM,HIGH Trend + HIGH Leadership + MEDIUM Participation,Fog
2026-04-30,2147.301166666666,0.110704493301629,0.440479435880886,-1.3271886935819184,0.0152038857949796,0.0332777881568704,-0.0033825526851518,0.0142946069497511,HIGH,HIGH,LOW,HIGH Trend + HIGH Leadership + LOW Participation,Fog
2026-05-04,2168.2981666666665,0.100166997383026,0.4453633462206476,0.3360188481818963,-0.0019917924879488,0.0130712804027799,-0.0233331667631239,-0.0144801326098713,HIGH,HIGH,HIGH,HIGH Trend + HIGH Leadership + HIGH Participation,Fog
2026-05-05,2163.9793666666665,0.0925148409900971,0.445586699344332,0.1066415697996835,0.0133449824483076,-0.0114386637555007,-0.0166330520687856,-0.0145320573610667,HIGH,HIGH,MEDIUM,HIGH Trend + HIGH Leadership + MEDIUM Participation,Fog
2026-05-07,2218.7586,0.1170236734963442,0.4569794508781405,0.0148135476101926,-0.0006002155139064,-0.0354796563539954,-0.0292856931537977,-0.0313575738937135,HIGH,HIGH,MEDIUM,HIGH Trend + HIGH Leadership + MEDIUM Participation,Fog
2026-05-08,2217.4268666666667,0.1133034301738243,0.426047451381941,-0.0804616865498291,-0.0093740483526806,-0.0346941551881565,-0.0295208906406319,-0.0486106433952479,HIGH,HIGH,MEDIUM,HIGH Trend + HIGH Leadership + MEDIUM Participation,Fog
2026-05-11,2196.6406,0.0910241018662073,0.2856465145219509,-1.0545012532526337,-0.0261373051570089,-0.0359347341792475,-0.012513769426963,-0.0289825783036139,HIGH,MEDIUM,LOW,HIGH Trend + MEDIUM Leadership + LOW Participation,Fog
